<?xml version="1.0" encoding="UTF-8" standalone="yes"?>
<PcGts xmlns="http://schema.primaresearch.org/PAGE/gts/pagecontent/2013-07-15" xmlns:xsi="http://www.w3.org/2001/XMLSchema-instance" xsi:schemaLocation="http://schema.primaresearch.org/PAGE/gts/pagecontent/2013-07-15 http://schema.primaresearch.org/PAGE/gts/pagecontent/2013-07-15/pagecontent.xsd">
    <Metadata>
        <Creator>TRP</Creator>
        <Created>2019-06-05T14:25:29.406+02:00</Created>
        <LastChange>2019-06-05T14:25:29.406+02:00</LastChange>
        <TranskribusMetadata docId="169927" pageId="6426594" pageNr="2" tsid="10831992" status="NEW" userId="36516" imgUrl="https://files.transkribus.eu/Get?id=GIJWTKIOJZFWKSFEAIXDYKUG&amp;fileType=view" xmlUrl="https://files.transkribus.eu/Get?id=LILQFJWYOIDLLTQOBTULHQJR" imageId="3818680"/>
    </Metadata>
    <Page imageFilename="NA-ACK_14010906_01347_v.jpg" imageWidth="8606" imageHeight="5872"/>
</PcGts>
