<?xml version="1.0" encoding="UTF-8" standalone="yes"?>
<PcGts xmlns="http://schema.primaresearch.org/PAGE/gts/pagecontent/2013-07-15" xmlns:xsi="http://www.w3.org/2001/XMLSchema-instance" xsi:schemaLocation="http://schema.primaresearch.org/PAGE/gts/pagecontent/2013-07-15 http://schema.primaresearch.org/PAGE/gts/pagecontent/2013-07-15/pagecontent.xsd">
    <Metadata>
        <Creator>prov=University of Rostock/Institute of Mathematics/CITlab/Tobias Gruening/tobias.gruening@uni-rostock.de:name=/net_tf/LA73_249_0mod360.pb:de.uros.citlab.segmentation.CITlab_LA_ML:v=2.4.2
TRP</Creator>
        <Created>2019-08-28T17:53:04.112+02:00</Created>
        <LastChange>2019-12-02T20:43:53.881+01:00</LastChange>
        <TranskribusMetadata docId="201888" pageId="8446007" pageNr="1" tsid="20181845" status="IN_PROGRESS" userId="36526" imgUrl="https://files.transkribus.eu/Get?id=GYSXJJMTJFMCLBKOLOJVDQFA&amp;fileType=view" xmlUrl="https://files.transkribus.eu/Get?id=QRCXFTXYDSWXMXBHTQKZIRFW" imageId="5348919"/>
    </Metadata>
    <Page imageFilename="NA-AZK-Chotesov_14260827_2157_r.jpg" imageWidth="3000" imageHeight="2159">
        <ReadingOrder>
            <OrderedGroup id="ro_1575392352273" caption="Regions reading order">
                <RegionRefIndexed index="0" regionRef="r1"/>
            </OrderedGroup>
        </ReadingOrder>
        <TextRegion orientation="0.0" id="r1" custom="readingOrder {index:0;}">
            <Coords points="288,364 288,1460 2141,1460 2141,364"/>
            <TextLine id="r1l1" custom="readingOrder {index:0;} person {offset:3; length:17;} place {offset:13; length:7;} person {offset:135; length:4; continued:true;}">
                <Coords points="260,1409 335,1416 341,392 562,402 654,404 745,406 837,408 928,410 1020,412 1111,413 1203,415 1294,417 1386,418 1477,420 1569,422 1660,424 1752,425 1843,427 1935,430 2026,432 2118,434 2118,404 2026,402 1935,400 1843,397 1805,349 1662,385 1571,383 1477,390 1394,376 1294,387 1205,372 1111,383 1020,382 930,368 837,378 749,364 658,362 560,357 469,354 377,358 241,355"/>
                <Baseline points="288,384 379,387 471,389 562,392 654,394 745,396 837,398 928,400 1020,402 1111,403 1203,405 1294,407 1386,408 1477,410 1569,412 1660,414 1752,415 1843,417 1935,420 2026,422 2118,424"/>
                <TextEquiv>
                    <Unicode>Ja Bussek ze Krzenic wyznawam tiemto listem obecznie przedewssemi, ktoz giey uzrzie nebo cztucz slysseti budu, zie gsu urozeny panosse Rad¬</Unicode>
                </TextEquiv>
            </TextLine>
            <TextLine id="r1l2" custom="readingOrder {index:1;} person {offset:0; length:14; continued:true;} place {offset:7; length:7;} person {offset:16; length:18;} place {offset:26; length:8;} person {offset:37; length:26;} place {offset:50; length:13;} person {offset:83; length:44; continued:true;} place {offset:123; length:4; continued:true;}">
                <Coords points="326,427 420,429 509,431 598,433 687,435 776,437 864,438 953,440 1042,442 1131,444 1220,446 1308,448 1397,450 1486,452 1575,454 1664,457 1752,459 1841,462 1930,464 2019,467 2108,470 2108,440 2019,437 1930,434 1841,432 1752,429 1664,427 1575,424 1486,422 1397,420 1308,418 1220,416 1131,414 1042,412 953,410 864,408 776,407 687,405 598,403 509,401 420,399 326,397"/>
                <Baseline points="328,421 420,419 509,421 598,423 687,425 776,427 864,428 953,430 1042,432 1131,434 1220,436 1308,438 1397,440 1486,442 1575,444 1664,447 1752,449 1841,452 1930,454 2019,457 2108,460"/>
                <TextEquiv>
                    <Unicode>slaw z Koczowa, Bohusse z Skoczecz a Mikulassek z Chotiessowicz mezi mnu a kniezem Hynkem probosstem a conwentem classtera cho¬</Unicode>
                </TextEquiv>
            </TextLine>
            <TextLine id="r1l3" custom="readingOrder {index:2;} person {offset:0; length:12; continued:true;} place {offset:0; length:12; continued:true;}">
                <Coords points="334,461 421,461 509,462 597,464 685,465 773,467 861,469 949,471 1037,473 1125,475 1213,478 1300,480 1388,483 1476,485 1564,488 1652,490 1740,493 1828,496 1916,498 2004,500 2092,502 2092,472 2004,470 1916,468 1828,466 1740,463 1652,460 1564,458 1476,455 1388,453 1300,450 1213,448 1125,445 1037,443 949,441 861,439 773,437 685,435 597,434 509,432 421,431 334,431"/>
                <Baseline points="334,451 421,451 509,452 597,454 685,455 773,457 861,459 949,461 1037,463 1125,465 1213,468 1300,470 1388,473 1476,475 1564,478 1652,480 1740,483 1828,486 1916,488 2004,490 2092,492"/>
                <TextEquiv>
                    <Unicode>tiessowskeho umluwu konecznu uczinili o ten dluh, totissto o dwie stie kop a od dwadczeti kop grossow gistiny, genz gsu mnye kniez</Unicode>
                </TextEquiv>
            </TextLine>
            <TextLine id="r1l4" custom="readingOrder {index:3;} person {offset:0; length:14; continued:true;} person {offset:124; length:5; continued:true;}">
                <Coords points="330,494 425,494 514,494 604,495 693,496 783,498 872,500 961,502 1051,504 1140,507 1230,510 1319,513 1408,516 1498,520 1587,523 1677,525 1766,528 1855,530 1945,533 2034,534 2124,536 2124,506 2034,504 1945,503 1855,500 1766,498 1677,495 1587,493 1498,490 1408,486 1319,483 1230,480 1140,477 1051,474 961,472 872,470 783,468 693,466 604,465 514,464 425,464 330,464"/>
                <Baseline points="332,489 425,484 514,484 604,485 693,486 783,488 872,490 961,492 1051,494 1140,497 1230,500 1319,503 1408,506 1498,510 1587,513 1677,515 1766,518 1855,520 1945,523 2034,524 2124,526"/>
                <TextEquiv>
                    <Unicode>Hynek probosst a conwent dluzny, a toho list gich mam s gich peczetmi, gessto na tom hlawnim listu na nye gsu tyto rukoymie Seze¬</Unicode>
                </TextEquiv>
            </TextLine>
            <TextLine id="r1l5" custom="readingOrder {index:4;} person {offset:0; length:12; continued:true;} place {offset:5; length:7;} person {offset:14; length:18;} place {offset:24; length:8;} person {offset:34; length:16;} place {offset:42; length:8;} person {offset:53; length:15;} place {offset:60; length:8;}">
                <Coords points="342,528 430,527 519,527 608,528 697,529 786,530 874,532 963,534 1052,537 1141,540 1230,543 1318,546 1407,549 1496,553 1585,556 1674,559 1762,562 1851,565 1940,567 2029,569 2130,575 2118,540 2029,539 1940,537 1851,535 1762,532 1674,529 1585,526 1496,523 1407,519 1318,516 1230,513 1141,510 1052,507 963,504 874,502 786,500 697,499 608,498 519,497 430,497 342,498"/>
                <Baseline points="342,518 430,517 519,517 608,518 697,519 786,520 874,522 963,524 1052,527 1141,530 1230,533 1318,536 1407,539 1496,543 1585,546 1674,549 1762,552 1851,555 1940,557 2029,559 2118,560"/>
                <TextEquiv>
                    <Unicode>ma z Koczowa, Bohusse z Skoczecz, Wylem z Wrhawcze a Petr z Kamencze, po kterichzto peniezich mnye uroky gsu zadrzeli wydawati az</Unicode>
                </TextEquiv>
            </TextLine>
            <TextLine id="r1l6" custom="readingOrder {index:5;}">
                <Coords points="329,564 427,562 516,562 604,562 693,563 781,564 870,566 958,568 1047,571 1135,573 1224,576 1313,580 1401,583 1490,586 1578,590 1667,593 1755,596 1844,599 1932,602 2021,605 2118,607 2118,577 2021,575 1932,572 1844,569 1755,566 1667,563 1578,560 1490,556 1401,553 1313,550 1224,546 1135,543 1047,541 958,538 870,536 781,534 693,533 604,532 516,532 427,532 329,534"/>
                <Baseline points="337,552 427,552 516,552 604,552 693,553 781,554 870,556 958,558 1047,561 1135,563 1224,566 1313,570 1401,573 1490,576 1578,580 1667,583 1755,586 1844,589 1932,592 2021,595 2110,597"/>
                <TextEquiv>
                    <Unicode>dosie chwile, tak zie gsu toho predpsanii smluwcze mezi nami tiech urokow zadrzanych y s gistinu swrchupsanu secztli, ziez my kniez</Unicode>
                </TextEquiv>
            </TextLine>
            <TextLine id="r1l7" custom="readingOrder {index:6;} person {offset:0; length:14; continued:true;} person {offset:39; length:8;}">
                <Coords points="332,597 420,596 508,596 597,596 685,597 773,598 862,600 950,602 1038,605 1127,608 1215,611 1303,614 1392,618 1480,621 1568,624 1657,628 1745,632 1833,635 1922,638 2010,641 2099,644 2099,614 2010,611 1922,608 1833,605 1745,602 1657,598 1568,594 1480,591 1392,588 1303,584 1215,581 1127,578 1038,575 950,572 862,570 773,568 685,567 597,566 508,566 420,566 332,567"/>
                <Baseline points="332,587 420,586 508,586 597,586 685,587 773,588 862,590 950,592 1038,595 1127,598 1215,601 1303,604 1392,608 1480,611 1568,614 1657,618 1745,622 1833,625 1922,628 2010,631 2099,634"/>
                <TextEquiv>
                    <Unicode>Hynek probosst y s geho conwentem mnye Busskowi zoustali dluzni puolcztwrta sta kop grossow, gehoz na tiech wssech peniezich</Unicode>
                </TextEquiv>
            </TextLine>
            <TextLine id="r1l8" custom="readingOrder {index:7;} person {offset:6; length:14;} person {offset:26; length:8;} person {offset:117; length:18;} place {offset:127; length:8;}">
                <Coords points="328,632 427,631 517,631 607,632 697,633 787,634 876,636 966,638 1056,640 1146,643 1236,646 1325,649 1415,653 1505,656 1595,660 1685,664 1774,668 1864,671 1954,675 2044,679 2137,683 2137,653 2044,649 1954,645 1864,641 1774,638 1685,634 1595,630 1505,626 1415,623 1325,619 1236,616 1146,613 1056,610 966,608 876,606 787,604 697,603 607,602 517,601 427,601 328,602"/>
                <Baseline points="337,624 427,621 517,621 607,622 697,623 787,624 876,626 966,628 1056,630 1146,633 1236,636 1325,639 1415,643 1505,646 1595,650 1685,654 1774,658 1864,661 1954,665 2044,669 2134,673"/>
                <TextEquiv>
                    <Unicode>kniez Hynek probosst mnye Busskowi dal dwie a trzidczeti kop grossow, iakoz toho ma quittanczie swiedczi, kteruz sem Bohussy z Skoczecz</Unicode>
                </TextEquiv>
            </TextLine>
            <TextLine id="r1l9" custom="readingOrder {index:8;} person {offset:62; length:14;}">
                <Coords points="333,668 422,667 512,668 601,668 691,669 780,670 870,672 959,673 1049,675 1138,678 1228,680 1317,683 1407,686 1496,690 1586,693 1675,697 1765,701 1854,706 1944,711 2033,716 2123,720 2123,690 2033,686 1944,681 1854,676 1765,671 1675,667 1586,663 1496,660 1407,656 1317,653 1228,650 1138,648 1049,645 959,643 870,642 780,640 691,639 601,638 512,638 422,637 333,638"/>
                <Baseline points="333,658 422,657 512,658 601,658 691,659 780,660 870,662 959,663 1049,665 1138,668 1228,670 1317,673 1407,676 1496,680 1586,683 1675,687 1765,691 1854,696 1944,701 2033,706 2123,710"/>
                <TextEquiv>
                    <Unicode>dal a u nyeho polozil. A w tiech przedpsanych peniezich kniez Hynek probosst y swym conwentem umluwu tiech przedpsanych smluw¬</Unicode>
                </TextEquiv>
            </TextLine>
            <TextLine id="r1l10" custom="readingOrder {index:9;} person {offset:9; length:8;} place {offset:73; length:10;} place {offset:88; length:11;}">
                <Coords points="327,697 426,701 514,702 603,703 691,704 779,706 868,707 956,709 1044,711 1133,713 1221,716 1309,718 1398,721 1486,725 1574,728 1663,732 1751,736 1839,741 1928,746 2016,752 2105,758 2105,728 2016,722 1928,716 1839,711 1751,706 1663,702 1574,698 1486,695 1398,691 1309,688 1221,686 1133,683 1044,681 956,679 868,677 779,676 691,674 603,673 514,672 426,671 338,670"/>
                <Baseline points="337,691 426,691 514,692 603,693 691,694 779,696 868,697 956,699 1044,701 1133,703 1221,706 1309,708 1398,711 1486,715 1574,718 1663,722 1751,726 1839,731 1928,736 2016,742 2105,748"/>
                <TextEquiv>
                    <Unicode>czi mnye Busskowi czastopsanemu, uroka swatomartinskeho na miestianech w Dobrzanech a w Robcziczich take platu na tiech lidech,</Unicode>
                </TextEquiv>
            </TextLine>
            <TextLine id="r1l11" custom="readingOrder {index:10;} person {offset:9; length:34;} place {offset:30; length:13;}">
                <Coords points="339,737 427,738 516,739 605,740 693,741 782,743 871,744 959,746 1048,747 1137,750 1226,752 1314,755 1403,757 1492,760 1580,764 1669,768 1758,772 1846,776 1935,781 2024,786 2113,792 2113,762 2024,756 1935,751 1846,746 1758,742 1669,738 1580,734 1492,730 1403,727 1314,725 1226,722 1137,720 1048,717 959,716 871,714 782,713 693,711 605,710 516,709 427,708 339,707"/>
                <Baseline points="339,727 427,728 516,729 605,730 693,731 782,733 871,734 959,736 1048,737 1137,740 1226,742 1314,745 1403,747 1492,750 1580,754 1669,758 1758,762 1846,766 1935,771 2024,776 2113,782"/>
                <TextEquiv>
                    <Unicode>kterychz Mikulass Hynkowicz z Noweho Plznie nebyl wdrzenii, a k tomu rybniczku, kteryz tu we wsy u dwora lezy postupil, iakoz toho</Unicode>
                </TextEquiv>
            </TextLine>
            <TextLine id="r1l12" custom="readingOrder {index:11;} place {offset:39; length:10;}">
                <Coords points="341,773 430,774 519,775 608,775 697,776 786,778 875,779 964,781 1053,783 1142,785 1231,787 1320,789 1409,793 1498,796 1587,799 1676,803 1765,807 1854,811 1943,816 2032,822 2121,827 2121,797 2032,792 1943,786 1854,781 1765,777 1676,773 1587,769 1498,766 1409,763 1320,759 1231,757 1142,755 1053,753 964,751 875,749 786,748 697,746 608,745 519,745 430,744 341,743"/>
                <Baseline points="341,763 430,764 519,765 608,765 697,766 786,768 875,769 964,771 1053,773 1142,775 1231,777 1320,779 1409,783 1498,786 1587,789 1676,793 1765,797 1854,801 1943,806 2032,812 2121,817"/>
                <TextEquiv>
                    <Unicode>gich list umluwny mam, kteryzto urok w Dobrzanech mam na swateho Martina, gesstio od toho swateho Martina naiprwe przi¬</Unicode>
                </TextEquiv>
            </TextLine>
            <TextLine id="r1l13" custom="readingOrder {index:12;} place {offset:59; length:11;} person {offset:101; length:8;} person {offset:119; length:17;}">
                <Coords points="335,808 424,808 514,809 604,810 694,812 784,813 874,815 964,817 1054,820 1144,822 1234,825 1323,828 1413,831 1503,834 1593,837 1683,841 1773,845 1863,848 1953,852 2043,856 2133,861 2133,831 2043,826 1953,822 1863,818 1773,815 1683,811 1593,807 1503,804 1413,801 1323,798 1234,795 1144,792 1054,790 964,787 874,785 784,783 694,782 604,780 514,779 424,778 335,778"/>
                <Baseline points="335,798 424,798 514,799 604,800 694,802 784,803 874,805 964,807 1054,810 1144,812 1234,815 1323,818 1413,821 1503,824 1593,827 1683,831 1773,835 1863,838 1953,842 2043,846 2133,851"/>
                <TextEquiv>
                    <Unicode>sstieho wrocze przigde, poczieti brati, cozse dostane, a w Robcziczich ten urok na tiech lidech mnye Busskowi, kniezem Hynkem probosstem</Unicode>
                </TextEquiv>
            </TextLine>
            <TextLine id="r1l14" custom="readingOrder {index:13;}">
                <Coords points="329,840 417,841 506,843 595,845 684,847 773,849 862,851 951,853 1040,856 1129,858 1218,861 1306,864 1395,867 1484,870 1573,873 1662,877 1751,880 1840,884 1929,888 2018,892 2116,894 2116,864 2018,862 1929,858 1840,854 1751,850 1662,847 1573,843 1484,840 1395,837 1306,834 1218,831 1129,828 1040,826 951,823 862,821 773,819 684,817 595,815 506,813 417,811 329,810"/>
                <Baseline points="329,830 417,831 506,833 595,835 684,837 773,839 862,841 951,843 1040,846 1129,848 1218,851 1306,854 1395,857 1484,860 1573,863 1662,867 1751,870 1840,874 1929,878 2010,882 2109,886"/>
                <TextEquiv>
                    <Unicode>a conwentem przedpsanym stupeneho, czoz se toho dostane nynie na swateho Havla poczna polowiczi a druhu polowiczi na swate¬</Unicode>
                </TextEquiv>
            </TextLine>
            <TextLine id="r1l15" custom="readingOrder {index:14;} person {offset:89; length:7;}">
                <Coords points="331,873 424,876 518,879 611,881 705,884 799,886 892,889 986,891 1080,894 1173,896 1267,899 1360,902 1454,904 1548,908 1641,911 1735,914 1829,918 1922,922 2016,926 2110,931 2110,901 2016,896 1922,892 1829,888 1735,884 1641,881 1548,878 1454,874 1360,872 1267,869 1173,866 1080,864 986,861 892,859 799,856 705,854 611,851 518,849 424,846 331,843"/>
                <Baseline points="331,863 424,866 518,869 611,871 705,874 799,876 892,879 986,881 1080,884 1173,886 1267,889 1360,892 1454,894 1548,898 1641,901 1735,904 1829,908 1922,912 2016,916 2110,921"/>
                <TextEquiv>
                    <Unicode>ho Girzie potom przisstim, a tak przitiech czasiech ya kazdeho leta mam brati bez knieze Hynkowy conwentu y gich buduczich</Unicode>
                </TextEquiv>
            </TextLine>
            <TextLine id="r1l16" custom="readingOrder {index:15;} person {offset:112; length:8;}">
                <Coords points="327,910 416,912 506,914 595,917 685,919 774,921 864,923 953,926 1043,928 1132,930 1222,933 1311,936 1401,938 1490,941 1580,944 1669,947 1759,950 1848,953 1938,957 2027,960 2117,964 2117,934 2027,930 1938,927 1848,923 1759,920 1669,917 1580,914 1490,911 1401,908 1311,906 1222,903 1132,900 1043,898 953,896 864,893 774,891 685,889 595,887 506,884 416,882 327,880"/>
                <Baseline points="327,900 416,902 506,904 595,907 685,909 774,911 864,913 953,916 1043,918 1132,920 1222,923 1311,926 1401,928 1490,931 1580,934 1669,937 1759,940 1848,943 1938,947 2027,950 2117,954"/>
                <TextEquiv>
                    <Unicode>bezewssiee prziekazy, po kterychzto hlawnich peniezich, totissto po dwu stu a po dwadczeti kopach grossow mnye, Busskowy, ma pra¬</Unicode>
                </TextEquiv>
            </TextLine>
            <TextLine id="r1l17" custom="readingOrder {index:16;}">
                <Coords points="327,948 417,949 507,951 597,953 688,955 778,957 868,959 959,961 1049,963 1139,966 1230,969 1320,972 1410,975 1500,978 1591,981 1681,984 1771,988 1862,991 1952,995 2042,999 2133,1003 2133,973 2042,969 1952,965 1862,961 1771,958 1681,954 1591,951 1500,948 1410,945 1320,942 1230,939 1139,936 1049,933 959,931 868,929 778,927 688,925 597,923 507,921 417,919 327,918"/>
                <Baseline points="327,938 417,939 507,941 597,943 688,945 778,947 868,949 959,951 1049,953 1139,956 1230,959 1320,962 1410,965 1500,968 1591,971 1681,974 1771,978 1862,981 1952,985 2042,989 2133,993"/>
                <TextEquiv>
                    <Unicode>wy a sprawedliwy urok kazdeho leta giti, a ten urok kazdeho leta naprzed mam vzieti, czoz se dostane a ostatek na hlawnich peniezich,</Unicode>
                </TextEquiv>
            </TextLine>
            <TextLine id="r1l18" custom="readingOrder {index:17;} person {offset:81; length:19;}">
                <Coords points="331,982 421,984 511,986 602,988 692,991 783,993 873,996 963,998 1054,1001 1144,1004 1235,1007 1325,1010 1415,1013 1506,1016 1596,1020 1687,1023 1777,1026 1867,1030 1958,1033 2048,1036 2139,1040 2139,1010 2048,1006 1958,1003 1867,1000 1777,996 1687,993 1596,990 1506,986 1415,983 1325,980 1235,977 1144,974 1054,971 963,968 873,966 783,963 692,961 602,958 511,956 421,954 331,952"/>
                <Baseline points="331,972 421,974 511,976 602,978 692,981 783,983 873,986 963,988 1054,991 1144,994 1235,997 1325,1000 1415,1003 1506,1006 1596,1010 1687,1013 1777,1016 1867,1020 1958,1023 2048,1026 2139,1030"/>
                <TextEquiv>
                    <Unicode>czoz kazdeho leta s tiech lidii urokow wezmu, secztucze to w hromadu, mam kniezi Hynkowi probosstowi a conwentu kazde leto toho swu</Unicode>
                </TextEquiv>
            </TextLine>
            <TextLine id="r1l19" custom="readingOrder {index:18;}">
                <Coords points="331,1016 420,1018 510,1021 600,1024 690,1026 780,1029 870,1032 960,1035 1050,1037 1140,1041 1230,1044 1319,1047 1409,1050 1499,1053 1589,1056 1679,1060 1769,1063 1859,1067 1949,1070 2039,1073 2129,1077 2129,1047 2039,1043 1949,1040 1859,1037 1769,1033 1679,1030 1589,1026 1499,1023 1409,1020 1319,1017 1230,1014 1140,1011 1050,1007 960,1005 870,1002 780,999 690,996 600,994 510,991 420,988 331,986"/>
                <Baseline points="331,1006 420,1008 510,1011 600,1014 690,1016 780,1019 870,1022 960,1025 1050,1027 1140,1031 1230,1034 1319,1037 1409,1040 1499,1043 1589,1046 1679,1050 1769,1053 1859,1057 1949,1060 2039,1063 2129,1067"/>
                <TextEquiv>
                    <Unicode>quittanczii dobru a bezpecznu dati, aby gim to sesslo na hlawnich peniezich y na urocziech po tiech hlawnich peniezich, iakoz list hlaw¬</Unicode>
                </TextEquiv>
            </TextLine>
            <TextLine id="r1l20" custom="readingOrder {index:19;} person {offset:46; length:6;}">
                <Coords points="331,1048 419,1052 507,1056 595,1059 683,1063 772,1066 860,1069 948,1073 1036,1076 1124,1079 1213,1082 1301,1085 1389,1088 1477,1091 1565,1094 1654,1097 1742,1100 1830,1104 1918,1107 2006,1111 2095,1115 2095,1085 2006,1081 1918,1077 1830,1074 1742,1070 1654,1067 1565,1064 1477,1061 1389,1058 1301,1055 1213,1052 1124,1049 1036,1046 948,1043 860,1039 772,1036 683,1033 595,1029 507,1026 419,1022 331,1018"/>
                <Baseline points="331,1038 419,1042 507,1046 595,1049 683,1053 772,1056 860,1059 948,1063 1036,1066 1124,1069 1213,1072 1301,1075 1389,1078 1477,1081 1565,1084 1654,1087 1742,1090 1830,1094 1918,1097 2006,1101 2095,1105"/>
                <TextEquiv>
                    <Unicode>nii umluwny swiedczi. Take gestli zie bych ya Bussek od toho platu branye kralowu milosti, nebo geho urzedniky anebo, kteru koli</Unicode>
                </TextEquiv>
            </TextLine>
            <TextLine id="r1l21" custom="readingOrder {index:20;} person {offset:45; length:15;}">
                <Coords points="333,1084 422,1089 512,1093 602,1097 692,1101 782,1104 871,1107 961,1111 1051,1114 1141,1117 1231,1120 1320,1122 1410,1125 1500,1128 1590,1131 1680,1135 1769,1138 1859,1141 1949,1145 2039,1149 2129,1153 2129,1123 2039,1119 1949,1115 1859,1111 1769,1108 1680,1105 1590,1101 1500,1098 1410,1095 1320,1092 1231,1090 1141,1087 1051,1084 961,1081 871,1077 782,1074 692,1071 602,1067 512,1063 422,1059 333,1054"/>
                <Baseline points="333,1074 422,1079 512,1083 602,1087 692,1091 782,1094 871,1097 961,1101 1051,1104 1141,1107 1231,1110 1320,1112 1410,1115 1500,1118 1590,1121 1680,1125 1769,1128 1859,1131 1949,1135 2039,1139 2129,1143"/>
                <TextEquiv>
                    <Unicode>moczi byl odtisstien a gich nebral, a knieze Hynka probossta a conwent tiem hlawnim listem y rukoymie gich napominal ku plnye¬</Unicode>
                </TextEquiv>
            </TextLine>
            <TextLine id="r1l22" custom="readingOrder {index:21;} person {offset:92; length:19;}">
                <Coords points="341,1120 431,1125 521,1129 611,1134 701,1137 791,1141 881,1144 971,1148 1061,1151 1151,1154 1241,1156 1331,1159 1421,1162 1511,1165 1601,1168 1691,1171 1781,1174 1871,1177 1961,1180 2051,1184 2141,1188 2141,1158 2051,1154 1961,1150 1871,1147 1781,1144 1691,1141 1601,1138 1511,1135 1421,1132 1331,1129 1241,1126 1151,1124 1061,1121 971,1118 881,1114 791,1111 701,1107 611,1104 521,1099 431,1095 341,1090"/>
                <Baseline points="341,1110 431,1115 521,1119 611,1124 701,1127 791,1131 881,1134 971,1138 1061,1141 1151,1144 1241,1146 1331,1149 1421,1152 1511,1155 1601,1158 1691,1161 1781,1164 1871,1167 1961,1170 2051,1174 2141,1178"/>
                <TextEquiv>
                    <Unicode>nii nebo kto giny ode mnie tiem hlavnim listem, tehdy tento list umluwny, kteryz mam kniezi Hynkowi probosstowy conwentu slibu¬</Unicode>
                </TextEquiv>
            </TextLine>
            <TextLine id="r1l23" custom="readingOrder {index:22;} place {offset:85; length:7;} person {offset:120; length:8; continued:true;}">
                <Coords points="335,1154 424,1159 514,1164 604,1168 693,1172 783,1177 873,1180 962,1183 1052,1187 1142,1190 1232,1193 1321,1196 1411,1198 1501,1201 1590,1204 1680,1206 1770,1209 1859,1211 1949,1214 2039,1217 2129,1220 2129,1190 2039,1187 1949,1184 1859,1181 1770,1179 1680,1176 1590,1174 1501,1171 1411,1168 1321,1166 1232,1163 1142,1160 1052,1157 962,1153 873,1150 783,1147 693,1142 604,1138 514,1134 424,1129 335,1124"/>
                <Baseline points="335,1144 424,1149 514,1154 604,1158 693,1162 783,1167 873,1170 962,1173 1052,1177 1142,1180 1232,1183 1321,1186 1411,1188 1501,1191 1590,1194 1680,1196 1770,1199 1859,1201 1949,1204 2039,1207 2129,1210"/>
                <TextEquiv>
                    <Unicode>gi swu dobru wieru y czti bezewssie odpory naprzed wratiti y take list miesstianow z Dobrzan, iakoz gsu se mnye, knieze Hynkowym</Unicode>
                </TextEquiv>
            </TextLine>
            <TextLine id="r1l24" custom="readingOrder {index:23;} person {offset:0; length:12; continued:true;} place {offset:56; length:11;}">
                <Coords points="337,1188 426,1193 515,1199 604,1204 694,1208 783,1213 872,1216 961,1220 1051,1224 1140,1227 1229,1230 1318,1232 1408,1235 1497,1237 1586,1240 1675,1242 1765,1245 1854,1247 1943,1249 2032,1252 2122,1254 2122,1224 2032,1222 1943,1219 1854,1217 1765,1215 1675,1212 1586,1210 1497,1207 1408,1205 1318,1202 1229,1200 1140,1197 1051,1194 961,1190 872,1186 783,1183 694,1178 604,1174 515,1169 426,1163 337,1158"/>
                <Baseline points="337,1178 426,1183 515,1189 604,1194 694,1198 783,1203 872,1206 961,1210 1051,1214 1140,1217 1229,1220 1318,1222 1408,1225 1497,1227 1586,1230 1675,1232 1765,1235 1854,1237 1943,1239 2032,1242 2122,1244"/>
                <TextEquiv>
                    <Unicode>probosstowim kazanim zapsali na urok dobrzansky alidy w Robcziczich y s rybniczkem zase tuz myeru stupiti, iakoz mnye ony gsu</Unicode>
                </TextEquiv>
            </TextLine>
            <TextLine id="r1l25" custom="readingOrder {index:24;} person {offset:22; length:6;}">
                <Coords points="340,1226 429,1232 519,1237 608,1242 698,1246 787,1251 877,1254 966,1258 1056,1262 1145,1265 1235,1268 1324,1271 1414,1274 1503,1276 1593,1279 1682,1281 1772,1284 1861,1286 1951,1288 2040,1291 2130,1293 2130,1263 2040,1261 1951,1258 1861,1256 1772,1254 1682,1251 1593,1249 1503,1246 1414,1244 1324,1241 1235,1238 1145,1235 1056,1232 966,1228 877,1224 787,1221 698,1216 608,1212 519,1207 429,1202 340,1196"/>
                <Baseline points="340,1216 429,1222 519,1227 608,1232 698,1236 787,1241 877,1244 966,1248 1056,1252 1145,1255 1235,1258 1324,1261 1414,1264 1503,1266 1593,1269 1682,1271 1772,1274 1861,1276 1951,1278 2040,1281 2130,1283"/>
                <TextEquiv>
                    <Unicode>stupili. Paklibych ya Bussek czastogmenowany bez prziekazy ten plat przedse bral a swe penize wybral, tehdy bezewssie wymlu¬</Unicode>
                </TextEquiv>
            </TextLine>
            <TextLine id="r1l26" custom="readingOrder {index:25;} person {offset:14; length:6;}">
                <Coords points="344,1261 432,1267 520,1273 608,1278 696,1283 785,1287 873,1291 961,1295 1049,1298 1137,1302 1226,1304 1314,1307 1402,1309 1490,1312 1578,1314 1667,1316 1755,1318 1843,1320 1931,1322 2019,1325 2108,1327 2108,1297 2019,1295 1931,1292 1843,1290 1755,1288 1667,1286 1578,1284 1490,1282 1402,1279 1314,1277 1226,1274 1137,1272 1049,1268 961,1265 873,1261 785,1257 696,1253 608,1248 520,1243 432,1237 344,1231"/>
                <Baseline points="344,1251 432,1257 520,1263 608,1268 696,1273 785,1277 873,1281 961,1285 1049,1288 1137,1292 1226,1294 1314,1297 1402,1299 1490,1302 1578,1304 1667,1306 1755,1308 1843,1310 1931,1312 2019,1315 2108,1317"/>
                <TextEquiv>
                    <Unicode>wy, odpory ya Bussek nebo ten ktozby hlawny list y tento umluwny w swe moczi myel, mam y slibugi tuz wieru y czti kniezy</Unicode>
                </TextEquiv>
            </TextLine>
            <TextLine id="r1l27" custom="readingOrder {index:26;} person {offset:0; length:17; continued:true;}">
                <Coords points="338,1297 427,1303 516,1309 606,1314 695,1319 784,1323 874,1328 963,1331 1052,1335 1142,1338 1231,1340 1320,1343 1410,1346 1499,1348 1588,1350 1678,1352 1767,1355 1856,1357 1946,1359 2035,1361 2125,1363 2125,1333 2035,1331 1946,1329 1856,1327 1767,1325 1678,1322 1588,1320 1499,1318 1410,1316 1320,1313 1231,1310 1142,1308 1052,1305 963,1301 874,1298 784,1293 695,1289 606,1284 516,1279 427,1273 338,1267"/>
                <Baseline points="338,1287 427,1293 516,1299 606,1304 695,1309 784,1313 874,1318 963,1321 1052,1325 1142,1328 1231,1330 1320,1333 1410,1336 1499,1338 1588,1340 1678,1342 1767,1345 1856,1347 1946,1349 2035,1351 2125,1353"/>
                <TextEquiv>
                    <Unicode>Hynkowi probosstu a conwentu hlawnii list a ten umluwny y dobrzansky wratiti a w gich mocz gie dati. Toho na lepssy gistotu</Unicode>
                </TextEquiv>
            </TextLine>
            <TextLine id="r1l28" custom="readingOrder {index:27;} person {offset:91; length:18;} place {offset:102; length:7;} person {offset:111; length:8; continued:true;}">
                <Coords points="343,1332 431,1338 519,1344 607,1349 696,1354 784,1358 872,1363 961,1366 1049,1370 1137,1374 1226,1377 1314,1380 1402,1382 1490,1385 1579,1387 1667,1389 1755,1391 1844,1393 1932,1394 2020,1396 2109,1397 2109,1367 2020,1366 1932,1364 1844,1363 1755,1361 1667,1359 1579,1357 1490,1355 1402,1352 1314,1350 1226,1347 1137,1344 1049,1340 961,1336 872,1333 784,1328 696,1324 607,1319 519,1314 431,1308 343,1302"/>
                <Baseline points="343,1322 431,1328 519,1334 607,1339 696,1344 784,1348 872,1353 961,1356 1049,1360 1137,1364 1226,1367 1314,1370 1402,1372 1490,1375 1579,1377 1667,1379 1755,1381 1844,1383 1932,1384 2020,1386 2109,1387"/>
                <TextEquiv>
                    <Unicode>y pewnost peczet sem swu wlastnii k tomuto listu prziwiesil a prosil sem urozenych pannosi Radslawa z Koczowa, Waczlawa</Unicode>
                </TextEquiv>
            </TextLine>
            <TextLine id="r1l29" custom="readingOrder {index:28;} person {offset:0; length:32; continued:true;} place {offset:0; length:10;} place {offset:22; length:10;} person {offset:35; length:16;} place {offset:43; length:8;}">
                <Coords points="335,1368 424,1374 514,1380 603,1385 693,1390 782,1394 872,1398 961,1402 1051,1406 1140,1409 1230,1412 1320,1415 1409,1417 1499,1420 1588,1422 1678,1424 1767,1426 1857,1428 1946,1429 2036,1431 2126,1433 2126,1403 2036,1401 1946,1399 1857,1398 1767,1396 1678,1394 1588,1392 1499,1390 1409,1387 1320,1385 1230,1382 1140,1379 1051,1376 961,1372 872,1368 782,1364 693,1360 603,1355 514,1350 424,1344 335,1338"/>
                <Baseline points="335,1358 424,1364 514,1370 603,1375 693,1380 782,1384 872,1388 961,1392 1051,1396 1140,1399 1230,1402 1320,1405 1409,1407 1499,1410 1588,1412 1678,1414 1767,1416 1857,1418 1946,1419 2036,1421 2126,1423"/>
                <TextEquiv>
                    <Unicode>Drahobirze, sedenim w Borowanech a Hrzka z Nebielow, ze su peczieti swe na swiedomie wedle mee k tomuto listu prziwiesili, genz gest</Unicode>
                </TextEquiv>
            </TextLine>
            <TextLine id="r1l30" custom="readingOrder {index:29;} date {offset:0; length:106;year:0; day:0; month:0;} sic {offset:53; length:3;}">
                <Coords points="321,1408 400,1412 479,1416 558,1419 637,1423 716,1426 795,1430 874,1433 953,1436 1032,1439 1111,1442 1190,1445 1269,1448 1348,1450 1427,1452 1506,1454 1585,1456 1664,1457 1743,1458 1822,1459 1901,1460 1901,1430 1822,1429 1743,1428 1664,1427 1585,1426 1506,1424 1427,1422 1348,1420 1269,1418 1190,1415 1111,1412 1032,1409 953,1406 874,1403 795,1400 716,1396 637,1393 558,1389 479,1386 400,1382 321,1378"/>
                <Baseline points="321,1398 400,1402 479,1406 558,1409 637,1413 716,1416 795,1420 874,1423 953,1426 1032,1429 1111,1432 1190,1435 1269,1438 1348,1440 1427,1442 1506,1444 1585,1446 1664,1447 1743,1448 1822,1449 1901,1450"/>
                <TextEquiv>
                    <Unicode>dan po Boziem narozenii leta tisiczieho cztirsteho a sssestmezczietmeho, ten utery po swatem Bartholomiegy.</Unicode>
                </TextEquiv>
            </TextLine>
            <TextEquiv>
                <Unicode>Ja Bussek ze Krzenic wyznawam tiemto listem obecznie przedewssemi, ktoz giey uzrzie nebo cztucz slysseti budu, zie gsu urozeny panosse Rad¬&#xD;
slaw z Koczowa, Bohusse z Skoczecz a Mikulassek z Chotiessowicz mezi mnu a kniezem Hynkem probosstem a conwentem classtera cho¬&#xD;
tiessowskeho umluwu konecznu uczinili o ten dluh, totissto o dwie stie kop a od dwadczeti kop grossow gistiny, genz gsu mnye kniez&#xD;
Hynek probosst a conwent dluzny, a toho list gich mam s gich peczetmi, gessto na tom hlawnim listu na nye gsu tyto rukoymie Seze¬&#xD;
ma z Koczowa, Bohusse z Skoczecz, Wylem z Wrhawcze a Petr z Kamencze, po kterichzto peniezich mnye uroky gsu zadrzeli wydawati az&#xD;
dosie chwile, tak zie gsu toho predpsanii smluwcze mezi nami tiech urokow zadrzanych y s gistinu swrchupsanu secztli, ziez my kniez&#xD;
Hynek probosst y s geho conwentem mnye Busskowi zoustali dluzni puolcztwrta sta kop grossow, gehoz na tiech wssech peniezich&#xD;
kniez Hynek probosst mnye Busskowi dal dwie a trzidczeti kop grossow, iakoz toho ma quittanczie swiedczi, kteruz sem Bohussy z Skoczecz&#xD;
dal a u nyeho polozil. A w tiech przedpsanych peniezich kniez Hynek probosst y swym conwentem umluwu tiech przedpsanych smluw¬&#xD;
czi mnye Busskowi czastopsanemu, uroka swatomartinskeho na miestianech w Dobrzanech a w Robcziczich take platu na tiech lidech,&#xD;
kterychz Mikulass Hynkowicz z Noweho Plznie nebyl wdrzenii, a k tomu rybniczku, kteryz tu we wsy u dwora lezy postupil, iakoz toho&#xD;
gich list umluwny mam, kteryzto urok w Dobrzanech mam na swateho Martina, gesstio od toho swateho Martina naiprwe przi¬&#xD;
sstieho wrocze przigde, poczieti brati, cozse dostane, a w Robcziczich ten urok na tiech lidech mnye Busskowi, kniezem Hynkem probosstem&#xD;
a conwentem przedpsanym stupeneho, czoz se toho dostane nynie na swateho Havla poczna polowiczi a druhu polowiczi na swate¬&#xD;
ho Girzie potom przisstim, a tak przitiech czasiech ya kazdeho leta mam brati bez knieze Hynkowy conwentu y gich buduczich&#xD;
bezewssiee prziekazy, po kterychzto hlawnich peniezich, totissto po dwu stu a po dwadczeti kopach grossow mnye, Busskowy, ma pra¬&#xD;
wy a sprawedliwy urok kazdeho leta giti, a ten urok kazdeho leta naprzed mam vzieti, czoz se dostane a ostatek na hlawnich peniezich,&#xD;
czoz kazdeho leta s tiech lidii urokow wezmu, secztucze to w hromadu, mam kniezi Hynkowi probosstowi a conwentu kazde leto toho swu&#xD;
quittanczii dobru a bezpecznu dati, aby gim to sesslo na hlawnich peniezich y na urocziech po tiech hlawnich peniezich, iakoz list hlaw¬&#xD;
nii umluwny swiedczi. Take gestli zie bych ya Bussek od toho platu branye kralowu milosti, nebo geho urzedniky anebo, kteru koli&#xD;
moczi byl odtisstien a gich nebral, a knieze Hynka probossta a conwent tiem hlawnim listem y rukoymie gich napominal ku plnye¬&#xD;
nii nebo kto giny ode mnie tiem hlavnim listem, tehdy tento list umluwny, kteryz mam kniezi Hynkowi probosstowy conwentu slibu¬&#xD;
gi swu dobru wieru y czti bezewssie odpory naprzed wratiti y take list miesstianow z Dobrzan, iakoz gsu se mnye, knieze Hynkowym&#xD;
probosstowim kazanim zapsali na urok dobrzansky alidy w Robcziczich y s rybniczkem zase tuz myeru stupiti, iakoz mnye ony gsu&#xD;
stupili. Paklibych ya Bussek czastogmenowany bez prziekazy ten plat przedse bral a swe penize wybral, tehdy bezewssie wymlu¬&#xD;
wy, odpory ya Bussek nebo ten ktozby hlawny list y tento umluwny w swe moczi myel, mam y slibugi tuz wieru y czti kniezy&#xD;
Hynkowi probosstu a conwentu hlawnii list a ten umluwny y dobrzansky wratiti a w gich mocz gie dati. Toho na lepssy gistotu&#xD;
y pewnost peczet sem swu wlastnii k tomuto listu prziwiesil a prosil sem urozenych pannosi Radslawa z Koczowa, Waczlawa&#xD;
Drahobirze, sedenim w Borowanech a Hrzka z Nebielow, ze su peczieti swe na swiedomie wedle mee k tomuto listu prziwiesili, genz gest&#xD;
dan po Boziem narozenii leta tisiczieho cztirsteho a sssestmezczietmeho, ten utery po swatem Bartholomiegy.</Unicode>
            </TextEquiv>
        </TextRegion>
    </Page>
</PcGts>
