<?xml version="1.0" encoding="UTF-8" standalone="yes"?>
<PcGts xmlns="http://schema.primaresearch.org/PAGE/gts/pagecontent/2013-07-15" xmlns:xsi="http://www.w3.org/2001/XMLSchema-instance" xsi:schemaLocation="http://schema.primaresearch.org/PAGE/gts/pagecontent/2013-07-15 http://schema.primaresearch.org/PAGE/gts/pagecontent/2013-07-15/pagecontent.xsd">
    <Metadata>
        <Creator>prov=University of Rostock/Institute of Mathematics/CITlab/Tobias Gruening/tobias.gruening@uni-rostock.de:name=/net_tf/LA73_249_0mod360.pb:de.uros.citlab.segmentation.CITlab_LA_ML:v=2.4.2
TRP</Creator>
        <Created>2019-09-17T16:51:17.656+02:00</Created>
        <LastChange>2019-11-12T17:45:45.791+01:00</LastChange>
        <TranskribusMetadata docId="212454" pageId="9115374" pageNr="1" tsid="19276026" status="IN_PROGRESS" userId="40502" imgUrl="https://files.transkribus.eu/Get?id=XHKKLPKCXHUBPRZZFWPAPBIZ&amp;fileType=view" xmlUrl="https://files.transkribus.eu/Get?id=RQWWOKVGSISWYENOXRNKLCGC" imageId="5891653"/>
    </Metadata>
    <Page imageFilename="NA-ACK_14640503_01708_r.jpg" imageWidth="4939" imageHeight="3335">
        <ReadingOrder>
            <OrderedGroup id="ro_1575392333459" caption="Regions reading order">
                <RegionRefIndexed index="0" regionRef="r1"/>
                <RegionRefIndexed index="1" regionRef="region_1573577119469_785"/>
            </OrderedGroup>
        </ReadingOrder>
        <TextRegion orientation="0.0" id="r1" custom="readingOrder {index:0;}">
            <Coords points="364,203 352,1401 3330,1397 3314,196"/>
            <TextLine id="r1l1" custom="readingOrder {index:0;} person {offset:0; length:83; continued:true;} place {offset:21; length:7;} place {offset:34; length:7;} place {offset:51; length:14;} place {offset:69; length:6;}">
                <Coords points="396,557 721,557 780,509 1113,520 1234,521 1356,522 1477,523 1599,524 1720,525 1842,526 1963,526 2084,527 2206,527 2327,527 2449,527 2570,527 2692,526 2813,525 2935,524 3056,523 3212,517 3216,266 3032,278 2938,270 2812,270 2671,262 2553,258 2451,258 2302,254 2200,254 2090,251 1969,254 1843,251 1714,247 1608,239 1455,239 1345,235 1208,235 1106,231 980,227 870,231 392,227"/>
                <Baseline points="419,553 713,557 776,513 1113,505 1234,506 1356,507 1477,508 1599,509 1720,510 1842,511 1963,511 2084,512 2206,512 2327,512 2449,512 2570,512 2692,511 2813,510 2935,509 3056,508 3178,506"/>
                <TextEquiv>
                    <Unicode>Georgius, Dei gracia Bohemie rex, Moravie marchio, Lucemburgensis et Slesie dux ac </Unicode>
                </TextEquiv>
            </TextLine>
            <TextLine id="r1l2" custom="readingOrder {index:1;} person {offset:0; length:15; continued:true;} place {offset:0; length:7;}">
                <Coords points="765,588 885,588 1006,588 1126,589 1247,589 1368,590 1488,591 1609,591 1729,592 1850,593 1971,593 2091,593 2212,594 2332,594 2453,593 2574,593 2694,592 2815,590 2935,588 3056,586 3177,583 3177,538 3056,541 2935,543 2815,545 2694,547 2574,548 2453,548 2332,549 2212,549 2091,548 1971,548 1850,548 1729,547 1609,546 1488,546 1368,545 1247,544 1126,544 1006,543 885,543 765,543"/>
                <Baseline points="765,573 885,573 1006,573 1126,574 1247,574 1368,575 1488,576 1609,576 1729,577 1850,578 1971,578 2091,578 2212,579 2332,579 2453,578 2574,578 2694,577 2815,575 2935,573 3056,571 3177,568"/>
                <TextEquiv>
                    <Unicode>Lusacie marchio, notumfacimus tenore presencium universis, quod nos omne ius, quod nobis competit ut marchioni </Unicode>
                </TextEquiv>
            </TextLine>
            <TextLine id="r1l3" custom="readingOrder {index:2;} place {offset:0; length:7;} place {offset:24; length:10;} person {offset:47; length:23;} place {offset:60; length:10;}">
                <Coords points="766,657 887,657 1009,658 1131,659 1253,660 1375,661 1496,661 1618,662 1740,663 1862,664 1984,664 2105,665 2227,665 2349,665 2471,665 2593,664 2714,664 2836,663 2958,661 3080,659 3202,657 3202,608 3080,610 2958,612 2836,614 2714,615 2593,615 2471,616 2349,616 2227,616 2105,616 1984,615 1862,615 1740,614 1618,613 1496,612 1375,612 1253,611 1131,610 1009,609 887,608 766,608"/>
                <Baseline points="766,641 887,641 1009,642 1131,643 1253,644 1375,645 1496,645 1618,646 1740,647 1862,648 1984,648 2105,649 2227,649 2349,649 2471,649 2593,648 2714,648 2836,647 2958,645 3080,643 3202,641"/>
                <TextEquiv>
                    <Unicode>Moravie in dotalicio in Ostrowanek post mortem Katherine de Ostrowanek, item in quadraginta marcis grossorum </Unicode>
                </TextEquiv>
            </TextLine>
            <TextLine id="r1l4" custom="readingOrder {index:3;} place {offset:17; length:10;} person {offset:40; length:22;} place {offset:52; length:10;} place {offset:84; length:6;} person {offset:103; length:3; continued:true;}">
                <Coords points="762,737 885,737 1008,736 1131,736 1254,736 1377,735 1500,735 1624,735 1747,735 1870,734 1993,734 2116,734 2239,733 2362,733 2486,732 2609,732 2732,731 2855,730 2978,728 3101,727 3225,725 3225,677 3101,679 2978,680 2855,682 2732,683 2609,684 2486,684 2362,685 2239,685 2116,686 1993,686 1870,686 1747,687 1624,687 1500,687 1377,687 1254,688 1131,688 1008,688 885,689 762,689"/>
                <Baseline points="762,721 885,721 1008,720 1131,720 1254,720 1377,719 1500,719 1624,719 1747,719 1870,718 1993,718 2116,718 2239,717 2362,717 2486,716 2609,716 2732,715 2855,714 2978,712 3101,711 3225,709"/>
                <TextEquiv>
                    <Unicode>moravicalibus in Strabenicz post mortem Iohancze de Strabenicz, item in curia ville Czrhow post mortem Pe¬</Unicode>
                </TextEquiv>
            </TextLine>
            <TextLine id="r1l5" custom="readingOrder {index:4;} person {offset:0; length:16; continued:true;} place {offset:39; length:7;} person {offset:68; length:27;} place {offset:88; length:7;}">
                <Coords points="761,802 883,803 1006,803 1128,804 1251,804 1374,805 1496,805 1619,806 1741,806 1864,806 1987,806 2109,806 2232,805 2354,805 2477,804 2600,803 2722,802 2845,801 2967,799 3090,797 3213,795 3213,747 3090,749 2967,751 2845,753 2722,754 2600,755 2477,756 2354,757 2232,757 2109,758 1987,758 1864,758 1741,758 1619,758 1496,757 1374,757 1251,756 1128,756 1006,755 883,755 761,754"/>
                <Baseline points="761,786 883,787 1006,787 1128,788 1251,788 1374,789 1496,789 1619,790 1741,790 1864,790 1987,790 2109,790 2232,789 2354,789 2477,788 2600,787 2722,786 2845,785 2967,783 3090,781 3213,779"/>
                <TextEquiv>
                    <Unicode>tri dicti Pohrab, item in bonis dictis Okarczy post mortem cuiusdam Petri presbiteri de Raczicz adque idem iure </Unicode>
                </TextEquiv>
            </TextLine>
            <TextLine id="r1l6" custom="readingOrder {index:5;} place {offset:76; length:7;} place {offset:99; length:7;}">
                <Coords points="769,872 899,872 1029,872 1160,872 1290,873 1421,873 1551,874 1682,874 1812,875 1943,875 2073,876 2204,876 2334,875 2465,875 2595,874 2726,874 2856,872 2987,870 3117,868 3248,866 3248,817 3117,819 2987,821 2856,823 2726,825 2595,825 2465,826 2334,826 2204,827 2073,827 1943,826 1812,826 1682,825 1551,825 1421,824 1290,824 1160,823 1029,823 899,823 769,823"/>
                <Baseline points="769,856 899,856 1029,856 1160,856 1290,857 1421,857 1551,858 1682,858 1812,859 1943,859 2073,860 2204,860 2334,859 2465,859 2595,858 2726,858 2856,856 2987,854 3117,852 3248,850"/>
                <TextEquiv>
                    <Unicode>fuerat introductus, que singula ad nos devoluta existunt auctoritate, regia Bohemie et marchionali Moravie dedimus </Unicode>
                </TextEquiv>
            </TextLine>
            <TextLine id="r1l7" custom="readingOrder {index:6;} person {offset:65; length:44; continued:true;} place {offset:76; length:5;} place {offset:106; length:3; continued:true;}">
                <Coords points="764,944 887,944 1011,944 1134,944 1258,945 1382,945 1505,946 1629,946 1752,947 1876,947 2000,948 2123,948 2247,949 2370,949 2494,949 2618,949 2741,948 2865,947 2988,946 3112,945 3236,943 3236,894 3112,896 2988,897 2865,898 2741,899 2618,900 2494,900 2370,900 2247,900 2123,899 2000,899 1876,898 1752,898 1629,897 1505,897 1382,896 1258,896 1134,895 1011,895 887,895 764,895"/>
                <Baseline points="764,928 887,928 1011,928 1134,928 1258,929 1382,929 1505,930 1629,930 1752,931 1876,931 2000,932 2123,932 2247,933 2370,933 2494,933 2618,933 2741,932 2865,931 2988,930 3112,929 3236,927"/>
                <TextEquiv>
                    <Unicode>et concessimus, damus et concedimus cum suis pertinenciis nobili Henrico de Lippa, capitaneo marchionatus Mo¬</Unicode>
                </TextEquiv>
            </TextLine>
            <TextLine id="r1l8" custom="readingOrder {index:7;} person {offset:0; length:5; continued:true;} place {offset:0; length:5; continued:true;} place {offset:26; length:7;}">
                <Coords points="755,1022 876,1021 998,1021 1119,1021 1241,1021 1362,1021 1484,1022 1605,1022 1727,1023 1848,1025 1970,1026 2092,1027 2213,1028 2335,1029 2456,1030 2578,1031 2699,1032 2821,1032 2942,1033 3064,1033 3186,1032 3186,983 3064,984 2942,984 2821,983 2699,983 2578,982 2456,981 2335,980 2213,979 2092,978 1970,977 1848,976 1727,974 1605,973 1484,973 1362,972 1241,972 1119,972 998,972 876,972 755,973"/>
                <Baseline points="755,1006 876,1005 998,1005 1119,1005 1241,1005 1362,1005 1484,1006 1605,1006 1727,1007 1848,1009 1970,1010 2092,1011 2213,1012 2335,1013 2456,1014 2578,1015 2699,1016 2821,1016 2942,1017 3064,1017 3186,1016"/>
                <TextEquiv>
                    <Unicode>ravie et marescalco regni Bohemie, fideli nostro dilecto, mandamus igitur camerariis ceterisque officialibus </Unicode>
                </TextEquiv>
            </TextLine>
            <TextLine id="r1l9" custom="readingOrder {index:8;} place {offset:16; length:11;} place {offset:31; length:9;} place {offset:61; length:7;} person {offset:114; length:7;}">
                <Coords points="761,1098 883,1097 1006,1096 1128,1096 1251,1096 1374,1096 1496,1097 1619,1098 1742,1099 1864,1100 1987,1101 2110,1103 2232,1104 2355,1105 2478,1107 2600,1108 2723,1109 2846,1109 2968,1110 3091,1110 3214,1109 3214,1060 3091,1061 2968,1061 2846,1060 2723,1060 2600,1059 2478,1058 2355,1056 2232,1055 2110,1054 1987,1052 1864,1051 1742,1050 1619,1049 1496,1048 1374,1047 1251,1047 1128,1047 1006,1047 883,1048 761,1049"/>
                <Baseline points="761,1082 883,1081 1006,1080 1128,1080 1251,1080 1374,1080 1496,1081 1619,1082 1742,1083 1864,1084 1987,1085 2110,1087 2232,1088 2355,1089 2478,1091 2600,1092 2723,1093 2846,1093 2968,1094 3091,1094 3214,1093"/>
                <TextEquiv>
                    <Unicode>tabularum czude Olomucensis et Brunensis marchionatus nostri Moravie, fidelibus nostris dilectis, quantus prefato Henrico </Unicode>
                </TextEquiv>
            </TextLine>
            <TextLine id="r1l10" custom="readingOrder {index:9;} place {offset:80; length:11;} place {offset:95; length:9;}">
                <Coords points="751,1171 875,1171 999,1171 1123,1171 1247,1171 1372,1172 1496,1173 1620,1173 1744,1174 1868,1175 1993,1176 2117,1177 2241,1178 2365,1179 2489,1179 2614,1180 2738,1181 2862,1181 2986,1182 3110,1182 3235,1182 3235,1133 3110,1133 2986,1133 2862,1132 2738,1132 2614,1131 2489,1130 2365,1130 2241,1129 2117,1128 1993,1127 1868,1126 1744,1125 1620,1124 1496,1124 1372,1123 1247,1122 1123,1122 999,1122 875,1122 751,1122"/>
                <Baseline points="751,1155 875,1155 999,1155 1123,1155 1247,1155 1372,1156 1496,1157 1620,1157 1744,1158 1868,1159 1993,1160 2117,1161 2241,1162 2365,1163 2489,1163 2614,1164 2738,1165 2862,1165 2986,1166 3110,1166 3235,1166"/>
                <TextEquiv>
                    <Unicode>dictorum bonorum possessionem tradant ac ipsa bona tabulis predictarum czudarum Olomucensis et Brunensis secundum quod, que </Unicode>
                </TextEquiv>
            </TextLine>
            <TextLine id="r1l11" custom="readingOrder {index:10;} person {offset:45; length:7;}">
                <Coords points="763,1247 883,1247 1003,1248 1124,1248 1244,1247 1365,1247 1485,1247 1606,1247 1726,1247 1847,1247 1967,1247 2087,1247 2208,1247 2328,1247 2449,1247 2569,1247 2690,1247 2810,1248 2931,1248 3051,1248 3172,1249 3172,1200 3051,1199 2931,1199 2810,1199 2690,1198 2569,1198 2449,1198 2328,1198 2208,1198 2087,1198 1967,1198 1847,1198 1726,1198 1606,1198 1485,1198 1365,1198 1244,1198 1124,1199 1003,1199 883,1198 763,1198"/>
                <Baseline points="763,1231 883,1231 1003,1232 1124,1232 1244,1231 1365,1231 1485,1231 1606,1231 1726,1231 1847,1231 1967,1231 2087,1231 2208,1231 2328,1231 2449,1231 2569,1231 2690,1231 2810,1232 2931,1232 3051,1232 3172,1233"/>
                <TextEquiv>
                    <Unicode>ad quam czudam pertinent, annotare pro eodem Henrico et suis heredibus non ommittant, saluis tamen iuribus alienis. </Unicode>
                </TextEquiv>
            </TextLine>
            <TextLine id="r1l12" custom="readingOrder {index:11;} place {offset:78; length:5;} date {offset:84; length:28; continued:true;year:0; day:0; month:0;}">
                <Coords points="753,1325 877,1325 1001,1324 1125,1324 1249,1324 1373,1324 1497,1324 1621,1324 1745,1324 1869,1324 1993,1324 2117,1324 2241,1324 2365,1324 2489,1324 2613,1323 2737,1323 2861,1323 2985,1322 3109,1322 3233,1321 3233,1272 3109,1273 2985,1273 2861,1274 2737,1274 2613,1274 2489,1275 2365,1275 2241,1275 2117,1275 1993,1275 1869,1275 1745,1275 1621,1275 1497,1275 1373,1275 1249,1275 1125,1275 1001,1275 877,1276 753,1276"/>
                <Baseline points="753,1309 877,1309 1001,1308 1125,1308 1249,1308 1373,1308 1497,1308 1621,1308 1745,1308 1869,1308 1993,1308 2117,1308 2241,1308 2365,1308 2489,1308 2613,1307 2737,1307 2861,1307 2985,1306 3109,1306 3233,1305"/>
                <TextEquiv>
                    <Unicode>Presencium sub appensione nostri regalis sigilli testimonio litterarum. Datum Prage die tercia maii anno Domini </Unicode>
                </TextEquiv>
            </TextLine>
            <TextLine id="r1l13" custom="readingOrder {index:12;} date {offset:0; length:65; continued:true;year:0; day:0; month:0;}">
                <Coords points="757,1399 837,1400 918,1401 998,1402 1079,1402 1159,1402 1240,1402 1320,1402 1401,1401 1481,1401 1562,1400 1642,1400 1723,1399 1803,1399 1884,1399 1964,1399 2045,1400 2125,1401 2206,1402 2286,1404 2367,1406 2367,1357 2286,1355 2206,1353 2125,1352 2045,1351 1964,1350 1884,1350 1803,1350 1723,1350 1642,1351 1562,1351 1481,1352 1401,1352 1320,1353 1240,1353 1159,1353 1079,1353 998,1353 918,1352 837,1351 757,1350"/>
                <Baseline points="757,1383 837,1384 918,1385 998,1386 1079,1386 1159,1386 1240,1386 1320,1386 1401,1385 1481,1385 1562,1384 1642,1384 1723,1383 1803,1383 1884,1383 1964,1383 2045,1384 2125,1385 2206,1386 2286,1388 2367,1390"/>
                <TextEquiv>
                    <Unicode>millesimoquadringentesimosexagesimoquarto regni nostri anno sexto.</Unicode>
                </TextEquiv>
            </TextLine>
            <TextEquiv>
                <Unicode>Georgius, Dei gracia Bohemie rex, Moravie marchio, Lucemburgensis et Slesie dux ac 
Lusacie marchio, notumfacimus tenore presencium universis, quod nos omne ius, quod nobis competit ut marchioni 
Moravie in dotalicio in Ostrowanek post mortem Katherine de Ostrowanek, item in quadraginta marcis grossorum 
moravicalibus in Strabenicz post mortem Iohancze de Strabenicz, item in curia ville Czrhow post mortem Pe¬
tri dicti Pohrab, item in bonis dictis Okarczy post mortem cuiusdam Petri presbiteri de Raczicz adque idem iure 
fuerat introductus, que singula ad nos devoluta existunt auctoritate, regia Bohemie et marchionali Moravie dedimus 
et concessimus, damus et concedimus cum suis pertinenciis nobili Henrico de Lippa, capitaneo marchionatus Mo¬
ravie et marescalco regni Bohemie, fideli nostro dilecto, mandamus igitur camerariis ceterisque officialibus 
tabularum czude Olomucensis et Brunensis marchionatus nostri Moravie, fidelibus nostris dilectis, quantus prefato Henrico 
dictorum bonorum possessionem tradant ac ipsa bona tabulis predictarum czudarum Olomucensis et Brunensis secundum quod, que 
ad quam czudam pertinent, annotare pro eodem Henrico et suis heredibus non ommittant, saluis tamen iuribus alienis. 
Presencium sub appensione nostri regalis sigilli testimonio litterarum. Datum Prage die tercia maii anno Domini 
millesimoquadringentesimosexagesimoquarto regni nostri anno sexto.</Unicode>
            </TextEquiv>
        </TextRegion>
        <TextRegion id="region_1573577119469_785" custom="readingOrder {index:1;}">
            <Coords points="2675,1357 3130,1357 3130,1557 2675,1557"/>
            <TextLine id="line_1573577124447_788" custom="readingOrder {index:0;}">
                <Coords points="2688,1346 2852,1362 3067,1400 3066,1450 2907,1448 2732,1437"/>
                <Baseline points="2732,1432 2907,1443 3066,1445"/>
                <TextEquiv>
                    <Unicode>Ad mandatum</Unicode>
                </TextEquiv>
            </TextLine>
            <TextLine id="line_1573577126853_793" custom="readingOrder {index:1;}">
                <Coords points="2778,1458 2972,1467 3036,1466 3037,1516 2971,1517 2776,1508"/>
                <Baseline points="2776,1503 2971,1512 3037,1511"/>
                <TextEquiv>
                    <Unicode>domini regis.</Unicode>
                </TextEquiv>
            </TextLine>
            <TextEquiv>
                <Unicode>Ad mandatum
domini regis.</Unicode>
            </TextEquiv>
        </TextRegion>
    </Page>
</PcGts>
