<?xml version="1.0" encoding="UTF-8" standalone="yes"?>
<PcGts xmlns="http://schema.primaresearch.org/PAGE/gts/pagecontent/2013-07-15" xmlns:xsi="http://www.w3.org/2001/XMLSchema-instance" xsi:schemaLocation="http://schema.primaresearch.org/PAGE/gts/pagecontent/2013-07-15 http://schema.primaresearch.org/PAGE/gts/pagecontent/2013-07-15/pagecontent.xsd">
    <Metadata>
        <Creator>TRP</Creator>
        <Created>2019-06-05T14:36:01.422+02:00</Created>
        <LastChange>2019-06-05T14:36:01.422+02:00</LastChange>
        <TranskribusMetadata docId="169946" pageId="6426643" pageNr="2" tsid="10832278" status="NEW" userId="36516" imgUrl="https://files.transkribus.eu/Get?id=VDNAJSJISSVYRLHYETKWRJYO&amp;fileType=view" xmlUrl="https://files.transkribus.eu/Get?id=PAFDBIPOLOWTLDOYKNLKXWRO" imageId="3818729"/>
    </Metadata>
    <Page imageFilename="NA-ACK_14181022_01470_v.jpg" imageWidth="6585" imageHeight="4628"/>
</PcGts>
