<?xml version="1.0" encoding="UTF-8" standalone="yes"?>
<PcGts xmlns="http://schema.primaresearch.org/PAGE/gts/pagecontent/2013-07-15" xmlns:xsi="http://www.w3.org/2001/XMLSchema-instance" xsi:schemaLocation="http://schema.primaresearch.org/PAGE/gts/pagecontent/2013-07-15 http://schema.primaresearch.org/PAGE/gts/pagecontent/2013-07-15/pagecontent.xsd">
    <Metadata>
        <Creator>prov=University of Rostock/Institute of Mathematics/CITlab/Tobias Gruening/tobias.gruening@uni-rostock.de:name=/net_tf/LA73_249_0mod360.pb:de.uros.citlab.segmentation.CITlab_LA_ML:v=2.4.2
TRP</Creator>
        <Created>2019-10-04T14:05:08.944+02:00</Created>
        <LastChange>2019-11-12T14:22:04.005+01:00</LastChange>
        <TranskribusMetadata docId="222687" pageId="9477173" pageNr="1" tsid="19265578" status="IN_PROGRESS" userId="40502" imgUrl="https://files.transkribus.eu/Get?id=DRPKPMOVICYBJFEOCLYMFAWV&amp;fileType=view" xmlUrl="https://files.transkribus.eu/Get?id=DBPYIUCGFCMADJHVVUPKCRQT" imageId="6171725"/>
    </Metadata>
    <Page imageFilename="NA-ACK_14260320_01511_r.jpg" imageWidth="9290" imageHeight="6540">
        <ReadingOrder>
            <OrderedGroup id="ro_1575392277854" caption="Regions reading order">
                <RegionRefIndexed index="0" regionRef="r1"/>
                <RegionRefIndexed index="1" regionRef="region_1573562444737_162"/>
            </OrderedGroup>
        </ReadingOrder>
        <TextRegion orientation="0.0" id="r1" custom="readingOrder {index:0;}">
            <Coords points="820,543 810,2950 8618,2950 8628,543"/>
            <TextLine id="r1l1" custom="readingOrder {index:0;} person {offset:4; length:94;} place {offset:62; length:8;} place {offset:72; length:7;} place {offset:81; length:8;} place {offset:91; length:7;} person {offset:117; length:82;} place {offset:144; length:7;} place {offset:153; length:6;} place {offset:161; length:9;} place {offset:192; length:7;}">
                <Coords points="485,620 1200,620 1581,634 1962,645 2343,654 2723,660 3104,665 3485,667 3866,667 4246,666 4627,664 5008,661 5389,657 5769,653 6150,650 6531,646 6912,643 7292,641 7673,640 8054,641 8435,643 8435,585 8054,583 7673,582 7292,583 6912,585 6531,588 6150,592 5769,595 5389,599 5008,603 4627,606 4246,608 3866,609 3485,609 3104,607 2723,602 2343,596 1962,587 1581,576 1023,154 228,135"/>
                <Baseline points="535,597 1200,601 1581,615 1962,626 2343,635 2723,641 3104,646 3485,648 3866,648 4246,647 4627,645 5008,642 5389,638 5769,634 6150,631 6531,627 6912,624 7292,622 7673,621 8054,622 8435,624"/>
                <TextEquiv>
                    <Unicode>Nos Sigismundus, Dei gracia romanorum rex, semper augustus ac Hungarie, Bohemie, Dalmacie, Croacie et cetera rex, et Albertus, eadem gracia dux Austrie, Styrie, Karinthie et cetera et marchio Moravie, notum facimus tenore presencium universis, quod nos nuper vidimus et</Unicode>
                </TextEquiv>
            </TextLine>
            <TextLine id="r1l2" custom="readingOrder {index:1;} person {offset:63; length:52;} place {offset:78; length:6;} place {offset:88; length:8;} place {offset:110; length:5;}">
                <Coords points="839,682 1226,698 1613,711 2000,721 2387,730 2774,736 3161,740 3548,743 3935,744 4322,744 4709,742 5096,740 5483,737 5870,734 6257,730 6644,726 7031,722 7418,719 7805,716 8192,714 8580,713 8580,655 8192,656 7805,658 7418,661 7031,664 6644,668 6257,672 5870,676 5483,679 5096,682 4709,684 4322,686 3935,686 3548,685 3161,682 2774,678 2387,672 2000,663 1613,653 1226,640 839,624"/>
                <Baseline points="839,663 1226,679 1613,692 2000,702 2387,711 2774,717 3161,721 3548,724 3935,725 4322,725 4709,723 5096,721 5483,718 5870,715 6257,711 6644,707 7031,703 7418,700 7805,697 8192,695 8580,694"/>
                <TextEquiv>
                    <Unicode>auscultari ac legi fecimus certas litteras illustris principis Conradi, ducis Slesie et Glogovie et domini in Olsna, sanas et integras non abrasas seu cautellatas omnique vicio et suspicione carentes sigillisque veris non fictis firmius communitas, quas ad presentes</Unicode>
                </TextEquiv>
            </TextLine>
            <TextLine id="r1l3" custom="readingOrder {index:2;}">
                <Coords points="838,767 1217,780 1597,792 1976,801 2356,809 2736,814 3115,818 3495,821 3874,822 4254,822 4634,821 5013,819 5393,817 5772,814 6152,811 6532,807 6911,804 7291,800 7670,797 8050,794 8430,792 8430,734 8050,736 7670,739 7291,742 6911,746 6532,749 6152,753 5772,756 5393,759 5013,761 4634,763 4254,764 3874,764 3495,763 3115,760 2736,756 2356,751 1976,743 1597,734 1217,722 838,709"/>
                <Baseline points="838,748 1217,761 1597,773 1976,782 2356,790 2736,795 3115,799 3495,802 3874,803 4254,803 4634,802 5013,800 5393,798 5772,795 6152,792 6532,788 6911,785 7291,781 7670,778 8050,775 8430,773"/>
                <TextEquiv>
                    <Unicode>nostras litteras atque scripta inseri et transcribi fecimus ut eis aquocumque homine fides infallibilis atque firma adhibeatur, quarum quidem litterarum tenor peromnia sequitur et est talis: In nomine domini amen. Noverint universi tam presentes, quam posterii noticiam</Unicode>
                </TextEquiv>
            </TextLine>
            <TextLine id="r1l4" custom="readingOrder {index:3;} person {offset:46; length:63;} place {offset:71; length:6;} place {offset:81; length:8;} place {offset:104; length:5;} person {offset:178; length:60;} place {offset:188; length:7;} place {offset:199; length:7;} place {offset:224; length:14;}">
                <Coords points="850,853 1237,864 1624,873 2011,881 2399,887 2786,893 3173,897 3561,900 3948,902 4335,903 4723,903 5110,902 5497,901 5884,899 6272,896 6659,893 7046,889 7434,885 7821,881 8208,876 8596,872 8596,815 8208,819 7821,824 7434,828 7046,832 6659,836 6272,839 5884,842 5497,844 5110,845 4723,846 4335,846 3948,845 3561,843 3173,840 2786,836 2399,830 2011,824 1624,816 1237,807 850,796"/>
                <Baseline points="850,834 1237,845 1624,854 2011,862 2399,868 2786,874 3173,878 3561,881 3948,883 4335,884 4723,884 5110,883 5497,882 5884,880 6272,877 6659,874 7046,870 7434,866 7821,862 8208,857 8596,853"/>
                <TextEquiv>
                    <Unicode>presentium aut copiam habituri, quod quia nos Conradus, Dei gracia dux Slesie et Glogovie et dominus in Olsna, ob specialis amoris affectum, quem erga mafnifici principis domini Johannis, Bohemie et Polonie regis ac comitis Lucemburgensis, domini nostri karissimi,</Unicode>
                </TextEquiv>
            </TextLine>
            <TextLine id="r1l5" custom="readingOrder {index:4;}">
                <Coords points="872,934 1256,943 1641,951 2025,958 2410,964 2794,970 3179,974 3563,978 3948,982 4332,984 4717,985 5101,986 5486,986 5870,985 6255,983 6639,980 7024,976 7408,972 7793,966 8177,960 8562,952 8562,895 8177,903 7793,909 7408,915 7024,919 6639,923 6255,926 5870,928 5486,929 5101,929 4717,928 4332,927 3948,925 3563,921 3179,917 2794,913 2410,907 2025,901 1641,894 1256,886 872,877"/>
                <Baseline points="872,915 1256,924 1641,932 2025,939 2410,945 2794,951 3179,955 3563,959 3948,963 4332,965 4717,966 5101,967 5486,967 5870,966 6255,964 6639,961 7024,957 7408,953 7793,947 8177,941 8562,933"/>
                <TextEquiv>
                    <Unicode>gerimus, testitudinem habito nobiscum amicis quoque ac fidelibus nostris consilio diligenti et deliberacione matura accedentibus etiam favore et consensu eorundem expressis ad subscripta bonum in hoc nostrum principaliter consequenter autem fidelium terrarum,</Unicode>
                </TextEquiv>
            </TextLine>
            <TextLine id="r1l6" custom="readingOrder {index:5;} place {offset:168; length:7;} place {offset:199; length:7;}">
                <Coords points="852,1017 1235,1023 1618,1029 2001,1034 2385,1039 2768,1044 3151,1049 3535,1053 3918,1057 4301,1060 4685,1062 5068,1064 5451,1065 5834,1065 6218,1064 6601,1061 6984,1058 7368,1053 7751,1047 8134,1040 8518,1031 8518,976 8134,985 7751,992 7368,998 6984,1003 6601,1006 6218,1009 5834,1010 5451,1010 5068,1009 4685,1007 4301,1005 3918,1002 3535,998 3151,994 2768,989 2385,984 2001,979 1618,974 1235,968 852,962"/>
                <Baseline points="852,999 1235,1005 1618,1011 2001,1016 2385,1021 2768,1026 3151,1031 3535,1035 3918,1039 4301,1042 4685,1044 5068,1046 5451,1047 5834,1047 6218,1046 6601,1043 6984,1040 7368,1035 7751,1029 8134,1022 8518,1013"/>
                <TextEquiv>
                    <Unicode>civitatum, hominum et bonorum nostrorum omnium infrascriptorum comodum statumque in antea pacificum perpendentes princeps et vassallus suus heredum, successorum suorum Bohemie regnum et ipsius regni Bohemie imperpetuum fieri et fore decrevimus, omnia et singula</Unicode>
                </TextEquiv>
            </TextLine>
            <TextLine id="r1l7" custom="readingOrder {index:6;} place {offset:239; length:5;}">
                <Coords points="865,1107 1246,1107 1628,1109 2010,1112 2392,1116 2774,1120 3155,1124 3537,1129 3919,1134 4301,1138 4683,1142 5064,1145 5446,1147 5828,1149 6210,1149 6592,1147 6973,1143 7355,1138 7737,1131 8119,1121 8501,1109 8501,1054 8119,1066 7737,1076 7355,1083 6973,1088 6592,1092 6210,1094 5828,1094 5446,1092 5064,1090 4683,1087 4301,1083 3919,1079 3537,1074 3155,1069 2774,1065 2392,1061 2010,1057 1628,1054 1246,1052 865,1052"/>
                <Baseline points="865,1089 1246,1089 1628,1091 2010,1094 2392,1098 2774,1102 3155,1106 3537,1111 3919,1116 4301,1120 4683,1124 5064,1127 5446,1129 5828,1131 6210,1131 6592,1129 6973,1125 7355,1120 7737,1113 8119,1103 8501,1091"/>
                <TextEquiv>
                    <Unicode>bona nostra subeisdem libertatibus et iuribus, quibus apredecessoribus nostris ad nos pervenisse noscuntur, omnesque terras nostras, quas ad presens possidemus vel possidebimus quacumque tytulo in futuro tam circa, quam ultra flumina, qui Odora dicitur, cum</Unicode>
                </TextEquiv>
            </TextLine>
            <TextLine id="r1l8" custom="readingOrder {index:7;} place {offset:12; length:11;} place {offset:25; length:5;} place {offset:32; length:7;} place {offset:41; length:9;} place {offset:52; length:12;} place {offset:66; length:5;} place {offset:73; length:6;} place {offset:81; length:5;} place {offset:88; length:10;} place {offset:137; length:6;} place {offset:156; length:8;} place {offset:166; length:8;}">
                <Coords points="873,1192 1258,1190 1644,1189 2030,1190 2415,1193 2801,1197 3187,1202 3572,1207 3958,1213 4344,1218 4730,1223 5115,1227 5501,1230 5887,1232 6272,1233 6658,1231 7044,1227 7429,1221 7815,1211 8201,1199 8587,1183 8587,1126 8201,1142 7815,1154 7429,1164 7044,1170 6658,1174 6272,1176 5887,1175 5501,1173 5115,1170 4730,1166 4344,1161 3958,1156 3572,1150 3187,1145 2801,1140 2415,1136 2030,1133 1644,1132 1258,1133 873,1135"/>
                <Baseline points="873,1173 1258,1171 1644,1170 2030,1171 2415,1174 2801,1178 3187,1183 3572,1188 3958,1194 4344,1199 4730,1204 5115,1208 5501,1211 5887,1213 6272,1214 6658,1212 7044,1208 7429,1202 7815,1192 8201,1180 8587,1164"/>
                <TextEquiv>
                    <Unicode>civitatibus Wartenberch, Oslna, Mylisch, Trebenicz, Trachenburch, Walow, Lubest, Wunck, Herrenstat et castris eis adiacentibus cum aliis Ploczk, videliczet Prusnitz, Sandewal cum omnibus suis appendiis dominiis, opidis, villis allodiis,</Unicode>
                </TextEquiv>
            </TextLine>
            <TextLine id="r1l9" custom="readingOrder {index:8;} place {offset:200; length:6;} place {offset:210; length:8;} place {offset:238; length:10;}">
                <Coords points="885,1277 1267,1272 1650,1270 2032,1269 2415,1271 2798,1273 3180,1276 3563,1281 3946,1285 4328,1290 4711,1295 5094,1299 5476,1303 5859,1306 6242,1307 6624,1307 7007,1305 7390,1300 7772,1294 8155,1285 8538,1272 8538,1220 8155,1233 7772,1242 7390,1248 7007,1253 6624,1255 6242,1255 5859,1254 5476,1251 5094,1247 4711,1243 4328,1238 3946,1233 3563,1229 3180,1224 2798,1221 2415,1219 2032,1217 1650,1218 1267,1220 885,1225"/>
                <Baseline points="885,1260 1267,1255 1650,1253 2032,1252 2415,1254 2798,1256 3180,1259 3563,1264 3946,1268 4328,1273 4711,1278 5094,1282 5476,1286 5859,1289 6242,1290 6624,1290 7007,1288 7390,1283 7772,1277 8155,1268 8538,1255"/>
                <TextEquiv>
                    <Unicode> feudis, feudalibus nobilibus et plebeiis, iuribus, redditibus, proventibus et utilitatibus earundem, quocumque vocentur nomine vel inquibuscumque consistant, nostro heredum et successorum nostrorum, Slesie et Glagovie ducum et dominorum Olsnensium, nomine in regis</Unicode>
                </TextEquiv>
            </TextLine>
            <TextLine id="r1l10" custom="readingOrder {index:9;}">
                <Coords points="893,1362 1274,1355 1655,1351 2036,1349 2417,1349 2798,1350 3179,1352 3560,1354 3941,1358 4322,1362 4703,1366 5084,1370 5465,1373 5846,1376 6227,1378 6608,1379 6989,1379 7370,1377 7751,1373 8132,1367 8513,1358 8513,1306 8132,1315 7751,1321 7370,1325 6989,1327 6608,1327 6227,1326 5846,1324 5465,1321 5084,1318 4703,1314 4322,1310 3941,1306 3560,1302 3179,1300 2798,1298 2417,1297 2036,1297 1655,1299 1274,1303 893,1310"/>
                <Baseline points="893,1345 1274,1338 1655,1334 2036,1332 2417,1332 2798,1333 3179,1335 3560,1337 3941,1341 4322,1345 4703,1349 5084,1353 5465,1356 5846,1359 6227,1361 6608,1362 6989,1362 7370,1360 7751,1356 8132,1350 8513,1341"/>
                <TextEquiv>
                    <Unicode>ipsius manibus sponte et libere resignates ab eo in feudum recepimus perpetuum factoque sibi per nos fidelitatis debito humagio prestito corporali nichilominus iuramento ipsi regi heredibus et succesoribus suis predictis, tamquam veris dominis nostris</Unicode>
                </TextEquiv>
            </TextLine>
            <TextLine id="r1l11" custom="readingOrder {index:10;} place {offset:42; length:7;}">
                <Coords points="913,1449 1292,1443 1671,1438 2051,1436 2430,1434 2810,1434 3189,1435 3568,1436 3948,1438 4327,1441 4707,1444 5086,1447 5465,1449 5845,1452 6224,1454 6604,1455 6983,1455 7362,1454 7742,1452 8121,1448 8501,1443 8501,1389 8121,1394 7742,1398 7362,1400 6983,1401 6604,1401 6224,1400 5845,1398 5465,1395 5086,1393 4707,1390 4327,1387 3948,1384 3568,1382 3189,1381 2810,1380 2430,1380 2051,1382 1671,1384 1292,1389 913,1395"/>
                <Baseline points="913,1431 1292,1425 1671,1420 2051,1418 2430,1416 2810,1416 3189,1417 3568,1418 3948,1420 4327,1423 4707,1426 5086,1429 5465,1431 5845,1434 6224,1436 6604,1437 6983,1437 7362,1436 7742,1434 8121,1430 8501,1425"/>
                <TextEquiv>
                    <Unicode>velut princeps et vasallus eorum ac regni Bohemie antedicti parere deinceps promisimus et intendere in eisdem et contra quemlibet principem et hominem ipsos pro viribus fideliter ad iuvare reservata nobis edificandi ac instaurandi municiones</Unicode>
                </TextEquiv>
            </TextLine>
            <TextLine id="r1l12" custom="readingOrder {index:11;}">
                <Coords points="888,1543 1269,1535 1650,1529 2031,1525 2413,1521 2794,1519 3175,1518 3557,1517 3938,1518 4319,1518 4701,1520 5082,1521 5463,1523 5844,1525 6226,1528 6607,1530 6988,1532 7370,1533 7751,1534 8132,1535 8514,1535 8514,1481 8132,1481 7751,1480 7370,1479 6988,1478 6607,1476 6226,1474 5844,1471 5463,1469 5082,1467 4701,1466 4319,1464 3938,1464 3557,1463 3175,1464 2794,1465 2413,1467 2031,1471 1650,1475 1269,1481 888,1489"/>
                <Baseline points="888,1525 1269,1517 1650,1511 2031,1507 2413,1503 2794,1501 3175,1500 3557,1499 3938,1500 4319,1500 4701,1502 5082,1503 5463,1505 5844,1507 6226,1510 6607,1512 6988,1514 7370,1515 7751,1516 8132,1517 8514,1517"/>
                <TextEquiv>
                    <Unicode>novas in terris et bonis nostris premissis et destruendi veteres, ubicumque et quantumque nobis videbitur, pro nostro terrarum predictarum et hominum nostrorum comodo expedire libera facultate volentes et firmiter statuentes, ut si forte nos heredes aut suc¬</Unicode>
                </TextEquiv>
            </TextLine>
            <TextLine id="r1l13" custom="readingOrder {index:12;} person {offset:246; length:9; continued:true;}">
                <Coords points="864,1637 1366,1620 1737,1614 2108,1610 2480,1607 2851,1604 3222,1602 3593,1602 3965,1602 4336,1602 4707,1603 5078,1604 5450,1606 5821,1608 6192,1611 6563,1613 6935,1616 7306,1618 7677,1621 8048,1623 8420,1625 8420,1567 8048,1565 7677,1563 7306,1560 6935,1558 6563,1555 6192,1553 5821,1550 5450,1548 5078,1546 4707,1545 4336,1544 3965,1544 3593,1544 3222,1544 2851,1546 2480,1549 2108,1552 1737,1556 1366,1562 864,1579"/>
                <Baseline points="995,1607 1366,1601 1737,1595 2108,1591 2480,1588 2851,1585 3222,1583 3593,1583 3965,1583 4336,1583 4707,1584 5078,1585 5450,1587 5821,1589 6192,1592 6563,1594 6935,1597 7306,1599 7677,1602 8048,1604 8420,1606"/>
                <TextEquiv>
                    <Unicode>cessores nostri sublati demedio fuerimus heredibus legitimis et presertim masculis non relictis, extunc iam dicta bona nostra terre civitates et opida cum omnibus suis pertinenciiis, ut predicitur, ad fratres nostros, principes illustres dominum Henricum,</Unicode>
                </TextEquiv>
            </TextLine>
            <TextLine id="r1l14" custom="readingOrder {index:13;} person {offset:0; length:56; continued:true;} place {offset:16; length:6;} place {offset:26; length:8;} place {offset:35; length:10;} person {offset:69; length:54;} place {offset:85; length:6;} place {offset:95; length:8;} place {offset:115; length:8;}">
                <Coords points="918,1728 1296,1716 1675,1707 2053,1699 2432,1693 2811,1688 3189,1685 3568,1683 3946,1682 4325,1682 4704,1683 5082,1684 5461,1686 5839,1688 6218,1691 6597,1694 6975,1697 7354,1699 7732,1702 8111,1704 8490,1705 8490,1647 8111,1646 7732,1644 7354,1641 6975,1639 6597,1636 6218,1633 5839,1630 5461,1628 5082,1626 4704,1625 4325,1624 3946,1624 3568,1625 3189,1627 2811,1630 2432,1635 2053,1641 1675,1649 1296,1658 918,1670"/>
                <Baseline points="918,1709 1296,1697 1675,1688 2053,1680 2432,1674 2811,1669 3189,1666 3568,1664 3946,1663 4325,1663 4704,1664 5082,1665 5461,1667 5839,1669 6218,1672 6597,1675 6975,1678 7354,1680 7732,1683 8111,1685 8490,1686"/>
                <TextEquiv>
                    <Unicode>videlicet ducem Slesie et Glogovie Saganensemque dominum, ac dominum Johannem, ducem Slesie et Glogovie ac dominum Stynavie, heredesque suos masculos, dum taxat si quos reliquerit, si autem nullos post se masculos legitimas reliquerint,</Unicode>
                </TextEquiv>
            </TextLine>
            <TextLine id="r1l15" custom="readingOrder {index:14;} place {offset:10; length:7;}">
                <Coords points="965,1811 1339,1799 1713,1789 2087,1781 2461,1775 2835,1769 3209,1766 3584,1764 3958,1762 4332,1762 4706,1763 5080,1764 5454,1765 5828,1768 6203,1770 6577,1773 6951,1775 7325,1778 7699,1780 8073,1781 8448,1783 8448,1725 8073,1723 7699,1722 7325,1720 6951,1717 6577,1715 6203,1712 5828,1710 5454,1707 5080,1706 4706,1705 4332,1704 3958,1704 3584,1706 3209,1708 2835,1711 2461,1717 2087,1723 1713,1731 1339,1741 965,1753"/>
                <Baseline points="965,1792 1339,1780 1713,1770 2087,1762 2461,1756 2835,1750 3209,1747 3584,1745 3958,1743 4332,1743 4706,1744 5080,1745 5454,1746 5828,1749 6203,1751 6577,1754 6951,1756 7325,1759 7699,1761 8073,1762 8448,1764"/>
                <TextEquiv>
                    <Unicode>ad regnum Bohemie supradictum libere et hereditarie debeant pertinere, hoc tamen adiciendum duximus nominatim, quod si nos ipsi heredes vel successores nostri prefati cum clericis, civibus, rusticis vel iudeis nostris aliquid cause questionis aut</Unicode>
                </TextEquiv>
            </TextLine>
            <TextLine id="r1l16" custom="readingOrder {index:15;}">
                <Coords points="941,1900 1320,1887 1699,1875 2078,1866 2458,1858 2837,1853 3216,1848 3595,1846 3975,1844 4354,1843 4733,1844 5112,1845 5492,1846 5871,1849 6250,1851 6629,1854 7009,1857 7388,1860 7767,1863 8146,1865 8526,1867 8526,1809 8146,1807 7767,1805 7388,1802 7009,1799 6629,1796 6250,1793 5871,1791 5492,1788 5112,1787 4733,1786 4354,1785 3975,1786 3595,1788 3216,1790 2837,1795 2458,1800 2078,1808 1699,1817 1320,1829 941,1842"/>
                <Baseline points="941,1881 1320,1868 1699,1856 2078,1847 2458,1839 2837,1834 3216,1829 3595,1827 3975,1825 4354,1824 4733,1825 5112,1826 5492,1827 5871,1830 6250,1832 6629,1835 7009,1838 7388,1841 7767,1844 8146,1846 8526,1848"/>
                <TextEquiv>
                    <Unicode>iudicii instrauraverimus, dehiis et huiusmodi rex, heredes et successores sui predicta nobis heredibus vel successoribus nostris superstitibus intromittere se non debeant modo quovis, si vero nobiles vel fideles terrarum nostrarum suprascriptarum debitam</Unicode>
                </TextEquiv>
            </TextLine>
            <TextLine id="r1l17" custom="readingOrder {index:16;}">
                <Coords points="914,1981 1353,1968 1726,1957 2099,1948 2472,1940 2845,1934 3218,1929 3591,1925 3964,1922 4337,1921 4710,1920 5083,1920 5456,1922 5829,1924 6202,1926 6575,1929 6948,1933 7321,1937 7694,1942 8067,1947 8441,1952 8441,1894 8067,1889 7694,1884 7321,1879 6948,1875 6575,1871 6202,1868 5829,1866 5456,1864 5083,1862 4710,1862 4337,1863 3964,1864 3591,1867 3218,1871 2845,1876 2472,1882 2099,1890 1726,1899 1353,1910 914,1923"/>
                <Baseline points="980,1962 1353,1949 1726,1938 2099,1929 2472,1921 2845,1915 3218,1910 3591,1906 3964,1903 4337,1902 4710,1901 5083,1901 5456,1903 5829,1905 6202,1907 6575,1910 6948,1914 7321,1918 7694,1923 8067,1928 8441,1933"/>
                <TextEquiv>
                    <Unicode>per nos heredes vel successores nostros de suis questionibus aut causis nobis motis, dequibus iuxta litterarum regalium datarum nobis continentiam secundum fidelium nostrorum sentenciam et dictamen subire tenemur, et facere iudicium assequi non possint</Unicode>
                </TextEquiv>
            </TextLine>
            <TextLine id="r1l18" custom="readingOrder {index:17;} place {offset:237; length:7;}">
                <Coords points="914,2065 1292,2053 1670,2042 2049,2033 2427,2025 2806,2017 3184,2012 3563,2007 3941,2004 4320,2002 4698,2001 5076,2001 5455,2001 5833,2003 6212,2005 6590,2008 6969,2012 7347,2016 7726,2021 8104,2026 8483,2032 8483,1977 8104,1971 7726,1966 7347,1961 6969,1957 6590,1953 6212,1950 5833,1948 5455,1946 5076,1946 4698,1946 4320,1947 3941,1949 3563,1952 3184,1957 2806,1962 2427,1970 2049,1978 1670,1987 1292,1998 914,2010"/>
                <Baseline points="914,2047 1292,2035 1670,2024 2049,2015 2427,2007 2806,1999 3184,1994 3563,1989 3941,1986 4320,1984 4698,1983 5076,1983 5455,1983 5833,1985 6212,1987 6590,1990 6969,1994 7347,1998 7726,2003 8104,2008 8483,2014"/>
                <TextEquiv>
                    <Unicode>iusticiam, regem, heredes et successores suos prenatatos adire poterunt libere querelas ipsorum proponere et defectus, nosque, heredes et successores nostri predicti citati ibidem coram rege videlicet et successoribus et heredibus suis, Bohemie regibus, ubicumque</Unicode>
                </TextEquiv>
            </TextLine>
            <TextLine id="r1l19" custom="readingOrder {index:18;} place {offset:0; length:7;} place {offset:20; length:7;} place {offset:111; length:14;}">
                <Coords points="946,2154 1320,2138 1695,2124 2069,2113 2444,2103 2819,2094 3193,2088 3568,2083 3942,2080 4317,2078 4692,2077 5066,2077 5441,2079 5815,2081 6190,2084 6565,2088 6939,2093 7314,2098 7688,2103 8063,2110 8438,2116 8438,2061 8063,2055 7688,2048 7314,2043 6939,2038 6565,2033 6190,2029 5815,2026 5441,2024 5066,2022 4692,2022 4317,2023 3942,2025 3568,2028 3193,2033 2819,2039 2444,2048 2069,2058 1695,2069 1320,2083 946,2099"/>
                <Baseline points="946,2136 1320,2120 1695,2106 2069,2095 2444,2085 2819,2076 3193,2070 3568,2065 3942,2062 4317,2060 4692,2059 5066,2059 5441,2061 5815,2063 6190,2066 6565,2070 6939,2075 7314,2080 7688,2085 8063,2092 8438,2098"/>
                <TextEquiv>
                    <Unicode>Bohemie fuerint aut Polonie, coram altero vero principe per eos adhoc iudice deputato sisti tenebimur in terra Wratislaviensi, dum taxat iuditio facere et subire denobis, heredibus vel successoribus nostris conquerentibus, quibuslibet iusticie</Unicode>
                </TextEquiv>
            </TextLine>
            <TextLine id="r1l20" custom="readingOrder {index:19;}">
                <Coords points="870,2254 1505,2215 1878,2200 2251,2187 2625,2177 2998,2169 3371,2164 3745,2159 4118,2157 4491,2156 4865,2156 5238,2158 5611,2161 5984,2164 6358,2169 6731,2173 7104,2178 7478,2184 7851,2189 8224,2194 8598,2199 8598,2141 8224,2136 7851,2131 7478,2126 7104,2120 6731,2115 6358,2111 5984,2106 5611,2103 5238,2100 4865,2098 4491,2098 4118,2099 3745,2101 3371,2106 2998,2111 2625,2119 2251,2129 1878,2142 1505,2157 870,2196"/>
                <Baseline points="1132,2213 1505,2196 1878,2181 2251,2168 2625,2158 2998,2150 3371,2145 3745,2140 4118,2138 4491,2137 4865,2137 5238,2139 5611,2142 5984,2145 6358,2150 6731,2154 7104,2159 7478,2165 7851,2170 8224,2175 8598,2180"/>
                <TextEquiv>
                    <Unicode>complementum illud etiam specifice duximus exprimendum, quod si fortasse nos heredes vel successores nostros grauatos inopia debitis aut alia causa rationabili aliquam territorii et dominii aliquanti de nostris vendere vel obligare continget, municionem</Unicode>
                </TextEquiv>
            </TextLine>
            <TextLine id="r1l22" custom="readingOrder {index:20;} place {offset:39; length:7;}">
                <Coords points="902,2342 1505,2302 1870,2286 2235,2274 2600,2263 2965,2254 3330,2247 3696,2242 4061,2239 4426,2237 4791,2237 5156,2238 5521,2240 5886,2243 6252,2247 6617,2251 6982,2256 7347,2261 7712,2266 8077,2271 8443,2276 8443,2218 8077,2213 7712,2208 7347,2203 6982,2198 6617,2193 6252,2189 5886,2185 5521,2182 5156,2180 4791,2179 4426,2179 4061,2181 3696,2184 3330,2189 2965,2196 2600,2205 2235,2216 1870,2228 1505,2244 902,2284"/>
                <Baseline points="1140,2301 1505,2283 1870,2267 2235,2255 2600,2244 2965,2235 3330,2228 3696,2223 4061,2220 4426,2218 4791,2218 5156,2219 5521,2221 5886,2224 6252,2228 6617,2232 6982,2237 7347,2242 7712,2247 8077,2252 8443,2257"/>
                <TextEquiv>
                    <Unicode>principi nobis equali aut alteri regno Bohemie competenti vel etiam territorium non habentem fideli vel vasallo nostro, extunc municionem eandem sine territorium habeat et dominium sine non vendendam aut obligandam ipsis regi</Unicode>
                </TextEquiv>
            </TextLine>
            <TextLine id="r1l23" custom="readingOrder {index:21;} place {offset:35; length:7;}">
                <Coords points="976,2415 1349,2396 1722,2379 2095,2365 2468,2353 2841,2343 3214,2335 3587,2330 3960,2325 4333,2323 4707,2322 5080,2322 5453,2324 5826,2326 6199,2330 6572,2334 6945,2339 7318,2344 7691,2350 8064,2356 8438,2362 8438,2304 8064,2298 7691,2292 7318,2286 6945,2281 6572,2276 6199,2272 5826,2268 5453,2266 5080,2264 4707,2264 4333,2265 3960,2267 3587,2272 3214,2277 2841,2285 2468,2295 2095,2307 1722,2321 1349,2338 976,2357"/>
                <Baseline points="976,2396 1349,2377 1722,2360 2095,2346 2468,2334 2841,2324 3214,2316 3587,2311 3960,2306 4333,2304 4707,2303 5080,2303 5453,2305 5826,2307 6199,2311 6572,2315 6945,2320 7318,2325 7691,2331 8064,2337 8438,2343"/>
                <TextEquiv>
                    <Unicode>et heredibus et successoribus suis Bohemie regibus exhibere preceteris debeamus, qui si ipsam emere vel recipere inpignore noluerint, princeps ipse municionem predictam territorium habentem, videlicet emens aut pignore tenens, in feudum ipsam</Unicode>
                </TextEquiv>
            </TextLine>
            <TextLine id="r1l24" custom="readingOrder {index:22;}">
                <Coords points="858,2497 1405,2478 1779,2462 2153,2447 2526,2435 2900,2425 3274,2417 3647,2411 4021,2406 4395,2403 4769,2402 5142,2402 5516,2403 5890,2406 6263,2410 6637,2415 7011,2420 7384,2427 7758,2434 8132,2442 8506,2450 8506,2393 8132,2385 7758,2377 7384,2370 7011,2363 6637,2358 6263,2353 5890,2349 5516,2346 5142,2345 4769,2345 4395,2346 4021,2349 3647,2354 3274,2360 2900,2368 2526,2378 2153,2390 1779,2405 1405,2421 858,2440"/>
                <Baseline points="1032,2478 1405,2459 1779,2443 2153,2428 2526,2416 2900,2406 3274,2398 3647,2392 4021,2387 4395,2384 4769,2383 5142,2383 5516,2384 5890,2387 6263,2391 6637,2396 7011,2401 7384,2408 7758,2415 8132,2423 8506,2431"/>
                <TextEquiv>
                    <Unicode>recipere tenebitur ab eisdem, ipsisque tamquam veris suis dominis servire, parere et intendere de eadem, alter vero non princeps emens vel pugnore tenens municionem nostram territorium aut dominium, ut predicitur, non habentem a nobis, heredibus</Unicode>
                </TextEquiv>
            </TextLine>
            <TextLine id="r1l25" custom="readingOrder {index:23;}">
                <Coords points="928,2586 1307,2564 1687,2546 2067,2531 2447,2517 2827,2506 3206,2497 3586,2490 3966,2485 4346,2482 4726,2481 5105,2481 5485,2482 5865,2484 6245,2488 6625,2493 7004,2498 7384,2504 7764,2511 8144,2518 8524,2526 8524,2469 8144,2461 7764,2454 7384,2447 7004,2441 6625,2436 6245,2431 5865,2427 5485,2425 5105,2424 4726,2424 4346,2425 3966,2428 3586,2433 3206,2440 2827,2449 2447,2460 2067,2474 1687,2489 1307,2507 928,2529"/>
                <Baseline points="928,2567 1307,2545 1687,2527 2067,2512 2447,2498 2827,2487 3206,2478 3586,2471 3966,2466 4346,2463 4726,2462 5105,2462 5485,2463 5865,2465 6245,2469 6625,2474 7004,2479 7384,2485 7764,2492 8144,2499 8524,2507"/>
                <TextEquiv>
                    <Unicode>et successoribus nostris eam in feudum recipiet hoc adiecto, quod rex, heredes aut successores sui antedicti municiones supradictas pro summa eadem, in qua obligate fuerint vel vendite, redimere valeant, quando velint, illud etiam preterire</Unicode>
                </TextEquiv>
            </TextLine>
            <TextLine id="r1l26" custom="readingOrder {index:24;} place {offset:159; length:7;} place {offset:171; length:7;}">
                <Coords points="942,2670 1319,2649 1696,2630 2073,2613 2451,2600 2828,2588 3205,2579 3582,2571 3960,2566 4337,2562 4714,2560 5091,2560 5469,2560 5846,2563 6223,2566 6600,2570 6978,2576 7355,2582 7732,2588 8109,2596 8487,2603 8487,2546 8109,2539 7732,2531 7355,2525 6978,2519 6600,2513 6223,2509 5846,2506 5469,2503 5091,2503 4714,2503 4337,2505 3960,2509 3582,2514 3205,2522 2828,2531 2451,2543 2073,2556 1696,2573 1319,2592 942,2613"/>
                <Baseline points="942,2651 1319,2630 1696,2611 2073,2594 2451,2581 2828,2569 3205,2560 3582,2552 3960,2547 4337,2543 4714,2541 5091,2541 5469,2541 5846,2544 6223,2547 6600,2551 6978,2557 7355,2563 7732,2569 8109,2577 8487,2584"/>
                <TextEquiv>
                    <Unicode>volumus, quod si rex, heredes aut successores sui antedicti nos, heredes vel successores nostros in adiutorium sibi per nos prestandum ad partes alienas extra Bohemia aut Polonia euocaverint convenienciam nobis debitam, ne queviciis</Unicode>
                </TextEquiv>
            </TextLine>
            <TextLine id="r1l27" custom="readingOrder {index:25;} place {offset:175; length:11;}">
                <Coords points="885,2742 1428,2733 1796,2715 2164,2699 2532,2685 2900,2673 3268,2663 3636,2655 4004,2649 4372,2644 4741,2641 5109,2640 5477,2640 5845,2641 6213,2644 6581,2649 6949,2655 7317,2661 7685,2669 8053,2678 8422,2688 8422,2631 8053,2621 7685,2612 7317,2604 6949,2598 6581,2592 6213,2587 5845,2584 5477,2583 5109,2583 4741,2584 4372,2587 4004,2592 3636,2598 3268,2606 2900,2616 2532,2628 2164,2642 1796,2658 1428,2676 885,2685"/>
                <Baseline points="1060,2734 1428,2714 1796,2696 2164,2680 2532,2666 2900,2654 3268,2644 3636,2636 4004,2630 4372,2625 4741,2622 5109,2621 5477,2621 5845,2622 6213,2625 6581,2630 6949,2636 7317,2642 7685,2650 8053,2659 8422,2669"/>
                <TextEquiv>
                    <Unicode>nimiis aut intollerabilibus pregravemur, facere teneantur. In quorum omnium testimonium presentes litteras fieri et sigilli nostri munimine iussimus communiri. Datum et actum Wratizlavie anno Domini millesimo trecentesimo vicesimo nono VI idus Maii.</Unicode>
                </TextEquiv>
            </TextLine>
            <TextLine id="r1l28" custom="readingOrder {index:26;} person {offset:41; length:54;} place {offset:56; length:6;} place {offset:66; length:8;} place {offset:85; length:10;}">
                <Coords points="868,2833 1403,2816 1774,2799 2145,2785 2516,2771 2887,2759 3258,2749 3629,2740 4000,2732 4371,2726 4743,2722 5114,2719 5485,2717 5856,2718 6227,2720 6598,2724 6969,2730 7340,2737 7711,2746 8082,2757 8454,2770 8454,2713 8082,2700 7711,2689 7340,2680 6969,2673 6598,2667 6227,2663 5856,2661 5485,2660 5114,2662 4743,2665 4371,2669 4000,2675 3629,2683 3258,2692 2887,2702 2516,2714 2145,2728 1774,2742 1403,2759 868,2776"/>
                <Baseline points="1032,2814 1403,2797 1774,2780 2145,2766 2516,2752 2887,2740 3258,2730 3629,2721 4000,2713 4371,2707 4743,2703 5114,2700 5485,2698 5856,2699 6227,2701 6598,2705 6969,2711 7340,2718 7711,2727 8082,2738 8454,2751"/>
                <TextEquiv>
                    <Unicode>Similem eciam litteram vidimus illustris Henrici, ducis Slesie et Glogovie et domini Saganensis, deverbo ad verbum sunt presentem sonantem eosdemque colligationes et prescriptionem in se continentem, quam hic propter similitudinem prioris littere</Unicode>
                </TextEquiv>
            </TextLine>
            <TextLine id="r1l29" custom="readingOrder {index:27;} place {offset:40; length:11;}">
                <Coords points="958,2917 1332,2902 1707,2887 2082,2873 2457,2860 2832,2848 3206,2836 3581,2826 3956,2817 4331,2810 4706,2804 5080,2799 5455,2797 5830,2796 6205,2797 6580,2801 6954,2807 7329,2815 7704,2825 8079,2838 8454,2854 8454,2796 8079,2780 7704,2767 7329,2757 6954,2749 6580,2743 6205,2739 5830,2738 5455,2739 5080,2741 4706,2746 4331,2752 3956,2759 3581,2768 3206,2778 2832,2790 2457,2802 2082,2815 1707,2829 1332,2844 958,2859"/>
                <Baseline points="958,2898 1332,2883 1707,2868 2082,2854 2457,2841 2832,2829 3206,2817 3581,2807 3956,2798 4331,2791 4706,2785 5080,2780 5455,2778 5830,2777 6205,2778 6580,2782 6954,2788 7329,2796 7704,2806 8079,2819 8454,2835"/>
                <TextEquiv>
                    <Unicode>non decuimus inserendam, cuius data est Wratislavie anno Domini millesimo trecentesimo XXVIIII feria tercia post dominicam misericordia domini realiter consignata. In cuius rei testimonium atque robur presentes nostras litteras ac inscriptiones</Unicode>
                </TextEquiv>
            </TextLine>
            <TextLine id="r1l30" custom="readingOrder {index:28;} place {offset:64; length:6;} date {offset:71; length:160;year:0; day:0; month:0;} place {offset:169; length:8;} place {offset:213; length:7;}">
                <Coords points="958,3012 1341,2995 1725,2979 2108,2964 2492,2949 2875,2936 3259,2923 3642,2912 4026,2902 4409,2894 4793,2887 5176,2882 5560,2879 5943,2878 6327,2879 6710,2883 7094,2889 7477,2897 7861,2909 8244,2922 8628,2940 8628,2882 8244,2864 7861,2851 7477,2839 7094,2831 6710,2825 6327,2821 5943,2820 5560,2821 5176,2824 4793,2829 4409,2836 4026,2844 3642,2854 3259,2865 2875,2878 2492,2891 2108,2906 1725,2921 1341,2937 958,2954"/>
                <Baseline points="958,2993 1341,2976 1725,2960 2108,2945 2492,2930 2875,2917 3259,2904 3642,2893 4026,2883 4409,2875 4793,2868 5176,2863 5560,2860 5943,2859 6327,2860 6710,2864 7094,2870 7477,2878 7861,2890 8244,2903 8628,2921"/>
                <TextEquiv>
                    <Unicode>sigillorum nostrorum appensione fecimus firmius roboravi. Datum Wyenne anno Domini millesimo quadringentesimo vicesimosexto vicesima die marcii, regnorum nostrorum anno Hungarie et cetera XXXVIIII, romanorum XVI, Bohemie vero sexto.</Unicode>
                </TextEquiv>
            </TextLine>
            <TextEquiv>
                <Unicode>Nos Sigismundus, Dei gracia romanorum rex, semper augustus ac Hungarie, Bohemie, Dalmacie, Croacie et cetera rex, et Albertus, eadem gracia dux Austrie, Styrie, Karinthie et cetera et marchio Moravie, notum facimus tenore presencium universis, quod nos nuper vidimus et
auscultari ac legi fecimus certas litteras illustris principis Conradi, ducis Slesie et Glogovie et domini in Olsna, sanas et integras non abrasas seu cautellatas omnique vicio et suspicione carentes sigillisque veris non fictis firmius communitas, quas ad presentes
nostras litteras atque scripta inseri et transcribi fecimus ut eis aquocumque homine fides infallibilis atque firma adhibeatur, quarum quidem litterarum tenor peromnia sequitur et est talis: In nomine domini amen. Noverint universi tam presentes, quam posterii noticiam
presentium aut copiam habituri, quod quia nos Conradus, Dei gracia dux Slesie et Glogovie et dominus in Olsna, ob specialis amoris affectum, quem erga mafnifici principis domini Johannis, Bohemie et Polonie regis ac comitis Lucemburgensis, domini nostri karissimi,
gerimus, testitudinem habito nobiscum amicis quoque ac fidelibus nostris consilio diligenti et deliberacione matura accedentibus etiam favore et consensu eorundem expressis ad subscripta bonum in hoc nostrum principaliter consequenter autem fidelium terrarum,
civitatum, hominum et bonorum nostrorum omnium infrascriptorum comodum statumque in antea pacificum perpendentes princeps et vassallus suus heredum, successorum suorum Bohemie regnum et ipsius regni Bohemie imperpetuum fieri et fore decrevimus, omnia et singula
bona nostra subeisdem libertatibus et iuribus, quibus apredecessoribus nostris ad nos pervenisse noscuntur, omnesque terras nostras, quas ad presens possidemus vel possidebimus quacumque tytulo in futuro tam circa, quam ultra flumina, qui Odora dicitur, cum
civitatibus Wartenberch, Oslna, Mylisch, Trebenicz, Trachenburch, Walow, Lubest, Wunck, Herrenstat et castris eis adiacentibus cum aliis Ploczk, videliczet Prusnitz, Sandewal cum omnibus suis appendiis dominiis, opidis, villis allodiis,
 feudis, feudalibus nobilibus et plebeiis, iuribus, redditibus, proventibus et utilitatibus earundem, quocumque vocentur nomine vel inquibuscumque consistant, nostro heredum et successorum nostrorum, Slesie et Glagovie ducum et dominorum Olsnensium, nomine in regis
ipsius manibus sponte et libere resignates ab eo in feudum recepimus perpetuum factoque sibi per nos fidelitatis debito humagio prestito corporali nichilominus iuramento ipsi regi heredibus et succesoribus suis predictis, tamquam veris dominis nostris
velut princeps et vasallus eorum ac regni Bohemie antedicti parere deinceps promisimus et intendere in eisdem et contra quemlibet principem et hominem ipsos pro viribus fideliter ad iuvare reservata nobis edificandi ac instaurandi municiones
novas in terris et bonis nostris premissis et destruendi veteres, ubicumque et quantumque nobis videbitur, pro nostro terrarum predictarum et hominum nostrorum comodo expedire libera facultate volentes et firmiter statuentes, ut si forte nos heredes aut suc¬
cessores nostri sublati demedio fuerimus heredibus legitimis et presertim masculis non relictis, extunc iam dicta bona nostra terre civitates et opida cum omnibus suis pertinenciiis, ut predicitur, ad fratres nostros, principes illustres dominum Henricum,
videlicet ducem Slesie et Glogovie Saganensemque dominum, ac dominum Johannem, ducem Slesie et Glogovie ac dominum Stynavie, heredesque suos masculos, dum taxat si quos reliquerit, si autem nullos post se masculos legitimas reliquerint,
ad regnum Bohemie supradictum libere et hereditarie debeant pertinere, hoc tamen adiciendum duximus nominatim, quod si nos ipsi heredes vel successores nostri prefati cum clericis, civibus, rusticis vel iudeis nostris aliquid cause questionis aut
iudicii instrauraverimus, dehiis et huiusmodi rex, heredes et successores sui predicta nobis heredibus vel successoribus nostris superstitibus intromittere se non debeant modo quovis, si vero nobiles vel fideles terrarum nostrarum suprascriptarum debitam
per nos heredes vel successores nostros de suis questionibus aut causis nobis motis, dequibus iuxta litterarum regalium datarum nobis continentiam secundum fidelium nostrorum sentenciam et dictamen subire tenemur, et facere iudicium assequi non possint
iusticiam, regem, heredes et successores suos prenatatos adire poterunt libere querelas ipsorum proponere et defectus, nosque, heredes et successores nostri predicti citati ibidem coram rege videlicet et successoribus et heredibus suis, Bohemie regibus, ubicumque
Bohemie fuerint aut Polonie, coram altero vero principe per eos adhoc iudice deputato sisti tenebimur in terra Wratislaviensi, dum taxat iuditio facere et subire denobis, heredibus vel successoribus nostris conquerentibus, quibuslibet iusticie
complementum illud etiam specifice duximus exprimendum, quod si fortasse nos heredes vel successores nostros grauatos inopia debitis aut alia causa rationabili aliquam territorii et dominii aliquanti de nostris vendere vel obligare continget, municionem
principi nobis equali aut alteri regno Bohemie competenti vel etiam territorium non habentem fideli vel vasallo nostro, extunc municionem eandem sine territorium habeat et dominium sine non vendendam aut obligandam ipsis regi
et heredibus et successoribus suis Bohemie regibus exhibere preceteris debeamus, qui si ipsam emere vel recipere inpignore noluerint, princeps ipse municionem predictam territorium habentem, videlicet emens aut pignore tenens, in feudum ipsam
recipere tenebitur ab eisdem, ipsisque tamquam veris suis dominis servire, parere et intendere de eadem, alter vero non princeps emens vel pugnore tenens municionem nostram territorium aut dominium, ut predicitur, non habentem a nobis, heredibus
et successoribus nostris eam in feudum recipiet hoc adiecto, quod rex, heredes aut successores sui antedicti municiones supradictas pro summa eadem, in qua obligate fuerint vel vendite, redimere valeant, quando velint, illud etiam preterire
volumus, quod si rex, heredes aut successores sui antedicti nos, heredes vel successores nostros in adiutorium sibi per nos prestandum ad partes alienas extra Bohemia aut Polonia euocaverint convenienciam nobis debitam, ne queviciis
nimiis aut intollerabilibus pregravemur, facere teneantur. In quorum omnium testimonium presentes litteras fieri et sigilli nostri munimine iussimus communiri. Datum et actum Wratizlavie anno Domini millesimo trecentesimo vicesimo nono VI idus Maii.
Similem eciam litteram vidimus illustris Henrici, ducis Slesie et Glogovie et domini Saganensis, deverbo ad verbum sunt presentem sonantem eosdemque colligationes et prescriptionem in se continentem, quam hic propter similitudinem prioris littere
non decuimus inserendam, cuius data est Wratislavie anno Domini millesimo trecentesimo XXVIIII feria tercia post dominicam misericordia domini realiter consignata. In cuius rei testimonium atque robur presentes nostras litteras ac inscriptiones
sigillorum nostrorum appensione fecimus firmius roboravi. Datum Wyenne anno Domini millesimo quadringentesimo vicesimosexto vicesima die marcii, regnorum nostrorum anno Hungarie et cetera XXXVIIII, romanorum XVI, Bohemie vero sexto.</Unicode>
            </TextEquiv>
        </TextRegion>
        <TextRegion id="region_1573562444737_162" custom="readingOrder {index:1;}">
            <Coords points="7428,2965 8348,2965 8348,3325 7428,3325"/>
            <TextLine id="line_1573562449229_165" custom="readingOrder {index:0;}">
                <Coords points="7442,2950 7795,2957 8116,2956 8311,3094 8253,3150 8034,3148 7802,3148 7514,3150"/>
                <Baseline points="7514,3145 7802,3143 8034,3143 8253,3145"/>
                <TextEquiv>
                    <Unicode>Ad mandatum domini regis</Unicode>
                </TextEquiv>
            </TextLine>
            <TextLine id="line_1573562452797_170" custom="readingOrder {index:1;} person {offset:0; length:34;} place {offset:20; length:14;}">
                <Coords points="7558,3160 7859,3151 8132,3162 8260,3157 8258,3235 8143,3235 7852,3237 7571,3240"/>
                <Baseline points="7571,3235 7852,3232 8143,3230 8258,3230"/>
                <TextEquiv>
                    <Unicode>Michael, prepositus Boleslaviensis.</Unicode>
                </TextEquiv>
            </TextLine>
            <TextEquiv>
                <Unicode>Ad mandatum domini regis
Michael, prepositus Boleslaviensis.</Unicode>
            </TextEquiv>
        </TextRegion>
    </Page>
</PcGts>
