<?xml version="1.0" encoding="UTF-8" standalone="yes"?>
<PcGts xmlns="http://schema.primaresearch.org/PAGE/gts/pagecontent/2013-07-15" xmlns:xsi="http://www.w3.org/2001/XMLSchema-instance" xsi:schemaLocation="http://schema.primaresearch.org/PAGE/gts/pagecontent/2013-07-15 http://schema.primaresearch.org/PAGE/gts/pagecontent/2013-07-15/pagecontent.xsd">
    <Metadata>
        <Creator>TRP</Creator>
        <Created>2019-06-05T14:33:46.465+02:00</Created>
        <LastChange>2019-06-05T14:33:46.465+02:00</LastChange>
        <TranskribusMetadata docId="169942" pageId="6426632" pageNr="2" tsid="10832234" status="NEW" userId="36516" imgUrl="https://files.transkribus.eu/Get?id=MERUCLHQDHKGLEBKBWGXVTHD&amp;fileType=view" xmlUrl="https://files.transkribus.eu/Get?id=LQAFLZXWOMZFOPZRLLXHPORQ" imageId="3818718"/>
    </Metadata>
    <Page imageFilename="NA-ACK_14140304_01454_v.jpg" imageWidth="6577" imageHeight="4622"/>
</PcGts>
