<?xml version="1.0" encoding="UTF-8" standalone="yes"?>
<PcGts xmlns="http://schema.primaresearch.org/PAGE/gts/pagecontent/2013-07-15" xmlns:xsi="http://www.w3.org/2001/XMLSchema-instance" xsi:schemaLocation="http://schema.primaresearch.org/PAGE/gts/pagecontent/2013-07-15 http://schema.primaresearch.org/PAGE/gts/pagecontent/2013-07-15/pagecontent.xsd">
    <Metadata>
        <Creator>TRP</Creator>
        <Created>2019-06-21T08:55:04.931+02:00</Created>
        <LastChange>2019-10-29T15:08:46.944+01:00</LastChange>
        <TranskribusMetadata docId="180172" pageId="7034232" pageNr="1" tsid="18051200" status="IN_PROGRESS" userId="40502" imgUrl="https://files.transkribus.eu/Get?id=CAWDZWCONRVNYCRJIWDCYJJI&amp;fileType=view" xmlUrl="https://files.transkribus.eu/Get?id=MPPNKFTGDSBJKLKMAFMCVPOH" imageId="4356414"/>
    </Metadata>
    <Page imageFilename="NA-ACK_13510525_00364_r.jpg" imageWidth="9135" imageHeight="5298">
        <ReadingOrder>
            <OrderedGroup id="ro_1575392145749" caption="Regions reading order">
                <RegionRefIndexed index="0" regionRef="region_1562576698616_113"/>
            </OrderedGroup>
        </ReadingOrder>
        <TextRegion id="region_1562576698616_113" custom="readingOrder {index:0;}">
            <Coords points="6689,3003 885,3003 885,384 6689,384"/>
            <TextLine id="line_1562576924462_164" custom="readingOrder {index:0;} person {offset:4; length:8;} person {offset:17; length:38;} place {offset:45; length:10;} person {offset:120; length:45;} place {offset:130; length:11;} place {offset:156; length:9;}">
                <Coords points="6602,699 928,699 928,424 6602,424"/>
                <TextEquiv>
                    <Unicode>Wir Eberhart und Ulrich gebrüder, graven von Wirtenberg, verjehen offenlich an disem brief, das die ersamen herren, her Johan von Liehtenberg tümprobest zu Strazburg, her</Unicode>
                </TextEquiv>
            </TextLine>
            <TextLine id="line_1562576961764_167" custom="readingOrder {index:1;} person {offset:0; length:52;} place {offset:47; length:5;} person {offset:58; length:27;} place {offset:80; length:5;} person {offset:90; length:19;}">
                <Coords points="936,692 6610,692 6610,815 936,815"/>
                <TextEquiv>
                    <Unicode>Jesco probest zu Allen heyligen uf der pürg ze Prage, her Jöhel Jacob burger ze Prage und Paul camerschreiber, von wegen des aller durchlühtigen unsers gnedigen</Unicode>
                </TextEquiv>
            </TextLine>
            <TextLine id="line_1562576988986_173" custom="readingOrder {index:2;} person {offset:16; length:43;} place {offset:53; length:6;} person {offset:74; length:18;} place {offset:85; length:7;} person {offset:112; length:23;}">
                <Coords points="6626,904 937,904 937,810 6626,810"/>
                <TextEquiv>
                    <Unicode> herren, herren Karls romischen künigs und künigs ze Beheim, uf ein seit, Eglolf von Friberg, unser diener, und Ulrich, unser schreiber, von unsern wegen uf die andern</Unicode>
                </TextEquiv>
            </TextLine>
            <TextLine id="line_1562576994576_176" custom="readingOrder {index:3;}">
                <Coords points="937,904 6612,904 6612,1008 937,1008"/>
                <TextEquiv>
                    <Unicode> seit bis uf disen hiutigen tage, als dirre brief geben ist, gerechent haben, und mit rechter rechenung erfunden und uzgetragen haben, das die zwelf tusent mark</Unicode>
                </TextEquiv>
            </TextLine>
            <TextLine id="line_1562576998967_179" custom="readingOrder {index:4;}">
                <Coords points="937,1013 6646,1013 6646,1102 937,1102"/>
                <TextEquiv>
                    <Unicode> silbers, da wir des vorgenanten unsers herren, des romischen künigs brief über haben, von den ersten tedingen, die er mit uns hette, und die sechs tusent guldin</Unicode>
                </TextEquiv>
            </TextLine>
            <TextLine id="line_1562577007533_182" custom="readingOrder {index:5;} place {offset:31; length:6;}">
                <Coords points="1121,1102 6641,1102 6641,1211 1121,1211"/>
                <TextEquiv>
                    <Unicode> von der stiuwer der stette in Swaben, die er uns bescheiden het und dar nach die stet ledig liez und über sich nam, von dem selben unserm herren dem römischen</Unicode>
                </TextEquiv>
            </TextLine>
            <TextLine id="line_1562577011882_185" custom="readingOrder {index:6;} place {offset:131; length:9;}">
                <Coords points="1126,1206 6617,1206 6617,1320 1126,1320"/>
                <TextEquiv>
                    <Unicode> künig uns gar und genczlich bezalt und verrihtet sint bis uf fünfzehen tusent driu hundert fünf und niuntzig güter guldin, die ze Nürenberg genge und</Unicode>
                </TextEquiv>
            </TextLine>
            <TextLine id="line_1562577016604_188" custom="readingOrder {index:7;}">
                <Coords points="1140,1325 6626,1325 6626,1419 1140,1419"/>
                <TextEquiv>
                    <Unicode> gebe sint, die der vorgenant unser herre der römisch künig uns noch sehuldig beleibt. Und dar umbe haben wir den selben unsern heren den künig aller der vorge</Unicode>
                </TextEquiv>
            </TextLine>
            <TextLine id="line_1562577022344_191" custom="readingOrder {index:8;}">
                <Coords points="1135,1424 6621,1424 6621,1533 1135,1533"/>
                <TextEquiv>
                    <Unicode>schribenn summen geltes bis uf fünfzehen tusent driu hundert und fünf und niuntzig guldein quit, ledig und lose gesagt und sagenn ouch ledig und los</Unicode>
                </TextEquiv>
            </TextLine>
            <TextLine id="line_1562577029607_194" custom="readingOrder {index:9;}">
                <Coords points="1140,1528 6626,1528 6626,1632 1140,1632"/>
                <TextEquiv>
                    <Unicode>mit disem brief. Wan ouch der vorgenant unser herre der künig der selben fünfzehen tusent driu hundert und fünf und niuntzig guldin uns versichern und</Unicode>
                </TextEquiv>
            </TextLine>
            <TextLine id="line_1562577035385_197" custom="readingOrder {index:10;}">
                <Coords points="1145,1637 6612,1637 6612,1741 1145,1741"/>
                <TextEquiv>
                    <Unicode>gewiz machen wil, als das sinen küniclichen gnaden wol an zimpt, so hat er uns die selben summen geltes bewiset und bescheiden uf siner urbor und münsze</Unicode>
                </TextEquiv>
            </TextLine>
            <TextLine id="line_1562577059083_204" custom="readingOrder {index:11;} place {offset:8; length:7;}">
                <Coords points="1140,1751 6617,1751 6617,1855 1140,1855"/>
                <TextEquiv>
                    <Unicode> zu den Chutten also bescheidenlich, das wir oder unser botten von unsern wegen, an dem nehsten montag nach dem obrosten tage, der nu schierst kumpt, an ze heben,</Unicode>
                </TextEquiv>
            </TextLine>
            <TextLine id="line_1562577063980_207" custom="readingOrder {index:12;}">
                <Coords points="1140,1870 6617,1870 6617,1969 1140,1969"/>
                <TextEquiv>
                    <Unicode>alle wochen drizzig pergmark, für ie die mark sechs und fünftzig grosse ze rechenn, ufheben und innemen süllen ane alle hindernüzze, gebrechen und fürzog ab</Unicode>
                </TextEquiv>
            </TextLine>
            <TextLine id="line_1562577069312_210" custom="readingOrder {index:13;}">
                <Coords points="1135,1979 6621,1979 6621,2068 1135,2068"/>
                <TextEquiv>
                    <Unicode> ze slahen als lange, das uns die vorgenanten fünfzehen tusent driu hundert and fünf und niuntzig guldein und dar zu ze ie der wochen ein pergmark zu</Unicode>
                </TextEquiv>
            </TextLine>
            <TextLine id="line_1562577075977_213" custom="readingOrder {index:14;}">
                <Coords points="1140,2078 6612,2078 6612,2197 1140,2197"/>
                <TextEquiv>
                    <Unicode> kostgelt gar und genczlich verriht und bezalt werdent. Were ouch, das uns an der selben bewisunge und bescheidung der egenanten drizzig mark wochenlichen dehein </Unicode>
                </TextEquiv>
            </TextLine>
            <TextLine id="line_1562577081723_216" custom="readingOrder {index:15;}">
                <Coords points="1135,2202 6612,2202 6612,2311 1135,2311"/>
                <TextEquiv>
                    <Unicode>hindernüzze oder bruch geschehe, von welhen sachen das were, so mügen wir den obgenanten unsern herren mit unsern alten briefen manen umb den selben bruch,</Unicode>
                </TextEquiv>
            </TextLine>
            <TextLine id="line_1562577086435_219" custom="readingOrder {index:16;}">
                <Coords points="1145,2321 6617,2321 6617,2440 1145,2440"/>
                <TextEquiv>
                    <Unicode>der uns denn geschehe, und sol er uns nach der manung dar umbe leisten nach der selben unserre alten brief sage als lange, bis er uns den selben bruch umb alle</Unicode>
                </TextEquiv>
            </TextLine>
            <TextLine id="line_1562577091822_222" custom="readingOrder {index:17;}">
                <Coords points="1145,2455 6636,2455 6636,2564 1145,2564"/>
                <TextEquiv>
                    <Unicode>wochen, die uns ze hindernüzze versumet weren, mit sampt dem wider angendem gelt genczlich erfüllet und ufgerihtet. Und des ze urkünde ist dirre brief besigelt</Unicode>
                </TextEquiv>
            </TextLine>
            <TextLine id="line_1562577096527_225" custom="readingOrder {index:18;} person {offset:11; length:13;} person {offset:48; length:14;} person {offset:124; length:18;} place {offset:135; length:7;} person {offset:147; length:14; continued:true;}">
                <Coords points="1155,2574 6592,2574 6592,2678 1155,2678"/>
                <TextEquiv>
                    <Unicode>mit unserm grave Ulrichs insigel, under dem wir grave Eberhart der vorgenant uns bekennen der vorgeschribenn dinge, und mit Eglolf von Friberg und Ulrichs unsers</Unicode>
                </TextEquiv>
            </TextLine>
            <TextLine id="line_1562577101256_228" custom="readingOrder {index:19;} person {offset:0; length:11; continued:true;} place {offset:140; length:6;} date {offset:146; length:19; continued:true;year:0; day:0; month:0;}">
                <Coords points="1160,2688 6572,2688 6572,2807 1160,2807"/>
                <TextEquiv>
                    <Unicode> schreibers, der vorgenanten, insigeln, die si ze einer geziugnüzze der vorgeschribenn dinge gehenket hant an disen brief, der geben ist ze Prage an dem Uffart abent,</Unicode>
                </TextEquiv>
            </TextLine>
            <TextLine id="line_1562577109530_231" custom="readingOrder {index:20;} date {offset:0; length:89; continued:true;year:0; day:0; month:0;}">
                <Coords points="1155,2807 4813,2807 4813,3000 1155,3000"/>
                <TextEquiv>
                    <Unicode>do man zalt von gotes geburt driuzehen hundert jare und in dem ein und fünftzigesten jare.</Unicode>
                </TextEquiv>
            </TextLine>
            <TextEquiv>
                <Unicode>Wir Eberhart und Ulrich gebrüder, graven von Wirtenberg, verjehen offenlich an disem brief, das die ersamen herren, her Johan von Liehtenberg tümprobest zu Strazburg, her
Jesco probest zu Allen heyligen uf der pürg ze Prage, her Jöhel Jacob burger ze Prage und Paul camerschreiber, von wegen des aller durchlühtigen unsers gnedigen
 herren, herren Karls romischen künigs und künigs ze Beheim, uf ein seit, Eglolf von Friberg, unser diener, und Ulrich, unser schreiber, von unsern wegen uf die andern
 seit bis uf disen hiutigen tage, als dirre brief geben ist, gerechent haben, und mit rechter rechenung erfunden und uzgetragen haben, das die zwelf tusent mark
 silbers, da wir des vorgenanten unsers herren, des romischen künigs brief über haben, von den ersten tedingen, die er mit uns hette, und die sechs tusent guldin
 von der stiuwer der stette in Swaben, die er uns bescheiden het und dar nach die stet ledig liez und über sich nam, von dem selben unserm herren dem römischen
 künig uns gar und genczlich bezalt und verrihtet sint bis uf fünfzehen tusent driu hundert fünf und niuntzig güter guldin, die ze Nürenberg genge und
 gebe sint, die der vorgenant unser herre der römisch künig uns noch sehuldig beleibt. Und dar umbe haben wir den selben unsern heren den künig aller der vorge
schribenn summen geltes bis uf fünfzehen tusent driu hundert und fünf und niuntzig guldein quit, ledig und lose gesagt und sagenn ouch ledig und los
mit disem brief. Wan ouch der vorgenant unser herre der künig der selben fünfzehen tusent driu hundert und fünf und niuntzig guldin uns versichern und
gewiz machen wil, als das sinen küniclichen gnaden wol an zimpt, so hat er uns die selben summen geltes bewiset und bescheiden uf siner urbor und münsze
 zu den Chutten also bescheidenlich, das wir oder unser botten von unsern wegen, an dem nehsten montag nach dem obrosten tage, der nu schierst kumpt, an ze heben,
alle wochen drizzig pergmark, für ie die mark sechs und fünftzig grosse ze rechenn, ufheben und innemen süllen ane alle hindernüzze, gebrechen und fürzog ab
 ze slahen als lange, das uns die vorgenanten fünfzehen tusent driu hundert and fünf und niuntzig guldein und dar zu ze ie der wochen ein pergmark zu
 kostgelt gar und genczlich verriht und bezalt werdent. Were ouch, das uns an der selben bewisunge und bescheidung der egenanten drizzig mark wochenlichen dehein 
hindernüzze oder bruch geschehe, von welhen sachen das were, so mügen wir den obgenanten unsern herren mit unsern alten briefen manen umb den selben bruch,
der uns denn geschehe, und sol er uns nach der manung dar umbe leisten nach der selben unserre alten brief sage als lange, bis er uns den selben bruch umb alle
wochen, die uns ze hindernüzze versumet weren, mit sampt dem wider angendem gelt genczlich erfüllet und ufgerihtet. Und des ze urkünde ist dirre brief besigelt
mit unserm grave Ulrichs insigel, under dem wir grave Eberhart der vorgenant uns bekennen der vorgeschribenn dinge, und mit Eglolf von Friberg und Ulrichs unsers
 schreibers, der vorgenanten, insigeln, die si ze einer geziugnüzze der vorgeschribenn dinge gehenket hant an disen brief, der geben ist ze Prage an dem Uffart abent,
do man zalt von gotes geburt driuzehen hundert jare und in dem ein und fünftzigesten jare.</Unicode>
            </TextEquiv>
        </TextRegion>
    </Page>
</PcGts>
