<?xml version="1.0" encoding="UTF-8" standalone="yes"?>
<trpDocMetadata>
    <docId>199552</docId>
    <title>CGL_181_I</title>
    <uploadTimestamp>1566471804414</uploadTimestamp>
    <uploader>sharlota190@centrum.cz</uploader>
    <uploaderId>41646</uploaderId>
    <nrOfPages>1</nrOfPages>
    <pageId>8317441</pageId>
    <url>https://files.transkribus.eu/Get?id=YMBTXFNCVKUIVAPOEWGXMLTN&amp;fileType=view</url>
    <thumbUrl>https://files.transkribus.eu/Get?id=YMBTXFNCVKUIVAPOEWGXMLTN&amp;fileType=thumb</thumbUrl>
    <externalId>NA</externalId>
    <authority>NA</authority>
    <status>0</status>
    <fimgStoreColl>TrpDoc_DEA_199552</fimgStoreColl>
    <origDocId>0</origDocId>
    <collectionList>
        <colList>
            <colId>44924</colId>
            <colName>NACR - Czech charters</colName>
            <description>created by katerina.zenklova@nacr.cz</description>
            <crowdsourcing>false</crowdsourcing>
            <elearning>false</elearning>
            <nrOfDocuments>0</nrOfDocuments>
        </colList>
    </collectionList>
</trpDocMetadata>
