<?xml version="1.0" encoding="UTF-8" standalone="yes"?>
<PcGts xmlns="http://schema.primaresearch.org/PAGE/gts/pagecontent/2013-07-15" xmlns:xsi="http://www.w3.org/2001/XMLSchema-instance" xsi:schemaLocation="http://schema.primaresearch.org/PAGE/gts/pagecontent/2013-07-15 http://schema.primaresearch.org/PAGE/gts/pagecontent/2013-07-15/pagecontent.xsd">
    <Metadata>
        <Creator>TRP</Creator>
        <Created>2019-06-05T14:22:36.215+02:00</Created>
        <LastChange>2019-06-05T14:22:36.215+02:00</LastChange>
        <TranskribusMetadata docId="169915" pageId="6426565" pageNr="2" tsid="10831914" status="NEW" userId="36516" imgUrl="https://files.transkribus.eu/Get?id=OERVJXVXDYRVYOUAPOTMOOUA&amp;fileType=view" xmlUrl="https://files.transkribus.eu/Get?id=KFPLDKKGLLAXNZIOZYGUEDAY" imageId="3818659"/>
    </Metadata>
    <Page imageFilename="NA-ACK_13960606_01317_v.jpg" imageWidth="5243" imageHeight="4604"/>
</PcGts>
