<?xml version="1.0" encoding="UTF-8" standalone="yes"?>
<PcGts xmlns="http://schema.primaresearch.org/PAGE/gts/pagecontent/2013-07-15" xmlns:xsi="http://www.w3.org/2001/XMLSchema-instance" xsi:schemaLocation="http://schema.primaresearch.org/PAGE/gts/pagecontent/2013-07-15 http://schema.primaresearch.org/PAGE/gts/pagecontent/2013-07-15/pagecontent.xsd">
    <Metadata>
        <Creator>TRP</Creator>
        <Created>2019-06-05T14:33:26.821+02:00</Created>
        <LastChange>2019-06-05T14:33:26.821+02:00</LastChange>
        <TranskribusMetadata docId="169941" pageId="6426629" pageNr="2" tsid="10832223" status="NEW" userId="36516" imgUrl="https://files.transkribus.eu/Get?id=DZHBBHMOPBUHNHFNRQZPYTNR&amp;fileType=view" xmlUrl="https://files.transkribus.eu/Get?id=LJAKQMXCCBDZYPLGLTVLBYAV" imageId="3818715"/>
    </Metadata>
    <Page imageFilename="NA-ACK_14121125_01448_v.jpg" imageWidth="6561" imageHeight="3857"/>
</PcGts>
