<?xml version="1.0" encoding="UTF-8" standalone="yes"?>
<PcGts xmlns="http://schema.primaresearch.org/PAGE/gts/pagecontent/2013-07-15" xmlns:xsi="http://www.w3.org/2001/XMLSchema-instance" xsi:schemaLocation="http://schema.primaresearch.org/PAGE/gts/pagecontent/2013-07-15 http://schema.primaresearch.org/PAGE/gts/pagecontent/2013-07-15/pagecontent.xsd">
    <Metadata>
        <Creator>TRP</Creator>
        <Created>2019-07-24T16:58:11.434+02:00</Created>
        <LastChange>2019-07-24T16:58:11.434+02:00</LastChange>
        <TranskribusMetadata docId="187533" pageId="7458525" pageNr="2" tsid="13102746" status="NEW" userId="36516" imgUrl="https://files.transkribus.eu/Get?id=KDPDPTDSJNEJOACVNZTDDXKB&amp;fileType=view" xmlUrl="https://files.transkribus.eu/Get?id=KJFYKDOTCAQFDNHBQQXYKXUX" imageId="4480945"/>
    </Metadata>
    <Page imageFilename="NA-ACK_13190116_00081_v.jpg" imageWidth="6600" imageHeight="4641"/>
</PcGts>
