<?xml version="1.0" encoding="UTF-8" standalone="yes"?>
<PcGts xmlns="http://schema.primaresearch.org/PAGE/gts/pagecontent/2013-07-15" xmlns:xsi="http://www.w3.org/2001/XMLSchema-instance" xsi:schemaLocation="http://schema.primaresearch.org/PAGE/gts/pagecontent/2013-07-15 http://schema.primaresearch.org/PAGE/gts/pagecontent/2013-07-15/pagecontent.xsd">
    <Metadata>
        <Creator>TRP</Creator>
        <Created>2019-08-05T17:17:00.094+02:00</Created>
        <LastChange>2019-08-05T17:17:00.094+02:00</LastChange>
        <TranskribusMetadata docId="191879" pageId="7593458" pageNr="2" tsid="13380971" status="NEW" userId="42230" imgUrl="https://files.transkribus.eu/Get?id=BZIMRXDJTDIJJRFRMKTQOGPX&amp;fileType=view" xmlUrl="https://files.transkribus.eu/Get?id=OVKELPNREGNYQIVJVVILCRJH" imageId="4590532"/>
    </Metadata>
    <Page imageFilename="s409.jpg" imageWidth="800" imageHeight="1067"/>
</PcGts>
