<?xml version="1.0" encoding="UTF-8" standalone="yes"?>
<PcGts xmlns="http://schema.primaresearch.org/PAGE/gts/pagecontent/2013-07-15" xmlns:xsi="http://www.w3.org/2001/XMLSchema-instance" xsi:schemaLocation="http://schema.primaresearch.org/PAGE/gts/pagecontent/2013-07-15 http://schema.primaresearch.org/PAGE/gts/pagecontent/2013-07-15/pagecontent.xsd">
    <Metadata>
        <Creator>TRP</Creator>
        <Created>2019-07-31T11:19:14.651+02:00</Created>
        <LastChange>2019-07-31T11:19:14.651+02:00</LastChange>
        <TranskribusMetadata docId="190118" pageId="7520299" pageNr="2" tsid="13237443" status="NEW" userId="40502" imgUrl="https://files.transkribus.eu/Get?id=NXZWDGVZJHXLQRISIXGNEQLP&amp;fileType=view" xmlUrl="https://files.transkribus.eu/Get?id=RFFLMBGRAQDYBNXZNQZCJKPY" imageId="4526874"/>
    </Metadata>
    <Page imageFilename="NA-ACK_13531105_00432_r.jpg" imageWidth="11458" imageHeight="6764"/>
</PcGts>
