<?xml version="1.0" encoding="UTF-8" standalone="yes"?>
<PcGts xmlns="http://schema.primaresearch.org/PAGE/gts/pagecontent/2013-07-15" xmlns:xsi="http://www.w3.org/2001/XMLSchema-instance" xsi:schemaLocation="http://schema.primaresearch.org/PAGE/gts/pagecontent/2013-07-15 http://schema.primaresearch.org/PAGE/gts/pagecontent/2013-07-15/pagecontent.xsd">
    <Metadata>
        <Creator>prov=University of Rostock/Institute of Mathematics/CITlab/Tobias Gruening/tobias.gruening@uni-rostock.de:name=/net_tf/LA73_249_0mod360.pb:de.uros.citlab.segmentation.CITlab_LA_ML:v=2.4.2
TRP</Creator>
        <Created>2019-09-17T16:32:40.655+02:00</Created>
        <LastChange>2019-11-12T17:40:46.486+01:00</LastChange>
        <TranskribusMetadata docId="212448" pageId="9115300" pageNr="1" tsid="19275911" status="IN_PROGRESS" userId="40502" imgUrl="https://files.transkribus.eu/Get?id=LTWEOMFANGGDYYUQTIVVSSDU&amp;fileType=view" xmlUrl="https://files.transkribus.eu/Get?id=RHCBCRIRNWPPAGBCLBSTTHWY" imageId="5891628"/>
    </Metadata>
    <Page imageFilename="NA-ACK_14611216_01686_r.jpg" imageWidth="5532" imageHeight="3217">
        <ReadingOrder>
            <OrderedGroup id="ro_1575392191772" caption="Regions reading order">
                <RegionRefIndexed index="0" regionRef="r1"/>
                <RegionRefIndexed index="1" regionRef="region_1573576805990_657"/>
            </OrderedGroup>
        </ReadingOrder>
        <TextRegion orientation="0.0" id="r1" custom="readingOrder {index:0;}">
            <Coords points="54,-10 45,2657 5437,2695 5419,21"/>
            <TextLine id="r1l1" custom="readingOrder {index:0;} person {offset:0; length:99;} place {offset:21; length:7;} place {offset:34; length:7;} place {offset:51; length:15;} place {offset:70; length:6;} place {offset:84; length:7;}">
                <Coords points="135,623 477,634 602,564 1262,579 1494,583 1726,586 1957,589 2189,591 2421,594 2652,595 2884,597 3116,598 3347,599 3579,600 3811,601 4042,601 4274,602 4506,602 4737,602 4969,602 5201,601 5185,298 4990,309 4719,298 4502,298 4263,276 4035,292 3824,271 3591,282 3336,282 3113,287 2918,276 2641,282 2430,265 2207,292 1963,271 1735,292 1372,276 1030,271 1030,27 569,32 146,37"/>
                <Baseline points="162,634 482,629 612,575 1262,558 1494,562 1726,565 1957,568 2189,570 2421,573 2652,574 2884,576 3116,577 3347,578 3579,579 3811,580 4042,580 4274,581 4506,581 4737,581 4969,581 5201,580"/>
                <TextEquiv>
                    <Unicode>Georgius, Dei gracia Bohemie rex, Moravie marchio, Luczemburgensis et Slesie dux ac Lusacie marchio, notumfacimus tenore presenci¬</Unicode>
                </TextEquiv>
            </TextLine>
            <TextLine id="r1l2" custom="readingOrder {index:1;} place {offset:57; length:5;}">
                <Coords points="540,659 767,665 994,670 1221,674 1449,679 1676,682 1903,685 2131,688 2358,690 2585,693 2813,694 3040,695 3267,697 3494,697 3722,698 3949,698 4176,699 4404,699 4631,699 4858,699 5086,698 5086,634 4858,635 4631,635 4404,635 4176,635 3949,634 3722,634 3494,633 3267,633 3040,631 2813,630 2585,629 2358,626 2131,624 1903,621 1676,618 1449,615 1221,610 994,606 767,601 540,595"/>
                <Baseline points="540,638 767,644 994,649 1221,653 1449,658 1676,661 1903,664 2131,667 2358,669 2585,672 2813,673 3040,674 3267,676 3494,676 3722,677 3949,677 4176,678 4404,678 4631,678 4858,678 5086,677"/>
                <TextEquiv>
                    <Unicode>um universis, quod proparte fidelium nostrorum arcuficum Prage comorancium fuit nobis humiliter supplicatum, quociens ipsis privilegia et litteras a serenissimis </Unicode>
                </TextEquiv>
            </TextLine>
            <TextLine id="r1l4" custom="readingOrder {index:2;} person {offset:0; length:6;} person {offset:10; length:26;} place {offset:21; length:7;} person {offset:141; length:17; continued:true;}">
                <Coords points="534,758 765,762 996,766 1228,769 1459,772 1691,774 1922,776 2153,778 2385,780 2616,781 2848,783 3079,784 3310,784 3542,785 3773,786 4005,786 4236,787 4467,787 4699,788 4930,788 5162,789 5162,725 4930,724 4699,724 4467,723 4236,723 4005,722 3773,722 3542,721 3310,720 3079,720 2848,719 2616,717 2385,716 2153,714 1922,712 1691,710 1459,708 1228,705 996,702 765,698 534,694"/>
                <Baseline points="534,737 765,741 996,745 1228,748 1459,751 1691,753 1922,755 2153,757 2385,759 2616,760 2848,762 3079,763 3310,763 3542,764 3773,765 4005,765 4236,766 4467,766 4699,767 4930,767 5162,768"/>
                <TextEquiv>
                    <Unicode>Karolo et Wenceslao, Bohemie regibus, predecessoribus nostris, super eorum habitationibus et libertatibus datas et concessa ac a serenissimo Segismundo, roma¬</Unicode>
                </TextEquiv>
            </TextLine>
            <TextLine id="r1l5" custom="readingOrder {index:3;} person {offset:0; length:16; continued:true;} person {offset:142; length:20; continued:true;} place {offset:154; length:7;}">
                <Coords points="544,847 773,852 1002,856 1231,860 1460,863 1689,865 1918,867 2147,869 2376,870 2605,870 2834,871 3063,871 3292,871 3521,871 3750,871 3979,871 4208,871 4437,871 4666,871 4895,871 5124,872 5124,811 4895,810 4666,810 4437,810 4208,810 3979,810 3750,810 3521,810 3292,810 3063,810 2834,810 2605,809 2376,809 2147,808 1918,806 1689,804 1460,802 1231,799 1002,795 773,791 544,786"/>
                <Baseline points="544,827 773,832 1002,836 1231,840 1460,843 1689,845 1918,847 2147,849 2376,850 2605,850 2834,851 3063,851 3292,851 3521,851 3750,851 3979,851 4208,851 4437,851 4666,851 4895,851 5124,852"/>
                <TextEquiv>
                    <Unicode>norum imperatore, predecessore nostro, confirmatas, quarum tenores translati de wulgari theutunico in latinum in dicta littera confirmacionis Sigismundi, Bohemie </Unicode>
                </TextEquiv>
            </TextLine>
            <TextLine id="r1l6" custom="readingOrder {index:4;} person {offset:0; length:5; continued:true;} person {offset:34; length:11;}">
                <Coords points="527,938 757,941 987,943 1217,946 1448,948 1678,950 1908,952 2139,954 2369,956 2599,957 2830,958 3060,959 3290,960 3520,961 3751,961 3981,961 4211,961 4442,960 4672,959 4902,958 5133,957 5133,894 4902,895 4672,896 4442,897 4211,898 3981,898 3751,898 3520,898 3290,897 3060,896 2830,895 2599,894 2369,893 2139,891 1908,889 1678,887 1448,885 1217,883 987,880 757,878 527,875"/>
                <Baseline points="527,917 757,920 987,922 1217,925 1448,927 1678,929 1908,931 2139,933 2369,935 2599,936 2830,937 3060,938 3290,939 3520,940 3751,940 3981,940 4211,940 4442,939 4672,938 4902,937 5133,936"/>
                <TextEquiv>
                    <Unicode>regis, que sequitur in hec verba: Sigismundus divina favente clemencia et cetera plene de verbo ad verbum sunt expressi approbare, innovare et confirmare dignaremur </Unicode>
                </TextEquiv>
            </TextLine>
            <TextLine id="r1l7" custom="readingOrder {index:5;}">
                <Coords points="539,1024 770,1028 1002,1032 1233,1036 1465,1039 1697,1041 1928,1043 2160,1044 2391,1045 2623,1046 2855,1046 3086,1046 3318,1046 3549,1046 3781,1046 4013,1046 4244,1046 4476,1045 4707,1045 4939,1045 5171,1046 5171,982 4939,981 4707,981 4476,981 4244,982 4013,982 3781,982 3549,982 3318,982 3086,982 2855,982 2623,982 2391,981 2160,980 1928,979 1697,977 1465,975 1233,972 1002,968 770,964 539,960"/>
                <Baseline points="539,1003 770,1007 1002,1011 1233,1015 1465,1018 1697,1020 1928,1022 2160,1023 2391,1024 2623,1025 2855,1025 3086,1025 3318,1025 3549,1025 3781,1025 4013,1025 4244,1025 4476,1024 4707,1024 4939,1024 5171,1025"/>
                <TextEquiv>
                    <Unicode>ac eciam ut eis aliquas gracias speciales donemus et adiungamus nos prefatorum arcuficum votis humilibus annuentes non per errorem aut improvide, sed </Unicode>
                </TextEquiv>
            </TextLine>
            <TextLine id="r1l8" custom="readingOrder {index:6;}">
                <Coords points="531,1122 763,1125 995,1128 1227,1131 1459,1133 1691,1135 1923,1136 2156,1137 2388,1138 2620,1139 2852,1139 3084,1139 3316,1139 3548,1139 3781,1138 4013,1138 4245,1138 4477,1137 4709,1137 4941,1137 5174,1137 5174,1073 4941,1073 4709,1073 4477,1073 4245,1074 4013,1074 3781,1074 3548,1075 3316,1075 3084,1075 2852,1075 2620,1075 2388,1074 2156,1073 1923,1072 1691,1071 1459,1069 1227,1067 995,1064 763,1061 531,1058"/>
                <Baseline points="531,1101 763,1104 995,1107 1227,1110 1459,1112 1691,1114 1923,1115 2156,1116 2388,1117 2620,1118 2852,1118 3084,1118 3316,1118 3548,1118 3781,1117 4013,1117 4245,1117 4477,1116 4709,1116 4941,1116 5174,1116"/>
                <TextEquiv>
                    <Unicode>decerta nostra sciencia sano fidelium nostrorum accedente consilio dictis arcuficibus et eorum successoribus prefatas litteras et privilegia super eorum habitacionibus et liber¬</Unicode>
                </TextEquiv>
            </TextLine>
            <TextLine id="r1l9" custom="readingOrder {index:7;} place {offset:20; length:7;}">
                <Coords points="547,1215 775,1219 1003,1222 1232,1225 1460,1227 1689,1228 1917,1229 2145,1230 2374,1230 2602,1230 2831,1229 3059,1229 3287,1228 3516,1227 3744,1226 3973,1226 4201,1225 4429,1225 4658,1225 4886,1226 5115,1227 5115,1166 4886,1165 4658,1164 4429,1164 4201,1164 3973,1165 3744,1165 3516,1166 3287,1167 3059,1168 2831,1168 2602,1169 2374,1169 2145,1169 1917,1168 1689,1167 1460,1166 1232,1164 1003,1161 775,1158 547,1154"/>
                <Baseline points="547,1195 775,1199 1003,1202 1232,1205 1460,1207 1689,1208 1917,1209 2145,1210 2374,1210 2602,1210 2831,1209 3059,1209 3287,1208 3516,1207 3744,1206 3973,1206 4201,1205 4429,1205 4658,1205 4886,1206 5115,1207"/>
                <TextEquiv>
                    <Unicode>tatibus a predictis Bohemie regibus datas et concessa cum omnibus in eis contentis et expressis punctis clausulis et articulis ac si de verbo ad verbum hic fierent ex¬</Unicode>
                </TextEquiv>
            </TextLine>
            <TextLine id="r1l10" custom="readingOrder {index:8;} place {offset:27; length:7;}">
                <Coords points="563,1309 790,1313 1018,1316 1246,1318 1474,1320 1702,1321 1929,1321 2157,1321 2385,1321 2613,1320 2841,1319 3068,1318 3296,1317 3524,1315 3752,1314 3980,1313 4207,1312 4435,1311 4663,1311 4891,1311 5119,1312 5119,1249 4891,1248 4663,1248 4435,1248 4207,1249 3980,1250 3752,1251 3524,1252 3296,1254 3068,1255 2841,1256 2613,1257 2385,1258 2157,1258 1929,1258 1702,1258 1474,1257 1246,1255 1018,1253 790,1250 563,1246"/>
                <Baseline points="563,1288 790,1292 1018,1295 1246,1297 1474,1299 1702,1300 1929,1300 2157,1300 2385,1300 2613,1299 2841,1298 3068,1297 3296,1296 3524,1294 3752,1293 3980,1292 4207,1291 4435,1290 4663,1290 4891,1290 5119,1291"/>
                <TextEquiv>
                    <Unicode>pressata auctoritate regia Bohemie approbamus, innovamus et confirmamus decernentes ea habere perpetuo inviolabile robur ceterum ut predictos arcufices ad </Unicode>
                </TextEquiv>
            </TextLine>
            <TextLine id="r1l11" custom="readingOrder {index:9;}">
                <Coords points="567,1404 797,1407 1027,1410 1258,1413 1488,1414 1718,1415 1949,1416 2179,1416 2409,1415 2640,1415 2870,1413 3100,1412 3331,1411 3561,1409 3791,1408 4022,1406 4252,1405 4482,1404 4713,1403 4943,1402 5174,1402 5174,1338 4943,1338 4713,1339 4482,1340 4252,1341 4022,1342 3791,1344 3561,1345 3331,1347 3100,1348 2870,1349 2640,1351 2409,1351 2179,1352 1949,1352 1718,1351 1488,1350 1258,1349 1027,1346 797,1343 567,1340"/>
                <Baseline points="567,1383 797,1386 1027,1389 1258,1392 1488,1393 1718,1394 1949,1395 2179,1395 2409,1394 2640,1394 2870,1392 3100,1391 3331,1390 3561,1388 3791,1387 4022,1385 4252,1384 4482,1383 4713,1382 4943,1381 5174,1381"/>
                <TextEquiv>
                    <Unicode>servicia nostra reddamus proniores, eis et eorum successoribus facimus et adiungimus graciam singularem ut scilicet inter nominatos arcufices quatuor seniores, qui sunt aut </Unicode>
                </TextEquiv>
            </TextLine>
            <TextLine id="r1l12" custom="readingOrder {index:10;}">
                <Coords points="580,1507 807,1510 1034,1512 1261,1513 1489,1514 1716,1515 1943,1514 2170,1514 2398,1513 2625,1512 2852,1510 3079,1508 3307,1506 3534,1504 3761,1502 3988,1500 4216,1497 4443,1495 4670,1493 4897,1491 5125,1489 5125,1425 4897,1427 4670,1429 4443,1431 4216,1433 3988,1436 3761,1438 3534,1440 3307,1442 3079,1444 2852,1446 2625,1448 2398,1449 2170,1450 1943,1450 1716,1451 1489,1450 1261,1449 1034,1448 807,1446 580,1443"/>
                <Baseline points="580,1486 807,1489 1034,1491 1261,1492 1489,1493 1716,1494 1943,1493 2170,1493 2398,1492 2625,1491 2852,1489 3079,1487 3307,1485 3534,1483 3761,1481 3988,1479 4216,1476 4443,1474 4670,1472 4897,1470 5125,1468"/>
                <TextEquiv>
                    <Unicode>fuerint deputati, ad se et ad alios sui artificii divites ac pauperes iusticie seriem prosequendi liberam habeant facultatem atque si quis horum deputatorum tempore quouis exhac </Unicode>
                </TextEquiv>
            </TextLine>
            <TextLine id="r1l13" custom="readingOrder {index:11;}">
                <Coords points="564,1611 792,1612 1021,1613 1250,1613 1479,1613 1708,1612 1936,1611 2165,1609 2394,1607 2623,1605 2852,1603 3080,1601 3309,1599 3538,1596 3767,1594 3996,1593 4224,1591 4453,1590 4682,1589 4911,1589 5140,1589 5140,1525 4911,1525 4682,1525 4453,1526 4224,1527 3996,1529 3767,1530 3538,1532 3309,1535 3080,1537 2852,1539 2623,1541 2394,1543 2165,1545 1936,1547 1708,1548 1479,1549 1250,1549 1021,1549 792,1548 564,1547"/>
                <Baseline points="564,1590 792,1591 1021,1592 1250,1592 1479,1592 1708,1591 1936,1590 2165,1588 2394,1586 2623,1584 2852,1582 3080,1580 3309,1578 3538,1575 3767,1573 3996,1572 4224,1570 4453,1569 4682,1568 4911,1568 5140,1568"/>
                <TextEquiv>
                    <Unicode>lice migraverit, ut ex tunc dicti arcufices seniores relicti in locum illius defuncti alterum valentem et dignum possint eligere ac substituere et hoc, quocienscumque neccessarium fuit, </Unicode>
                </TextEquiv>
            </TextLine>
            <TextLine id="r1l14" custom="readingOrder {index:12;} place {offset:128; length:7;}">
                <Coords points="569,1708 797,1707 1025,1706 1253,1705 1481,1704 1709,1703 1937,1701 2165,1700 2393,1699 2621,1698 2849,1697 3077,1695 3305,1694 3533,1693 3761,1692 3989,1691 4217,1690 4445,1689 4673,1688 4901,1687 5129,1686 5129,1622 4901,1623 4673,1624 4445,1625 4217,1626 3989,1627 3761,1628 3533,1629 3305,1630 3077,1631 2849,1633 2621,1634 2393,1635 2165,1636 1937,1637 1709,1639 1481,1640 1253,1641 1025,1642 797,1643 569,1644"/>
                <Baseline points="569,1687 797,1686 1025,1685 1253,1684 1481,1683 1709,1682 1937,1680 2165,1679 2393,1678 2621,1677 2849,1676 3077,1674 3305,1673 3533,1672 3761,1671 3989,1670 4217,1669 4445,1668 4673,1667 4901,1666 5129,1665"/>
                <TextEquiv>
                    <Unicode>semper tamen cum concensu nostro item aput iudicium seu actum iudicandi ipsorum arcuficum, quod littera quedam olim officialium Bohemie regni predecessorum nostrorum </Unicode>
                </TextEquiv>
            </TextLine>
            <TextLine id="r1l15" custom="readingOrder {index:13;}">
                <Coords points="582,1798 812,1799 1042,1800 1273,1801 1503,1801 1734,1801 1964,1800 2195,1800 2425,1799 2656,1797 2886,1796 3116,1794 3347,1793 3577,1791 3808,1789 4038,1787 4269,1785 4499,1783 4730,1781 4960,1779 5191,1777 5191,1713 4960,1715 4730,1717 4499,1719 4269,1721 4038,1723 3808,1725 3577,1727 3347,1729 3116,1730 2886,1732 2656,1733 2425,1735 2195,1736 1964,1736 1734,1737 1503,1737 1273,1737 1042,1736 812,1735 582,1734"/>
                <Baseline points="582,1777 812,1778 1042,1779 1273,1780 1503,1780 1734,1780 1964,1779 2195,1779 2425,1778 2656,1776 2886,1775 3116,1773 3347,1772 3577,1770 3808,1768 4038,1766 4269,1764 4499,1762 4730,1760 4960,1758 5191,1756"/>
                <TextEquiv>
                    <Unicode>septem munita sigiliis plenius declarat et ostendit, eosdem arcufices sistere volumus et permittimus istam tamen eis graciam adiungimus ut si inter dictos arcufices nonnulla </Unicode>
                </TextEquiv>
            </TextLine>
            <TextLine id="r1l16" custom="readingOrder {index:14;}">
                <Coords points="556,1886 786,1890 1017,1892 1247,1894 1478,1896 1708,1896 1939,1897 2169,1896 2400,1895 2630,1894 2861,1893 3091,1891 3322,1889 3552,1887 3783,1886 4013,1884 4244,1882 4474,1880 4705,1878 4935,1877 5166,1876 5166,1812 4935,1813 4705,1814 4474,1816 4244,1818 4013,1820 3783,1822 3552,1823 3322,1825 3091,1827 2861,1829 2630,1830 2400,1831 2169,1832 1939,1833 1708,1832 1478,1832 1247,1830 1017,1828 786,1826 556,1822"/>
                <Baseline points="556,1865 786,1869 1017,1871 1247,1873 1478,1875 1708,1875 1939,1876 2169,1875 2400,1874 2630,1873 2861,1872 3091,1870 3322,1868 3552,1866 3783,1865 4013,1863 4244,1861 4474,1859 4705,1857 4935,1856 5166,1855"/>
                <TextEquiv>
                    <Unicode>differencia lis aut controversia emanaverit, ut ad officiales nostros, puta marescalcum curie nostre magistrumcurie nostre magistrumcurie regine nostre et magistrum coquine nostre, consugere </Unicode>
                </TextEquiv>
            </TextLine>
            <TextLine id="r1l17" custom="readingOrder {index:15;}">
                <Coords points="556,1981 786,1984 1017,1987 1248,1989 1479,1990 1710,1991 1940,1991 2171,1990 2402,1989 2633,1988 2864,1986 3094,1984 3325,1982 3556,1980 3787,1978 4018,1976 4248,1974 4479,1973 4710,1971 4941,1971 5172,1970 5172,1906 4941,1907 4710,1907 4479,1909 4248,1910 4018,1912 3787,1914 3556,1916 3325,1918 3094,1920 2864,1922 2633,1924 2402,1925 2171,1926 1940,1927 1710,1927 1479,1926 1248,1925 1017,1923 786,1920 556,1917"/>
                <Baseline points="556,1960 786,1963 1017,1966 1248,1968 1479,1969 1710,1970 1940,1970 2171,1969 2402,1968 2633,1967 2864,1965 3094,1963 3325,1961 3556,1959 3787,1957 4018,1955 4248,1953 4479,1952 4710,1950 4941,1950 5172,1949"/>
                <TextEquiv>
                    <Unicode>possint, et ipsi causis auditis parcium et libratis illas differencias debebunt complanare, in hoc tamen supremo regni nostri marescalco nullum preiudicium in suo iure fa¬</Unicode>
                </TextEquiv>
            </TextLine>
            <TextLine id="r1l18" custom="readingOrder {index:16;} place {offset:157; length:7;}">
                <Coords points="548,2081 781,2083 1015,2085 1248,2086 1482,2087 1715,2088 1949,2088 2182,2088 2416,2087 2649,2087 2883,2086 3116,2085 3350,2083 3583,2081 3817,2079 4050,2077 4284,2075 4517,2072 4751,2069 4984,2066 5218,2063 5218,1999 4984,2002 4751,2005 4517,2008 4284,2011 4050,2013 3817,2015 3583,2017 3350,2019 3116,2021 2883,2022 2649,2023 2416,2023 2182,2024 1949,2024 1715,2024 1482,2023 1248,2022 1015,2021 781,2019 548,2017"/>
                <Baseline points="548,2060 781,2062 1015,2064 1248,2065 1482,2066 1715,2067 1949,2067 2182,2067 2416,2066 2649,2066 2883,2065 3116,2064 3350,2062 3583,2060 3817,2058 4050,2056 4284,2054 4517,2051 4751,2048 4984,2045 5218,2042"/>
                <TextEquiv>
                    <Unicode>cere intendimus, permittimus eciam et comittimus prefatis arcuficibus ut dum et quando aliquis arcufex aliunde aduentaverit et in civitate ulla regni nostri Bohemie pro illius </Unicode>
                </TextEquiv>
            </TextLine>
            <TextLine id="r1l19" custom="readingOrder {index:17;}">
                <Coords points="552,2173 783,2176 1014,2177 1245,2179 1476,2180 1708,2180 1939,2181 2170,2181 2401,2180 2632,2180 2864,2179 3095,2178 3326,2176 3557,2175 3788,2173 4020,2172 4251,2170 4482,2168 4713,2167 4944,2165 5176,2163 5176,2099 4944,2101 4713,2103 4482,2104 4251,2106 4020,2108 3788,2109 3557,2111 3326,2112 3095,2114 2864,2115 2632,2116 2401,2116 2170,2117 1939,2117 1708,2116 1476,2116 1245,2115 1014,2113 783,2112 552,2109"/>
                <Baseline points="552,2152 783,2155 1014,2156 1245,2158 1476,2159 1708,2159 1939,2160 2170,2160 2401,2159 2632,2159 2864,2158 3095,2157 3326,2155 3557,2154 3788,2152 4020,2151 4251,2149 4482,2147 4713,2146 4944,2144 5176,2142"/>
                <TextEquiv>
                    <Unicode>artis magistro et iri et nominari voluerit, per seniores arcufices pragenses examinetur ita, quod vnam balistam propria manu laboret et conficiat, quam seniores magistri dictorum arcuficum depu¬</Unicode>
                </TextEquiv>
            </TextLine>
            <TextLine id="r1l20" custom="readingOrder {index:18;}">
                <Coords points="546,2263 777,2266 1009,2269 1240,2271 1472,2272 1704,2273 1935,2273 2167,2273 2399,2272 2630,2272 2862,2270 3094,2269 3325,2267 3557,2266 3789,2264 4020,2262 4252,2261 4484,2260 4715,2258 4947,2257 5179,2257 5179,2193 4947,2193 4715,2194 4484,2196 4252,2197 4020,2198 3789,2200 3557,2202 3325,2203 3094,2205 2862,2206 2630,2208 2399,2208 2167,2209 1935,2209 1704,2209 1472,2208 1240,2207 1009,2205 777,2202 546,2199"/>
                <Baseline points="546,2242 777,2245 1009,2248 1240,2250 1472,2251 1704,2252 1935,2252 2167,2252 2399,2251 2630,2251 2862,2249 3094,2248 3325,2246 3557,2245 3789,2243 4020,2241 4252,2240 4484,2239 4715,2237 4947,2236 5179,2236"/>
                <TextEquiv>
                    <Unicode>tati tenebuntur videre et experiri, si bene ad sagittandum operata extiterit quoniam si ita is ,qui fecit et magistris connumerari postulavit iure debito magister balistarum et dici et </Unicode>
                </TextEquiv>
            </TextLine>
            <TextLine id="r1l21" custom="readingOrder {index:19;}">
                <Coords points="558,2365 790,2364 1023,2364 1255,2363 1488,2363 1721,2362 1953,2362 2186,2361 2419,2360 2651,2360 2884,2359 3117,2358 3349,2357 3582,2356 3815,2355 4047,2353 4280,2352 4513,2351 4745,2349 4978,2347 5211,2345 5211,2281 4978,2283 4745,2285 4513,2287 4280,2288 4047,2289 3815,2291 3582,2292 3349,2293 3117,2294 2884,2295 2651,2296 2419,2296 2186,2297 1953,2298 1721,2298 1488,2299 1255,2299 1023,2300 790,2300 558,2301"/>
                <Baseline points="558,2344 790,2343 1023,2343 1255,2342 1488,2342 1721,2341 1953,2341 2186,2340 2419,2339 2651,2339 2884,2338 3117,2337 3349,2336 3582,2335 3815,2334 4047,2332 4280,2331 4513,2330 4745,2328 4978,2326 5211,2324"/>
                <TextEquiv>
                    <Unicode>esse debebit, salvis tamen singulis iuribus nostrarum communitatum volumus eciam et mandamus si tempore aliquo nonnulli pragensium arcuficum in eorum arte ministri aliquid </Unicode>
                </TextEquiv>
            </TextLine>
            <TextLine id="r1l22" custom="readingOrder {index:20;} place {offset:53; length:16;}">
                <Coords points="552,2462 786,2461 1020,2461 1254,2460 1488,2459 1722,2459 1956,2458 2190,2457 2424,2456 2658,2455 2892,2454 3126,2453 3360,2451 3594,2450 3828,2448 4062,2446 4296,2445 4530,2442 4764,2440 4998,2438 5233,2435 5233,2371 4998,2374 4764,2376 4530,2378 4296,2381 4062,2382 3828,2384 3594,2386 3360,2387 3126,2389 2892,2390 2658,2391 2424,2392 2190,2393 1956,2394 1722,2395 1488,2395 1254,2396 1020,2397 786,2397 552,2398"/>
                <Baseline points="552,2441 786,2440 1020,2440 1254,2439 1488,2438 1722,2438 1956,2437 2190,2436 2424,2435 2658,2434 2892,2433 3126,2432 3360,2430 3594,2429 3828,2427 4062,2425 4296,2424 4530,2421 4764,2419 4998,2417 5233,2414"/>
                <TextEquiv>
                    <Unicode>nephas scandalorum perpertraverint ut ab arcuficibus castri Pragensis adversus eos non tueantur, ne ipsis in eo preiudicium exoriatur, mandamus igitur universis et singu¬</Unicode>
                </TextEquiv>
            </TextLine>
            <TextLine id="r1l23" custom="readingOrder {index:21;} place {offset:82; length:10;}">
                <Coords points="570,2556 800,2555 1030,2554 1260,2552 1490,2551 1721,2550 1951,2548 2181,2547 2411,2545 2641,2544 2872,2543 3102,2541 3332,2540 3562,2539 3792,2538 4023,2537 4253,2536 4483,2536 4713,2536 4943,2536 5174,2536 5174,2472 4943,2472 4713,2472 4483,2472 4253,2472 4023,2473 3792,2474 3562,2475 3332,2476 3102,2477 2872,2479 2641,2480 2411,2481 2181,2483 1951,2484 1721,2486 1490,2487 1260,2488 1030,2490 800,2491 570,2492"/>
                <Baseline points="570,2535 800,2534 1030,2533 1260,2531 1490,2530 1721,2529 1951,2527 2181,2526 2411,2524 2641,2523 2872,2522 3102,2520 3332,2519 3562,2518 3792,2517 4023,2516 4253,2515 4483,2515 4713,2515 4943,2515 5174,2515"/>
                <TextEquiv>
                    <Unicode>lis et presertim magistriscivium, consiliis et communitatibus civitatum nostrarum Pragensium ut nominatos arcufices in hiis datis et concessis, quovismodo non impediant aut molestent, </Unicode>
                </TextEquiv>
            </TextLine>
            <TextLine id="r1l24" custom="readingOrder {index:22;} place {offset:152; length:5;} date {offset:158; length:10; continued:true;year:0; day:0; month:0;}">
                <Coords points="568,2646 797,2645 1027,2644 1256,2643 1486,2642 1716,2642 1945,2641 2175,2640 2404,2640 2634,2639 2864,2639 3093,2638 3323,2638 3552,2637 3782,2636 4012,2636 4241,2635 4471,2634 4700,2633 4930,2633 5160,2632 5160,2568 4930,2569 4700,2569 4471,2570 4241,2571 4012,2572 3782,2572 3552,2573 3323,2574 3093,2574 2864,2575 2634,2575 2404,2576 2175,2576 1945,2577 1716,2578 1486,2578 1256,2579 1027,2580 797,2581 568,2582"/>
                <Baseline points="568,2625 797,2624 1027,2623 1256,2622 1486,2621 1716,2621 1945,2620 2175,2619 2404,2619 2634,2618 2864,2618 3093,2617 3323,2617 3552,2616 3782,2615 4012,2615 4241,2614 4471,2613 4700,2612 4930,2612 5160,2611"/>
                <TextEquiv>
                    <Unicode>sed pocius eos manuteneant et defendant nostre regalis gracie sub obtentu. Presencium subappensione nostri regalis sigilli testimonio litterarum. Datum Prage die sexta¬</Unicode>
                </TextEquiv>
            </TextLine>
            <TextLine id="r1l25" custom="readingOrder {index:23;} date {offset:0; length:95; continued:true;year:0; day:0; month:0;}">
                <Coords points="553,2739 710,2738 867,2736 1024,2736 1181,2735 1338,2734 1495,2734 1652,2734 1809,2734 1966,2734 2123,2734 2280,2734 2437,2734 2594,2734 2751,2733 2908,2733 3065,2732 3222,2731 3379,2730 3536,2729 3694,2727 3694,2663 3536,2665 3379,2666 3222,2667 3065,2668 2908,2669 2751,2669 2594,2670 2437,2670 2280,2670 2123,2670 1966,2670 1809,2670 1652,2670 1495,2670 1338,2670 1181,2671 1024,2672 867,2672 710,2674 553,2675"/>
                <Baseline points="553,2718 710,2717 867,2715 1024,2715 1181,2714 1338,2713 1495,2713 1652,2713 1809,2713 1966,2713 2123,2713 2280,2713 2437,2713 2594,2713 2751,2712 2908,2712 3065,2711 3222,2710 3379,2709 3536,2708 3694,2706"/>
                <TextEquiv>
                    <Unicode>decima decembris anno domini millesimoquadringenfesimo sexagesimoprimo regni nostri anno quarto.</Unicode>
                </TextEquiv>
            </TextLine>
            <TextEquiv>
                <Unicode>Georgius, Dei gracia Bohemie rex, Moravie marchio, Luczemburgensis et Slesie dux ac Lusacie marchio, notumfacimus tenore presenci¬
um universis, quod proparte fidelium nostrorum arcuficum Prage comorancium fuit nobis humiliter supplicatum, quociens ipsis privilegia et litteras a serenissimis 
Karolo et Wenceslao, Bohemie regibus, predecessoribus nostris, super eorum habitationibus et libertatibus datas et concessa ac a serenissimo Segismundo, roma¬
norum imperatore, predecessore nostro, confirmatas, quarum tenores translati de wulgari theutunico in latinum in dicta littera confirmacionis Sigismundi, Bohemie 
regis, que sequitur in hec verba: Sigismundus divina favente clemencia et cetera plene de verbo ad verbum sunt expressi approbare, innovare et confirmare dignaremur 
ac eciam ut eis aliquas gracias speciales donemus et adiungamus nos prefatorum arcuficum votis humilibus annuentes non per errorem aut improvide, sed 
decerta nostra sciencia sano fidelium nostrorum accedente consilio dictis arcuficibus et eorum successoribus prefatas litteras et privilegia super eorum habitacionibus et liber¬
tatibus a predictis Bohemie regibus datas et concessa cum omnibus in eis contentis et expressis punctis clausulis et articulis ac si de verbo ad verbum hic fierent ex¬
pressata auctoritate regia Bohemie approbamus, innovamus et confirmamus decernentes ea habere perpetuo inviolabile robur ceterum ut predictos arcufices ad 
servicia nostra reddamus proniores, eis et eorum successoribus facimus et adiungimus graciam singularem ut scilicet inter nominatos arcufices quatuor seniores, qui sunt aut 
fuerint deputati, ad se et ad alios sui artificii divites ac pauperes iusticie seriem prosequendi liberam habeant facultatem atque si quis horum deputatorum tempore quouis exhac 
lice migraverit, ut ex tunc dicti arcufices seniores relicti in locum illius defuncti alterum valentem et dignum possint eligere ac substituere et hoc, quocienscumque neccessarium fuit, 
semper tamen cum concensu nostro item aput iudicium seu actum iudicandi ipsorum arcuficum, quod littera quedam olim officialium Bohemie regni predecessorum nostrorum 
septem munita sigiliis plenius declarat et ostendit, eosdem arcufices sistere volumus et permittimus istam tamen eis graciam adiungimus ut si inter dictos arcufices nonnulla 
differencia lis aut controversia emanaverit, ut ad officiales nostros, puta marescalcum curie nostre magistrumcurie nostre magistrumcurie regine nostre et magistrum coquine nostre, consugere 
possint, et ipsi causis auditis parcium et libratis illas differencias debebunt complanare, in hoc tamen supremo regni nostri marescalco nullum preiudicium in suo iure fa¬
cere intendimus, permittimus eciam et comittimus prefatis arcuficibus ut dum et quando aliquis arcufex aliunde aduentaverit et in civitate ulla regni nostri Bohemie pro illius 
artis magistro et iri et nominari voluerit, per seniores arcufices pragenses examinetur ita, quod vnam balistam propria manu laboret et conficiat, quam seniores magistri dictorum arcuficum depu¬
tati tenebuntur videre et experiri, si bene ad sagittandum operata extiterit quoniam si ita is ,qui fecit et magistris connumerari postulavit iure debito magister balistarum et dici et 
esse debebit, salvis tamen singulis iuribus nostrarum communitatum volumus eciam et mandamus si tempore aliquo nonnulli pragensium arcuficum in eorum arte ministri aliquid 
nephas scandalorum perpertraverint ut ab arcuficibus castri Pragensis adversus eos non tueantur, ne ipsis in eo preiudicium exoriatur, mandamus igitur universis et singu¬
lis et presertim magistriscivium, consiliis et communitatibus civitatum nostrarum Pragensium ut nominatos arcufices in hiis datis et concessis, quovismodo non impediant aut molestent, 
sed pocius eos manuteneant et defendant nostre regalis gracie sub obtentu. Presencium subappensione nostri regalis sigilli testimonio litterarum. Datum Prage die sexta¬
decima decembris anno domini millesimoquadringenfesimo sexagesimoprimo regni nostri anno quarto.</Unicode>
            </TextEquiv>
        </TextRegion>
        <TextRegion id="region_1573576805990_657" custom="readingOrder {index:1;}">
            <Coords points="4315,2719 5381,2719 5381,3009 4315,3009"/>
            <TextLine id="line_1573576812289_660" custom="readingOrder {index:0;}">
                <Coords points="4398,2811 4765,2813 5201,2816 5217,2814 5223,2864 5203,2866 4765,2863 4398,2861"/>
                <Baseline points="4398,2856 4765,2858 5203,2861 5222,2859"/>
                <TextEquiv>
                    <Unicode>Ad mandatum domini regis</Unicode>
                </TextEquiv>
            </TextLine>
            <TextLine id="line_1573576816346_665" custom="readingOrder {index:1;} person {offset:0; length:37;} place {offset:13; length:10;}">
                <Coords points="4412,2867 4739,2869 4890,2866 5064,2870 5269,2874 5268,2924 5063,2920 4890,2916 4739,2919 4412,2917"/>
                <Baseline points="4412,2912 4739,2914 4890,2911 5063,2915 5230,2919"/>
                <TextEquiv>
                    <Unicode>Procopius de Rabenstein, cancellarius.</Unicode>
                </TextEquiv>
            </TextLine>
            <TextEquiv>
                <Unicode>Ad mandatum domini regis
Procopius de Rabenstein, cancellarius.</Unicode>
            </TextEquiv>
        </TextRegion>
    </Page>
</PcGts>
