<?xml version="1.0" encoding="UTF-8" standalone="yes"?>
<PcGts xmlns="http://schema.primaresearch.org/PAGE/gts/pagecontent/2013-07-15" xmlns:xsi="http://www.w3.org/2001/XMLSchema-instance" xsi:schemaLocation="http://schema.primaresearch.org/PAGE/gts/pagecontent/2013-07-15 http://schema.primaresearch.org/PAGE/gts/pagecontent/2013-07-15/pagecontent.xsd">
    <Metadata>
        <Creator>prov=University of Rostock/Institute of Mathematics/CITlab/Tobias Gruening/tobias.gruening@uni-rostock.de:name=/net_tf/LA73_249_0mod360.pb:de.uros.citlab.segmentation.CITlab_LA_ML:v=2.3.1
TRP</Creator>
        <Created>2019-07-24T17:01:45.238+02:00</Created>
        <LastChange>2019-07-31T18:45:38.927+02:00</LastChange>
        <TranskribusMetadata docId="187539" pageId="7458537" pageNr="2" tsid="13256266" status="IN_PROGRESS" userId="36516" imgUrl="https://files.transkribus.eu/Get?id=HDDGQHWUNLCFLXQKFBHOVUME&amp;fileType=view" xmlUrl="https://files.transkribus.eu/Get?id=ORFLPVGOFYZKNWSUKDIKWOAS" imageId="4480957"/>
    </Metadata>
    <Page imageFilename="NA-ACK_13190903_00088_v.jpg" imageWidth="9436" imageHeight="8942">
        <ReadingOrder>
            <OrderedGroup id="ro_1575392108412" caption="Regions reading order">
                <RegionRefIndexed index="0" regionRef="r1"/>
            </OrderedGroup>
        </ReadingOrder>
        <TextRegion orientation="0.0" id="r1" custom="readingOrder {index:0;}">
            <Coords points="6071,4564 6071,4762 6550,4762 6550,4564"/>
            <TextLine id="r1l1" custom="readingOrder {index:0;}">
                <Coords points="6119,4647 6144,4645 6169,4643 6169,4564 6144,4566 6119,4568"/>
                <Baseline points="6119,4621 6144,4619 6169,4617"/>
            </TextLine>
            <TextLine id="r1l2" custom="readingOrder {index:1;}">
                <Coords points="6260,4654 6286,4655 6312,4656 6339,4656 6365,4655 6391,4655 6418,4655 6444,4655 6470,4655 6497,4655 6523,4656 6550,4658 6550,4580 6523,4578 6497,4577 6470,4577 6444,4577 6418,4577 6391,4577 6365,4577 6339,4578 6312,4578 6286,4577 6260,4576"/>
                <Baseline points="6260,4628 6286,4629 6312,4630 6339,4630 6365,4629 6391,4629 6418,4629 6444,4629 6470,4629 6497,4629 6523,4630 6550,4632"/>
            </TextLine>
            <TextLine id="r1l3" custom="readingOrder {index:2;}">
                <Coords points="6071,4756 6098,4757 6126,4758 6154,4760 6181,4761 6209,4761 6237,4762 6264,4762 6292,4762 6320,4761 6320,4682 6292,4683 6264,4683 6237,4683 6209,4682 6181,4682 6154,4681 6126,4679 6098,4678 6071,4677"/>
                <Baseline points="6071,4730 6098,4731 6126,4732 6154,4734 6181,4735 6209,4735 6237,4736 6264,4736 6292,4736 6320,4735"/>
            </TextLine>
        </TextRegion>
    </Page>
</PcGts>
