<?xml version="1.0" encoding="UTF-8" standalone="yes"?>
<PcGts xmlns="http://schema.primaresearch.org/PAGE/gts/pagecontent/2013-07-15" xmlns:xsi="http://www.w3.org/2001/XMLSchema-instance" xsi:schemaLocation="http://schema.primaresearch.org/PAGE/gts/pagecontent/2013-07-15 http://schema.primaresearch.org/PAGE/gts/pagecontent/2013-07-15/pagecontent.xsd">
    <Metadata>
        <Creator>TRP</Creator>
        <Created>2019-07-31T09:10:47.052+02:00</Created>
        <LastChange>2019-07-31T09:10:47.052+02:00</LastChange>
        <TranskribusMetadata docId="190034" pageId="7516911" pageNr="2" tsid="13232148" status="NEW" userId="40502" imgUrl="https://files.transkribus.eu/Get?id=ELTZBSESORXINESJAOEYULRZ&amp;fileType=view" xmlUrl="https://files.transkribus.eu/Get?id=BCECWMNRGOHUKCISGZGQOVNV" imageId="4523762"/>
    </Metadata>
    <Page imageFilename="NA-ACK_13531223_00451_v.jpg" imageWidth="6585" imageHeight="4628"/>
</PcGts>
