<?xml version="1.0" encoding="UTF-8" standalone="yes"?>
<PcGts xmlns="http://schema.primaresearch.org/PAGE/gts/pagecontent/2013-07-15" xmlns:xsi="http://www.w3.org/2001/XMLSchema-instance" xsi:schemaLocation="http://schema.primaresearch.org/PAGE/gts/pagecontent/2013-07-15 http://schema.primaresearch.org/PAGE/gts/pagecontent/2013-07-15/pagecontent.xsd">
    <Metadata>
        <Creator>TRP</Creator>
        <Created>2019-07-30T16:06:31.748+02:00</Created>
        <LastChange>2019-07-30T16:06:31.748+02:00</LastChange>
        <TranskribusMetadata docId="189813" pageId="7511598" pageNr="2" tsid="13214613" status="NEW" userId="40502" imgUrl="https://files.transkribus.eu/Get?id=GWDETFTHPQFZXCUHDUBMVJPM&amp;fileType=view" xmlUrl="https://files.transkribus.eu/Get?id=WJSSRSHNKNLJODPYZGQXEMQQ" imageId="4518661"/>
    </Metadata>
    <Page imageFilename="NA-ACK_13531204_00447_v.jpg" imageWidth="9212" imageHeight="5918"/>
</PcGts>
