<?xml version="1.0" encoding="UTF-8" standalone="yes"?>
<PcGts xmlns="http://schema.primaresearch.org/PAGE/gts/pagecontent/2013-07-15" xmlns:xsi="http://www.w3.org/2001/XMLSchema-instance" xsi:schemaLocation="http://schema.primaresearch.org/PAGE/gts/pagecontent/2013-07-15 http://schema.primaresearch.org/PAGE/gts/pagecontent/2013-07-15/pagecontent.xsd">
    <Metadata>
        <Creator>TRP</Creator>
        <Created>2019-07-29T15:52:34.264+02:00</Created>
        <LastChange>2019-07-29T15:52:34.264+02:00</LastChange>
        <TranskribusMetadata docId="189312" pageId="7490475" pageNr="2" tsid="13179489" status="NEW" userId="40502" imgUrl="https://files.transkribus.eu/Get?id=VABXCRJQWSMRAYJYZUROBVHW&amp;fileType=view" xmlUrl="https://files.transkribus.eu/Get?id=SZOOIVGQSJNUUBEXDMGYXPWW" imageId="4503991"/>
    </Metadata>
    <Page imageFilename="NA-ACK_13531124_00441_v.jpg" imageWidth="6570" imageHeight="4615"/>
</PcGts>
