<?xml version="1.0" encoding="UTF-8" standalone="yes"?>
<PcGts xmlns="http://schema.primaresearch.org/PAGE/gts/pagecontent/2013-07-15" xmlns:xsi="http://www.w3.org/2001/XMLSchema-instance" xsi:schemaLocation="http://schema.primaresearch.org/PAGE/gts/pagecontent/2013-07-15 http://schema.primaresearch.org/PAGE/gts/pagecontent/2013-07-15/pagecontent.xsd">
    <Metadata>
        <Creator>TRP</Creator>
        <Created>2019-06-05T14:22:53.897+02:00</Created>
        <LastChange>2019-06-05T14:22:53.897+02:00</LastChange>
        <TranskribusMetadata docId="169916" pageId="6426575" pageNr="2" tsid="10831930" status="NEW" userId="36516" imgUrl="https://files.transkribus.eu/Get?id=CXCNYYHLFCSDXVXGFKHYKQPI&amp;fileType=view" xmlUrl="https://files.transkribus.eu/Get?id=LGHGHGWTGWWGJJRUUTLZMXSE" imageId="3818669"/>
    </Metadata>
    <Page imageFilename="NA-ACK_13960709_01318_v.jpg" imageWidth="6315" imageHeight="3943"/>
</PcGts>
