<?xml version="1.0" encoding="UTF-8" standalone="yes"?>
<PcGts xmlns="http://schema.primaresearch.org/PAGE/gts/pagecontent/2013-07-15" xmlns:xsi="http://www.w3.org/2001/XMLSchema-instance" xsi:schemaLocation="http://schema.primaresearch.org/PAGE/gts/pagecontent/2013-07-15 http://schema.primaresearch.org/PAGE/gts/pagecontent/2013-07-15/pagecontent.xsd">
    <Metadata>
        <Creator>prov=University of Rostock/Institute of Mathematics/CITlab/Tobias Gruening/tobias.gruening@uni-rostock.de:name=/net_tf/LA73_249_0mod360.pb:de.uros.citlab.segmentation.CITlab_LA_ML:v=2.3.1
TRP</Creator>
        <Created>2019-07-26T11:07:57.550+02:00</Created>
        <LastChange>2019-10-21T15:30:16.946+02:00</LastChange>
        <TranskribusMetadata docId="189217" pageId="7487792" pageNr="1" tsid="17458402" status="IN_PROGRESS" userId="40502" imgUrl="https://files.transkribus.eu/Get?id=NAVWDJFFAJIAUWFGVUUSGJZJ&amp;fileType=view" xmlUrl="https://files.transkribus.eu/Get?id=ZPIMSCQSUWPLBXRHDGDLJJIG" imageId="4502668"/>
    </Metadata>
    <Page imageFilename="NA-ACK_13531106_00437_r.jpg" imageWidth="9292" imageHeight="5794">
        <ReadingOrder>
            <OrderedGroup id="ro_1575392346967" caption="Regions reading order">
                <RegionRefIndexed index="0" regionRef="r1"/>
                <RegionRefIndexed index="1" regionRef="region_1564396244034_28"/>
            </OrderedGroup>
        </ReadingOrder>
        <TextRegion orientation="0.0" id="r1" custom="readingOrder {index:0;}">
            <Coords points="959,487 993,3096 6906,3096 6872,487"/>
            <TextLine id="r1l1" custom="readingOrder {index:0;} person {offset:4; length:80;} place {offset:59; length:3;} place {offset:78; length:6;}">
                <Coords points="1013,820 1304,821 1596,821 1887,819 2179,817 2471,814 2762,811 3054,807 3346,802 3637,797 3929,792 4221,786 4512,780 4804,774 5096,768 5387,762 5679,756 5971,750 6262,745 6554,740 6846,735 6846,648 6554,653 6262,670 5971,675 5679,681 5387,687 5096,693 4804,699 4512,705 4221,711 3923,684 3631,689 3346,727 3054,732 2762,721 2471,724 2179,742 1887,744 1596,746 1259,529 968,528"/>
                <Baseline points="1013,795 1304,796 1596,796 1887,794 2179,792 2471,789 2762,786 3054,782 3346,777 3637,772 3929,767 4221,761 4512,755 4804,749 5096,743 5387,737 5679,731 5971,725 6262,720 6554,715 6846,710"/>
                <TextEquiv>
                    <Unicode>Wir Ruprecht der Junge von Gots gnaden pfallentzgrafe bei Reyn und hertzog in Beiern bekennen und tun kunt offenlich mit diesem briefe allen den, die in sehent oder horent lesen, sint dem mal,</Unicode>
                </TextEquiv>
            </TextLine>
            <TextLine id="r1l2" custom="readingOrder {index:1;} person {offset:127; length:68; continued:true;}">
                <Coords points="1012,947 1302,941 1593,936 1884,930 2175,924 2466,919 2757,913 3048,908 3339,903 3630,898 3921,893 4211,888 4502,884 4793,879 5084,875 5375,871 5666,866 5957,863 6248,859 6539,855 6830,851 6830,776 6539,780 6248,784 5957,788 5666,791 5375,796 5084,800 4793,804 4502,809 4211,813 3921,818 3630,823 3339,828 3048,833 2757,838 2466,844 2175,849 1884,855 1593,861 1302,866 1012,872"/>
                <Baseline points="1012,922 1302,916 1593,911 1884,905 2175,899 2466,894 2757,888 3048,883 3339,878 3630,873 3921,868 4211,863 4502,859 4793,854 5084,850 5375,846 5666,841 5957,838 6248,834 6539,830 6830,826"/>
                <TextEquiv>
                    <Unicode>daz wir mit wolbedachtem mute, mit rate unser frunde und mit rechter wizzen dem allerdurchluchtigsten fursten und herren, hern Karle romischem kunige ze allen zeiten merer dez reichs und kunge zu</Unicode>
                </TextEquiv>
            </TextLine>
            <TextLine id="r1l3" custom="readingOrder {index:2;} person {offset:0; length:6; continued:true;} place {offset:0; length:6;} place {offset:78; length:6;} place {offset:188; length:7;}">
                <Coords points="991,1066 1304,1061 1597,1055 1890,1049 2182,1043 2475,1038 2768,1032 3060,1026 3353,1020 3646,1014 3939,1009 4231,1004 4524,998 4817,993 5109,988 5402,984 5695,980 5987,976 6280,972 6573,969 6866,966 6866,885 6573,888 6280,891 5987,895 5695,899 5402,903 5109,907 4817,912 4524,917 4231,923 3939,928 3646,933 3353,939 3060,945 2768,951 2475,957 2182,962 1890,968 1597,974 1304,980 991,985"/>
                <Baseline points="1012,1039 1304,1034 1597,1028 1890,1022 2182,1016 2475,1011 2768,1005 3060,999 3353,993 3646,987 3939,982 4231,977 4524,971 4817,966 5109,961 5402,957 5695,953 5987,949 6280,945 6573,942 6866,939"/>
                <TextEquiv>
                    <Unicode>Beheim, unserm lieben gnedigen herren, seinen erben und nachkomen, kunigen ze Beheim, erbiclich und eweclich umb tzwelf tusent marck lotiges silbers, domit er uns aus unserm gevengnuz von Sachsen ge¬</Unicode>
                </TextEquiv>
            </TextLine>
            <TextLine id="r1l4" custom="readingOrder {index:3;} place {offset:49; length:9;} place {offset:60; length:10;} place {offset:72; length:6;} place {offset:83; length:12;}">
                <Coords points="1015,1166 1317,1180 1606,1173 1895,1165 2184,1158 2472,1151 2761,1144 3050,1137 3339,1131 3627,1124 3916,1119 4205,1113 4494,1108 4782,1103 5071,1099 5360,1095 5649,1091 5937,1088 6226,1085 6515,1083 6828,1081 6828,1000 6515,1002 6226,1004 5937,1007 5649,1010 5360,1014 5071,1018 4782,1022 4494,1027 4205,1032 3916,1038 3627,1043 3339,1050 3050,1056 2761,1063 2472,1070 2184,1077 1895,1084 1606,1092 1317,1099 1015,1085"/>
                <Baseline points="1029,1161 1317,1153 1606,1146 1895,1138 2184,1131 2472,1124 2761,1117 3050,1110 3339,1104 3627,1097 3916,1092 4205,1086 4494,1081 4782,1076 5071,1072 5360,1068 5649,1064 5937,1061 6226,1058 6515,1056 6804,1054"/>
                <TextEquiv>
                    <Unicode>ledigt und gelosit hat di nachgeschrieben vesten Nuwenstat, Sturnstein, Hirsow und Lichtenstein und dornach, umb tzwenzig tusent mark lotiges silbers, die er uff seliger gedechntnuz den hochgeborn fursten</Unicode>
                </TextEquiv>
            </TextLine>
            <TextLine id="r1l5" custom="readingOrder {index:4;} person {offset:5; length:64;} place {offset:41; length:4;} place {offset:63; length:6;} place {offset:183; length:9;} place {offset:194; length:9;} place {offset:205; length:11;} place {offset:218; length:9;}">
                <Coords points="1036,1306 1324,1298 1613,1290 1901,1282 2190,1275 2479,1268 2767,1262 3056,1255 3344,1248 3633,1243 3922,1237 4210,1231 4499,1226 4787,1220 5076,1215 5365,1211 5653,1207 5942,1203 6230,1199 6519,1195 6808,1192 6808,1111 6519,1114 6230,1118 5942,1122 5653,1126 5365,1130 5076,1134 4787,1139 4499,1145 4210,1150 3922,1156 3633,1162 3344,1167 3056,1174 2767,1181 2479,1187 2190,1194 1901,1201 1613,1209 1309,1205 1021,1213"/>
                <Baseline points="1036,1279 1324,1271 1613,1263 1901,1255 2190,1248 2479,1241 2767,1235 3056,1228 3344,1221 3633,1216 3922,1210 4210,1204 4499,1199 4787,1193 5076,1188 5365,1184 5653,1180 5942,1176 6230,1172 6519,1168 6808,1165"/>
                <TextEquiv>
                    <Unicode>hern Rudolfen etwenn pfallentzgrafen bei Rein und hertzogen in Beiern, unsern lieben vettern, uns wizzentlich gewendet und im gelihen hat, die nachgeschriben vesten, stete und merkte Sultzbach, Rosemberg, Hirtenstein, Niedstein,</Unicode>
                </TextEquiv>
            </TextLine>
            <TextLine id="r1l6" custom="readingOrder {index:5;} place {offset:0; length:10;} place {offset:12; length:13;} place {offset:27; length:9;} place {offset:38; length:11;} place {offset:51; length:11;} place {offset:64; length:7;} place {offset:73; length:10;} place {offset:85; length:10;} place {offset:97; length:7;} place {offset:106; length:6;} place {offset:114; length:7;} place {offset:130; length:5;} place {offset:179; length:6;}">
                <Coords points="993,1418 1285,1411 1578,1404 1870,1397 2163,1389 2456,1383 2748,1377 3041,1371 3334,1365 3626,1359 3919,1354 4212,1349 4504,1344 4797,1339 5090,1334 5382,1330 5675,1326 5968,1322 6260,1318 6553,1315 6846,1311 6846,1230 6553,1234 6260,1237 5968,1241 5675,1245 5382,1249 5090,1253 4797,1258 4504,1263 4212,1268 3919,1273 3626,1278 3334,1284 3041,1290 2748,1296 2456,1302 2163,1308 1870,1316 1578,1323 1285,1330 993,1337"/>
                <Baseline points="993,1391 1285,1384 1578,1377 1870,1370 2163,1362 2456,1356 2748,1350 3041,1344 3334,1338 3626,1332 3919,1327 4212,1322 4504,1317 4797,1312 5090,1307 5382,1303 5675,1299 5968,1295 6260,1291 6553,1288 6846,1284"/>
                <TextEquiv>
                    <Unicode>Turrendorf, Hiltpoltstein, Hoenstein, Lichtenecke, Frankemberg, Lauffen, Eschembach, Hersbrücke, Aurbach, Velden, Begnicz und daz Plech und allez, daz der egenant unser vetter zu Beiern innegehabt und besezzen hat, mit allen dorfen,</Unicode>
                </TextEquiv>
            </TextLine>
            <TextLine id="r1l7" custom="readingOrder {index:6;}">
                <Coords points="1053,1530 1341,1524 1630,1517 1919,1511 2208,1504 2497,1498 2785,1491 3074,1485 3363,1480 3652,1474 3941,1469 4229,1465 4518,1460 4807,1456 5096,1452 5385,1448 5673,1445 5962,1442 6251,1440 6540,1438 6844,1427 6844,1346 6540,1357 6251,1359 5962,1361 5673,1364 5385,1367 5096,1371 4807,1375 4518,1379 4229,1384 3941,1388 3652,1393 3363,1399 3074,1404 2785,1410 2497,1417 2208,1423 1919,1430 1630,1436 1341,1443 1022,1426"/>
                <Baseline points="1053,1503 1341,1497 1630,1490 1919,1484 2208,1477 2497,1471 2785,1464 3074,1458 3363,1453 3652,1447 3941,1442 4229,1438 4518,1433 4807,1429 5096,1425 5385,1421 5673,1418 5962,1415 6251,1413 6540,1411 6829,1409"/>
                <TextEquiv>
                    <Unicode>leuten, herschefften, guten, gerichten, bennen, zollen, geleiten, vorsten, wiltpennen, gulden, zinsen, nutzen, vellin, welden, puschen, geiageden, vogelweiden, wiesen, weiden, wazzern, mulen, wazzerleuften, deichen, vischereien,</Unicode>
                </TextEquiv>
            </TextLine>
            <TextLine id="r1l8" custom="readingOrder {index:7;}">
                <Coords points="1026,1644 1318,1638 1611,1632 1904,1626 2197,1620 2489,1614 2782,1608 3075,1602 3368,1597 3660,1591 3953,1586 4246,1581 4539,1576 4831,1571 5124,1567 5417,1563 5710,1559 6002,1556 6295,1553 6588,1550 6881,1548 6881,1467 6588,1469 6295,1472 6002,1475 5710,1478 5417,1482 5124,1486 4831,1490 4539,1495 4246,1500 3953,1505 3660,1510 3368,1516 3075,1521 2782,1527 2489,1533 2197,1539 1904,1545 1611,1551 1318,1557 1026,1563"/>
                <Baseline points="1026,1617 1318,1611 1611,1605 1904,1599 2197,1593 2489,1587 2782,1581 3075,1575 3368,1570 3660,1564 3953,1559 4246,1554 4539,1549 4831,1544 5124,1540 5417,1536 5710,1532 6002,1529 6295,1526 6588,1523 6881,1521"/>
                <TextEquiv>
                    <Unicode>bergen, grunden, slichten, gemirken, kreizzen, weichpilden und allen nutzen, ob und under der erden, wie man die benennen mag, und auch mit rittern, knechten, mannen, manschefften, lehen, lehenschefften, verlehenten guten, </Unicode>
                </TextEquiv>
            </TextLine>
            <TextLine id="r1l9" custom="readingOrder {index:8;}">
                <Coords points="1026,1739 1342,1756 1632,1749 1922,1742 2212,1735 2502,1730 2792,1724 3082,1719 3372,1714 3662,1710 3952,1705 4242,1701 4532,1697 4822,1694 5112,1690 5402,1686 5692,1683 5982,1679 6272,1676 6562,1672 6852,1669 6852,1588 6562,1591 6272,1595 5982,1598 5692,1602 5402,1605 5112,1609 4822,1613 4532,1616 4242,1620 3952,1624 3662,1629 3372,1633 3082,1638 2792,1643 2502,1649 2212,1654 1922,1661 1632,1668 1342,1675 1026,1658"/>
                <Baseline points="1052,1736 1342,1729 1632,1722 1922,1715 2212,1708 2502,1703 2792,1697 3082,1692 3372,1687 3662,1683 3952,1678 4242,1674 4532,1670 4822,1667 5112,1663 5402,1659 5692,1656 5982,1652 6272,1649 6562,1645 6852,1642"/>
                <TextEquiv>
                    <Unicode>kirchlehen und gotsgaben, dienern, pfantschefften von dem reich oder sust von ymand anders und allen zugehorungen, erbe und eigen, als iz gelegen ist, pfantschaft fur pfantschaft, recht und redelich, verkauft haben in aller der</Unicode>
                </TextEquiv>
            </TextLine>
            <TextLine id="r1l10" custom="readingOrder {index:9;}">
                <Coords points="1022,1883 1313,1876 1605,1870 1897,1863 2188,1857 2480,1852 2772,1846 3063,1841 3355,1835 3647,1830 3939,1826 4230,1821 4522,1817 4814,1813 5105,1809 5397,1806 5689,1803 5980,1800 6272,1797 6564,1795 6856,1793 6856,1712 6564,1714 6272,1716 5980,1719 5689,1722 5397,1725 5105,1728 4814,1732 4522,1736 4230,1740 3939,1745 3647,1749 3355,1754 3063,1760 2772,1765 2480,1771 2188,1776 1897,1782 1605,1789 1313,1795 1022,1802"/>
                <Baseline points="1022,1856 1313,1849 1605,1843 1897,1836 2188,1830 2480,1825 2772,1819 3063,1814 3355,1808 3647,1803 3939,1799 4230,1794 4522,1790 4814,1786 5105,1782 5397,1779 5689,1776 5980,1773 6272,1770 6564,1768 6856,1766"/>
                <TextEquiv>
                    <Unicode>mazzen, als sei der obgenant unser vetter seliger inngehabt und besezzen hat, und als sei von seinem tode uff uns erbeclich vervallen waren, und uns auch vertziehen haben vor uns, unser erben und nachkomen ewiclich allis rechten, an¬</Unicode>
                </TextEquiv>
            </TextLine>
            <TextLine id="r1l11" custom="readingOrder {index:10;}">
                <Coords points="1037,1998 1369,1989 1656,1984 1944,1977 2231,1972 2519,1966 2806,1961 3093,1957 3381,1952 3668,1947 3956,1943 4243,1939 4530,1934 4818,1931 5105,1927 5393,1923 5680,1919 5967,1915 6255,1912 6542,1909 6830,1905 6830,1824 6542,1828 6255,1831 5967,1834 5680,1838 5393,1842 5105,1846 4818,1850 4530,1853 4243,1858 3956,1862 3668,1866 3381,1871 3093,1876 2806,1880 2519,1885 2231,1891 1944,1896 1656,1903 1369,1908 1037,1917"/>
                <Baseline points="1082,1969 1369,1962 1656,1957 1944,1950 2231,1945 2519,1939 2806,1934 3093,1930 3381,1925 3668,1920 3956,1916 4243,1912 4530,1907 4818,1904 5105,1900 5393,1896 5680,1892 5967,1888 6255,1885 6542,1882 6830,1878"/>
                <TextEquiv>
                    <Unicode>sprachen und anredungen, die wir zu den obgenanten vesten, steten, merkten und allen zugehorungen, als sei dovor begriffen sint, gehabt haben, haben oder gehaben muchten in dheine weis, und uns auchvertzeihen haben aller hilfe</Unicode>
                </TextEquiv>
            </TextLine>
            <TextLine id="r1l12" custom="readingOrder {index:11;}">
                <Coords points="1037,2100 1329,2096 1621,2092 1913,2087 2206,2083 2498,2078 2790,2074 3082,2069 3375,2065 3667,2061 3959,2057 4251,2053 4544,2049 4836,2045 5128,2041 5420,2038 5713,2035 6005,2032 6297,2029 6589,2026 6882,2024 6882,1943 6589,1945 6297,1948 6005,1951 5713,1954 5420,1957 5128,1960 4836,1964 4544,1968 4251,1972 3959,1976 3667,1980 3375,1984 3082,1988 2790,1993 2498,1997 2206,2002 1913,2006 1621,2011 1329,2015 1037,2019"/>
                <Baseline points="1037,2073 1329,2069 1621,2065 1913,2060 2206,2056 2498,2051 2790,2047 3082,2042 3375,2038 3667,2034 3959,2030 4251,2026 4544,2022 4836,2018 5128,2014 5420,2011 5713,2008 6005,2005 6297,2002 6589,1999 6882,1997"/>
                <TextEquiv>
                    <Unicode>geistlichs und werentlichs rechten und aller gesetze keiserlicher und babstlicher buche, der lande gewonheit und aller ubungen und behaltnuzz, domit derselbe kouff muchte in dheine weis gehindert werden, und meynen,</Unicode>
                </TextEquiv>
            </TextLine>
            <TextLine id="r1l13" custom="readingOrder {index:12;}">
                <Coords points="1015,2206 1346,2203 1635,2199 1924,2195 2213,2191 2502,2187 2791,2183 3080,2179 3369,2175 3658,2171 3947,2167 4235,2163 4524,2160 4813,2156 5102,2153 5391,2150 5680,2148 5969,2146 6258,2144 6547,2142 6869,2138 6869,2057 6547,2061 6258,2063 5969,2065 5680,2067 5391,2069 5102,2072 4813,2075 4524,2079 4235,2082 3947,2086 3658,2090 3369,2094 3080,2098 2791,2102 2502,2106 2213,2110 1924,2114 1635,2118 1346,2122 1015,2125"/>
                <Baseline points="1058,2179 1346,2176 1635,2172 1924,2168 2213,2164 2502,2160 2791,2156 3080,2152 3369,2148 3658,2144 3947,2140 4235,2136 4524,2133 4813,2129 5102,2126 5391,2123 5680,2121 5969,2119 6258,2117 6547,2115 6836,2114"/>
                <TextEquiv>
                    <Unicode>daz wir, unser erben und nachkomen uns domit nymer in dheinen zeiten mit dem rechten oder mit der tat,mit worten oder werken behelfen sullen oder wullen. Auch han wir gelobt mit guten truwen anegeverde vor uns, unser</Unicode>
                </TextEquiv>
            </TextLine>
            <TextLine id="r1l14" custom="readingOrder {index:13;} place {offset:89; length:6;}">
                <Coords points="1029,2329 1321,2324 1613,2320 1905,2315 2197,2311 2489,2306 2781,2302 3073,2298 3365,2294 3657,2290 3950,2286 4242,2282 4534,2279 4826,2275 5118,2271 5410,2268 5702,2264 5994,2261 6286,2257 6578,2253 6883,2250 6883,2169 6578,2172 6286,2176 5994,2180 5702,2183 5410,2187 5118,2190 4826,2194 4534,2198 4242,2201 3950,2205 3657,2209 3365,2213 3073,2217 2781,2221 2489,2225 2197,2230 1905,2234 1613,2239 1321,2243 1029,2248"/>
                <Baseline points="1029,2302 1321,2297 1613,2293 1905,2288 2197,2284 2489,2279 2781,2275 3073,2271 3365,2267 3657,2263 3950,2259 4242,2255 4534,2252 4826,2248 5118,2244 5410,2241 5702,2237 5994,2234 6286,2230 6578,2226 6871,2223"/>
                <TextEquiv>
                    <Unicode>erben und nachkomen dem obgenanten unserm herren, seinen erben und nachkomen, kunigen ze Beheim, daz wir in und der cronen desselben kunigrichs alle die obgenanten vesten, stete, merkte und zugehorungen als sie dovor begriffen</Unicode>
                </TextEquiv>
            </TextLine>
            <TextLine id="r1l15" custom="readingOrder {index:14;} person {offset:78; length:16;} person {offset:126; length:37;}">
                <Coords points="1016,2437 1360,2438 1647,2435 1934,2431 2221,2427 2508,2423 2795,2419 3083,2415 3370,2410 3657,2406 3944,2402 4231,2398 4518,2394 4805,2390 5093,2387 5380,2384 5667,2381 5954,2379 6241,2377 6528,2376 6840,2360 6840,2279 6528,2295 6241,2296 5954,2298 5667,2300 5380,2303 5093,2306 4805,2309 4518,2313 4231,2317 3944,2321 3657,2325 3370,2329 3083,2334 2795,2338 2508,2342 2221,2346 1934,2350 1647,2354 1360,2357 1016,2356"/>
                <Baseline points="1073,2415 1360,2411 1647,2408 1934,2404 2221,2400 2508,2396 2795,2392 3083,2388 3370,2383 3657,2379 3944,2375 4231,2371 4518,2367 4805,2363 5093,2360 5380,2357 5667,2354 5954,2352 6241,2350 6528,2349 6816,2348"/>
                <TextEquiv>
                    <Unicode>sint, versprechen und entwerren sullen und wullen beinamen fur unser vettern, keyser Lodowigis seligen kinden, den hochgeborn fursten hertzogen Ruprecht den Eltern, unsers lieben vettern, und fur allermenlichen und</Unicode>
                </TextEquiv>
            </TextLine>
            <TextLine id="r1l16" custom="readingOrder {index:15;}">
                <Coords points="1044,2551 1334,2546 1625,2542 1916,2538 2206,2534 2497,2531 2788,2527 3078,2524 3369,2521 3660,2518 3951,2515 4241,2512 4532,2509 4823,2506 5113,2503 5404,2500 5695,2497 5985,2494 6276,2491 6567,2488 6858,2485 6858,2407 6567,2410 6276,2413 5985,2416 5695,2419 5404,2422 5113,2425 4823,2428 4532,2431 4241,2434 3951,2437 3660,2440 3369,2443 3078,2446 2788,2449 2497,2453 2206,2456 1916,2460 1625,2464 1334,2468 1044,2473"/>
                <Baseline points="1044,2525 1334,2520 1625,2516 1916,2512 2206,2508 2497,2505 2788,2501 3078,2498 3369,2495 3660,2492 3951,2489 4241,2486 4532,2483 4823,2480 5113,2477 5404,2474 5695,2471 5985,2468 6276,2465 6567,2462 6858,2459"/>
                <TextEquiv>
                    <Unicode>fur alle ansprache eyns iglichen, wie der genant sei, als in den landen recht und gewonlichen ist. Dovon geloben wir mit guten truwen anegeverde und mit gesworem eide fur uns, unser erben und nachkomen dem obgenanten</Unicode>
                </TextEquiv>
            </TextLine>
            <TextLine id="r1l17" custom="readingOrder {index:16;} structure {type:paragraph;} place {offset:54; length:6;}">
                <Coords points="1015,2656 1340,2653 1632,2650 1924,2647 2217,2644 2509,2641 2801,2638 3094,2635 3386,2632 3678,2629 3971,2626 4263,2623 4555,2620 4847,2617 5140,2615 5432,2613 5724,2611 6017,2609 6309,2607 6601,2606 6894,2605 6894,2527 6601,2528 6309,2529 6017,2531 5724,2533 5432,2535 5140,2537 4847,2539 4555,2542 4263,2545 3971,2548 3678,2551 3386,2554 3094,2557 2801,2560 2509,2563 2217,2566 1924,2569 1632,2572 1340,2575 1015,2578"/>
                <Baseline points="1048,2630 1340,2627 1632,2624 1924,2621 2217,2618 2509,2615 2801,2612 3094,2609 3386,2606 3678,2603 3971,2600 4263,2597 4555,2594 4847,2591 5140,2589 5432,2587 5724,2585 6017,2583 6309,2581 6601,2580 6894,2579"/>
                <TextEquiv>
                    <Unicode>unserm herren, seinen erben und nachkomen, kunigen ze Beheim, daz wir sie und auch die cronen desselben kunigreichs in allen den obgenanten vesten und iren zugehorungen, als sie dovor begriffen sin, bei allen rechten und guten gewon</Unicode>
                </TextEquiv>
            </TextLine>
            <TextLine id="r1l18" custom="readingOrder {index:17;} person {offset:65; length:18;}">
                <Coords points="1043,2759 1344,2761 1634,2758 1925,2754 2215,2752 2506,2749 2796,2747 3086,2745 3377,2743 3667,2742 3958,2740 4248,2739 4538,2738 4829,2737 5119,2735 5410,2734 5700,2733 5990,2731 6281,2729 6571,2727 6862,2725 6877,2631 6586,2633 6281,2650 5990,2652 5700,2654 5410,2655 5119,2656 4829,2658 4538,2659 4248,2660 3958,2661 3667,2663 3377,2664 3086,2666 2796,2668 2506,2670 2215,2673 1925,2675 1634,2679 1344,2682 1043,2680"/>
                <Baseline points="1054,2739 1344,2735 1634,2732 1925,2728 2215,2726 2506,2723 2796,2721 3086,2719 3377,2717 3667,2716 3958,2714 4248,2713 4538,2712 4829,2711 5119,2709 5410,2708 5700,2707 5990,2705 6281,2703 6571,2701 6862,2699"/>
                <TextEquiv>
                    <Unicode>heiten lazen sullen und wullen ewecliehen, dobei wir furmals den hertzogen Rudolfen seligen, unsern vettern obgenanten, gelazen haben und in den er bei uns uff diese zeit geseszen ist, und sie zu denselben rechten und</Unicode>
                </TextEquiv>
            </TextLine>
            <TextLine id="r1l19" custom="readingOrder {index:18;} place {offset:145; length:6;}">
                <Coords points="1019,2871 1354,2877 1646,2873 1938,2870 2230,2867 2523,2864 2815,2862 3107,2860 3399,2858 3691,2856 3984,2854 4276,2853 4568,2851 4860,2850 5152,2849 5445,2848 5737,2847 6029,2846 6321,2845 6613,2845 6906,2844 6906,2763 6613,2764 6321,2764 6029,2765 5737,2766 5445,2767 5152,2768 4860,2769 4568,2770 4276,2772 3984,2773 3691,2775 3399,2777 3107,2779 2815,2781 2523,2783 2230,2786 1938,2789 1646,2792 1354,2796 1019,2790"/>
                <Baseline points="1062,2853 1354,2850 1646,2846 1938,2843 2230,2840 2523,2837 2815,2835 3107,2833 3399,2831 3691,2829 3984,2827 4276,2826 4568,2824 4860,2823 5152,2822 5445,2821 5737,2820 6029,2819 6321,2818 6613,2818 6906,2817"/>
                <TextEquiv>
                    <Unicode>gewonheiten getruwelichen und fruntlichen schirmen und dobei behalten nach unserm vermogen anegeverde. Were auch, daz tzvisschen unserm lande zu Beiern, amptluten, luten und dienern beiden seiten dheinerlei uflauf</Unicode>
                </TextEquiv>
            </TextLine>
            <TextLine id="r1l20" custom="readingOrder {index:19;}">
                <Coords points="1035,2990 1342,2987 1634,2984 1927,2981 2219,2979 2512,2977 2804,2975 3096,2974 3389,2972 3681,2970 3974,2969 4266,2967 4558,2966 4851,2965 5143,2963 5436,2962 5728,2960 6020,2958 6313,2956 6605,2954 6898,2952 6898,2874 6605,2876 6313,2878 6020,2880 5728,2882 5436,2884 5143,2885 4851,2887 4558,2888 4266,2889 3974,2891 3681,2892 3389,2894 3096,2896 2804,2897 2512,2899 2219,2901 1927,2903 1634,2906 1342,2909 1035,2912"/>
                <Baseline points="1050,2964 1342,2961 1634,2958 1927,2955 2219,2953 2512,2951 2804,2949 3096,2948 3389,2946 3681,2944 3974,2943 4266,2941 4558,2940 4851,2939 5143,2937 5436,2936 5728,2934 6020,2932 6313,2930 6605,2928 6898,2926"/>
                <TextEquiv>
                    <Unicode>oder tzweiungen entstunden und man dieselben mit fruntsehafft nicht versunen muchte, die sol man mit dem rechten uztragen, als in den lande zu Beiern von alter recht und gewonlich gewesen ist. Mit urkunt</Unicode>
                </TextEquiv>
            </TextLine>
            <TextLine id="r1l21" custom="readingOrder {index:20;} place {offset:60; length:7;} date {offset:68; length:132;year:0; day:0; month:0;}">
                <Coords points="1015,3090 1336,3093 1627,3090 1917,3088 2208,3086 2498,3085 2789,3084 3079,3083 3370,3083 3660,3083 3951,3083 4241,3083 4532,3083 4822,3083 5113,3083 5403,3083 5694,3082 5984,3081 6275,3079 6565,3077 6856,3074 6856,2996 6565,2999 6275,3001 5984,3003 5694,3004 5403,3005 5113,3005 4822,3005 4532,3005 4241,3005 3951,3005 3660,3005 3370,3005 3079,3005 2789,3006 2498,3007 2208,3008 1917,3010 1627,3012 1336,3015 1015,3012"/>
                <Baseline points="1046,3070 1336,3067 1627,3064 1917,3062 2208,3060 2498,3059 2789,3058 3079,3057 3370,3057 3660,3057 3951,3057 4241,3057 4532,3057 4822,3057 5113,3057 5403,3057 5694,3056 5984,3055 6275,3053 6565,3051 6856,3048"/>
                <TextEquiv>
                    <Unicode>ditz brifes, versigelt mit unserm insigel, der geben ist zu Hagenow nach Crists geburt drautzen hundert jar, dornach in dem drau und funftzigstem jar, an dem nechsten mitwochen nach aller heiligen tag.</Unicode>
                </TextEquiv>
            </TextLine>
            <TextEquiv>
                <Unicode>Wir Ruprecht der Junge von Gots gnaden pfallentzgrafe bei Reyn und hertzog in Beiern bekennen und tun kunt offenlich mit diesem briefe allen den, die in sehent oder horent lesen, sint dem mal,
daz wir mit wolbedachtem mute, mit rate unser frunde und mit rechter wizzen dem allerdurchluchtigsten fursten und herren, hern Karle romischem kunige ze allen zeiten merer dez reichs und kunge zu
Beheim, unserm lieben gnedigen herren, seinen erben und nachkomen, kunigen ze Beheim, erbiclich und eweclich umb tzwelf tusent marck lotiges silbers, domit er uns aus unserm gevengnuz von Sachsen ge¬
ledigt und gelosit hat di nachgeschrieben vesten Nuwenstat, Sturnstein, Hirsow und Lichtenstein und dornach, umb tzwenzig tusent mark lotiges silbers, die er uff seliger gedechntnuz den hochgeborn fursten
hern Rudolfen etwenn pfallentzgrafen bei Rein und hertzogen in Beiern, unsern lieben vettern, uns wizzentlich gewendet und im gelihen hat, die nachgeschriben vesten, stete und merkte Sultzbach, Rosemberg, Hirtenstein, Niedstein,
Turrendorf, Hiltpoltstein, Hoenstein, Lichtenecke, Frankemberg, Lauffen, Eschembach, Hersbrücke, Aurbach, Velden, Begnicz und daz Plech und allez, daz der egenant unser vetter zu Beiern innegehabt und besezzen hat, mit allen dorfen,
leuten, herschefften, guten, gerichten, bennen, zollen, geleiten, vorsten, wiltpennen, gulden, zinsen, nutzen, vellin, welden, puschen, geiageden, vogelweiden, wiesen, weiden, wazzern, mulen, wazzerleuften, deichen, vischereien,
bergen, grunden, slichten, gemirken, kreizzen, weichpilden und allen nutzen, ob und under der erden, wie man die benennen mag, und auch mit rittern, knechten, mannen, manschefften, lehen, lehenschefften, verlehenten guten, 
kirchlehen und gotsgaben, dienern, pfantschefften von dem reich oder sust von ymand anders und allen zugehorungen, erbe und eigen, als iz gelegen ist, pfantschaft fur pfantschaft, recht und redelich, verkauft haben in aller der
mazzen, als sei der obgenant unser vetter seliger inngehabt und besezzen hat, und als sei von seinem tode uff uns erbeclich vervallen waren, und uns auch vertziehen haben vor uns, unser erben und nachkomen ewiclich allis rechten, an¬
sprachen und anredungen, die wir zu den obgenanten vesten, steten, merkten und allen zugehorungen, als sei dovor begriffen sint, gehabt haben, haben oder gehaben muchten in dheine weis, und uns auchvertzeihen haben aller hilfe
geistlichs und werentlichs rechten und aller gesetze keiserlicher und babstlicher buche, der lande gewonheit und aller ubungen und behaltnuzz, domit derselbe kouff muchte in dheine weis gehindert werden, und meynen,
daz wir, unser erben und nachkomen uns domit nymer in dheinen zeiten mit dem rechten oder mit der tat,mit worten oder werken behelfen sullen oder wullen. Auch han wir gelobt mit guten truwen anegeverde vor uns, unser
erben und nachkomen dem obgenanten unserm herren, seinen erben und nachkomen, kunigen ze Beheim, daz wir in und der cronen desselben kunigrichs alle die obgenanten vesten, stete, merkte und zugehorungen als sie dovor begriffen
sint, versprechen und entwerren sullen und wullen beinamen fur unser vettern, keyser Lodowigis seligen kinden, den hochgeborn fursten hertzogen Ruprecht den Eltern, unsers lieben vettern, und fur allermenlichen und
fur alle ansprache eyns iglichen, wie der genant sei, als in den landen recht und gewonlichen ist. Dovon geloben wir mit guten truwen anegeverde und mit gesworem eide fur uns, unser erben und nachkomen dem obgenanten
unserm herren, seinen erben und nachkomen, kunigen ze Beheim, daz wir sie und auch die cronen desselben kunigreichs in allen den obgenanten vesten und iren zugehorungen, als sie dovor begriffen sin, bei allen rechten und guten gewon
heiten lazen sullen und wullen ewecliehen, dobei wir furmals den hertzogen Rudolfen seligen, unsern vettern obgenanten, gelazen haben und in den er bei uns uff diese zeit geseszen ist, und sie zu denselben rechten und
gewonheiten getruwelichen und fruntlichen schirmen und dobei behalten nach unserm vermogen anegeverde. Were auch, daz tzvisschen unserm lande zu Beiern, amptluten, luten und dienern beiden seiten dheinerlei uflauf
oder tzweiungen entstunden und man dieselben mit fruntsehafft nicht versunen muchte, die sol man mit dem rechten uztragen, als in den lande zu Beiern von alter recht und gewonlich gewesen ist. Mit urkunt
ditz brifes, versigelt mit unserm insigel, der geben ist zu Hagenow nach Crists geburt drautzen hundert jar, dornach in dem drau und funftzigstem jar, an dem nechsten mitwochen nach aller heiligen tag.</Unicode>
            </TextEquiv>
        </TextRegion>
        <TextRegion id="region_1564396244034_28" custom="readingOrder {index:1;}">
            <Coords points="6730,3771 6243,3771 6243,3527 6730,3527"/>
            <TextLine id="line_1564396264369_37" custom="readingOrder {index:0;} person {offset:0; length:11;}">
                <Coords points="6309,3720 6693,3720 6693,3587 6309,3587"/>
                <TextEquiv>
                    <Unicode>Wesaliensis</Unicode>
                </TextEquiv>
            </TextLine>
            <TextEquiv>
                <Unicode>Wesaliensis</Unicode>
            </TextEquiv>
        </TextRegion>
    </Page>
</PcGts>
