<?xml version="1.0" encoding="UTF-8" standalone="yes"?>
<PcGts xmlns="http://schema.primaresearch.org/PAGE/gts/pagecontent/2013-07-15" xmlns:xsi="http://www.w3.org/2001/XMLSchema-instance" xsi:schemaLocation="http://schema.primaresearch.org/PAGE/gts/pagecontent/2013-07-15 http://schema.primaresearch.org/PAGE/gts/pagecontent/2013-07-15/pagecontent.xsd">
    <Metadata>
        <Creator>prov=University of Rostock/Institute of Mathematics/CITlab/Tobias Gruening/tobias.gruening@uni-rostock.de:name=/net_tf/LA73_249_0mod360.pb:de.uros.citlab.segmentation.CITlab_LA_ML:v=2.3.1
TRP</Creator>
        <Created>2019-07-15T09:16:35.190+02:00</Created>
        <LastChange>2019-11-15T16:16:58.667+01:00</LastChange>
        <TranskribusMetadata docId="183162" pageId="7332588" pageNr="1" tsid="19414568" status="IN_PROGRESS" userId="38723" imgUrl="https://files.transkribus.eu/Get?id=NGGCBXOAQWZLGSCUBQCHOFWN&amp;fileType=view" xmlUrl="https://files.transkribus.eu/Get?id=JYLRQUKPLVAWNEAMDZCUEQKZ" imageId="4399288"/>
    </Metadata>
    <Page imageFilename="NA-ACK_13481002_00315_r.jpg" imageWidth="7415" imageHeight="4804">
        <ReadingOrder>
            <OrderedGroup id="ro_1575392122117" caption="Regions reading order">
                <RegionRefIndexed index="0" regionRef="r1"/>
                <RegionRefIndexed index="1" regionRef="region_1563787717482_580"/>
            </OrderedGroup>
        </ReadingOrder>
        <TextRegion orientation="0.0" id="r1" custom="readingOrder {index:0;}">
            <Coords points="345,247 319,3653 6023,3592 5852,279"/>
            <TextLine id="r1l1" custom="readingOrder {index:0;} person {offset:4; length:86;} place {offset:39; length:7;} place {offset:52; length:24;} person {offset:92; length:29;} place {offset:117; length:4;} person {offset:123; length:38;} place {offset:154; length:7;} person {offset:163; length:30;} place {offset:182; length:11;}">
                <Coords points="694,844 977,838 1228,829 1479,820 1730,811 1981,803 2232,794 2483,787 2734,779 2985,772 3237,765 3488,759 3739,754 3990,749 4241,744 4492,741 4743,739 4994,738 5245,738 5496,738 5748,740 5731,644 5485,630 5246,620 4968,647 4729,641 4493,641 4240,647 3991,647 3735,654 3467,691 3234,704 2978,701 2719,694 2473,708 2227,718 1971,714 1752,728 1469,731 1210,744 990,731 684,721"/>
                <Baseline points="726,831 977,822 1228,813 1479,804 1730,795 1981,787 2232,778 2483,771 2734,763 2985,756 3237,749 3488,743 3739,738 3990,733 4241,728 4492,725 4743,723 4994,722 5245,722 5496,722 5748,724"/>
                <TextEquiv>
                    <Unicode>Wir Rudolph von Gots gnaden herczog ze Sachsen, des heilgen Romischen reichs erczmarschalk, Arnestus, erczpischof ze Prag, Rudolph der jünger, herczog ze Sachsen, Johans, herczog ze Mekkelnburg, von den</Unicode>
                </TextEquiv>
            </TextLine>
            <TextLine id="r1l2" custom="readingOrder {index:1;} person {offset:20; length:46;} place {offset:39; length:10;} place {offset:60; length:6;} person {offset:68; length:25;} place {offset:88; length:5;} person {offset:95; length:28;} place {offset:116; length:7;} person {offset:125; length:25;} place {offset:144; length:6;} person {offset:152; length:19;} place {offset:167; length:4;} person {offset:173; length:15;} place {offset:182; length:6;} person {offset:190; length:9; continued:true;}">
                <Coords points="726,915 977,906 1228,898 1479,890 1730,881 1981,873 2232,864 2483,856 2734,848 2985,841 3237,834 3488,827 3739,821 3990,816 4241,812 4492,809 4743,807 4994,806 5245,806 5496,808 5748,811 5748,762 5496,759 5245,757 4994,757 4743,758 4492,760 4241,763 3990,767 3739,772 3488,778 3237,785 2985,792 2734,799 2483,807 2232,815 1981,824 1730,832 1479,841 1228,849 977,857 726,866"/>
                <Baseline points="726,899 977,890 1228,882 1479,874 1730,865 1981,857 2232,848 2483,840 2734,832 2985,825 3237,818 3488,811 3739,805 3990,800 4241,796 4492,793 4743,791 4994,790 5245,790 5496,792 5748,795"/>
                <TextEquiv>
                    <Unicode>selben Gots genaden Albrecht, graf von Mogelingen, herre ze Barbey, Andreas, rittir von Globk, Albrecht, rittir von Warburg, Didrich, probst ze Berlyn, Andres von der Dwbe, Bote von Turgow, Jeske von</Unicode>
                </TextEquiv>
            </TextLine>
            <TextLine id="r1l3" custom="readingOrder {index:2;} place {offset:0; length:12;} person {offset:0; length:12; continued:true;} person {offset:14; length:20;} place {offset:24; length:10;} person {offset:39; length:18;} place {offset:48; length:9;}">
                <Coords points="720,987 971,979 1223,970 1475,962 1727,953 1979,944 2231,936 2483,927 2735,920 2987,912 3239,905 3490,899 3742,893 3994,889 4246,885 4498,882 4750,880 5002,879 5254,880 5506,882 5758,886 5758,835 5506,831 5254,829 5002,828 4750,829 4498,831 4246,834 3994,838 3742,842 3490,848 3239,854 2987,861 2735,869 2483,876 2231,885 1979,893 1727,902 1475,911 1223,919 971,928 720,936"/>
                <Baseline points="720,970 971,962 1223,953 1475,945 1727,936 1979,927 2231,919 2483,910 2735,903 2987,895 3239,888 3490,882 3742,876 3994,872 4246,868 4498,865 4750,863 5002,862 5254,863 5506,865 5758,869"/>
                <TextEquiv>
                    <Unicode>Michilspergs, Wanke von Wartenberg und Jost von Rosenberg verjehen und tun kunt offenlich mit disem brief allen den, di in sehent, horent odir lesent, das wir dobei gewesin seint, und das gesehen und gehort habn, </Unicode>
                </TextEquiv>
            </TextLine>
            <TextLine id="r1l4" custom="readingOrder {index:3;} person {offset:138; length:74; continued:true;} place {offset:159; length:11;} place {offset:178; length:10;}">
                <Coords points="722,1061 975,1054 1229,1047 1483,1039 1736,1030 1990,1022 2244,1014 2497,1005 2751,997 3005,990 3259,982 3512,975 3766,969 4020,964 4273,960 4527,956 4781,954 5034,953 5288,954 5542,956 5796,959 5796,908 5542,905 5288,903 5034,902 4781,903 4527,905 4273,909 4020,913 3766,918 3512,924 3259,931 3005,939 2751,946 2497,954 2244,963 1990,971 1736,979 1483,988 1229,996 975,1003 722,1010"/>
                <Baseline points="722,1044 975,1037 1229,1030 1483,1022 1736,1013 1990,1005 2244,997 2497,988 2751,980 3005,973 3259,965 3512,958 3766,952 4020,947 4273,943 4527,939 4781,937 5034,936 5288,937 5542,939 5796,942"/>
                <TextEquiv>
                    <Unicode>und dorubir zu geczwge geschriben und gebeten sein und geczwgen, ouch das mit craft dicz briefs, das der hochgeborne fürste und herre her Woldmar, marggraf ze Brandemburg und ze Landisperg, des Heilgen Romischen </Unicode>
                </TextEquiv>
            </TextLine>
            <TextLine id="r1l5" custom="readingOrder {index:4;} person {offset:0; length:18; continued:true;} person {offset:131; length:73;} place {offset:198; length:6;}">
                <Coords points="722,1131 975,1124 1228,1117 1481,1109 1734,1102 1988,1094 2241,1086 2494,1079 2747,1071 3000,1064 3254,1058 3507,1051 3760,1045 4013,1040 4266,1036 4520,1032 4773,1029 5026,1027 5279,1026 5532,1027 5786,1028 5786,977 5532,976 5279,975 5026,976 4773,978 4520,981 4266,985 4013,989 3760,994 3507,1000 3254,1007 3000,1013 2747,1020 2494,1028 2241,1035 1988,1043 1734,1051 1481,1058 1228,1066 975,1073 722,1080"/>
                <Baseline points="722,1114 975,1107 1228,1100 1481,1092 1734,1085 1988,1077 2241,1069 2494,1062 2747,1054 3000,1047 3254,1041 3507,1034 3760,1028 4013,1023 4266,1019 4520,1015 4773,1012 5026,1010 5279,1009 5532,1010 5786,1011"/>
                <TextEquiv>
                    <Unicode>reichs erczkamerer, angesehen hat die trewe und di genade, di im der allerdurchleuchtigister fürste und unsirr genediger herre her KarI, Romischer kung, ze allen zeiten merer des reichs und kung ze Beheim, sein land ze ge¬</Unicode>
                </TextEquiv>
            </TextLine>
            <TextLine id="r1l6" custom="readingOrder {index:5;} place {offset:107; length:6;} place {offset:150; length:6;}">
                <Coords points="742,1206 994,1198 1247,1190 1500,1182 1752,1174 2005,1165 2258,1157 2510,1150 2763,1141 3016,1134 3269,1128 3521,1122 3774,1116 4027,1111 4279,1107 4532,1104 4785,1101 5037,1100 5290,1100 5543,1101 5796,1104 5796,1052 5543,1049 5290,1048 5037,1048 4785,1049 4532,1052 4279,1055 4027,1059 3774,1064 3521,1070 3269,1076 3016,1082 2763,1089 2510,1098 2258,1105 2005,1113 1752,1122 1500,1130 1247,1138 994,1146 742,1154"/>
                <Baseline points="742,1189 994,1181 1247,1173 1500,1165 1752,1157 2005,1148 2258,1140 2510,1133 2763,1124 3016,1117 3269,1111 3521,1105 3774,1099 4027,1094 4279,1090 4532,1087 4785,1084 5037,1083 5290,1083 5543,1084 5796,1087"/>
                <TextEquiv>
                    <Unicode>wynnen und noth wol erczeigen mag, und hat dem vorgenanten unsirn herren, dem romischen kunge und kunge ze Beheim, sein erben und nochkomen kungen ze Beheim und dem selben kungreich und der cronen </Unicode>
                </TextEquiv>
            </TextLine>
            <TextLine id="r1l7" custom="readingOrder {index:6;} place {offset:3; length:6;} place {offset:64; length:6;}">
                <Coords points="740,1278 992,1271 1244,1263 1496,1255 1748,1247 2000,1240 2252,1231 2505,1224 2757,1216 3009,1209 3261,1202 3513,1196 3765,1190 4017,1185 4270,1181 4522,1178 4774,1176 5026,1175 5278,1175 5530,1177 5783,1180 5783,1128 5530,1125 5278,1123 5026,1123 4774,1124 4522,1126 4270,1129 4017,1133 3765,1138 3513,1144 3261,1150 3009,1157 2757,1164 2505,1172 2252,1179 2000,1188 1748,1195 1496,1203 1244,1211 992,1219 740,1226"/>
                <Baseline points="740,1261 992,1254 1244,1246 1496,1238 1748,1230 2000,1223 2252,1214 2505,1207 2757,1199 3009,1192 3261,1185 3513,1179 3765,1173 4017,1168 4270,1164 4522,1161 4774,1159 5026,1158 5278,1158 5530,1160 5783,1163"/>
                <TextEquiv>
                    <Unicode>ze Beheim geben und verschriben mit seinen briefen, di marck ze Lwsicz mit dem land und mit allen steten, festen, merkten, dorfern, herren, mannen, lehen, virlehenten guten, rittirn, knechten, schultheizzen, ge¬</Unicode>
                </TextEquiv>
            </TextLine>
            <TextLine id="r1l8" custom="readingOrder {index:7;}">
                <Coords points="750,1348 1000,1342 1250,1337 1500,1330 1750,1324 2000,1317 2250,1310 2500,1302 2750,1295 3000,1289 3250,1283 3500,1277 3750,1271 4000,1266 4250,1262 4500,1259 4750,1256 5000,1254 5250,1254 5500,1254 5750,1256 5750,1204 5500,1202 5250,1202 5000,1202 4750,1204 4500,1207 4250,1210 4000,1214 3750,1219 3500,1225 3250,1231 3000,1237 2750,1243 2500,1250 2250,1258 2000,1265 1750,1272 1500,1278 1250,1285 1000,1290 750,1296"/>
                <Baseline points="750,1331 1000,1325 1250,1320 1500,1313 1750,1307 2000,1300 2250,1293 2500,1285 2750,1278 3000,1272 3250,1266 3500,1260 3750,1254 4000,1249 4250,1245 4500,1242 4750,1239 5000,1237 5250,1237 5500,1237 5750,1239"/>
                <TextEquiv>
                    <Unicode>pawirn mit welden, pwschin, bergen, gründen, slichten, wazzirn und wazzirsleuften und mit allen rechten, gewonheiten, freiheiten, eren, wirden, gülden, nuczczen und herseheften und mit aller zugehorunge, wi¬ </Unicode>
                </TextEquiv>
            </TextLine>
            <TextLine id="r1l9" custom="readingOrder {index:8;} place {offset:102; length:11;} place {offset:134; length:6;}">
                <Coords points="748,1428 997,1422 1246,1417 1495,1411 1744,1404 1993,1397 2242,1389 2491,1382 2740,1375 2989,1367 3238,1361 3487,1354 3736,1347 3985,1342 4234,1338 4483,1334 4732,1331 4981,1330 5230,1329 5479,1331 5728,1334 5728,1277 5479,1274 5230,1272 4981,1273 4732,1274 4483,1277 4234,1281 3985,1285 3736,1290 3487,1297 3238,1304 2989,1310 2740,1318 2491,1325 2242,1332 1993,1340 1744,1347 1495,1354 1246,1360 997,1365 748,1371"/>
                <Baseline points="748,1409 997,1403 1246,1398 1495,1392 1744,1385 1993,1378 2242,1370 2491,1363 2740,1356 2989,1348 3238,1342 3487,1335 3736,1328 3985,1323 4234,1319 4483,1315 4732,1312 4981,1311 5230,1310 5479,1312 5728,1315"/>
                <TextEquiv>
                    <Unicode>man di mit besundirn worten benennen mag, als er und seliger gedechtnuzz, seine vorfarn marggraven ze Brandemburg, di selben marke ze Lwsicz mit dem land besessin hat und hat gelobt mit guten </Unicode>
                </TextEquiv>
            </TextLine>
            <TextLine id="r1l10" custom="readingOrder {index:9;} place {offset:154; length:6;}">
                <Coords points="746,1510 995,1504 1245,1497 1494,1490 1744,1482 1994,1475 2243,1467 2493,1459 2743,1452 2992,1445 3242,1438 3492,1431 3741,1426 3991,1421 4241,1416 4490,1412 4740,1410 4990,1408 5239,1407 5489,1407 5739,1409 5739,1354 5489,1352 5239,1352 4990,1353 4740,1355 4490,1357 4241,1361 3991,1366 3741,1371 3492,1376 3242,1383 2992,1390 2743,1397 2493,1404 2243,1412 1994,1420 1744,1427 1494,1435 1245,1442 995,1449 746,1455"/>
                <Baseline points="746,1492 995,1486 1245,1479 1494,1472 1744,1464 1994,1457 2243,1449 2493,1441 2743,1434 2992,1427 3242,1420 3492,1413 3741,1408 3991,1403 4241,1398 4490,1394 4740,1392 4990,1390 5239,1389 5489,1389 5739,1391"/>
                <TextEquiv>
                    <Unicode>trewen on geverd, das er alle stete, festen, herren, ritter, knechte, burger, sehultheizzen, gepawirr und allermenngleich in der selben marke und land ze Lwsicz an den vorgenanten unsirn herren, den romischen kung </Unicode>
                </TextEquiv>
            </TextLine>
            <TextLine id="r1l11" custom="readingOrder {index:10;} place {offset:12; length:6;} place {offset:57; length:6;} place {offset:185; length:7; continued:true;}">
                <Coords points="745,1590 994,1583 1243,1577 1492,1570 1742,1562 1991,1555 2240,1548 2490,1542 2739,1534 2988,1528 3238,1521 3487,1515 3736,1509 3985,1503 4235,1499 4484,1494 4733,1490 4983,1487 5232,1485 5481,1483 5731,1482 5731,1428 5481,1429 5232,1431 4983,1433 4733,1436 4484,1440 4235,1445 3985,1449 3736,1455 3487,1461 3238,1467 2988,1474 2739,1480 2490,1488 2240,1494 1991,1501 1742,1508 1492,1516 1243,1523 994,1529 745,1536"/>
                <Baseline points="745,1572 994,1565 1243,1559 1492,1552 1742,1544 1991,1537 2240,1530 2490,1524 2739,1516 2988,1510 3238,1503 3487,1497 3736,1491 3985,1485 4235,1481 4484,1476 4733,1472 4983,1469 5232,1467 5481,1465 5731,1464"/>
                <TextEquiv>
                    <Unicode>und kung ze Beheim, seinen erben und nochkomen kungen ze Beheim on allen fürgeczog leiten und wisen sulle und welle und hat ouch gelobt für sich, sein erben und nachkomen marggraven ze Brandem¬</Unicode>
                </TextEquiv>
            </TextLine>
            <TextLine id="r1l12" custom="readingOrder {index:11;} place {offset:0; length:4; continued:true;} place {offset:74; length:6;}">
                <Coords points="754,1662 1002,1656 1251,1649 1499,1643 1748,1637 1997,1630 2245,1625 2494,1619 2743,1613 2991,1607 3240,1602 3489,1596 3737,1591 3986,1586 4235,1582 4483,1577 4732,1573 4981,1569 5229,1566 5478,1562 5727,1559 5727,1505 5478,1508 5229,1512 4981,1515 4732,1519 4483,1523 4235,1528 3986,1532 3737,1537 3489,1542 3240,1548 2991,1553 2743,1559 2494,1565 2245,1571 1997,1576 1748,1583 1499,1589 1251,1595 1002,1602 754,1608"/>
                <Baseline points="754,1644 1002,1638 1251,1631 1499,1625 1748,1619 1997,1612 2245,1607 2494,1601 2743,1595 2991,1589 3240,1584 3489,1578 3737,1573 3986,1568 4235,1564 4483,1559 4732,1555 4981,1551 5229,1548 5478,1544 5727,1541"/>
                <TextEquiv>
                    <Unicode>burg, das si dem selben unserm herren, sein erben und nochkomen kungen ze Beheim, dorczu mit aller macht, wi und wenn si das ermanen mit gantzen trewen behulfen sein wellen widir allermenn¬</Unicode>
                </TextEquiv>
            </TextLine>
            <TextLine id="r1l13" custom="readingOrder {index:12;} place {offset:57; length:6;}">
                <Coords points="733,1745 1024,1737 1272,1729 1520,1721 1769,1714 2017,1706 2265,1699 2513,1692 2762,1686 3010,1680 3258,1674 3506,1670 3755,1665 4003,1660 4251,1656 4499,1653 4748,1650 4996,1648 5244,1645 5492,1644 5741,1643 5741,1583 5492,1584 5244,1585 4996,1588 4748,1590 4499,1593 4251,1596 4003,1600 3755,1605 3506,1610 3258,1614 3010,1620 2762,1626 2513,1632 2265,1639 2017,1646 1769,1654 1520,1661 1272,1669 1024,1677 733,1678"/>
                <Baseline points="776,1726 1024,1717 1272,1709 1520,1701 1769,1694 2017,1686 2265,1679 2513,1672 2762,1666 3010,1660 3258,1654 3506,1650 3755,1645 4003,1640 4251,1636 4499,1633 4748,1630 4996,1628 5244,1625 5492,1624 5741,1623"/>
                <TextEquiv>
                    <Unicode>gleich niemand uz zenemen, das si di vorgenante marke ze Lwsicz mit dem land, steten, merkten, herren, mannen, rittern und knechten und mit allir zugehorunge als vorgesehriben stet, gar und gentz¬</Unicode>
                </TextEquiv>
            </TextLine>
            <TextLine id="r1l14" custom="readingOrder {index:13;}">
                <Coords points="758,1835 1004,1824 1250,1813 1496,1803 1742,1794 1988,1786 2234,1778 2480,1771 2726,1764 2972,1758 3218,1752 3464,1747 3710,1742 3956,1738 4202,1734 4448,1730 4694,1726 4940,1723 5186,1720 5432,1717 5679,1714 5679,1656 5432,1659 5186,1662 4940,1665 4694,1668 4448,1672 4202,1676 3956,1680 3710,1684 3464,1689 3218,1694 2972,1700 2726,1706 2480,1713 2234,1720 1988,1728 1742,1736 1496,1745 1250,1755 1004,1766 758,1777"/>
                <Baseline points="758,1816 1004,1805 1250,1794 1496,1784 1742,1775 1988,1767 2234,1759 2480,1752 2726,1745 2972,1739 3218,1733 3464,1728 3710,1723 3956,1719 4202,1715 4448,1711 4694,1707 4940,1704 5186,1701 5432,1698 5679,1695"/>
                <TextEquiv>
                    <Unicode>lich erkriegen und in iren gehorsam bringen und dorumb sagt er mit craft seiner briefe ledig und loz alle herren, ritter, knechte, stete, purger, schultheizzen, pawirr und allirmenngleich, di in </Unicode>
                </TextEquiv>
            </TextLine>
            <TextLine id="r1l15" custom="readingOrder {index:14;} place {offset:34; length:6;} place {offset:174; length:11;}">
                <Coords points="744,1919 993,1907 1242,1896 1491,1886 1740,1876 1989,1867 2238,1858 2487,1851 2736,1843 2985,1837 3235,1830 3484,1825 3733,1819 3982,1814 4231,1809 4480,1805 4729,1801 4978,1797 5227,1794 5476,1791 5726,1787 5726,1729 5476,1733 5227,1736 4978,1739 4729,1743 4480,1747 4231,1751 3982,1756 3733,1761 3484,1767 3235,1772 2985,1779 2736,1785 2487,1793 2238,1800 1989,1809 1740,1818 1491,1828 1242,1838 993,1849 744,1861"/>
                <Baseline points="744,1900 993,1888 1242,1877 1491,1867 1740,1857 1989,1848 2238,1839 2487,1832 2736,1824 2985,1818 3235,1811 3484,1806 3733,1800 3982,1795 4231,1790 4480,1786 4729,1782 4978,1778 5227,1775 5476,1772 5726,1768"/>
                <TextEquiv>
                    <Unicode>der vorgenanten marke und land ze Lwsicz wonhaftig sein odir dorin gehorn, aller huldunge, trewen und eydes, der si im und seliger gedechtnuzze, seinen vorfarn marggraven ze Brandemburg vir¬</Unicode>
                </TextEquiv>
            </TextLine>
            <TextLine id="r1l16" custom="readingOrder {index:15;}">
                <Coords points="758,2004 1005,1991 1253,1979 1501,1968 1748,1958 1996,1949 2244,1941 2491,1933 2739,1926 2987,1920 3235,1914 3482,1908 3730,1904 3978,1899 4225,1894 4473,1890 4721,1886 4968,1882 5216,1877 5464,1873 5712,1868 5712,1808 5464,1813 5216,1817 4968,1822 4721,1826 4473,1830 4225,1834 3978,1839 3730,1844 3482,1848 3235,1854 2987,1860 2739,1866 2491,1873 2244,1881 1996,1889 1748,1898 1501,1908 1253,1919 1005,1931 758,1944"/>
                <Baseline points="758,1984 1005,1971 1253,1959 1501,1948 1748,1938 1996,1929 2244,1921 2491,1913 2739,1906 2987,1900 3235,1894 3482,1888 3730,1884 3978,1879 4225,1874 4473,1870 4721,1866 4968,1862 5216,1857 5464,1853 5712,1848"/>
                <TextEquiv>
                    <Unicode>bunden gewesin seint und welhe undir in das von im selber horen wellen, den gelobt er mit guten trewen on geverd, das er in das selbir sagen, welle mit seines selbes munde und </Unicode>
                </TextEquiv>
            </TextLine>
            <TextLine id="r1l17" custom="readingOrder {index:16;}">
                <Coords points="718,2093 1002,2079 1252,2065 1502,2052 1752,2042 2002,2031 2252,2022 2502,2014 2752,2007 3002,2000 3252,1994 3502,1989 3752,1983 4002,1978 4252,1974 4502,1969 4752,1965 5002,1960 5252,1955 5502,1950 5752,1945 5752,1885 5502,1890 5252,1895 5002,1900 4752,1905 4502,1909 4252,1914 4002,1918 3752,1923 3502,1929 3252,1934 3002,1940 2752,1947 2502,1954 2252,1962 2002,1971 1752,1982 1502,1992 1252,2005 1002,2019 718,2031"/>
                <Baseline points="752,2073 1002,2059 1252,2045 1502,2032 1752,2022 2002,2011 2252,2002 2502,1994 2752,1987 3002,1980 3252,1974 3502,1969 3752,1963 4002,1958 4252,1954 4502,1949 4752,1945 5002,1940 5252,1935 5502,1930 5752,1925"/>
                <TextEquiv>
                    <Unicode>in sein offen briefe dorubir geben, ob si des muten und hat geboten in allen gemeinlichin und itlichim besundern, mit craft seinir briefe, gleichirwis als ob er selbir in das gebote mit seines selbis munde, </Unicode>
                </TextEquiv>
            </TextLine>
            <TextLine id="r1l18" custom="readingOrder {index:17;} place {offset:81; length:6;} place {offset:126; length:6;}">
                <Coords points="742,2169 991,2157 1241,2146 1491,2135 1741,2125 1991,2115 2241,2106 2490,2097 2740,2089 2990,2081 3240,2074 3490,2067 3740,2060 3990,2055 4239,2049 4489,2044 4739,2040 4989,2035 5239,2032 5489,2028 5739,2025 5739,1965 5489,1968 5239,1972 4989,1975 4739,1980 4489,1984 4239,1989 3990,1995 3740,2000 3490,2007 3240,2014 2990,2021 2740,2029 2490,2037 2241,2046 1991,2055 1741,2065 1491,2075 1241,2086 991,2097 742,2109"/>
                <Baseline points="742,2149 991,2137 1241,2126 1491,2115 1741,2105 1991,2095 2241,2086 2490,2077 2740,2069 2990,2061 3240,2054 3490,2047 3740,2040 3990,2035 4239,2029 4489,2024 4739,2020 4989,2015 5239,2012 5489,2008 5739,2005"/>
                <TextEquiv>
                    <Unicode>das si dem vorgenanten unsirm genedigen herren, dem Romischen kunge und kunge ze Beheim, seinen erben und nochkomen kungen ze Beheim hulden, swern und geloben sullen, getrewe, gehorsam </Unicode>
                </TextEquiv>
            </TextLine>
            <TextLine id="r1l19" custom="readingOrder {index:18;} place {offset:124; length:11;}">
                <Coords points="732,2247 981,2235 1231,2224 1481,2214 1731,2203 1981,2193 2231,2185 2481,2176 2731,2167 2981,2158 3231,2151 3480,2144 3730,2137 3980,2131 4230,2125 4480,2119 4730,2114 4980,2110 5230,2106 5480,2103 5730,2100 5730,2042 5480,2045 5230,2048 4980,2052 4730,2056 4480,2061 4230,2067 3980,2073 3730,2079 3480,2086 3231,2093 2981,2100 2731,2109 2481,2118 2231,2127 1981,2135 1731,2145 1481,2156 1231,2166 981,2177 732,2189"/>
                <Baseline points="732,2228 981,2216 1231,2205 1481,2195 1731,2184 1981,2174 2231,2166 2481,2157 2731,2148 2981,2139 3231,2132 3480,2125 3730,2118 3980,2112 4230,2106 4480,2100 4730,2095 4980,2091 5230,2087 5480,2084 5730,2081"/>
                <TextEquiv>
                    <Unicode>und undirtenig ze sein, als iren rechten erpherren, und hat sich verzigen für sich, seine erben und nochkomen marggraven ze Brandemburg mit bedachtem mute, mit guten willen und mit ful¬</Unicode>
                </TextEquiv>
            </TextLine>
            <TextLine id="r1l20" custom="readingOrder {index:19;} place {offset:91; length:6;}">
                <Coords points="755,2326 1002,2314 1250,2303 1498,2291 1746,2281 1994,2272 2242,2263 2489,2255 2737,2246 2985,2239 3233,2233 3481,2226 3729,2220 3977,2214 4224,2208 4472,2202 4720,2196 4968,2191 5216,2185 5464,2179 5712,2174 5712,2117 5464,2122 5216,2128 4968,2134 4720,2139 4472,2145 4224,2151 3977,2157 3729,2163 3481,2169 3233,2176 2985,2182 2737,2189 2489,2198 2242,2206 1994,2215 1746,2224 1498,2234 1250,2246 1002,2257 755,2269"/>
                <Baseline points="755,2307 1002,2295 1250,2284 1498,2272 1746,2262 1994,2253 2242,2244 2489,2236 2737,2227 2985,2220 3233,2214 3481,2207 3729,2201 3977,2195 4224,2189 4472,2183 4720,2177 4968,2172 5216,2166 5464,2160 5712,2155"/>
                <TextEquiv>
                    <Unicode>lem rate alles rechtes ansproche und anredunge, di si zu der vorgenanten marke und land ze Lwsicz herren, steten, festen, mannen, purgern, leuten armen und reichen und allir zugehorunge, als </Unicode>
                </TextEquiv>
            </TextLine>
            <TextLine id="r1l21" custom="readingOrder {index:20;} place {offset:90; length:8;} place {offset:103; length:7;}">
                <Coords points="744,2413 995,2398 1247,2384 1499,2372 1750,2360 2002,2350 2254,2340 2505,2331 2757,2323 3009,2316 3261,2309 3512,2302 3764,2296 4016,2291 4267,2286 4519,2281 4771,2276 5022,2271 5274,2265 5526,2260 5778,2254 5778,2197 5526,2203 5274,2208 5022,2214 4771,2219 4519,2224 4267,2229 4016,2234 3764,2239 3512,2245 3261,2252 3009,2259 2757,2266 2505,2274 2254,2283 2002,2293 1750,2303 1499,2315 1247,2327 995,2341 744,2356"/>
                <Baseline points="744,2394 995,2379 1247,2365 1499,2353 1750,2341 2002,2331 2254,2321 2505,2312 2757,2304 3009,2297 3261,2290 3512,2283 3764,2277 4016,2272 4267,2267 4519,2262 4771,2257 5022,2252 5274,2246 5526,2241 5778,2235"/>
                <TextEquiv>
                    <Unicode>vorgesehriben ist habn, gehabt habn odir gehaben möchten, und binamen ob er zu den steten Budissin und Gorlitz und irr zugehorunge dhein recht odir ansproche gehabt hette, der begibt und </Unicode>
                </TextEquiv>
            </TextLine>
            <TextLine id="r1l22" custom="readingOrder {index:21;} person {offset:133; length:39;} place {offset:166; length:6;}">
                <Coords points="746,2501 994,2484 1242,2469 1490,2455 1738,2442 1987,2430 2235,2419 2483,2410 2731,2402 2979,2394 3228,2387 3476,2380 3724,2374 3972,2369 4220,2364 4469,2359 4717,2354 4965,2349 5213,2343 5461,2338 5710,2332 5710,2272 5461,2278 5213,2283 4965,2289 4717,2294 4469,2299 4220,2304 3972,2309 3724,2314 3476,2320 3228,2327 2979,2334 2731,2342 2483,2350 2235,2359 1987,2370 1738,2382 1490,2395 1242,2409 994,2424 746,2441"/>
                <Baseline points="746,2481 994,2464 1242,2449 1490,2435 1738,2422 1987,2410 2235,2399 2483,2390 2731,2382 2979,2374 3228,2367 3476,2360 3724,2354 3972,2349 4220,2344 4469,2339 4717,2334 4965,2329 5213,2323 5461,2318 5710,2312"/>
                <TextEquiv>
                    <Unicode>verczihet er sich mit craft seiner briefe und ubir das bitet er den allirdurehleuehtigisten fürsten und unsirn genedigen herren hern KarI, Romischen kung und kung ze Beheim den vorgenanten, das er </Unicode>
                </TextEquiv>
            </TextLine>
            <TextLine id="r1l23" custom="readingOrder {index:22;} place {offset:51; length:6;} place {offset:97; length:6;}">
                <Coords points="729,2573 1013,2573 1262,2556 1511,2540 1760,2526 2010,2513 2259,2502 2508,2492 2757,2483 3006,2475 3256,2467 3505,2460 3754,2454 4003,2449 4252,2444 4502,2439 4751,2434 5000,2429 5249,2424 5498,2419 5748,2413 5748,2353 5498,2359 5249,2364 5000,2369 4751,2374 4502,2379 4252,2384 4003,2389 3754,2394 3505,2400 3256,2407 3006,2415 2757,2423 2508,2432 2259,2442 2010,2453 1760,2466 1511,2480 1262,2496 1013,2513 720,2520"/>
                <Baseline points="764,2572 1013,2553 1262,2536 1511,2520 1760,2506 2010,2493 2259,2482 2508,2472 2757,2463 3006,2455 3256,2447 3505,2440 3754,2434 4003,2429 4252,2424 4502,2419 4751,2414 5000,2409 5249,2404 5498,2399 5748,2393"/>
                <TextEquiv>
                    <Unicode>di egenante seine gabe der marke und des landes ze Lwsicz, di er dem kungreich und der cronen ze Beheim recht und redlich getan hat, als vor geschriben stet, geruche ze confirmiren und ze be¬</Unicode>
                </TextEquiv>
            </TextLine>
            <TextLine id="r1l24" custom="readingOrder {index:23;}">
                <Coords points="729,2675 1020,2658 1273,2641 1525,2626 1778,2612 2030,2599 2283,2588 2535,2577 2788,2567 3040,2559 3293,2551 3545,2544 3798,2537 4050,2532 4303,2526 4555,2521 4808,2516 5060,2512 5313,2508 5565,2504 5818,2500 5818,2440 5565,2444 5313,2448 5060,2452 4808,2456 4555,2461 4303,2466 4050,2472 3798,2477 3545,2484 3293,2491 3040,2499 2788,2507 2535,2517 2283,2528 2030,2539 1778,2552 1525,2566 1273,2581 1020,2598 715,2593"/>
                <Baseline points="768,2656 1020,2638 1273,2621 1525,2606 1778,2592 2030,2579 2283,2568 2535,2557 2788,2547 3040,2539 3293,2531 3545,2524 3798,2517 4050,2512 4303,2506 4555,2501 4808,2496 5060,2492 5313,2488 5565,2484 5818,2480"/>
                <TextEquiv>
                    <Unicode>stetigen mit seinir kunglichin gewalt, di er hat von dem Heilgen Romischen reiche, wann er allen gebrechen seinir briefe ob keinir dorin ist dirfullen wel und an aller stat lwtirn und bessirn, wenn er des </Unicode>
                </TextEquiv>
            </TextLine>
            <TextLine id="r1l25" custom="readingOrder {index:24;} place {offset:72; length:6;}">
                <Coords points="738,2759 988,2743 1239,2728 1489,2713 1740,2700 1991,2687 2241,2676 2492,2666 2742,2656 2993,2646 3244,2638 3494,2630 3745,2623 3995,2617 4246,2611 4497,2605 4747,2601 4998,2596 5248,2592 5499,2588 5750,2585 5750,2525 5499,2528 5248,2532 4998,2536 4747,2541 4497,2545 4246,2551 3995,2557 3745,2563 3494,2570 3244,2578 2993,2586 2742,2596 2492,2606 2241,2616 1991,2627 1740,2640 1489,2653 1239,2668 988,2683 738,2699"/>
                <Baseline points="738,2739 988,2723 1239,2708 1489,2693 1740,2680 1991,2667 2241,2656 2492,2646 2742,2636 2993,2626 3244,2618 3494,2610 3745,2603 3995,2597 4246,2591 4497,2585 4747,2581 4998,2576 5248,2572 5499,2568 5750,2565"/>
                <TextEquiv>
                    <Unicode>von dem vorgenanten unsirm herren, seinen erben und nochkomen kungen ze Beheim geinrit und dirmanet wirt in der besten wise, so der selbe gebreche dirfullet und gebessirt werden mag, ouch be¬</Unicode>
                </TextEquiv>
            </TextLine>
            <TextLine id="r1l26" custom="readingOrder {index:25;} person {offset:77; length:49;} place {offset:98; length:11;} place {offset:117; length:9;}">
                <Coords points="742,2842 993,2826 1244,2810 1496,2796 1747,2782 1999,2770 2250,2759 2501,2748 2753,2739 3004,2730 3256,2722 3507,2714 3758,2707 4010,2700 4261,2694 4513,2689 4764,2683 5015,2678 5267,2672 5518,2668 5770,2663 5770,2605 5518,2610 5267,2614 5015,2620 4764,2625 4513,2631 4261,2636 4010,2642 3758,2649 3507,2656 3256,2664 3004,2672 2753,2681 2501,2690 2250,2701 1999,2712 1747,2724 1496,2738 1244,2752 993,2768 742,2784"/>
                <Baseline points="742,2823 993,2807 1244,2791 1496,2777 1747,2763 1999,2751 2250,2740 2501,2729 2753,2720 3004,2711 3256,2703 3507,2695 3758,2688 4010,2681 4261,2675 4513,2670 4764,2664 5015,2659 5267,2653 5518,2649 5770,2644"/>
                <TextEquiv>
                    <Unicode>kennen und geczewgen wir, das der vorgenant hochgeborne fürste und herre her Woldmar, marggraf ze Brandemburg und ze Landsperg, in besundern seinen briefen do wir ouch ze geczewge ingeschriben seint, </Unicode>
                </TextEquiv>
            </TextLine>
            <TextLine id="r1l27" custom="readingOrder {index:26;} place {offset:53; length:11;} person {offset:146; length:35; continued:true;} place {offset:179; length:2; continued:true;}">
                <Coords points="750,2920 1000,2904 1251,2890 1502,2877 1753,2865 2004,2853 2255,2842 2505,2832 2756,2823 3007,2815 3258,2807 3509,2800 3760,2793 4011,2787 4261,2781 4512,2775 4763,2770 5014,2764 5265,2759 5516,2754 5767,2749 5767,2691 5516,2696 5265,2701 5014,2706 4763,2712 4512,2717 4261,2723 4011,2729 3760,2735 3509,2742 3258,2749 3007,2757 2756,2765 2505,2774 2255,2784 2004,2795 1753,2807 1502,2819 1251,2832 1000,2846 750,2862"/>
                <Baseline points="750,2901 1000,2885 1251,2871 1502,2858 1753,2846 2004,2834 2255,2823 2505,2813 2756,2804 3007,2796 3258,2788 3509,2781 3760,2774 4011,2768 4261,2762 4512,2756 4763,2751 5014,2745 5265,2740 5516,2735 5767,2730"/>
                <TextEquiv>
                    <Unicode>seyne stymme und kur, di er hat als eyn marggrave ze Brandemburg an der wal eyns Romischen kunges an den vorgenanten unsirn genedigen herren hern KarI, romischen kung und kung ze Be¬</Unicode>
                </TextEquiv>
            </TextLine>
            <TextLine id="r1l28" custom="readingOrder {index:27;} person {offset:0; length:4; continued:true;} place {offset:0; length:4; continued:true;}">
                <Coords points="724,2993 1000,2983 1253,2968 1506,2954 1759,2941 2012,2930 2265,2919 2518,2909 2771,2900 3024,2892 3277,2884 3529,2878 3782,2871 4035,2866 4288,2860 4541,2855 4794,2850 5047,2846 5300,2841 5553,2837 5806,2832 5806,2781 5553,2786 5300,2790 5047,2795 4794,2799 4541,2804 4288,2809 4035,2815 3782,2820 3529,2827 3277,2833 3024,2841 2771,2849 2518,2858 2265,2868 2012,2879 1759,2890 1506,2903 1253,2917 1000,2932 715,2935"/>
                <Baseline points="748,2982 1000,2966 1253,2951 1506,2937 1759,2924 2012,2913 2265,2902 2518,2892 2771,2883 3024,2875 3277,2867 3529,2861 3782,2854 4035,2849 4288,2843 4541,2838 4794,2833 5047,2829 5300,2824 5553,2820 5806,2815"/>
                <TextEquiv>
                    <Unicode>heim, geben und keret hat und hat gelobt in guten trewen on geverd, das er in haben und halten, welle ze eyme Romischen kunge und seinen rechten herren und gen im alles, das tun sulle und </Unicode>
                </TextEquiv>
            </TextLine>
            <TextLine id="r1l29" custom="readingOrder {index:28;}">
                <Coords points="756,3068 1006,3055 1257,3043 1508,3031 1759,3020 2010,3009 2261,2999 2511,2990 2762,2980 3013,2972 3264,2964 3515,2957 3766,2950 4017,2943 4267,2937 4518,2931 4769,2926 5020,2921 5271,2916 5522,2912 5773,2908 5773,2857 5522,2861 5271,2865 5020,2870 4769,2875 4518,2880 4267,2886 4017,2892 3766,2899 3515,2906 3264,2913 3013,2921 2762,2929 2511,2939 2261,2948 2010,2958 1759,2969 1508,2980 1257,2992 1006,3004 756,3017"/>
                <Baseline points="756,3051 1006,3038 1257,3026 1508,3014 1759,3003 2010,2992 2261,2982 2511,2973 2762,2963 3013,2955 3264,2947 3515,2940 3766,2933 4017,2926 4267,2920 4518,2914 4769,2909 5020,2904 5271,2899 5522,2895 5773,2891"/>
                <TextEquiv>
                    <Unicode>welle, das er gen eyme romischen kunge und seinem rechten herren billich und durch recht ze tun pflichtig ist und bi namen hat er gelobt, das er dem selben unsirn herren dem Romischen kunge </Unicode>
                </TextEquiv>
            </TextLine>
            <TextLine id="r1l30" custom="readingOrder {index:29;} place {offset:13; length:6;}">
                <Coords points="724,3157 998,3138 1249,3126 1500,3114 1751,3104 2002,3093 2253,3084 2504,3076 2755,3067 3006,3059 3257,3052 3507,3045 3758,3038 4009,3032 4260,3026 4511,3020 4762,3014 5013,3009 5264,3003 5515,2997 5766,2992 5766,2937 5515,2942 5264,2948 5013,2954 4762,2959 4511,2965 4260,2971 4009,2977 3758,2983 3507,2990 3257,2997 3006,3004 2755,3012 2504,3021 2253,3029 2002,3038 1751,3049 1500,3059 1249,3071 998,3083 710,3089"/>
                <Baseline points="748,3132 998,3120 1249,3108 1500,3096 1751,3086 2002,3075 2253,3066 2504,3058 2755,3049 3006,3041 3257,3034 3507,3027 3758,3020 4009,3014 4260,3008 4511,3002 4762,2996 5013,2991 5264,2985 5515,2979 5766,2974"/>
                <TextEquiv>
                    <Unicode>und kunge ze Beheim beigestendig und gehulfig sein welle und sulle mit aller seinir macht widir allirmenngleich niemand uzzenemen, di weil er lebt. Und des ze urkund und ze ewiger gedecht¬</Unicode>
                </TextEquiv>
            </TextLine>
            <TextLine id="r1l31" custom="readingOrder {index:30;} place {offset:94; length:26;} date {offset:122; length:75; continued:true;year:0; day:0; month:0;}">
                <Coords points="744,3225 994,3215 1245,3206 1496,3197 1747,3188 1998,3179 2249,3170 2500,3162 2751,3154 3002,3146 3253,3139 3503,3132 3754,3125 4005,3119 4256,3112 4507,3106 4758,3100 5009,3094 5260,3089 5511,3083 5762,3078 5762,3023 5511,3028 5260,3034 5009,3039 4758,3045 4507,3051 4256,3057 4005,3064 3754,3070 3503,3077 3253,3084 3002,3091 2751,3099 2500,3107 2249,3115 1998,3124 1747,3133 1496,3142 1245,3151 994,3160 744,3170"/>
                <Baseline points="744,3207 994,3197 1245,3188 1496,3179 1747,3170 1998,3161 2249,3152 2500,3144 2751,3136 3002,3128 3253,3121 3503,3114 3754,3107 4005,3101 4256,3094 4507,3088 4758,3082 5009,3076 5260,3071 5511,3065 5762,3060"/>
                <TextEquiv>
                    <Unicode>nuzz und sichirheit geben wir unsern brief, versigelt mit unsern ingesigiln, der geben ist ze Tempilberg bei Furstenwald, do man czalt von Christes geburd drewczehenhundert jar in dem acht und fir¬</Unicode>
                </TextEquiv>
            </TextLine>
            <TextLine id="r1l32" custom="readingOrder {index:31;} date {offset:0; length:57; continued:true;year:0; day:0; month:0;}">
                <Coords points="734,3301 845,3293 928,3295 1011,3295 1093,3295 1176,3294 1259,3293 1341,3292 1424,3289 1507,3286 1590,3283 1672,3280 1755,3276 1838,3273 1920,3269 2003,3267 2086,3264 2168,3260 2251,3258 2334,3256 2417,3255 2417,3195 2334,3196 2251,3198 2168,3200 2086,3204 2003,3207 1920,3209 1838,3213 1755,3216 1672,3220 1590,3223 1507,3226 1424,3229 1341,3232 1259,3233 1176,3234 1093,3235 1011,3235 928,3235 845,3233 729,3234"/>
                <Baseline points="763,3271 845,3273 928,3275 1011,3275 1093,3275 1176,3274 1259,3273 1341,3272 1424,3269 1507,3266 1590,3263 1672,3260 1755,3256 1838,3253 1920,3249 2003,3247 2086,3244 2168,3240 2251,3238 2334,3236 2417,3235"/>
                <TextEquiv>
                    <Unicode>czigistem jar des nesten dornstages noch sand Michels tag.  </Unicode>
                </TextEquiv>
            </TextLine>
            <TextEquiv>
                <Unicode>Wir Rudolph von Gots gnaden herczog ze Sachsen, des heilgen Romischen reichs erczmarschalk, Arnestus, erczpischof ze Prag, Rudolph der jünger, herczog ze Sachsen, Johans, herczog ze Mekkelnburg, von den&#xD;
selben Gots genaden Albrecht, graf von Mogelingen, herre ze Barbey, Andreas, rittir von Globk, Albrecht, rittir von Warburg, Didrich, probst ze Berlyn, Andres von der Dwbe, Bote von Turgow, Jeske von&#xD;
Michilspergs, Wanke von Wartenberg und Jost von Rosenberg verjehen und tun kunt offenlich mit disem brief allen den, di in sehent, horent odir lesent, das wir dobei gewesin seint, und das gesehen und gehort habn, &#xD;
und dorubir zu geczwge geschriben und gebeten sein und geczwgen, ouch das mit craft dicz briefs, das der hochgeborne fürste und herre her Woldmar, marggraf ze Brandemburg und ze Landisperg, des Heilgen Romischen &#xD;
reichs erczkamerer, angesehen hat die trewe und di genade, di im der allerdurchleuchtigister fürste und unsirr genediger herre her KarI, Romischer kung, ze allen zeiten merer des reichs und kung ze Beheim, sein land ze ge¬&#xD;
wynnen und noth wol erczeigen mag, und hat dem vorgenanten unsirn herren, dem romischen kunge und kunge ze Beheim, sein erben und nochkomen kungen ze Beheim und dem selben kungreich und der cronen &#xD;
ze Beheim geben und verschriben mit seinen briefen, di marck ze Lwsicz mit dem land und mit allen steten, festen, merkten, dorfern, herren, mannen, lehen, virlehenten guten, rittirn, knechten, schultheizzen, ge¬&#xD;
pawirn mit welden, pwschin, bergen, gründen, slichten, wazzirn und wazzirsleuften und mit allen rechten, gewonheiten, freiheiten, eren, wirden, gülden, nuczczen und herseheften und mit aller zugehorunge, wi¬ &#xD;
man di mit besundirn worten benennen mag, als er und seliger gedechtnuzz, seine vorfarn marggraven ze Brandemburg, di selben marke ze Lwsicz mit dem land besessin hat und hat gelobt mit guten &#xD;
trewen on geverd, das er alle stete, festen, herren, ritter, knechte, burger, sehultheizzen, gepawirr und allermenngleich in der selben marke und land ze Lwsicz an den vorgenanten unsirn herren, den romischen kung &#xD;
und kung ze Beheim, seinen erben und nochkomen kungen ze Beheim on allen fürgeczog leiten und wisen sulle und welle und hat ouch gelobt für sich, sein erben und nachkomen marggraven ze Brandem¬&#xD;
burg, das si dem selben unserm herren, sein erben und nochkomen kungen ze Beheim, dorczu mit aller macht, wi und wenn si das ermanen mit gantzen trewen behulfen sein wellen widir allermenn¬&#xD;
gleich niemand uz zenemen, das si di vorgenante marke ze Lwsicz mit dem land, steten, merkten, herren, mannen, rittern und knechten und mit allir zugehorunge als vorgesehriben stet, gar und gentz¬&#xD;
lich erkriegen und in iren gehorsam bringen und dorumb sagt er mit craft seiner briefe ledig und loz alle herren, ritter, knechte, stete, purger, schultheizzen, pawirr und allirmenngleich, di in &#xD;
der vorgenanten marke und land ze Lwsicz wonhaftig sein odir dorin gehorn, aller huldunge, trewen und eydes, der si im und seliger gedechtnuzze, seinen vorfarn marggraven ze Brandemburg vir¬&#xD;
bunden gewesin seint und welhe undir in das von im selber horen wellen, den gelobt er mit guten trewen on geverd, das er in das selbir sagen, welle mit seines selbes munde und &#xD;
in sein offen briefe dorubir geben, ob si des muten und hat geboten in allen gemeinlichin und itlichim besundern, mit craft seinir briefe, gleichirwis als ob er selbir in das gebote mit seines selbis munde, &#xD;
das si dem vorgenanten unsirm genedigen herren, dem Romischen kunge und kunge ze Beheim, seinen erben und nochkomen kungen ze Beheim hulden, swern und geloben sullen, getrewe, gehorsam &#xD;
und undirtenig ze sein, als iren rechten erpherren, und hat sich verzigen für sich, seine erben und nochkomen marggraven ze Brandemburg mit bedachtem mute, mit guten willen und mit ful¬&#xD;
lem rate alles rechtes ansproche und anredunge, di si zu der vorgenanten marke und land ze Lwsicz herren, steten, festen, mannen, purgern, leuten armen und reichen und allir zugehorunge, als &#xD;
vorgesehriben ist habn, gehabt habn odir gehaben möchten, und binamen ob er zu den steten Budissin und Gorlitz und irr zugehorunge dhein recht odir ansproche gehabt hette, der begibt und &#xD;
verczihet er sich mit craft seiner briefe und ubir das bitet er den allirdurehleuehtigisten fürsten und unsirn genedigen herren hern KarI, Romischen kung und kung ze Beheim den vorgenanten, das er &#xD;
di egenante seine gabe der marke und des landes ze Lwsicz, di er dem kungreich und der cronen ze Beheim recht und redlich getan hat, als vor geschriben stet, geruche ze confirmiren und ze be¬&#xD;
stetigen mit seinir kunglichin gewalt, di er hat von dem Heilgen Romischen reiche, wann er allen gebrechen seinir briefe ob keinir dorin ist dirfullen wel und an aller stat lwtirn und bessirn, wenn er des &#xD;
von dem vorgenanten unsirm herren, seinen erben und nochkomen kungen ze Beheim geinrit und dirmanet wirt in der besten wise, so der selbe gebreche dirfullet und gebessirt werden mag, ouch be¬&#xD;
kennen und geczewgen wir, das der vorgenant hochgeborne fürste und herre her Woldmar, marggraf ze Brandemburg und ze Landsperg, in besundern seinen briefen do wir ouch ze geczewge ingeschriben seint, &#xD;
seyne stymme und kur, di er hat als eyn marggrave ze Brandemburg an der wal eyns Romischen kunges an den vorgenanten unsirn genedigen herren hern KarI, romischen kung und kung ze Be¬&#xD;
heim, geben und keret hat und hat gelobt in guten trewen on geverd, das er in haben und halten, welle ze eyme Romischen kunge und seinen rechten herren und gen im alles, das tun sulle und &#xD;
welle, das er gen eyme romischen kunge und seinem rechten herren billich und durch recht ze tun pflichtig ist und bi namen hat er gelobt, das er dem selben unsirn herren dem Romischen kunge &#xD;
und kunge ze Beheim beigestendig und gehulfig sein welle und sulle mit aller seinir macht widir allirmenngleich niemand uzzenemen, di weil er lebt. Und des ze urkund und ze ewiger gedecht¬&#xD;
nuzz und sichirheit geben wir unsern brief, versigelt mit unsern ingesigiln, der geben ist ze Tempilberg bei Furstenwald, do man czalt von Christes geburd drewczehenhundert jar in dem acht und fir¬&#xD;
czigistem jar des nesten dornstages noch sand Michels tag.  </Unicode>
            </TextEquiv>
        </TextRegion>
        <TextRegion id="region_1563787717482_580" custom="readingOrder {index:1;}">
            <Coords points="6079,3829 3874,3834 3872,3680 6080,3680"/>
            <TextLine id="line_1563787997340_621" custom="readingOrder {index:0;} person {offset:0; length:15;} place {offset:11; length:4;}">
                <Coords points="3928,3694 4271,3694 4271,3818 3928,3818"/>
                <TextEquiv>
                    <Unicode>Andreas de Duba</Unicode>
                </TextEquiv>
            </TextLine>
            <TextLine id="line_1563787917451_610" custom="readingOrder {index:1;} person {offset:0; length:14;} place {offset:8; length:6;}">
                <Coords points="4375,3694 4702,3694 4702,3811 4375,3811"/>
                <TextEquiv>
                    <Unicode>Boto de Turgow</Unicode>
                </TextEquiv>
            </TextLine>
            <TextLine id="line_1563787946744_614" custom="readingOrder {index:2;} person {offset:0; length:19;} place {offset:8; length:11;}">
                <Coords points="4839,3703 5114,3703 5114,3812 4839,3812"/>
                <TextEquiv>
                    <Unicode>Jesk de Michelsberg</Unicode>
                </TextEquiv>
            </TextLine>
            <TextLine id="line_1563787884084_606" custom="readingOrder {index:3;} person {offset:0; length:18;} place {offset:8; length:10;}">
                <Coords points="5659,3801 5316,3801 5316,3703 5659,3703"/>
                <TextEquiv>
                    <Unicode>Wank de Wartenberg</Unicode>
                </TextEquiv>
            </TextLine>
            <TextLine id="line_1563788017556_625" custom="readingOrder {index:4;} person {offset:0; length:17;} place {offset:8; length:9;}">
                <Coords points="5688,3708 6017,3708 6017,3799 5688,3799"/>
                <TextEquiv>
                    <Unicode>Jost de Rosenberg</Unicode>
                </TextEquiv>
            </TextLine>
            <TextEquiv>
                <Unicode>Andreas de Duba&#xD;
Boto de Turgow&#xD;
Jesk de Michelsberg&#xD;
Wank de Wartenberg&#xD;
Jost de Rosenberg</Unicode>
            </TextEquiv>
        </TextRegion>
    </Page>
</PcGts>
