<?xml version="1.0" encoding="UTF-8" standalone="yes"?>
<PcGts xmlns="http://schema.primaresearch.org/PAGE/gts/pagecontent/2013-07-15" xmlns:xsi="http://www.w3.org/2001/XMLSchema-instance" xsi:schemaLocation="http://schema.primaresearch.org/PAGE/gts/pagecontent/2013-07-15 http://schema.primaresearch.org/PAGE/gts/pagecontent/2013-07-15/pagecontent.xsd">
    <Metadata>
        <Creator>prov=University of Rostock/Institute of Mathematics/CITlab/Tobias Gruening/tobias.gruening@uni-rostock.de:name=/net_tf/LA73_249_0mod360.pb:de.uros.citlab.segmentation.CITlab_LA_ML:v=2.3.1
TRP</Creator>
        <Created>2019-06-17T11:23:32.987+02:00</Created>
        <LastChange>2019-11-08T10:42:47.447+01:00</LastChange>
        <TranskribusMetadata docId="173877" pageId="6611433" pageNr="1" tsid="18976891" status="IN_PROGRESS" userId="38723" imgUrl="https://files.transkribus.eu/Get?id=JERODSVBXQQRVMWVPEWDWZVO&amp;fileType=view" xmlUrl="https://files.transkribus.eu/Get?id=ZSWJZOPVTMRDRWMHGBZZWKQU" imageId="3977286"/>
    </Metadata>
    <Page imageFilename="NA-ACK_13510520_00362_r.jpg" imageWidth="7021" imageHeight="4933">
        <ReadingOrder>
            <OrderedGroup id="ro_1575392162695" caption="Regions reading order">
                <RegionRefIndexed index="0" regionRef="r1"/>
            </OrderedGroup>
        </ReadingOrder>
        <TextRegion orientation="0.0" id="r1" custom="readingOrder {index:0;}">
            <Coords points="1095,694 1095,2111 4335,2111 4335,694"/>
            <TextLine id="r1l1" custom="readingOrder {index:0;} person {offset:4; length:66;} place {offset:39; length:10;} place {offset:64; length:6;}">
                <Coords points="1162,755 1319,754 1477,754 1635,754 1792,755 1950,756 2108,757 2265,759 2423,760 2581,762 2739,764 2896,767 3054,769 3212,771 3369,773 3527,774 3685,776 3842,778 4000,779 4158,780 4316,780 4316,720 4158,720 4000,719 3842,718 3685,716 3527,714 3369,713 3212,711 3054,709 2896,707 2739,704 2581,702 2423,700 2265,699 2108,697 1950,696 1792,695 1635,694 1477,694 1319,694 1162,695"/>
                <Baseline points="1162,735 1319,734 1477,734 1635,734 1792,735 1950,736 2108,737 2265,739 2423,740 2581,742 2739,744 2896,747 3054,749 3212,751 3369,753 3527,754 3685,756 3842,758 4000,759 4158,760 4316,760"/>
                <TextEquiv>
                    <Unicode>Wir Albrecht, von Gots gnaden furste ze Aschanien und grave von Anhalt, geloben mit guten trewen an geverd für</Unicode>
                </TextEquiv>
            </TextLine>
            <TextLine id="r1l2" custom="readingOrder {index:1;} person {offset:46; length:30;} place {offset:67; length:9;} person {offset:114; length:7; continued:true;}">
                <Coords points="1129,844 1288,841 1447,838 1606,837 1765,836 1924,837 2083,837 2242,839 2401,840 2560,842 2719,845 2878,847 3037,850 3196,853 3355,855 3514,857 3673,859 3832,861 3991,862 4150,862 4309,861 4309,801 4150,802 3991,802 3832,801 3673,799 3514,797 3355,795 3196,793 3037,790 2878,787 2719,785 2560,782 2401,780 2242,779 2083,777 1924,777 1765,776 1606,777 1447,778 1288,781 1129,784"/>
                <Baseline points="1129,824 1288,821 1447,818 1606,817 1765,816 1924,817 2083,817 2242,819 2401,820 2560,822 2719,825 2878,827 3037,830 3196,833 3355,835 3514,837 3673,839 3832,841 3991,842 4150,842 4309,841"/>
                <TextEquiv>
                    <Unicode> uns und für den erwirdigen vatir in Got hern Otten erczbischof ze Meideburg und für die hochgebornn fürsten, hern Rudol¬</Unicode>
                </TextEquiv>
            </TextLine>
            <TextLine id="r1l3" custom="readingOrder {index:2;} person {offset:0; length:74; continued:true;} place {offset:17; length:7;} person {offset:81; length:32; continued:true;} place {offset:100; length:8;}">
                <Coords points="1201,940 1353,936 1506,933 1659,931 1811,931 1964,931 2117,932 2269,934 2422,937 2575,940 2728,943 2880,947 3033,950 3186,954 3338,957 3491,960 3644,964 3796,966 3949,968 4102,969 4255,970 4255,903 4102,902 3949,901 3796,899 3644,897 3491,893 3338,890 3186,887 3033,883 2880,880 2728,876 2575,873 2422,870 2269,867 2117,865 1964,864 1811,864 1659,864 1506,866 1353,869 1201,873"/>
                <Baseline points="1201,918 1353,914 1506,911 1659,909 1811,909 1964,909 2117,910 2269,912 2422,915 2575,918 2728,921 2880,925 3033,928 3186,932 3338,935 3491,938 3644,942 3796,944 3949,946 4102,947 4255,948"/>
                <TextEquiv>
                    <Unicode>fen herczogen ze Sachsen, des heiligen romischen reichs obrister marschalk, hern Ernst herczogen ze Brunswig, des</Unicode>
                </TextEquiv>
            </TextLine>
            <TextLine id="r1l4" custom="readingOrder {index:3;} person {offset:0; length:21; continued:true;} place {offset:15; length:6;} person {offset:34; length:25;} place {offset:53; length:6;} person {offset:88; length:28; continued:true;}">
                <Coords points="1107,1038 1266,1036 1426,1034 1585,1033 1745,1032 1904,1032 2064,1033 2223,1035 2383,1036 2542,1039 2702,1041 2861,1044 3021,1047 3180,1050 3340,1053 3499,1056 3659,1059 3818,1062 3978,1065 4137,1068 4297,1070 4297,1003 4137,1001 3978,998 3818,995 3659,992 3499,989 3340,986 3180,983 3021,980 2861,977 2702,974 2542,972 2383,969 2223,968 2064,966 1904,965 1745,965 1585,966 1426,967 1266,969 1107,971"/>
                <Baseline points="1107,1016 1266,1014 1426,1012 1585,1011 1745,1010 1904,1010 2064,1011 2223,1013 2383,1014 2542,1017 2702,1019 2861,1022 3021,1025 3180,1028 3340,1031 3499,1034 3659,1037 3818,1040 3978,1043 4137,1046 4297,1048"/>
                <TextEquiv>
                    <Unicode> langreven von Hessen eydem, hern Woldmar graven von Anhalt, unsern lieben bruder, hern Rudolfen den Jungern, herczo¬</Unicode>
                </TextEquiv>
            </TextLine>
            <TextLine id="r1l5" custom="readingOrder {index:4;} person {offset:0; length:14; continued:true;} place {offset:7; length:7;}">
                <Coords points="1137,1138 1292,1133 1447,1130 1603,1128 1758,1126 1914,1126 2069,1126 2224,1127 2380,1128 2535,1130 2691,1132 2846,1135 3001,1137 3157,1140 3312,1143 3468,1146 3623,1148 3778,1150 3934,1152 4089,1153 4245,1153 4245,1086 4089,1086 3934,1085 3778,1083 3623,1081 3468,1079 3312,1076 3157,1073 3001,1070 2846,1068 2691,1065 2535,1063 2380,1061 2224,1060 2069,1059 1914,1059 1758,1059 1603,1061 1447,1063 1292,1066 1137,1071"/>
                <Baseline points="1137,1116 1292,1111 1447,1108 1603,1106 1758,1104 1914,1104 2069,1104 2224,1105 2380,1106 2535,1108 2691,1110 2846,1113 3001,1115 3157,1118 3312,1121 3468,1124 3623,1126 3778,1128 3934,1130 4089,1131 4245,1131"/>
                <TextEquiv>
                    <Unicode>gen ze Sachsen, und alle andirr unsirr frünt und helfer, wie die genant sein, dem allirdurchlüchtigsten fursten</Unicode>
                </TextEquiv>
            </TextLine>
            <TextLine id="r1l6" custom="readingOrder {index:5;} person {offset:17; length:70;} place {offset:82; length:5;}">
                <Coords points="1109,1225 1268,1222 1427,1220 1586,1219 1745,1218 1905,1218 2064,1219 2223,1220 2382,1221 2541,1223 2701,1225 2860,1227 3019,1230 3178,1232 3337,1235 3497,1237 3656,1239 3815,1241 3974,1243 4133,1245 4293,1246 4293,1179 4133,1178 3974,1176 3815,1174 3656,1172 3497,1170 3337,1168 3178,1165 3019,1163 2860,1160 2701,1158 2541,1156 2382,1154 2223,1153 2064,1152 1905,1151 1745,1151 1586,1152 1427,1153 1268,1155 1109,1158"/>
                <Baseline points="1109,1203 1268,1200 1427,1198 1586,1197 1745,1196 1905,1196 2064,1197 2223,1198 2382,1199 2541,1201 2701,1203 2860,1205 3019,1208 3178,1210 3337,1213 3497,1215 3656,1217 3815,1219 3974,1221 4133,1223 4293,1224"/>
                <TextEquiv>
                    <Unicode>und herren, hern KarI romischem kung ze allen zeiten merer des reichs und kung ze Behem, unserm lieben gnedigen</Unicode>
                </TextEquiv>
            </TextLine>
            <TextLine id="r1l7" custom="readingOrder {index:6;} person {offset:49; length:54;} place {offset:75; length:4;} place {offset:97; length:6;}">
                <Coords points="1117,1317 1274,1315 1431,1313 1588,1313 1745,1313 1902,1314 2059,1315 2216,1317 2373,1319 2530,1321 2688,1324 2845,1326 3002,1328 3159,1331 3316,1334 3473,1335 3630,1338 3787,1339 3944,1341 4101,1341 4259,1341 4259,1274 4101,1274 3944,1274 3787,1272 3630,1271 3473,1268 3316,1267 3159,1264 3002,1261 2845,1259 2688,1257 2530,1254 2373,1252 2216,1250 2059,1248 1902,1247 1745,1246 1588,1246 1431,1246 1274,1248 1117,1250"/>
                <Baseline points="1117,1295 1274,1293 1431,1291 1588,1291 1745,1291 1902,1292 2059,1293 2216,1295 2373,1297 2530,1299 2688,1302 2845,1304 3002,1306 3159,1309 3316,1312 3473,1313 3630,1316 3787,1317 3944,1319 4101,1319 4259,1319"/>
                <TextEquiv>
                    <Unicode>herren, daz wir mit dem hochgebornn fursten hern Ludwigen pfalczgraven bei Rein und herczogen in Beyern, seinen</Unicode>
                </TextEquiv>
            </TextLine>
            <TextLine id="r1l8" custom="readingOrder {index:7;} person {offset:50; length:31;} place {offset:75; length:6;} place {offset:100; length:6;} place {offset:112; length:6; continued:true;}">
                <Coords points="1123,1417 1283,1414 1443,1413 1603,1412 1763,1413 1923,1414 2083,1415 2243,1417 2403,1419 2563,1422 2723,1424 2883,1427 3043,1429 3203,1431 3363,1433 3523,1434 3683,1435 3843,1435 4003,1434 4163,1432 4323,1429 4323,1362 4163,1365 4003,1367 3843,1368 3683,1368 3523,1367 3363,1366 3203,1364 3043,1362 2883,1360 2723,1357 2563,1355 2403,1352 2243,1350 2083,1348 1923,1347 1763,1346 1603,1345 1443,1346 1283,1347 1123,1350"/>
                <Baseline points="1123,1395 1283,1392 1443,1391 1603,1390 1763,1391 1923,1392 2083,1393 2243,1395 2403,1397 2563,1400 2723,1402 2883,1405 3043,1407 3203,1409 3363,1411 3523,1412 3683,1413 3843,1413 4003,1412 4163,1410 4323,1407"/>
                <TextEquiv>
                    <Unicode>brüdern, und mit den hochgebornn fursten und hern Fridrichen marggraven ze Myssen, den herczogen ze Stetyn, vom Sun¬  </Unicode>
                </TextEquiv>
            </TextLine>
            <TextLine id="r1l9" custom="readingOrder {index:8;} place {offset:0; length:2; continued:true;} place {offset:7; length:9;} place {offset:22; length:11;}">
                <Coords points="1123,1510 1283,1508 1444,1508 1604,1508 1765,1508 1926,1510 2086,1511 2247,1513 2407,1516 2568,1518 2729,1521 2889,1523 3050,1525 3210,1528 3371,1529 3532,1531 3692,1531 3853,1531 4013,1531 4174,1529 4335,1526 4335,1459 4174,1462 4013,1464 3853,1464 3692,1464 3532,1464 3371,1462 3210,1461 3050,1458 2889,1456 2729,1454 2568,1451 2407,1449 2247,1446 2086,1444 1926,1443 1765,1441 1604,1441 1444,1441 1283,1441 1123,1443"/>
                <Baseline points="1123,1488 1283,1486 1444,1486 1604,1486 1765,1486 1926,1488 2086,1489 2247,1491 2407,1494 2568,1496 2729,1499 2889,1501 3050,1503 3210,1506 3371,1507 3532,1509 3692,1509 3853,1509 4013,1509 4174,1507 4335,1504"/>
                <TextEquiv>
                    <Unicode>de, ze Lunemburg, von Meckelmburg und andern seinen fründen und helfern, wie die genant sein, unsern widirsachen   </Unicode>
                </TextEquiv>
            </TextLine>
            <TextLine id="r1l10" custom="readingOrder {index:9;} place {offset:17; length:11;}">
                <Coords points="1107,1602 1265,1600 1423,1598 1581,1598 1739,1599 1898,1601 2056,1603 2214,1606 2372,1609 2530,1613 2689,1617 2847,1620 3005,1623 3163,1626 3321,1628 3480,1629 3638,1630 3796,1629 3954,1628 4112,1625 4271,1620 4271,1554 4112,1559 3954,1562 3796,1563 3638,1564 3480,1563 3321,1562 3163,1560 3005,1557 2847,1554 2689,1551 2530,1547 2372,1543 2214,1540 2056,1537 1898,1535 1739,1533 1581,1532 1423,1532 1265,1534 1107,1536"/>
                <Baseline points="1107,1580 1265,1578 1423,1576 1581,1576 1739,1577 1898,1579 2056,1581 2214,1584 2372,1587 2530,1591 2689,1595 2847,1598 3005,1601 3163,1604 3321,1606 3480,1607 3638,1608 3796,1607 3954,1606 4112,1603 4271,1598"/>
                <TextEquiv>
                    <Unicode>in der marken zu Brandemburg und mit allen den, die sie an gehörn und mit in sein, einen steten, ganczen fride   </Unicode>
                </TextEquiv>
            </TextLine>
            <TextLine id="r1l11" custom="readingOrder {index:10;}">
                <Coords points="1095,1698 1255,1695 1415,1692 1576,1691 1736,1691 1897,1692 2057,1694 2218,1696 2378,1699 2539,1702 2699,1705 2859,1708 3020,1711 3180,1714 3341,1716 3501,1718 3662,1719 3822,1719 3983,1718 4143,1716 4304,1713 4304,1647 4143,1650 3983,1652 3822,1653 3662,1653 3501,1652 3341,1650 3180,1648 3020,1645 2859,1642 2699,1639 2539,1636 2378,1633 2218,1630 2057,1628 1897,1626 1736,1625 1576,1625 1415,1626 1255,1629 1095,1632"/>
                <Baseline points="1095,1676 1255,1673 1415,1670 1576,1669 1736,1669 1897,1670 2057,1672 2218,1674 2378,1677 2539,1680 2699,1683 2859,1686 3020,1689 3180,1692 3341,1694 3501,1696 3662,1697 3822,1697 3983,1696 4143,1694 4304,1691"/>
                <TextEquiv>
                    <Unicode>halden und haben wellen uncz uff santh Johans tag Baptisten, der schirist kunftig ist. Ouch geloben wir mit guten   </Unicode>
                </TextEquiv>
            </TextLine>
            <TextLine id="r1l12" custom="readingOrder {index:11;}">
                <Coords points="1115,1794 1273,1790 1431,1788 1589,1787 1747,1787 1905,1788 2063,1789 2221,1791 2379,1794 2537,1797 2695,1800 2853,1802 3011,1806 3169,1808 3327,1810 3485,1811 3643,1812 3801,1812 3959,1811 4117,1808 4275,1805 4275,1738 4117,1741 3959,1744 3801,1745 3643,1745 3485,1744 3327,1743 3169,1741 3011,1739 2853,1735 2695,1733 2537,1730 2379,1727 2221,1724 2063,1722 1905,1721 1747,1720 1589,1720 1431,1721 1273,1723 1115,1727"/>
                <Baseline points="1115,1772 1273,1768 1431,1766 1589,1765 1747,1765 1905,1766 2063,1767 2221,1769 2379,1772 2537,1775 2695,1778 2853,1780 3011,1784 3169,1786 3327,1788 3485,1789 3643,1790 3801,1790 3959,1789 4117,1786 4275,1783"/>
                <TextEquiv>
                    <Unicode>trewen an geverd, daz wir mit unsern amptlüten und heubtmannen schaffen und bestellen wellen, daz der selbe fride be¬  </Unicode>
                </TextEquiv>
            </TextLine>
            <TextLine id="r1l13" custom="readingOrder {index:12;}">
                <Coords points="1127,1900 1282,1894 1438,1888 1593,1884 1749,1883 1904,1882 2060,1883 2215,1884 2371,1886 2526,1889 2682,1892 2837,1895 2993,1898 3148,1902 3304,1904 3459,1906 3615,1907 3770,1907 3926,1906 4081,1904 4237,1900 4237,1833 4081,1837 3926,1839 3770,1840 3615,1840 3459,1839 3304,1837 3148,1835 2993,1831 2837,1828 2682,1825 2526,1822 2371,1819 2215,1817 2060,1816 1904,1815 1749,1816 1593,1817 1438,1821 1282,1827 1127,1833"/>
                <Baseline points="1127,1878 1282,1872 1438,1866 1593,1862 1749,1861 1904,1860 2060,1861 2215,1862 2371,1864 2526,1867 2682,1870 2837,1873 2993,1876 3148,1880 3304,1882 3459,1884 3615,1885 3770,1885 3926,1884 4081,1882 4237,1878"/>
                <TextEquiv>
                    <Unicode>satzt und gewisset werde, so wir schirist mugen, mit sulcher bescheidenheit, wo und als snelle der selbe fride   </Unicode>
                </TextEquiv>
            </TextLine>
            <TextLine id="r1l14" custom="readingOrder {index:13;} place {offset:64; length:5;} date {offset:70; length:50; continued:true;year:0; day:0; month:0;}">
                <Coords points="1115,2003 1272,1998 1429,1994 1586,1991 1744,1989 1901,1989 2058,1989 2216,1989 2373,1991 2530,1992 2688,1994 2845,1997 3002,1999 3159,2002 3317,2004 3474,2006 3631,2008 3789,2009 3946,2010 4103,2010 4261,2009 4261,1942 4103,1943 3946,1943 3789,1942 3631,1941 3474,1939 3317,1937 3159,1935 3002,1932 2845,1930 2688,1927 2530,1925 2373,1924 2216,1922 2058,1922 1901,1922 1744,1922 1586,1924 1429,1927 1272,1931 1115,1936"/>
                <Baseline points="1115,1981 1272,1976 1429,1972 1586,1969 1744,1967 1901,1967 2058,1967 2216,1967 2373,1969 2530,1970 2688,1972 2845,1975 3002,1977 3159,1980 3317,1982 3474,1984 3631,1986 3789,1987 3946,1988 4103,1988 4261,1987"/>
                <TextEquiv>
                    <Unicode>besetzt wirt, daz er sich danne zu hant anheben sulle. Geben ze Prage noch Crists gebürt driczen hundirt und dor noch   </Unicode>
                </TextEquiv>
            </TextLine>
            <TextLine id="r1l15" custom="readingOrder {index:14;} date {offset:0; length:73; continued:true;year:0; day:0; month:0;}">
                <Coords points="1108,2098 1209,2099 1311,2100 1412,2100 1514,2100 1616,2099 1717,2099 1819,2098 1921,2097 2022,2096 2124,2096 2226,2095 2327,2095 2429,2095 2531,2096 2632,2097 2734,2098 2836,2100 2937,2103 3039,2106 3141,2111 3141,2044 3039,2039 2937,2036 2836,2033 2734,2031 2632,2030 2531,2029 2429,2028 2327,2028 2226,2028 2124,2029 2022,2029 1921,2030 1819,2031 1717,2032 1616,2032 1514,2033 1412,2033 1311,2033 1209,2032 1108,2031"/>
                <Baseline points="1108,2076 1209,2077 1311,2078 1412,2078 1514,2078 1616,2077 1717,2077 1819,2076 1921,2075 2022,2074 2124,2074 2226,2073 2327,2073 2429,2073 2531,2074 2632,2075 2734,2076 2836,2078 2937,2081 3039,2084 3141,2089"/>
                <TextEquiv>
                    <Unicode>in dem ein und funfczigstem jar, des nehsten fritags für santh Urbans tag.</Unicode>
                </TextEquiv>
            </TextLine>
            <TextEquiv>
                <Unicode>Wir Albrecht, von Gots gnaden furste ze Aschanien und grave von Anhalt, geloben mit guten trewen an geverd für&#xD;
 uns und für den erwirdigen vatir in Got hern Otten erczbischof ze Meideburg und für die hochgebornn fürsten, hern Rudol¬&#xD;
fen herczogen ze Sachsen, des heiligen romischen reichs obrister marschalk, hern Ernst herczogen ze Brunswig, des&#xD;
 langreven von Hessen eydem, hern Woldmar graven von Anhalt, unsern lieben bruder, hern Rudolfen den Jungern, herczo¬&#xD;
gen ze Sachsen, und alle andirr unsirr frünt und helfer, wie die genant sein, dem allirdurchlüchtigsten fursten&#xD;
und herren, hern KarI romischem kung ze allen zeiten merer des reichs und kung ze Behem, unserm lieben gnedigen&#xD;
herren, daz wir mit dem hochgebornn fursten hern Ludwigen pfalczgraven bei Rein und herczogen in Beyern, seinen&#xD;
brüdern, und mit den hochgebornn fursten und hern Fridrichen marggraven ze Myssen, den herczogen ze Stetyn, vom Sun¬  &#xD;
de, ze Lunemburg, von Meckelmburg und andern seinen fründen und helfern, wie die genant sein, unsern widirsachen   &#xD;
in der marken zu Brandemburg und mit allen den, die sie an gehörn und mit in sein, einen steten, ganczen fride   &#xD;
halden und haben wellen uncz uff santh Johans tag Baptisten, der schirist kunftig ist. Ouch geloben wir mit guten   &#xD;
trewen an geverd, daz wir mit unsern amptlüten und heubtmannen schaffen und bestellen wellen, daz der selbe fride be¬  &#xD;
satzt und gewisset werde, so wir schirist mugen, mit sulcher bescheidenheit, wo und als snelle der selbe fride   &#xD;
besetzt wirt, daz er sich danne zu hant anheben sulle. Geben ze Prage noch Crists gebürt driczen hundirt und dor noch   &#xD;
in dem ein und funfczigstem jar, des nehsten fritags für santh Urbans tag.</Unicode>
            </TextEquiv>
        </TextRegion>
    </Page>
</PcGts>
