<?xml version="1.0" encoding="UTF-8" standalone="yes"?>
<PcGts xmlns="http://schema.primaresearch.org/PAGE/gts/pagecontent/2013-07-15" xmlns:xsi="http://www.w3.org/2001/XMLSchema-instance" xsi:schemaLocation="http://schema.primaresearch.org/PAGE/gts/pagecontent/2013-07-15 http://schema.primaresearch.org/PAGE/gts/pagecontent/2013-07-15/pagecontent.xsd">
    <Metadata>
        <Creator>prov=University of Rostock/Institute of Mathematics/CITlab/Tobias Gruening/tobias.gruening@uni-rostock.de:name=/net_tf/LA73_249_0mod360.pb:de.uros.citlab.segmentation.CITlab_LA_ML:v=2.3.1
TRP</Creator>
        <Created>2019-07-19T15:35:56.365+02:00</Created>
        <LastChange>2019-10-21T14:30:06.052+02:00</LastChange>
        <TranskribusMetadata docId="185452" pageId="7418482" pageNr="1" tsid="17454100" status="IN_PROGRESS" userId="40502" imgUrl="https://files.transkribus.eu/Get?id=YTEUFZLHEWDNVDIFOZKHQVWH&amp;fileType=view" xmlUrl="https://files.transkribus.eu/Get?id=HGWDIYXWZRCGJFACLRQVYVNQ" imageId="4451321"/>
    </Metadata>
    <Page imageFilename="NA-ACK_13531029_00423_r.jpg" imageWidth="8734" imageHeight="5506">
        <ReadingOrder>
            <OrderedGroup id="ro_1575392075759" caption="Regions reading order">
                <RegionRefIndexed index="0" regionRef="r1"/>
            </OrderedGroup>
        </ReadingOrder>
        <TextRegion orientation="0.0" id="r1" custom="readingOrder {index:0;}">
            <Coords points="1633,553 1733,3153 7529,3138 7429,538"/>
            <TextLine id="r1l2" custom="readingOrder {index:0;} person {offset:4; length:120;} place {offset:58; length:4;} place {offset:118; length:6;}">
                <Coords points="1628,786 1817,790 1918,789 2019,788 2120,787 2221,787 2322,787 2424,787 2525,788 2626,788 2727,789 2828,789 2929,790 3030,790 3132,791 3233,791 3334,791 3435,791 3536,791 3637,790 7344,814 7344,760 3637,736 3536,737 3435,737 3334,737 3233,737 3132,737 3030,736 2929,736 2828,735 2727,735 2626,734 2525,734 2424,733 2322,733 2221,733 2120,733 2019,734 1918,735 1808,542 1619,538"/>
                <Baseline points="1716,773 1817,772 1918,771 2019,770 2120,769 2221,769 2322,769 2424,769 2525,770 2626,770 2727,771 2828,771 2929,772 3030,772 3132,773 3233,773 3334,773 3435,773 3536,773 7220,810 7322,809"/>
                <TextEquiv>
                    <Unicode>Wir Ruprecht der Elter von Gots gnaden pfallenczgraue bei Rein, des heiligen reichs obrister trucsezze und herczog in Beyern, embiten allen herren, freyen, mannen, dienstleuten, rittern, knechten, aigen</Unicode>
                </TextEquiv>
            </TextLine>
            <TextLine id="r1l4" custom="readingOrder {index:1;}">
                <Coords points="1706,871 1863,868 2020,866 2178,864 2335,863 2493,863 2650,862 2807,863 2965,863 3122,864 3280,864 3437,865 3594,866 3752,867 3909,867 4067,868 4224,868 4381,869 4539,869 4696,868 7368,887 7368,833 4696,814 4539,815 4381,815 4224,814 4067,814 3909,813 3752,813 3594,812 3437,811 3280,810 3122,810 2965,809 2807,809 2650,808 2493,809 2335,809 2178,810 2020,812 1863,814 1706,817"/>
                <Baseline points="1706,853 1863,850 2020,848 2178,846 2335,845 2493,845 2650,844 2807,845 2965,845 3122,846 3280,846 3437,847 3594,848 3752,849 3909,849 4067,850 4224,850 4381,851 4539,851 7153,877 7311,876"/>
                <TextEquiv>
                    <Unicode>leuten burgen und gemeinscheften der stete, schulcheizzen, gebauren und allen lantsezzen, geistlichen, und werltlichen, armen und reichen, die in den landen, kreizzen und weichpilden der nachgeschriben vesten,</Unicode>
                </TextEquiv>
            </TextLine>
            <TextLine id="r1l6" custom="readingOrder {index:2;}">
                <Coords points="1698,954 1856,950 2015,946 2174,944 2332,942 2491,941 2650,940 2808,940 2967,940 3126,941 3285,942 3443,943 3602,944 3761,945 3919,946 4078,947 4237,948 4395,949 4554,949 4713,949 7347,948 7347,893 4713,894 4554,894 4395,894 4237,893 4078,892 3919,891 3761,890 3602,889 3443,888 3285,887 3126,886 2967,885 2808,885 2650,885 2491,886 2332,887 2174,889 2015,891 1856,895 1698,899"/>
                <Baseline points="1698,936 1856,932 2015,928 2174,926 2332,924 2491,923 2650,922 2808,922 2967,922 3126,923 3285,924 3443,925 3602,926 3761,927 3919,928 4078,929 4237,930 4395,931 4554,931 7186,962 7345,962"/>
                <TextEquiv>
                    <Unicode>stete und merkte gesezzen sind oder darinne lehengut oder erbe besiczen, unser genedliche hulde. Wann wir mit wolbedachtem mute mit rat unser frunde und mit rechter wissen dem allerdurchluchti¬</Unicode>
                </TextEquiv>
            </TextLine>
            <TextLine id="r1l8" custom="readingOrder {index:3;} person {offset:32; length:73;} place {offset:99; length:6;} place {offset:178; length:6;}">
                <Coords points="1697,1031 1863,1027 2018,1024 2173,1022 2328,1020 2483,1019 2638,1019 2793,1019 2948,1019 3103,1020 3258,1020 3412,1021 3567,1022 3722,1023 3877,1023 4032,1023 4187,1023 4342,1023 4497,1022 4652,1020 7300,1040 7300,983 4652,963 4497,965 4342,966 4187,966 4032,966 3877,966 3722,966 3567,965 3412,964 3258,963 3103,963 2948,962 2793,962 2638,962 2483,962 2328,963 2173,965 2018,967 1863,970 1697,974"/>
                <Baseline points="1709,1012 1863,1008 2018,1005 2173,1003 2328,1001 2483,1000 2638,1000 2793,1000 2948,1000 3103,1001 3258,1001 3412,1002 3567,1003 3722,1004 3877,1004 4032,1004 4187,1004 4342,1004 4497,1003 7147,1044 7302,1042"/>
                <TextEquiv>
                    <Unicode>gistem fursten und herren, hern Karl Romisehem kunig zu allen zeiten merer des reichs und kunig zu Beheim, unserm lieben genedigen herren, seinen erben und nachkomen, kunigen zu Beheim, und</Unicode>
                </TextEquiv>
            </TextLine>
            <TextLine id="r1l10" custom="readingOrder {index:4;} person {offset:137; length:20;}">
                <Coords points="1708,1107 1878,1101 2048,1098 2219,1095 2389,1094 2560,1093 2730,1093 2901,1094 3071,1095 3242,1097 3412,1098 3583,1100 3753,1101 3924,1102 4094,1103 4265,1102 4435,1102 4606,1100 4776,1097 7354,1118 7354,1063 4776,1042 4606,1045 4435,1047 4265,1047 4094,1048 3924,1047 3753,1046 3583,1045 3412,1043 3242,1042 3071,1040 2901,1039 2730,1038 2560,1038 2389,1039 2219,1040 2048,1043 1878,1046 1708,1052"/>
                <Baseline points="1691,1095 1861,1089 2048,1080 2219,1077 2389,1076 2560,1075 2730,1075 2901,1076 3071,1077 3242,1079 3412,1080 3583,1082 3753,1083 3924,1084 4094,1085 4265,1084 4435,1084 4606,1082 7173,1109 7344,1104"/>
                <TextEquiv>
                    <Unicode>der cronen des selben kunigrichs erwicleich und ewicleich umb czwelf tusant mark lotiges silbers, domit er den hochgebornen fursten hern Ruprecht den Jungern, unsers bruder sun aus seinem</Unicode>
                </TextEquiv>
            </TextLine>
            <TextLine id="r1l12" custom="readingOrder {index:5;} place {offset:14; length:7;} place {offset:74; length:9;} place {offset:85; length:11;} place {offset:98; length:7;} place {offset:110; length:13;}">
                <Coords points="1712,1182 1873,1177 2034,1173 2195,1170 2357,1168 2518,1168 2679,1168 2841,1169 3002,1170 3163,1172 3325,1174 3486,1176 3647,1178 3808,1180 3970,1182 4131,1183 4292,1183 4454,1183 4615,1182 4776,1179 7337,1178 7337,1123 4776,1124 4615,1127 4454,1128 4292,1128 4131,1128 3970,1127 3808,1125 3647,1123 3486,1121 3325,1119 3163,1117 3002,1115 2841,1114 2679,1113 2518,1113 2357,1113 2195,1115 2034,1118 1873,1122 1712,1127"/>
                <Baseline points="4106,1184 4267,1179 4428,1175 4589,1172 4751,1170 4912,1170 5073,1170 5235,1171 5396,1172 5557,1174 5719,1176 5880,1178 6041,1180 6202,1182 6364,1184 6525,1185 6686,1185 6848,1185 7009,1184 7170,1181 7332,1178"/>
                <TextEquiv>
                    <Unicode>vanknuzze von Sachsen geledigt und geloset hat die nachgeschrieben vesten Newenstat, Storenstein, Hirzsow und Liechtenstein und darnach umb zweinczig tausent mark loetiges silbers, die er uf</Unicode>
                </TextEquiv>
            </TextLine>
            <TextLine id="r1l14" custom="readingOrder {index:6;} person {offset:49; length:64;} place {offset:85; length:4;} place {offset:107; length:6;}">
                <Coords points="1700,1248 2015,1252 2295,1253 2574,1254 2854,1256 3134,1257 3413,1259 3693,1260 3973,1261 4252,1263 4532,1264 4812,1266 5091,1267 5371,1268 5651,1269 5930,1269 6210,1270 6490,1270 6769,1270 7049,1269 7362,1265 7362,1208 7049,1212 6769,1213 6490,1213 6210,1213 5930,1212 5651,1212 5371,1211 5091,1210 4812,1209 4532,1207 4252,1206 3973,1204 3693,1203 3413,1202 3134,1200 2854,1199 2574,1197 2295,1196 2015,1195 1700,1191"/>
                <Baseline points="1736,1232 2015,1233 2295,1234 2574,1235 2854,1237 3134,1238 3413,1240 3693,1241 3973,1242 4252,1244 4532,1245 4812,1247 5091,1248 5371,1249 5651,1250 5930,1250 6210,1251 6490,1251 6769,1251 7049,1250 7329,1249"/>
                <TextEquiv>
                    <Unicode>seliger gedechtnusse dem hochgeborn fursten hern Rudolfen etwenn pfallenczgraven bey Rein und herczogen in Beyern, unsern lieben bruder uns wizzentlich gewendet und im gelihen hat, die</Unicode>
                </TextEquiv>
            </TextLine>
            <TextLine id="r1l15" custom="readingOrder {index:7;} place {offset:39; length:9;} place {offset:50; length:9;} place {offset:61; length:11;} place {offset:74; length:8;} place {offset:84; length:10;} place {offset:96; length:13;} place {offset:111; length:10;} place {offset:123; length:10;} place {offset:135; length:11;} place {offset:148; length:7;} place {offset:157; length:10;} place {offset:169; length:9;} place {offset:180; length:7;}">
                <Coords points="1716,1328 2010,1330 2305,1332 2600,1333 2894,1335 3189,1336 3484,1336 3778,1337 4073,1337 4368,1337 4662,1338 4957,1338 5252,1339 5546,1339 5841,1340 6136,1341 6430,1343 6725,1345 7020,1347 7315,1350 7333,1283 7038,1280 6725,1296 6430,1294 6136,1292 5841,1291 5546,1290 5252,1290 4957,1289 4662,1289 4368,1288 4073,1288 3778,1288 3484,1287 3189,1287 2894,1286 2600,1284 2305,1283 2010,1281 1716,1279"/>
                <Baseline points="1716,1312 2010,1314 2305,1316 2600,1317 2894,1319 3189,1320 3484,1320 3778,1321 4073,1321 4368,1321 4662,1322 4957,1322 5252,1323 5546,1323 5841,1324 6136,1325 6430,1327 6725,1329 7020,1331 7315,1334"/>
                <TextEquiv>
                    <Unicode>nachgeschriben vesten stete und merkte Sultzbach, Rosemberg, Hertenstein, Nidstein, Turrendorf, Hiltpoltstein, Hohenstein, Lichteneck, Frankemberg, Lauffen, Eschembach, Hersbruck, Aurbach,</Unicode>
                </TextEquiv>
            </TextLine>
            <TextLine id="r1l16" custom="readingOrder {index:8;} place {offset:0; length:7;} place {offset:9; length:6;} place {offset:25; length:5;} place {offset:74; length:6;}">
                <Coords points="1702,1404 2020,1408 2299,1409 2578,1409 2857,1410 3136,1411 3415,1412 3694,1412 3973,1413 4252,1414 4531,1414 4810,1415 5089,1415 5368,1416 5647,1416 5926,1416 6205,1417 6484,1417 6763,1417 7042,1418 7322,1418 7322,1369 7042,1369 6763,1368 6484,1368 6205,1368 5926,1367 5647,1367 5368,1367 5089,1366 4810,1366 4531,1365 4252,1365 3973,1364 3694,1363 3415,1363 3136,1362 2857,1361 2578,1360 2299,1360 2020,1359 1702,1355"/>
                <Baseline points="1741,1391 2020,1392 2299,1393 2578,1393 2857,1394 3136,1395 3415,1396 3694,1396 3973,1397 4252,1398 4531,1398 4810,1399 5089,1399 5368,1400 5647,1400 5926,1400 6205,1401 6484,1401 6763,1401 7042,1402 7322,1402"/>
                <TextEquiv>
                    <Unicode>Pegnicz, Velden, und daz Plech und alles, daz unser bruder der egenant ze Beyern innegehabt und besetzen hat, mit allen dorfen, leuten, herscheften, guten, gerichten, bennen, czollen, geleiten,</Unicode>
                </TextEquiv>
            </TextLine>
            <TextLine id="r1l17" custom="readingOrder {index:9;}">
                <Coords points="1690,1477 2027,1484 2307,1485 2587,1486 2868,1487 3148,1487 3428,1488 3708,1489 3989,1489 4269,1489 4549,1490 4829,1490 5110,1490 5390,1490 5670,1490 5950,1490 6231,1491 6511,1491 6791,1491 7071,1491 7367,1491 7367,1439 7071,1439 6791,1439 6511,1439 6231,1439 5950,1438 5670,1438 5390,1438 5110,1438 4829,1438 4549,1438 4269,1437 3989,1437 3708,1437 3428,1436 3148,1435 2868,1435 2587,1434 2307,1433 2027,1432 1690,1425"/>
                <Baseline points="1747,1466 2027,1467 2307,1468 2587,1469 2868,1470 3148,1470 3428,1471 3708,1472 3989,1472 4269,1472 4549,1473 4829,1473 5110,1473 5390,1473 5670,1473 5950,1473 6231,1474 6511,1474 6791,1474 7071,1474 7352,1474"/>
                <TextEquiv>
                    <Unicode>vorsten, wiltpennen, gulten, czinsen, nutzen, vellen, welden, puschen, seyeiden, vogelweiden, wiesen, weiden, wazzern, mulen, wazzerleuffen, teichen, vischerey, bergen, grunden, slichten, gemerken, kreiz¬</Unicode>
                </TextEquiv>
            </TextLine>
            <TextLine id="r1l18" custom="readingOrder {index:10;}">
                <Coords points="1726,1555 2007,1555 2288,1556 2569,1557 2850,1558 3131,1559 3412,1560 3693,1561 3974,1562 4255,1562 4536,1563 4817,1563 5098,1563 5379,1563 5660,1563 5941,1562 6222,1562 6503,1561 6784,1559 7065,1557 7346,1555 7377,1492 7096,1494 6784,1520 6503,1522 6222,1523 5941,1523 5660,1524 5379,1524 5098,1524 4817,1524 4536,1524 4255,1523 3974,1523 3693,1522 3412,1521 3131,1520 2850,1519 2569,1518 2288,1517 2007,1516 1726,1516"/>
                <Baseline points="1726,1542 2007,1542 2288,1543 2569,1544 2850,1545 3131,1546 3412,1547 3693,1548 3974,1549 4255,1549 4536,1550 4817,1550 5098,1550 5379,1550 5660,1550 5941,1549 6222,1549 6503,1548 6784,1546 7065,1544 7346,1542"/>
                <TextEquiv>
                    <Unicode>zen, weichpilden und allen nuczen ob und under der erden, wie man die benennen mag, und auch mit rittern, knechten, mannen, manscheften, lehen, lehenscheften, verlehenten guten, kirchlehen und</Unicode>
                </TextEquiv>
            </TextLine>
            <TextLine id="r1l20" custom="readingOrder {index:11;}">
                <Coords points="1730,1641 2007,1640 2284,1639 2561,1638 2839,1638 3116,1638 3393,1639 3671,1639 3948,1640 4225,1641 4503,1641 4780,1641 5057,1641 5334,1641 5612,1640 5889,1639 6166,1637 6444,1634 6721,1630 6998,1626 7382,1594 7382,1542 6998,1574 6721,1578 6444,1582 6166,1585 5889,1587 5612,1588 5334,1589 5057,1589 4780,1589 4503,1589 4225,1589 3948,1588 3671,1587 3393,1587 3116,1586 2839,1586 2561,1586 2284,1587 2007,1588 1730,1589"/>
                <Baseline points="1730,1624 2007,1623 2284,1622 2561,1621 2839,1621 3116,1621 3393,1622 3671,1622 3948,1623 4225,1624 4503,1624 4780,1624 5057,1624 5334,1624 5612,1623 5889,1622 6166,1620 6444,1617 6721,1613 6998,1609 7276,1604"/>
                <TextEquiv>
                    <Unicode>gotsgaben, dyenern, aygenensleuten, pfantscheften von dem reiche oder sust von yemant anderes, und allen zugehorungen erbe und aygen, als ez gelegen ist, pfantschaft fur pfantschaft, recht und red¬</Unicode>
                </TextEquiv>
            </TextLine>
            <TextLine id="r1l21" custom="readingOrder {index:12;}">
                <Coords points="1725,1714 2007,1711 2289,1709 2571,1708 2853,1708 3135,1708 3417,1708 3700,1709 3982,1710 4264,1712 4546,1713 4828,1714 5110,1714 5392,1714 5675,1714 5957,1713 6239,1711 6521,1708 6803,1703 7085,1698 7368,1691 7368,1639 7085,1646 6803,1651 6521,1656 6239,1659 5957,1661 5675,1662 5392,1662 5110,1662 4828,1662 4546,1661 4264,1660 3982,1658 3700,1657 3417,1656 3135,1656 2853,1656 2571,1656 2289,1657 2007,1659 1725,1662"/>
                <Baseline points="1725,1697 2007,1694 2289,1692 2571,1691 2853,1691 3135,1691 3417,1691 3700,1692 3982,1693 4264,1695 4546,1696 4828,1697 5110,1697 5392,1697 5675,1697 5957,1696 6239,1694 6521,1691 6803,1686 7085,1681 7368,1674"/>
                <TextEquiv>
                    <Unicode>lich verkouft haben in aller der mazze, als sie der obgenant unser bruder seliger ingehabt hat, und besezzen hat und als sie von seinem tode uf uns erwitliche vervallen waren und haben uns ver¬</Unicode>
                </TextEquiv>
            </TextLine>
            <TextLine id="r1l22" custom="readingOrder {index:13;}">
                <Coords points="1719,1793 1999,1788 2279,1785 2559,1783 2840,1782 3120,1782 3400,1783 3681,1785 3961,1787 4241,1789 4522,1791 4802,1793 5082,1794 5362,1795 5643,1795 5923,1793 6203,1791 6484,1787 6764,1781 7044,1773 7325,1763 7325,1708 7044,1718 6764,1726 6484,1732 6203,1736 5923,1738 5643,1740 5362,1740 5082,1739 4802,1738 4522,1736 4241,1734 3961,1732 3681,1730 3400,1728 3120,1727 2840,1727 2559,1728 2279,1730 1999,1733 1719,1738"/>
                <Baseline points="1719,1775 1999,1770 2279,1767 2559,1765 2840,1764 3120,1764 3400,1765 3681,1767 3961,1769 4241,1771 4522,1773 4802,1775 5082,1776 5362,1777 5643,1777 5923,1775 6203,1773 6484,1769 6764,1763 7044,1755 7325,1745"/>
                <TextEquiv>
                    <Unicode>zigen für uns, unser erben und nachkomen ewicleichen alles rechten, ansprach und anredung, die wir zu den obgenanten vesten, steten, merkten, und allen zugehorungen als sei dovor begriffen sint, be¬</Unicode>
                </TextEquiv>
            </TextLine>
            <TextLine id="r1l23" custom="readingOrder {index:14;}">
                <Coords points="1721,1874 2015,1868 2296,1863 2577,1860 2858,1858 3139,1858 3419,1859 3700,1861 3981,1863 4262,1866 4543,1868 4823,1870 5104,1871 5385,1872 5666,1871 5947,1870 6227,1866 6508,1860 6789,1853 7070,1842 7388,1827 7388,1770 7070,1785 6789,1796 6508,1803 6227,1809 5947,1813 5666,1814 5385,1815 5104,1814 4823,1813 4543,1811 4262,1809 3981,1806 3700,1804 3419,1802 3139,1801 2858,1801 2577,1803 2296,1806 2015,1811 1721,1817"/>
                <Baseline points="1735,1855 2015,1849 2296,1844 2577,1841 2858,1839 3139,1839 3419,1840 3700,1842 3981,1844 4262,1847 4543,1849 4823,1851 5104,1852 5385,1853 5666,1852 5947,1851 6227,1847 6508,1841 6789,1834 7070,1823 7351,1811"/>
                <TextEquiv>
                    <Unicode>habt haben, haben oder gehaben mochten in dheinerweis und haben uns ouch verzigen aller hilfe geistleiches und werktliches rechten und aller gesetze keyserliecher und bebstleicher buche, der lande</Unicode>
                </TextEquiv>
            </TextLine>
            <TextLine id="r1l24" custom="readingOrder {index:15;}">
                <Coords points="1723,1958 2049,1948 2344,1941 2639,1936 2933,1934 3228,1933 3523,1934 3817,1935 4112,1938 4407,1940 4701,1943 4996,1945 5291,1947 5585,1947 5880,1946 6175,1944 6469,1939 6764,1932 7059,1921 7354,1907 7354,1850 7059,1864 6764,1875 6469,1882 6175,1887 5880,1889 5585,1890 5291,1890 4996,1888 4701,1886 4407,1883 4112,1881 3817,1878 3523,1877 3228,1876 2933,1877 2639,1879 2344,1884 2049,1891 1723,1901"/>
                <Baseline points="1755,1939 2049,1929 2344,1922 2639,1917 2933,1915 3228,1914 3523,1915 3817,1916 4112,1919 4407,1921 4701,1924 4996,1926 5291,1928 5585,1928 5880,1927 6175,1925 6469,1920 6764,1913 7059,1902 7354,1888"/>
                <TextEquiv>
                    <Unicode>gewonheit und aller ubunge und behaltnüzze domit dieser kouf mochte in dheine weis gehindert werden, und meinen, daz wir, unser erben und nachkomen uns domit nymer in dheinen zeiten</Unicode>
                </TextEquiv>
            </TextLine>
            <TextLine id="r1l25" custom="readingOrder {index:16;}">
                <Coords points="1725,2033 2023,2029 2303,2023 2583,2019 2863,2017 3143,2016 3423,2016 3703,2016 3983,2017 4263,2018 4543,2020 4823,2021 5103,2022 5383,2022 5663,2021 5943,2019 6223,2016 6503,2012 6783,2005 7063,1997 7343,1986 7343,1929 7063,1940 6783,1948 6503,1955 6223,1959 5943,1962 5663,1964 5383,1965 5103,1965 4823,1964 4543,1963 4263,1961 3983,1960 3703,1959 3423,1959 3143,1959 2863,1960 2583,1962 2303,1966 2023,1972 1725,1976"/>
                <Baseline points="1743,2017 2023,2010 2303,2004 2583,2000 2863,1998 3143,1997 3423,1997 3703,1997 3983,1998 4263,1999 4543,2001 4823,2002 5103,2003 5383,2003 5663,2002 5943,2000 6223,1997 6503,1993 6783,1986 7063,1978 7343,1967"/>
                <TextEquiv>
                    <Unicode>mit dem rechten oder mit der tat, mit worten oder werken behelfen sullen oder wellen ouch haben wir gelobt wir mit guten treven angeverd fur uns, unser erben und nachkomen dem obgenanten</Unicode>
                </TextEquiv>
            </TextLine>
            <TextLine id="r1l26" custom="readingOrder {index:17;} place {offset:65; length:6;}">
                <Coords points="1740,2117 2022,2110 2305,2104 2588,2100 2870,2098 3153,2096 3436,2096 3718,2096 4001,2097 4284,2098 4567,2100 4849,2100 5132,2101 5415,2101 5697,2100 5980,2097 6263,2094 6545,2089 6828,2081 7111,2072 7394,2060 7394,2005 7111,2017 6828,2026 6545,2034 6263,2039 5980,2042 5697,2045 5415,2046 5132,2046 4849,2045 4567,2045 4284,2043 4001,2042 3718,2041 3436,2041 3153,2041 2870,2043 2588,2045 2305,2049 2022,2055 1740,2062"/>
                <Baseline points="1740,2099 2022,2092 2305,2086 2588,2082 2870,2080 3153,2078 3436,2078 3718,2078 4001,2079 4284,2080 4567,2082 4849,2082 5132,2083 5415,2083 5697,2082 5980,2079 6263,2076 6545,2071 6828,2063 7111,2054 7394,2042"/>
                <TextEquiv>
                    <Unicode>unserm herren dem kunige, seinen erben und nachkomen, kunigen zu Beheim, daz wir in und der cronen desselben kunigrichs alle die obgenanten vesten, stete, merkte und zugehorung als sie dovor</Unicode>
                </TextEquiv>
            </TextLine>
            <TextLine id="r1l27" custom="readingOrder {index:18;} person {offset:90; length:14;} person {offset:120; length:32;}">
                <Coords points="1744,2197 2046,2190 2328,2185 2610,2181 2892,2179 3173,2178 3455,2178 3737,2178 4019,2179 4300,2180 4582,2180 4864,2181 5146,2181 5427,2180 5709,2178 5991,2175 6273,2170 6554,2164 6836,2156 7118,2146 7400,2134 7400,2079 7118,2091 6836,2101 6554,2109 6273,2115 5991,2120 5709,2123 5427,2125 5146,2126 4864,2126 4582,2125 4300,2125 4019,2124 3737,2123 3455,2123 3173,2123 2892,2124 2610,2126 2328,2130 2046,2135 1744,2142"/>
                <Baseline points="1765,2179 2046,2172 2328,2167 2610,2163 2892,2161 3173,2160 3455,2160 3737,2160 4019,2161 4300,2162 4582,2162 4864,2163 5146,2163 5427,2162 5709,2160 5991,2157 6273,2152 6554,2146 6836,2138 7118,2128 7400,2116"/>
                <TextEquiv>
                    <Unicode>begriffen sint, versprechen und entwerren sullen und wellen bey namen fur unsern vettern, keiser Ludwigs seligen kinder hertzogen Ruprechten den jungern, unsers bruder sun dem obgenanten</Unicode>
                </TextEquiv>
            </TextLine>
            <TextLine id="r1l28" custom="readingOrder {index:19;}">
                <Coords points="1732,2271 2012,2264 2292,2259 2573,2256 2853,2254 3134,2253 3414,2253 3694,2253 3975,2254 4255,2255 4536,2256 4816,2257 5096,2257 5377,2257 5657,2255 5938,2253 6218,2249 6498,2244 6779,2236 7059,2227 7346,2216 7346,2159 7059,2170 6779,2179 6498,2187 6218,2192 5938,2196 5657,2198 5377,2200 5096,2200 4816,2200 4536,2199 4255,2198 3975,2197 3694,2196 3414,2196 3134,2196 2853,2197 2573,2199 2292,2202 2012,2207 1732,2214"/>
                <Baseline points="1732,2252 2012,2245 2292,2240 2573,2237 2853,2235 3134,2234 3414,2234 3694,2234 3975,2235 4255,2236 4536,2237 4816,2238 5096,2238 5377,2238 5657,2236 5938,2234 6218,2230 6498,2225 6779,2217 7059,2208 7340,2197"/>
                <TextEquiv>
                    <Unicode>und fur aller meniclich und für aller ansprach eines regleichem, wie der genennet sey, als in den landen recht und gewonlich ist, darum mit wolbedachtem müt unbetwungen und</Unicode>
                </TextEquiv>
            </TextLine>
            <TextLine id="r1l29" custom="readingOrder {index:20;}">
                <Coords points="1744,2344 2025,2336 2306,2331 2587,2327 2869,2325 3150,2325 3431,2325 3713,2327 3994,2329 4275,2331 4557,2333 4838,2335 5119,2336 5400,2336 5682,2336 5963,2333 6244,2329 6526,2323 6807,2315 7088,2303 7370,2289 7370,2232 7088,2246 6807,2258 6526,2266 6244,2272 5963,2276 5682,2279 5400,2279 5119,2279 4838,2278 4557,2276 4275,2274 3994,2272 3713,2270 3431,2268 3150,2268 2869,2268 2587,2270 2306,2274 2025,2279 1744,2287"/>
                <Baseline points="1744,2325 2025,2317 2306,2312 2587,2308 2869,2306 3150,2306 3431,2306 3713,2308 3994,2310 4275,2312 4557,2314 4838,2316 5119,2317 5400,2317 5682,2317 5963,2314 6244,2310 6526,2304 6807,2296 7088,2284 7370,2270"/>
                <TextEquiv>
                    <Unicode>mit freyer willekür, lazzen wir euch allesampte und iegleichem besunder ledig und los aller huldunge trewen, gelubde und eyde, domit ir uns, unsern erben und nachkomen, als pfallenczgraven</Unicode>
                </TextEquiv>
            </TextLine>
            <TextLine id="r1l30" custom="readingOrder {index:21;} place {offset:4; length:4;} place {offset:27; length:6;}">
                <Coords points="1732,2414 2032,2413 2315,2407 2598,2403 2880,2402 3163,2401 3446,2402 3728,2404 4011,2406 4294,2408 4577,2411 4859,2413 5142,2414 5425,2415 5707,2414 5990,2412 6273,2408 6555,2402 6838,2393 7121,2383 7404,2369 7404,2312 7121,2326 6838,2336 6555,2345 6273,2351 5990,2355 5707,2357 5425,2358 5142,2357 4859,2356 4577,2354 4294,2351 4011,2349 3728,2347 3446,2345 3163,2344 2880,2345 2598,2346 2315,2350 2032,2356 1732,2357"/>
                <Baseline points="1750,2401 2032,2394 2315,2388 2598,2384 2880,2383 3163,2382 3446,2383 3728,2385 4011,2387 4294,2389 4577,2392 4859,2394 5142,2395 5425,2396 5707,2395 5990,2393 6273,2389 6555,2383 6838,2374 7121,2364 7404,2350"/>
                <TextEquiv>
                    <Unicode>bei Bein, und herczogen in Beyern, und der obgenanten lande eleichen erben, von todes wegen unsers bruder seligen oder sust in dheinemweise verbunden gewesen seit oder gesein mochtet, und weisen euch</Unicode>
                </TextEquiv>
            </TextLine>
            <TextLine id="r1l31" custom="readingOrder {index:22;} place {offset:74; length:6;} place {offset:117; length:6;}">
                <Coords points="1736,2496 2033,2488 2331,2482 2629,2478 2927,2476 3225,2476 3523,2476 3820,2477 4118,2479 4416,2481 4714,2484 5012,2485 5310,2487 5607,2488 5905,2487 6203,2485 6501,2482 6799,2477 7097,2470 7395,2459 7395,2405 7097,2416 6799,2423 6501,2428 6203,2431 5905,2433 5607,2434 5310,2433 5012,2431 4714,2430 4416,2427 4118,2425 3820,2423 3523,2422 3225,2422 2927,2422 2629,2424 2331,2428 2033,2434 1736,2442"/>
                <Baseline points="1736,2478 2033,2470 2331,2464 2629,2460 2927,2458 3225,2458 3523,2458 3820,2459 4118,2461 4416,2463 4714,2466 5012,2467 5310,2469 5607,2470 5905,2469 6203,2467 6501,2464 6799,2459 7097,2452 7395,2441"/>
                <TextEquiv>
                    <Unicode>an den obgenanten unsern gnedigen herren den römischen kunig und kunig zu Beheim, sein erben und nachkomen kunige zu Beheim, und an die crone dez selben kunigrichs. Und wollen und</Unicode>
                </TextEquiv>
            </TextLine>
            <TextLine id="r1l32" custom="readingOrder {index:23;}">
                <Coords points="1758,2576 2039,2566 2320,2558 2601,2553 2882,2550 3163,2548 3444,2548 3726,2550 4007,2552 4288,2554 4569,2557 4850,2560 5131,2562 5412,2564 5694,2564 5975,2564 6256,2561 6537,2557 6818,2551 7099,2542 7408,2527 7408,2473 7099,2488 6818,2497 6537,2503 6256,2507 5975,2510 5694,2510 5412,2510 5131,2508 4850,2506 4569,2503 4288,2500 4007,2498 3726,2496 3444,2494 3163,2494 2882,2496 2601,2499 2320,2504 2039,2512 1758,2522"/>
                <Baseline points="1758,2558 2039,2548 2320,2540 2601,2535 2882,2532 3163,2530 3444,2530 3726,2532 4007,2534 4288,2536 4569,2539 4850,2542 5131,2544 5412,2546 5694,2546 5975,2546 6256,2543 6537,2539 6818,2533 7099,2524 7381,2512"/>
                <TextEquiv>
                    <Unicode>gebieten euch allensampte und igleichem besunder, daz ir allesampt und ieglicher besunder zu hant unverczogenleichen und an alles hindernuzze von ewern, ewir erben und nachkomen wegen</Unicode>
                </TextEquiv>
            </TextLine>
            <TextLine id="r1l33" custom="readingOrder {index:24;} place {offset:81; length:6;} place {offset:127; length:6;}">
                <Coords points="1754,2655 2033,2645 2312,2638 2591,2633 2871,2630 3150,2629 3429,2629 3709,2630 3988,2632 4267,2634 4547,2637 4826,2640 5105,2642 5384,2643 5664,2643 5943,2642 6222,2640 6502,2636 6781,2629 7060,2620 7340,2608 7340,2551 7060,2563 6781,2572 6502,2579 6222,2583 5943,2585 5664,2586 5384,2586 5105,2585 4826,2583 4547,2580 4267,2577 3988,2575 3709,2573 3429,2572 3150,2572 2871,2573 2591,2576 2312,2581 2033,2588 1754,2598"/>
                <Baseline points="1754,2636 2033,2626 2312,2619 2591,2614 2871,2611 3150,2610 3429,2610 3709,2611 3988,2613 4267,2615 4547,2618 4826,2621 5105,2623 5384,2624 5664,2624 5943,2623 6222,2621 6502,2617 6781,2610 7060,2601 7340,2589"/>
                <TextEquiv>
                    <Unicode>ewicleichen dem vorgenanten unserm herren dem romischen kunig als einem kunge zu Beheim, seinen erben und nachkomen kunigen zu Beheim, und der cronen des selben kunigreichs gancz</Unicode>
                </TextEquiv>
            </TextLine>
            <TextLine id="r1l34" custom="readingOrder {index:25;}">
                <Coords points="1750,2737 2031,2725 2313,2717 2595,2711 2877,2707 3159,2705 3440,2705 3722,2706 4004,2707 4286,2710 4568,2712 4849,2715 5131,2717 5413,2718 5695,2718 5977,2717 6258,2713 6540,2708 6822,2699 7104,2688 7386,2674 7386,2617 7104,2631 6822,2642 6540,2651 6258,2656 5977,2660 5695,2661 5413,2661 5131,2660 4849,2658 4568,2655 4286,2653 4004,2650 3722,2649 3440,2648 3159,2648 2877,2650 2595,2654 2313,2660 2031,2668 1750,2680"/>
                <Baseline points="1750,2718 2031,2706 2313,2698 2595,2692 2877,2688 3159,2686 3440,2686 3722,2687 4004,2688 4286,2691 4568,2693 4849,2696 5131,2698 5413,2699 5695,2699 5977,2698 6258,2694 6540,2689 6822,2680 7104,2669 7386,2655"/>
                <TextEquiv>
                    <Unicode>trew, gehorsam und fleizzige undertenikeit geloben, hulden und sweren sullet, als ewerm rechten erbeherren, und in die selben leisten und vollefüren ewicleiche, als ir ewer erblichen herschaft</Unicode>
                </TextEquiv>
            </TextLine>
            <TextLine id="r1l35" custom="readingOrder {index:26;}">
                <Coords points="1766,2815 2042,2805 2319,2798 2596,2792 2873,2789 3150,2787 3427,2787 3704,2787 3981,2788 4258,2790 4535,2792 4811,2794 5088,2796 5365,2797 5642,2797 5919,2796 6196,2794 6473,2789 6750,2783 7027,2775 7304,2764 7304,2707 7027,2718 6750,2726 6473,2732 6196,2737 5919,2739 5642,2740 5365,2740 5088,2739 4811,2737 4535,2735 4258,2733 3981,2731 3704,2730 3427,2730 3150,2730 2873,2732 2596,2735 2319,2741 2042,2748 1766,2758"/>
                <Baseline points="1766,2796 2042,2786 2319,2779 2596,2773 2873,2770 3150,2768 3427,2768 3704,2768 3981,2769 4258,2771 4535,2773 4811,2775 5088,2777 5365,2778 5642,2778 5919,2777 6196,2775 6473,2770 6750,2764 7027,2756 7304,2745"/>
                <TextEquiv>
                    <Unicode>zu recht pflichtig seit. Daruber zu grozzerr ewir sicherheit geloben wir euch mit guten, steten trewin angeverd, daz wir euch allesampt und ieglichen besunder, wenn wir dez ermanet</Unicode>
                </TextEquiv>
            </TextLine>
            <TextLine id="r1l36" custom="readingOrder {index:27;}">
                <Coords points="1760,2891 2079,2883 2356,2878 2632,2873 2909,2871 3186,2869 3462,2869 3739,2869 4015,2870 4292,2872 4569,2873 4845,2874 5122,2875 5398,2875 5675,2874 5952,2872 6228,2868 6505,2863 6781,2857 7058,2848 7335,2836 7335,2779 7058,2791 6781,2800 6505,2806 6228,2811 5952,2815 5675,2817 5398,2818 5122,2818 4845,2817 4569,2816 4292,2815 4015,2813 3739,2812 3462,2812 3186,2812 2909,2814 2632,2816 2356,2821 2079,2826 1760,2834"/>
                <Baseline points="1803,2872 2079,2864 2356,2859 2632,2854 2909,2852 3186,2850 3462,2850 3739,2850 4015,2851 4292,2853 4569,2854 4845,2855 5122,2856 5398,2856 5675,2855 5952,2853 6228,2849 6505,2844 6781,2838 7058,2829 7335,2817"/>
                <TextEquiv>
                    <Unicode>werden, alier huldunge, trewen und eyde, domit ir uns in dheinenweis verbunden gewesen seit oder gesein mochte, ledig und los sagen und lazzen wellen mit unser selbes munde und euch an</Unicode>
                </TextEquiv>
            </TextLine>
            <TextLine id="r1l37" custom="readingOrder {index:28;} place {offset:63; length:6;} place {offset:107; length:6;}">
                <Coords points="1761,2971 2090,2963 2369,2957 2648,2953 2927,2950 3205,2949 3484,2948 3763,2948 4042,2949 4320,2950 4599,2951 4878,2952 5157,2952 5435,2952 5714,2951 5993,2949 6272,2945 6550,2941 6829,2934 7108,2925 7387,2914 7387,2857 7108,2868 6829,2877 6550,2884 6272,2888 5993,2892 5714,2894 5435,2895 5157,2895 4878,2895 4599,2894 4320,2893 4042,2892 3763,2891 3484,2891 3205,2892 2927,2893 2648,2896 2369,2900 2090,2906 1761,2914"/>
                <Baseline points="1812,2952 2090,2944 2369,2938 2648,2934 2927,2931 3205,2930 3484,2929 3763,2929 4042,2930 4320,2931 4599,2932 4878,2933 5157,2933 5435,2933 5714,2932 5993,2930 6272,2926 6550,2922 6829,2915 7108,2906 7387,2895"/>
                <TextEquiv>
                    <Unicode>den vorgenanten unsern herren den romischen kunig und kunig zu Beheim, sein erben und nachkomen, kunige zu Beheim, und an die cronen des selben kunigreichs unverzogenelichen weisen.</Unicode>
                </TextEquiv>
            </TextLine>
            <TextLine id="r1l38" custom="readingOrder {index:29;} place {offset:71; length:7;} date {offset:79; length:95; continued:true;year:0; day:0; month:0;}">
                <Coords points="1782,3051 2061,3042 2340,3035 2620,3030 2899,3027 3179,3025 3458,3024 3738,3024 4017,3024 4297,3025 4576,3026 4855,3027 5135,3027 5414,3027 5694,3026 5973,3024 6253,3021 6532,3016 6812,3009 7091,3001 7445,2989 7445,2932 7091,2944 6812,2952 6532,2959 6253,2964 5973,2967 5694,2969 5414,2970 5135,2970 4855,2970 4576,2969 4297,2968 4017,2967 3738,2967 3458,2967 3179,2968 2899,2970 2620,2973 2340,2978 2061,2985 1782,2994"/>
                <Baseline points="1812,3035 2091,3026 2370,3019 2650,3014 2929,3011 3209,3009 3488,3008 3768,3008 4047,3008 4327,3009 4606,3010 4885,3011 5165,3011 5444,3011 5724,3010 6003,3008 6283,3005 6562,3000 6842,2993 7121,2985 7401,2973"/>
                <TextEquiv>
                    <Unicode>Mit urkund dicz brifes, versigelt mit unserm insigel, der geben ist zu Hagenow nach Crists geburt dreuzehen hundert und in dem dreu und fumfzigstem jar, dez nechsten dinstags</Unicode>
                </TextEquiv>
            </TextLine>
            <TextLine id="r1l40" custom="readingOrder {index:30;} date {offset:0; length:22; continued:true;year:0; day:0; month:0;}">
                <Coords points="1781,3138 1867,3133 1899,3131 1931,3129 1963,3127 1995,3126 2026,3125 2058,3124 2090,3122 2122,3122 2154,3121 2185,3121 2217,3121 2249,3121 2281,3121 2313,3122 2344,3122 2376,3123 2408,3124 2440,3125 2472,3126 2472,3069 2440,3068 2408,3067 2376,3066 2344,3065 2313,3065 2281,3064 2249,3064 2217,3064 2185,3064 2154,3064 2122,3065 2090,3065 2058,3067 2026,3068 1995,3069 1963,3070 1931,3072 1899,3074 1867,3076 1781,3081"/>
                <Baseline points="1836,3116 1867,3114 1899,3112 1931,3110 1963,3108 1995,3107 2026,3106 2058,3105 2090,3103 2122,3103 2154,3102 2185,3102 2217,3102 2249,3102 2281,3102 2313,3103 2344,3103 2376,3104 2408,3105 2440,3106 2472,3107"/>
                <TextEquiv>
                    <Unicode>vor aller heiligen tag.</Unicode>
                </TextEquiv>
            </TextLine>
            <TextEquiv>
                <Unicode>Wir Ruprecht der Elter von Gots gnaden pfallenczgraue bei Rein, des heiligen reichs obrister trucsezze und herczog in Beyern, embiten allen herren, freyen, mannen, dienstleuten, rittern, knechten, aigen
leuten burgen und gemeinscheften der stete, schulcheizzen, gebauren und allen lantsezzen, geistlichen, und werltlichen, armen und reichen, die in den landen, kreizzen und weichpilden der nachgeschriben vesten,
stete und merkte gesezzen sind oder darinne lehengut oder erbe besiczen, unser genedliche hulde. Wann wir mit wolbedachtem mute mit rat unser frunde und mit rechter wissen dem allerdurchluchti¬
gistem fursten und herren, hern Karl Romisehem kunig zu allen zeiten merer des reichs und kunig zu Beheim, unserm lieben genedigen herren, seinen erben und nachkomen, kunigen zu Beheim, und
der cronen des selben kunigrichs erwicleich und ewicleich umb czwelf tusant mark lotiges silbers, domit er den hochgebornen fursten hern Ruprecht den Jungern, unsers bruder sun aus seinem
vanknuzze von Sachsen geledigt und geloset hat die nachgeschrieben vesten Newenstat, Storenstein, Hirzsow und Liechtenstein und darnach umb zweinczig tausent mark loetiges silbers, die er uf
seliger gedechtnusse dem hochgeborn fursten hern Rudolfen etwenn pfallenczgraven bey Rein und herczogen in Beyern, unsern lieben bruder uns wizzentlich gewendet und im gelihen hat, die
nachgeschriben vesten stete und merkte Sultzbach, Rosemberg, Hertenstein, Nidstein, Turrendorf, Hiltpoltstein, Hohenstein, Lichteneck, Frankemberg, Lauffen, Eschembach, Hersbruck, Aurbach,
Pegnicz, Velden, und daz Plech und alles, daz unser bruder der egenant ze Beyern innegehabt und besetzen hat, mit allen dorfen, leuten, herscheften, guten, gerichten, bennen, czollen, geleiten,
vorsten, wiltpennen, gulten, czinsen, nutzen, vellen, welden, puschen, seyeiden, vogelweiden, wiesen, weiden, wazzern, mulen, wazzerleuffen, teichen, vischerey, bergen, grunden, slichten, gemerken, kreiz¬
zen, weichpilden und allen nuczen ob und under der erden, wie man die benennen mag, und auch mit rittern, knechten, mannen, manscheften, lehen, lehenscheften, verlehenten guten, kirchlehen und
gotsgaben, dyenern, aygenensleuten, pfantscheften von dem reiche oder sust von yemant anderes, und allen zugehorungen erbe und aygen, als ez gelegen ist, pfantschaft fur pfantschaft, recht und red¬
lich verkouft haben in aller der mazze, als sie der obgenant unser bruder seliger ingehabt hat, und besezzen hat und als sie von seinem tode uf uns erwitliche vervallen waren und haben uns ver¬
zigen für uns, unser erben und nachkomen ewicleichen alles rechten, ansprach und anredung, die wir zu den obgenanten vesten, steten, merkten, und allen zugehorungen als sei dovor begriffen sint, be¬
habt haben, haben oder gehaben mochten in dheinerweis und haben uns ouch verzigen aller hilfe geistleiches und werktliches rechten und aller gesetze keyserliecher und bebstleicher buche, der lande
gewonheit und aller ubunge und behaltnüzze domit dieser kouf mochte in dheine weis gehindert werden, und meinen, daz wir, unser erben und nachkomen uns domit nymer in dheinen zeiten
mit dem rechten oder mit der tat, mit worten oder werken behelfen sullen oder wellen ouch haben wir gelobt wir mit guten treven angeverd fur uns, unser erben und nachkomen dem obgenanten
unserm herren dem kunige, seinen erben und nachkomen, kunigen zu Beheim, daz wir in und der cronen desselben kunigrichs alle die obgenanten vesten, stete, merkte und zugehorung als sie dovor
begriffen sint, versprechen und entwerren sullen und wellen bey namen fur unsern vettern, keiser Ludwigs seligen kinder hertzogen Ruprechten den jungern, unsers bruder sun dem obgenanten
und fur aller meniclich und für aller ansprach eines regleichem, wie der genennet sey, als in den landen recht und gewonlich ist, darum mit wolbedachtem müt unbetwungen und
mit freyer willekür, lazzen wir euch allesampte und iegleichem besunder ledig und los aller huldunge trewen, gelubde und eyde, domit ir uns, unsern erben und nachkomen, als pfallenczgraven
bei Bein, und herczogen in Beyern, und der obgenanten lande eleichen erben, von todes wegen unsers bruder seligen oder sust in dheinemweise verbunden gewesen seit oder gesein mochtet, und weisen euch
an den obgenanten unsern gnedigen herren den römischen kunig und kunig zu Beheim, sein erben und nachkomen kunige zu Beheim, und an die crone dez selben kunigrichs. Und wollen und
gebieten euch allensampte und igleichem besunder, daz ir allesampt und ieglicher besunder zu hant unverczogenleichen und an alles hindernuzze von ewern, ewir erben und nachkomen wegen
ewicleichen dem vorgenanten unserm herren dem romischen kunig als einem kunge zu Beheim, seinen erben und nachkomen kunigen zu Beheim, und der cronen des selben kunigreichs gancz
trew, gehorsam und fleizzige undertenikeit geloben, hulden und sweren sullet, als ewerm rechten erbeherren, und in die selben leisten und vollefüren ewicleiche, als ir ewer erblichen herschaft
zu recht pflichtig seit. Daruber zu grozzerr ewir sicherheit geloben wir euch mit guten, steten trewin angeverd, daz wir euch allesampt und ieglichen besunder, wenn wir dez ermanet
werden, alier huldunge, trewen und eyde, domit ir uns in dheinenweis verbunden gewesen seit oder gesein mochte, ledig und los sagen und lazzen wellen mit unser selbes munde und euch an
den vorgenanten unsern herren den romischen kunig und kunig zu Beheim, sein erben und nachkomen, kunige zu Beheim, und an die cronen des selben kunigreichs unverzogenelichen weisen.
Mit urkund dicz brifes, versigelt mit unserm insigel, der geben ist zu Hagenow nach Crists geburt dreuzehen hundert und in dem dreu und fumfzigstem jar, dez nechsten dinstags
vor aller heiligen tag.</Unicode>
            </TextEquiv>
        </TextRegion>
    </Page>
</PcGts>
