<?xml version="1.0" encoding="UTF-8" standalone="yes"?>
<PcGts xmlns="http://schema.primaresearch.org/PAGE/gts/pagecontent/2013-07-15" xmlns:xsi="http://www.w3.org/2001/XMLSchema-instance" xsi:schemaLocation="http://schema.primaresearch.org/PAGE/gts/pagecontent/2013-07-15 http://schema.primaresearch.org/PAGE/gts/pagecontent/2013-07-15/pagecontent.xsd">
    <Metadata>
        <Creator>prov=University of Rostock/Institute of Mathematics/CITlab/Tobias Gruening/tobias.gruening@uni-rostock.de:name=/net_tf/LA73_249_0mod360.pb:de.uros.citlab.segmentation.CITlab_LA_ML:v=2.4.2
TRP</Creator>
        <Created>2019-10-07T11:24:44.173+02:00</Created>
        <LastChange>2019-12-02T18:01:44.375+01:00</LastChange>
        <TranskribusMetadata docId="224010" pageId="9496974" pageNr="1" tsid="20176198" status="IN_PROGRESS" userId="36526" imgUrl="https://files.transkribus.eu/Get?id=UFSSPJBXMIQENYPJCIKBOFEK&amp;fileType=view" xmlUrl="https://files.transkribus.eu/Get?id=CROWXGBBNCBBCSVZILYDYQEQ" imageId="6187201"/>
    </Metadata>
    <Page imageFilename="NA-RM_14171002_2320_r.jpg" imageWidth="3000" imageHeight="2113">
        <ReadingOrder>
            <OrderedGroup id="ro_1575392459682" caption="Regions reading order">
                <RegionRefIndexed index="0" regionRef="r1"/>
            </OrderedGroup>
        </ReadingOrder>
        <TextRegion orientation="0.0" id="r1" custom="readingOrder {index:0;}">
            <Coords points="543,362 608,1608 2183,1608 2183,465"/>
            <TextLine id="r1l1" custom="readingOrder {index:0;} person {offset:3; length:42;} place {offset:11; length:5;} person {offset:62; length:23;} place {offset:78; length:7;} person {offset:107; length:43;} place {offset:119; length:6;} place {offset:138; length:12;} person {offset:152; length:16; continued:true;} place {offset:161; length:7;}">
                <Coords points="645,501 720,501 795,501 871,500 946,500 1022,500 1097,499 1172,499 1248,499 1323,498 1399,498 1474,497 1549,497 1625,496 1700,496 1776,496 1851,496 1926,496 2002,495 2077,496 2153,496 2153,466 2077,466 2002,465 1926,466 1851,466 1776,466 1700,466 1625,466 1549,467 1474,467 1399,468 1323,468 1248,469 1172,469 1097,469 1022,470 946,470 871,470 795,471 720,471 645,471"/>
                <Baseline points="645,491 720,491 795,491 871,490 946,490 1022,490 1097,489 1172,489 1248,489 1323,488 1399,488 1474,487 1549,487 1625,486 1700,486 1776,486 1851,486 1926,486 2002,485 2077,486 2153,486"/>
                <TextEquiv>
                    <Unicode>Ja Elska z Dubee, nyekdy rzyeczena Coldiczowa, dobree pamyeti pana Waczlawa z Coldicz, a my rukoymye gegye Cristofor z Mynycz, sedienym w Libczyewessy, Pessyk z Wlczicz,</Unicode>
                </TextEquiv>
            </TextLine>
            <TextLine id="r1l2" custom="readingOrder {index:1;} person {offset:0; length:23; continued:true;} place {offset:11; length:12;} person {offset:25; length:43;} place {offset:35; length:8;} place {offset:56; length:12;} person {offset:145; length:11;}">
                <Coords points="685,534 758,533 832,533 905,532 979,531 1053,531 1126,530 1200,530 1273,529 1347,529 1421,528 1494,528 1568,527 1641,527 1715,527 1789,527 1862,526 1936,526 2009,526 2083,526 2157,526 2157,496 2083,496 2009,496 1936,496 1862,496 1789,497 1715,497 1641,497 1568,497 1494,498 1421,498 1347,499 1273,499 1200,500 1126,500 1053,501 979,501 905,502 832,503 758,503 685,504"/>
                <Baseline points="685,524 758,523 832,523 905,522 979,521 1053,521 1126,520 1200,520 1273,519 1347,519 1421,518 1494,518 1568,517 1641,517 1715,517 1789,517 1862,516 1936,516 2009,516 2083,516 2157,516"/>
                <TextEquiv>
                    <Unicode>sedienym w Horzytyczych, Ratibor z Sedczicz, sedienym w Nowosedlkach, slibugem ssny y zadny nassy dobru a czystu wieru, kdyzby drzyewerzyeczenee panye Elsky pan Buoh</Unicode>
                </TextEquiv>
            </TextLine>
            <TextLine id="r1l3" custom="readingOrder {index:2;} place {offset:108; length:12;} place {offset:143; length:10; continued:true;}">
                <Coords points="675,563 748,562 822,562 896,561 970,561 1044,560 1117,559 1191,558 1265,558 1339,557 1413,556 1486,556 1560,555 1634,555 1708,555 1782,555 1855,555 1929,555 2003,555 2077,555 2151,556 2151,526 2077,525 2003,525 1929,525 1855,525 1782,525 1708,525 1634,525 1560,525 1486,526 1413,526 1339,527 1265,528 1191,528 1117,529 1044,530 970,531 896,531 822,532 748,532 675,533"/>
                <Baseline points="675,553 748,552 822,552 896,551 970,551 1044,550 1117,549 1191,548 1265,548 1339,547 1413,546 1486,546 1560,545 1634,545 1708,545 1782,545 1855,545 1929,545 2003,545 2077,545 2151,546"/>
                <TextEquiv>
                    <Unicode>neuchowal, tehda ynhed w cztrnaczte dnech po smrty te giste panye gina stupena bity y uprazdnyena ta twrz v Bythozyewssy a ta wssyeczka wess y Semenkowy¬</Unicode>
                </TextEquiv>
            </TextLine>
            <TextLine id="r1l5" custom="readingOrder {index:3;} place {offset:0; length:4; continued:true;} person {offset:66; length:90; continued:true;} place {offset:81; length:8;} place {offset:114; length:9;} place {offset:127; length:7;} place {offset:139; length:7;}">
                <Coords points="678,594 751,593 825,591 899,590 972,589 1046,588 1120,587 1193,586 1267,586 1341,585 1415,585 1488,584 1562,584 1636,583 1709,583 1783,583 1857,583 1930,583 2004,583 2078,583 2152,584 2152,554 2078,553 2004,553 1930,553 1857,553 1783,553 1709,553 1636,553 1562,554 1488,554 1415,555 1341,555 1267,556 1193,556 1120,557 1046,558 972,559 899,560 825,561 751,563 678,564"/>
                <Baseline points="678,584 751,583 825,581 899,580 972,579 1046,578 1120,577 1193,576 1267,576 1341,575 1415,575 1488,574 1562,574 1636,573 1709,573 1783,573 1857,573 1930,573 2004,573 2078,573 2152,574"/>
                <TextEquiv>
                    <Unicode>czie a to wssieczko czoz k tiem wssyem przislussye urozenemu panu Gindrzichovy z Hradczie, obecznemu prziworowy w Czyechach, u Morawye a u Polstye, krzyzow¬</Unicode>
                </TextEquiv>
            </TextLine>
            <TextLine id="r1l6" custom="readingOrder {index:4;} person {offset:0; length:7; continued:true;} person {offset:27; length:78;} place {offset:50; length:55;} person {offset:116; length:33;}">
                <Coords points="674,622 748,621 823,620 898,620 973,619 1047,618 1122,618 1197,617 1272,616 1346,615 1421,614 1496,614 1571,613 1645,612 1720,612 1795,611 1870,611 1944,611 2019,611 2094,611 2169,611 2169,581 2094,581 2019,581 1944,581 1870,581 1795,581 1720,582 1645,582 1571,583 1496,584 1421,584 1346,585 1272,586 1197,587 1122,588 1047,588 973,589 898,590 823,590 748,591 674,592"/>
                <Baseline points="674,612 748,611 823,610 898,610 973,609 1047,608 1122,608 1197,607 1272,606 1346,605 1421,604 1496,604 1571,603 1645,602 1720,602 1795,601 1870,601 1944,601 2019,601 2094,601 2169,601"/>
                <TextEquiv>
                    <Unicode>nyczemu, a bohoboynym muzom Zdenkowy, comendorowy domu swathe Marzye na Male Stranye u Prazie podle mosta, a knyezy Jacubkowy, przyworowy kostelnyemu,</Unicode>
                </TextEquiv>
            </TextLine>
            <TextLine id="r1l7" custom="readingOrder {index:5;}">
                <Coords points="678,651 752,650 826,650 900,649 974,648 1049,648 1123,647 1197,646 1271,645 1345,645 1420,644 1494,643 1568,642 1642,641 1716,641 1791,640 1865,640 1939,639 2013,639 2087,638 2162,638 2162,608 2087,608 2013,609 1939,609 1865,610 1791,610 1716,611 1642,611 1568,612 1494,613 1420,614 1345,615 1271,615 1197,616 1123,617 1049,618 974,618 900,619 826,620 752,620 678,621"/>
                <Baseline points="678,641 752,640 826,640 900,639 974,638 1049,638 1123,637 1197,636 1271,635 1345,635 1420,634 1494,633 1568,632 1642,631 1716,631 1791,630 1865,630 1939,629 2013,629 2087,628 2162,628"/>
                <TextEquiv>
                    <Unicode>a nebo gich na myeskom a wssyemu conventu krzyzownykow tudyez zakona swatheho Jana Krzstitele Bozieho spitala Jerusalemskeho y gich buduczym take yn¬</Unicode>
                </TextEquiv>
            </TextLine>
            <TextLine id="r1l8" custom="readingOrder {index:6;}">
                <Coords points="677,681 750,681 824,680 898,679 972,678 1046,677 1120,676 1193,675 1267,674 1341,673 1415,672 1489,671 1563,671 1637,670 1710,669 1784,669 1858,668 1932,668 2006,668 2080,668 2154,668 2154,638 2080,638 2006,638 1932,638 1858,638 1784,639 1710,639 1637,640 1563,641 1489,641 1415,642 1341,643 1267,644 1193,645 1120,646 1046,647 972,648 898,649 824,650 750,651 677,651"/>
                <Baseline points="677,671 750,671 824,670 898,669 972,668 1046,667 1120,666 1193,665 1267,664 1341,663 1415,662 1489,661 1563,661 1637,660 1710,659 1784,659 1858,658 1932,658 2006,658 2080,658 2154,658"/>
                <TextEquiv>
                    <Unicode>hed po smrty te giste panye, kdyzby ty gisty krzyzownyczi posslaly koho sweho zakonyho a nebo swyeczkeho, gemuzby ony wierzily, aby ssye odnych u wazl, ten ynhed</Unicode>
                </TextEquiv>
            </TextLine>
            <TextLine id="r1l9" custom="readingOrder {index:7;}">
                <Coords points="669,713 743,712 817,711 892,710 966,709 1040,708 1115,706 1189,705 1263,704 1338,702 1412,701 1486,700 1561,699 1635,698 1709,697 1784,696 1858,695 1932,695 2007,695 2081,694 2156,695 2156,665 2081,664 2007,665 1932,665 1858,665 1784,666 1709,667 1635,668 1561,669 1486,670 1412,671 1338,672 1263,674 1189,675 1115,676 1040,678 966,679 892,680 817,681 743,682 669,683"/>
                <Baseline points="669,703 743,702 817,701 892,700 966,699 1040,698 1115,696 1189,695 1263,694 1338,692 1412,691 1486,690 1561,689 1635,688 1709,687 1784,686 1858,685 1932,685 2007,685 2081,684 2156,685"/>
                <TextEquiv>
                    <Unicode>bez meskanye gma upustnyn bity sam druhy na twrz, a tu sporuczniky panye te giste prziebiwaty az do toho czassu, dokudz by ssye s swymy wieczmy neodstyehowaly.</Unicode>
                </TextEquiv>
            </TextLine>
            <TextLine id="r1l10" custom="readingOrder {index:8;}">
                <Coords points="668,746 741,744 815,742 889,740 963,738 1037,737 1111,735 1185,734 1259,732 1333,731 1407,730 1480,729 1554,728 1628,727 1702,726 1776,725 1850,725 1924,724 1998,724 2072,723 2146,723 2146,693 2072,693 1998,694 1924,694 1850,695 1776,695 1702,696 1628,697 1554,698 1480,699 1407,700 1333,701 1259,702 1185,704 1111,705 1037,707 963,708 889,710 815,712 741,714 668,716"/>
                <Baseline points="668,736 741,734 815,732 889,730 963,728 1037,727 1111,725 1185,724 1259,722 1333,721 1407,720 1480,719 1554,718 1628,717 1702,716 1776,715 1850,715 1924,714 1998,714 2072,713 2146,713"/>
                <TextEquiv>
                    <Unicode>Take toho ssbozie drziewerzeczeneho slibugem postupity we wssyech mezyech a hraniczyech iakoz gest od nych przyyato bezewssyeho zawazenye stakymyto nabitky</Unicode>
                </TextEquiv>
            </TextLine>
            <TextLine id="r1l11" custom="readingOrder {index:9;}">
                <Coords points="672,775 746,774 820,773 894,772 968,771 1042,769 1116,768 1190,767 1264,765 1338,763 1412,762 1486,760 1560,759 1634,758 1708,756 1782,755 1856,754 1930,753 2004,752 2078,751 2152,751 2152,721 2078,721 2004,722 1930,723 1856,724 1782,725 1708,726 1634,728 1560,729 1486,730 1412,732 1338,733 1264,735 1190,737 1116,738 1042,739 968,741 894,742 820,743 746,744 672,745"/>
                <Baseline points="672,765 746,764 820,763 894,762 968,761 1042,759 1116,758 1190,757 1264,755 1338,753 1412,752 1486,750 1560,749 1634,748 1708,746 1782,745 1856,744 1930,743 2004,742 2078,741 2152,741"/>
                <TextEquiv>
                    <Unicode>ystuto spyzy ysbrogy, gesto ynhed dole popssany a gmenowany budu. Nayprwe wssieczko obyle mlaczene y nemlaczene, w komorach y w humnye a nebo na poly,</Unicode>
                </TextEquiv>
            </TextLine>
            <TextLine id="r1l12" custom="readingOrder {index:10;}">
                <Coords points="673,810 747,808 821,806 896,804 970,802 1045,801 1119,799 1193,797 1268,795 1342,794 1417,792 1491,791 1565,790 1640,788 1714,787 1789,785 1863,784 1937,783 2012,782 2086,781 2161,780 2161,750 2086,751 2012,752 1937,753 1863,754 1789,755 1714,757 1640,758 1565,760 1491,761 1417,762 1342,764 1268,765 1193,767 1119,769 1045,771 970,772 896,774 821,776 747,778 673,780"/>
                <Baseline points="673,800 747,798 821,796 896,794 970,792 1045,791 1119,789 1193,787 1268,785 1342,784 1417,782 1491,781 1565,780 1640,778 1714,777 1789,775 1863,774 1937,773 2012,772 2086,771 2161,770"/>
                <TextEquiv>
                    <Unicode>kromye ssladow, gestoby dospiely azdielany bily, nebo ty giste porucznyczi panye ssobye wezmu a take wssieczkno ssyeno y wssyelika pyczie ta ma tu przidworzie osta¬</Unicode>
                </TextEquiv>
            </TextLine>
            <TextLine id="r1l13" custom="readingOrder {index:11;}">
                <Coords points="678,838 752,836 826,835 900,833 974,831 1048,830 1122,828 1196,827 1270,825 1344,824 1418,823 1492,821 1566,820 1640,819 1714,817 1788,816 1862,815 1936,814 2010,813 2084,811 2159,810 2159,780 2084,781 2010,783 1936,784 1862,785 1788,786 1714,787 1640,789 1566,790 1492,791 1418,793 1344,794 1270,795 1196,797 1122,798 1048,800 974,801 900,803 826,805 752,806 678,808"/>
                <Baseline points="678,828 752,826 826,825 900,823 974,821 1048,820 1122,818 1196,817 1270,815 1344,814 1418,813 1492,811 1566,810 1640,809 1714,807 1788,806 1862,805 1936,804 2010,803 2084,801 2159,800"/>
                <TextEquiv>
                    <Unicode>wena bity, konyow ornych cztwero gma we dworzie ostaweno biti, pakliby konyow nebylo alle polsesti kopy grossuow gma gym zanye zaplaczeno byty odnass, ta¬</Unicode>
                </TextEquiv>
            </TextLine>
            <TextLine id="r1l14" custom="readingOrder {index:12;}">
                <Coords points="672,867 747,865 823,863 898,860 974,859 1049,857 1125,855 1200,854 1276,852 1351,851 1427,850 1503,848 1578,847 1654,846 1729,845 1805,844 1880,843 1956,842 2031,841 2107,840 2183,839 2183,809 2107,810 2031,811 1956,812 1880,813 1805,814 1729,815 1654,816 1578,817 1503,818 1427,820 1351,821 1276,822 1200,824 1125,825 1049,827 974,829 898,830 823,833 747,835 672,837"/>
                <Baseline points="672,857 747,855 823,853 898,850 974,849 1049,847 1125,845 1200,844 1276,842 1351,841 1427,840 1503,838 1578,837 1654,836 1729,835 1805,834 1880,833 1956,832 2031,831 2107,830 2183,829"/>
                <TextEquiv>
                    <Unicode>ke mame gym ostawity trzy krawy a dwye yalowyczi, paklibichom tiech neostawyly alle gmame daty za kazdu krawu koppu grossuow a za kazdu yalowiczi puol kopi grosssuow,</Unicode>
                </TextEquiv>
            </TextLine>
            <TextLine id="r1l15" custom="readingOrder {index:13;}">
                <Coords points="674,897 748,894 822,892 896,890 971,887 1045,885 1119,884 1193,882 1268,881 1342,880 1416,878 1490,877 1565,876 1639,875 1713,874 1787,873 1862,872 1936,871 2010,870 2084,869 2159,868 2159,838 2084,839 2010,840 1936,841 1862,842 1787,843 1713,844 1639,845 1565,846 1490,847 1416,848 1342,850 1268,851 1193,852 1119,854 1045,855 971,857 896,860 822,862 748,864 674,867"/>
                <Baseline points="674,887 748,884 822,882 896,880 971,877 1045,875 1119,874 1193,872 1268,871 1342,870 1416,868 1490,867 1565,866 1639,865 1713,864 1787,863 1862,862 1936,861 2010,860 2084,859 2159,858"/>
                <TextEquiv>
                    <Unicode>take gmame gym ostawity dwadczieti kestu owecz obogeho plemene gehnecz y owecz, paklibichom owecz uplnye neostawily alle za kazdu owczi gmame dati sedm</Unicode>
                </TextEquiv>
            </TextLine>
            <TextLine id="r1l16" custom="readingOrder {index:14;}">
                <Coords points="680,926 753,923 826,921 899,919 973,917 1046,915 1119,913 1192,911 1266,909 1339,908 1412,907 1485,905 1559,904 1632,903 1705,902 1778,901 1852,900 1925,899 1998,898 2071,897 2145,896 2145,866 2071,867 1998,868 1925,869 1852,870 1778,871 1705,872 1632,873 1559,874 1485,875 1412,877 1339,878 1266,879 1192,881 1119,883 1046,885 973,887 899,889 826,891 753,893 680,896"/>
                <Baseline points="680,916 753,913 826,911 899,909 973,907 1046,905 1119,903 1192,901 1266,899 1339,898 1412,897 1485,895 1559,894 1632,893 1705,892 1778,891 1852,890 1925,889 1998,888 2071,887 2145,886"/>
                <TextEquiv>
                    <Unicode>grossuow, take mame gym ostawity desset swyny plemennych a cztrnaczte prassiecz nazymat, paklibichom tiech uplnye neostawily tehda za kazdu swyny</Unicode>
                </TextEquiv>
            </TextLine>
            <TextLine id="r1l17" custom="readingOrder {index:15;}">
                <Coords points="515,886 588,883 662,881 735,879 809,877 883,876 956,874 1030,872 1103,870 1177,869 1251,867 1324,866 1398,865 1471,863 1545,862 1619,861 1692,860 1766,859 1839,858 1913,858 1987,857 1987,827 1913,828 1839,828 1766,829 1692,830 1619,831 1545,832 1471,833 1398,835 1324,836 1251,837 1177,839 1103,840 1030,842 956,844 883,846 809,847 735,849 662,851 588,853 515,856"/>
                <Baseline points="686,946 759,943 833,941 906,939 980,937 1054,936 1127,934 1201,932 1274,930 1348,929 1422,927 1495,926 1569,925 1642,923 1716,922 1790,921 1863,920 1937,919 2010,918 2084,918 2158,917"/>
                <TextEquiv>
                    <Unicode>staru mame dati patnaczte grossuow a za kazde prassie cztyrzi grossiey, take mame gym postupiti wssiech kur na twrzy y uratage y s kapuny czoz gich bude y ss hus¬</Unicode>
                </TextEquiv>
            </TextLine>
            <TextLine id="r1l18" custom="readingOrder {index:16;}">
                <Coords points="676,987 749,985 822,983 895,981 969,979 1042,977 1115,975 1189,973 1262,972 1335,970 1409,968 1482,967 1555,966 1628,964 1702,963 1775,962 1848,961 1922,960 1995,959 2068,958 2142,958 2142,928 2068,928 1995,929 1922,930 1848,931 1775,932 1702,933 1628,934 1555,936 1482,937 1409,938 1335,940 1262,942 1189,943 1115,945 1042,947 969,949 895,951 822,953 749,955 676,957"/>
                <Baseline points="676,977 749,975 822,973 895,971 969,969 1042,967 1115,965 1189,963 1262,962 1335,960 1409,958 1482,957 1555,956 1628,954 1702,953 1775,952 1848,951 1922,950 1995,949 2068,948 2142,948"/>
                <TextEquiv>
                    <Unicode>my acz ktere budu, kromye pawow, wyecz gmame gym postupiti cztyrz wyertelow pywa stareho a poluwozie pywa mladeho a polcztwrta poltu, trzy stolow,</Unicode>
                </TextEquiv>
            </TextLine>
            <TextLine id="r1l19" custom="readingOrder {index:17;}">
                <Coords points="676,1015 750,1014 824,1012 898,1011 972,1009 1047,1007 1121,1006 1195,1004 1269,1002 1343,1001 1418,999 1492,998 1566,996 1640,995 1714,994 1789,993 1863,992 1937,991 2011,990 2085,990 2160,990 2160,960 2085,960 2011,960 1937,961 1863,962 1789,963 1714,964 1640,965 1566,966 1492,968 1418,969 1343,971 1269,972 1195,974 1121,976 1047,977 972,979 898,981 824,982 750,984 676,985"/>
                <Baseline points="676,1005 750,1004 824,1002 898,1001 972,999 1047,997 1121,996 1195,994 1269,992 1343,991 1418,989 1492,988 1566,986 1640,985 1714,984 1789,983 1863,982 1937,981 2011,980 2085,980 2160,980"/>
                <TextEquiv>
                    <Unicode>dwu dluhich a trzyeti na cztyrzi hrana, dwu ubrussow a gedneho ubrusczye, v pywowarzie panwe pywne, dwu kady welikich ss gynymy kadmy, czoz gich</Unicode>
                </TextEquiv>
            </TextLine>
            <TextLine id="r1l20" custom="readingOrder {index:18;}">
                <Coords points="676,1048 750,1046 825,1044 900,1043 975,1041 1050,1039 1125,1037 1199,1035 1274,1033 1349,1031 1424,1030 1499,1028 1574,1027 1649,1025 1723,1024 1798,1023 1873,1022 1948,1021 2023,1021 2098,1021 2173,1021 2173,991 2098,991 2023,991 1948,991 1873,992 1798,993 1723,994 1649,995 1574,997 1499,998 1424,1000 1349,1001 1274,1003 1199,1005 1125,1007 1050,1009 975,1011 900,1013 825,1014 750,1016 676,1018"/>
                <Baseline points="676,1038 750,1036 825,1034 900,1033 975,1031 1050,1029 1125,1027 1199,1025 1274,1023 1349,1021 1424,1020 1499,1018 1574,1017 1649,1015 1723,1014 1798,1013 1873,1012 1948,1011 2023,1011 2098,1011 2173,1011"/>
                <TextEquiv>
                    <Unicode>koliwyek bude v pywowarzie y nahorzie, a wssieczky sudy prazdne welike y male, dwu wozow okowanych, dwu brann ss hrzyeby zeleznymy, dwu radlycz ss ged¬</Unicode>
                </TextEquiv>
            </TextLine>
            <TextLine id="r1l21" custom="readingOrder {index:19;}">
                <Coords points="676,1081 750,1079 825,1077 899,1075 974,1073 1048,1071 1123,1069 1197,1067 1272,1065 1346,1063 1421,1062 1496,1060 1570,1059 1645,1057 1719,1056 1794,1055 1868,1053 1943,1052 2017,1051 2092,1050 2167,1049 2167,1019 2092,1020 2017,1021 1943,1022 1868,1023 1794,1025 1719,1026 1645,1027 1570,1029 1496,1030 1421,1032 1346,1033 1272,1035 1197,1037 1123,1039 1048,1041 974,1043 899,1045 825,1047 750,1049 676,1051"/>
                <Baseline points="676,1071 750,1069 825,1067 899,1065 974,1063 1048,1061 1123,1059 1197,1057 1272,1055 1346,1053 1421,1052 1496,1050 1570,1049 1645,1047 1719,1046 1794,1045 1868,1043 1943,1042 2017,1041 2092,1040 2167,1039"/>
                <TextEquiv>
                    <Unicode>nyem czyertadlem, pluha sslemy, a czoz k tomu przislussye, truhlu gedlowu dluhu, to wssye take ma gym ostaweno bity. Nadto kdyzby koliwiek ktereho leta ber¬</Unicode>
                </TextEquiv>
            </TextLine>
            <TextLine id="r1l22" custom="readingOrder {index:20;}">
                <Coords points="680,1108 754,1107 828,1106 902,1105 977,1103 1051,1102 1125,1101 1199,1099 1274,1098 1348,1096 1422,1095 1496,1094 1571,1092 1645,1090 1719,1089 1793,1087 1868,1085 1942,1084 2016,1082 2090,1080 2165,1078 2165,1048 2090,1050 2016,1052 1942,1054 1868,1055 1793,1057 1719,1059 1645,1060 1571,1062 1496,1064 1422,1065 1348,1066 1274,1068 1199,1069 1125,1071 1051,1072 977,1073 902,1075 828,1076 754,1077 680,1078"/>
                <Baseline points="680,1098 754,1097 828,1096 902,1095 977,1093 1051,1092 1125,1091 1199,1089 1274,1088 1348,1086 1422,1085 1496,1084 1571,1082 1645,1080 1719,1079 1793,1077 1868,1075 1942,1074 2016,1072 2090,1070 2165,1068"/>
                <TextEquiv>
                    <Unicode>nye zemska obeczna prowolana byla, a kdyzby bernyczy do zatrzye do myesta przigely a ssediely na berny berucziegy, tehda od toho dne poczitagicz we cztrnadczti dnech, kdyz</Unicode>
                </TextEquiv>
            </TextLine>
            <TextLine id="r1l23" custom="readingOrder {index:21;} place {offset:17; length:7;} place {offset:95; length:6;}">
                <Coords points="673,1139 746,1139 820,1138 893,1137 967,1136 1041,1135 1114,1134 1188,1132 1261,1131 1335,1129 1409,1127 1482,1125 1556,1123 1629,1121 1703,1119 1777,1117 1850,1115 1924,1113 1997,1111 2071,1109 2145,1107 2145,1077 2071,1079 1997,1081 1924,1083 1850,1085 1777,1087 1703,1089 1629,1091 1556,1093 1482,1095 1409,1097 1335,1099 1261,1101 1188,1102 1114,1104 1041,1105 967,1106 893,1107 820,1108 746,1109 673,1109"/>
                <Baseline points="673,1129 746,1129 820,1128 893,1127 967,1126 1041,1125 1114,1124 1188,1122 1261,1121 1335,1119 1409,1117 1482,1115 1556,1113 1629,1111 1703,1109 1777,1107 1850,1105 1924,1103 1997,1101 2071,1099 2145,1097"/>
                <TextEquiv>
                    <Unicode>gssu bernyczi do Zatczye wgely, mame y budem gmyeti dwaczety kop grossuow poslaty a polozity v Prazie w domu a w komorzye tiech gistich krzyzownykow. Take</Unicode>
                </TextEquiv>
            </TextLine>
            <TextLine id="r1l24" custom="readingOrder {index:22;} person {offset:48; length:5;} place {offset:69; length:12;}">
                <Coords points="678,1169 752,1168 827,1168 901,1167 976,1166 1050,1165 1125,1164 1199,1163 1274,1161 1348,1160 1423,1158 1498,1156 1572,1154 1647,1152 1721,1150 1796,1148 1870,1146 1945,1145 2019,1143 2094,1141 2169,1139 2169,1109 2094,1111 2019,1113 1945,1115 1870,1116 1796,1118 1721,1120 1647,1122 1572,1124 1498,1126 1423,1128 1348,1130 1274,1131 1199,1133 1125,1134 1050,1135 976,1136 901,1137 827,1138 752,1138 678,1139"/>
                <Baseline points="678,1159 752,1158 827,1158 901,1157 976,1156 1050,1155 1125,1154 1199,1153 1274,1151 1348,1150 1423,1148 1498,1146 1572,1144 1647,1142 1721,1140 1796,1138 1870,1136 1945,1135 2019,1133 2094,1131 2169,1129"/>
                <TextEquiv>
                    <Unicode>wyecz k tomu gest przigmyeno, aby ta gista pany Elska toho ssbozie v Bithozyewssy nemohla dale prodaty any ssmynyeti za gynee ssbozie bez powolenye tiech</Unicode>
                </TextEquiv>
            </TextLine>
            <TextLine id="r1l25" custom="readingOrder {index:23;}">
                <Coords points="673,1201 684,1200 761,1200 838,1200 915,1200 991,1199 1068,1198 1145,1197 1222,1196 1298,1194 1375,1192 1452,1191 1529,1189 1605,1187 1682,1185 1759,1182 1836,1180 1912,1178 1989,1176 2066,1174 2143,1172 2143,1142 2066,1144 1989,1146 1912,1148 1836,1150 1759,1152 1682,1155 1605,1157 1529,1159 1452,1161 1375,1162 1298,1164 1222,1166 1145,1167 1068,1168 991,1169 915,1170 838,1170 761,1170 684,1170 678,1171"/>
                <Baseline points="676,1190 684,1190 761,1190 838,1190 915,1190 991,1189 1068,1188 1145,1187 1222,1186 1298,1184 1375,1182 1452,1181 1529,1179 1605,1177 1682,1175 1759,1172 1836,1170 1912,1168 1989,1166 2066,1164 2143,1162"/>
                <TextEquiv>
                    <Unicode>gistich krzyzownykow, take we dwu rybnyku wyeczczich czoz by bylo ryb, ty gym gmagy ostaty, kromye halterzow, take czozby bylo tu na twrzy wyeczy nezly</Unicode>
                </TextEquiv>
            </TextLine>
            <TextLine id="r1l26" custom="readingOrder {index:24;}">
                <Coords points="673,1233 747,1233 821,1233 895,1233 969,1232 1043,1232 1117,1231 1191,1230 1265,1229 1339,1228 1413,1226 1487,1225 1561,1223 1635,1221 1709,1219 1783,1217 1857,1214 1931,1211 2005,1208 2079,1205 2153,1202 2153,1172 2079,1175 2005,1178 1931,1181 1857,1184 1783,1187 1709,1189 1635,1191 1561,1193 1487,1195 1413,1196 1339,1198 1265,1199 1191,1200 1117,1201 1043,1202 969,1202 895,1203 821,1203 747,1203 673,1203"/>
                <Baseline points="673,1223 747,1223 821,1223 895,1223 969,1222 1043,1222 1117,1221 1191,1220 1265,1219 1339,1218 1413,1216 1487,1215 1561,1213 1635,1211 1709,1209 1783,1207 1857,1204 1931,1201 2005,1198 2079,1195 2153,1192"/>
                <TextEquiv>
                    <Unicode>gest psano w tomto listu, tiem wssym posmrty te giste panye budu wladnuty gegye porucznyczi, a to wssieczko moczy budu odwesty y daty komuz chtye a</Unicode>
                </TextEquiv>
            </TextLine>
            <TextLine id="r1l27" custom="readingOrder {index:25;}">
                <Coords points="676,1268 750,1267 824,1267 898,1266 972,1265 1046,1265 1120,1264 1194,1263 1268,1261 1342,1260 1416,1258 1490,1257 1564,1255 1638,1253 1712,1251 1786,1249 1860,1247 1934,1244 2008,1242 2082,1239 2157,1236 2157,1206 2082,1209 2008,1212 1934,1214 1860,1217 1786,1219 1712,1221 1638,1223 1564,1225 1490,1227 1416,1228 1342,1230 1268,1231 1194,1233 1120,1234 1046,1235 972,1235 898,1236 824,1237 750,1237 676,1238"/>
                <Baseline points="676,1258 750,1257 824,1257 898,1256 972,1255 1046,1255 1120,1254 1194,1253 1268,1251 1342,1250 1416,1248 1490,1247 1564,1245 1638,1243 1712,1241 1786,1239 1860,1237 1934,1234 2008,1232 2082,1229 2157,1226"/>
                <TextEquiv>
                    <Unicode>nebo iakoz ona gym rozkazala beze wssye odpory tiech krzyzownykow. Take wssieczky dluhy kterezby ta pany gmyela na tiech lydech, budte penyeze a nebo oby¬</Unicode>
                </TextEquiv>
            </TextLine>
            <TextLine id="r1l28" custom="readingOrder {index:26;}">
                <Coords points="671,1300 744,1300 818,1300 892,1300 965,1299 1039,1298 1113,1298 1186,1296 1260,1295 1334,1294 1408,1292 1481,1291 1555,1289 1629,1287 1702,1285 1776,1283 1850,1281 1923,1278 1997,1276 2071,1274 2145,1271 2145,1241 2071,1244 1997,1246 1923,1248 1850,1251 1776,1253 1702,1255 1629,1257 1555,1259 1481,1261 1408,1262 1334,1264 1260,1265 1186,1266 1113,1268 1039,1268 965,1269 892,1270 818,1270 744,1270 671,1270"/>
                <Baseline points="671,1290 744,1290 818,1290 892,1290 965,1289 1039,1288 1113,1288 1186,1286 1260,1285 1334,1284 1408,1282 1481,1281 1555,1279 1629,1277 1702,1275 1776,1273 1850,1271 1923,1268 1997,1266 2071,1264 2145,1261"/>
                <TextEquiv>
                    <Unicode>le, tyemy wssyemy budu wladnuty porucznyczi gegie a to po smrty, kromye wyn, s snymyz nycz nebudu gmyeti, nebo ty pany chczye odpustity.  Aprothoz ja</Unicode>
                </TextEquiv>
            </TextLine>
            <TextLine id="r1l29" custom="readingOrder {index:27;} person {offset:0; length:5;}">
                <Coords points="673,1331 747,1332 821,1332 895,1332 969,1332 1043,1332 1117,1331 1191,1330 1265,1329 1339,1328 1414,1327 1488,1325 1562,1324 1636,1322 1710,1320 1784,1318 1858,1316 1932,1313 2006,1311 2080,1308 2155,1306 2155,1276 2080,1278 2006,1281 1932,1283 1858,1286 1784,1288 1710,1290 1636,1292 1562,1294 1488,1295 1414,1297 1339,1298 1265,1299 1191,1300 1117,1301 1043,1302 969,1302 895,1302 821,1302 747,1302 673,1301"/>
                <Baseline points="673,1321 747,1322 821,1322 895,1322 969,1322 1043,1322 1117,1321 1191,1320 1265,1319 1339,1318 1414,1317 1488,1315 1562,1314 1636,1312 1710,1310 1784,1308 1858,1306 1932,1303 2006,1301 2080,1298 2155,1296"/>
                <TextEquiv>
                    <Unicode>Elska swrchupsana, slibugy swu czistu wieru to wssieczko czoz gest nadepsano drzieti a zachowaty drzewepsanym krzyzownykom bez pochybenye a my take</Unicode>
                </TextEquiv>
            </TextLine>
            <TextLine id="r1l30" custom="readingOrder {index:28;}">
                <Coords points="669,1364 744,1366 819,1367 894,1367 969,1367 1044,1367 1119,1366 1194,1365 1269,1364 1344,1363 1419,1361 1494,1360 1569,1358 1644,1356 1719,1354 1794,1353 1869,1351 1944,1350 2019,1348 2094,1347 2169,1347 2169,1317 2094,1317 2019,1318 1944,1320 1869,1321 1794,1323 1719,1324 1644,1326 1569,1328 1494,1330 1419,1331 1344,1333 1269,1334 1194,1335 1119,1336 1044,1337 969,1337 894,1337 819,1337 744,1336 669,1334"/>
                <Baseline points="669,1354 744,1356 819,1357 894,1357 969,1357 1044,1357 1119,1356 1194,1355 1269,1354 1344,1353 1419,1351 1494,1350 1569,1348 1644,1346 1719,1344 1794,1343 1869,1341 1944,1340 2019,1338 2094,1337 2169,1337"/>
                <TextEquiv>
                    <Unicode>gegie rukomie gyz rzeczenich slibugem za nye ze to wsseczko czoz gest psano bude drzeno tiem krzyzownykom za zywa y po smrty te pany. Paklibyssye gym</Unicode>
                </TextEquiv>
            </TextLine>
            <TextLine id="r1l31" custom="readingOrder {index:29;} place {offset:118; length:26;}">
                <Coords points="673,1398 747,1399 822,1400 897,1401 972,1401 1047,1401 1121,1400 1196,1399 1271,1398 1346,1397 1421,1395 1495,1394 1570,1392 1645,1390 1720,1388 1795,1387 1869,1385 1944,1384 2019,1382 2094,1381 2169,1380 2169,1350 2094,1351 2019,1352 1944,1354 1869,1355 1795,1357 1720,1358 1645,1360 1570,1362 1495,1364 1421,1365 1346,1367 1271,1368 1196,1369 1121,1370 1047,1371 972,1371 897,1371 822,1370 747,1369 673,1368"/>
                <Baseline points="673,1388 747,1389 822,1390 897,1391 972,1391 1047,1391 1121,1390 1196,1389 1271,1388 1346,1387 1421,1385 1495,1384 1570,1382 1645,1380 1720,1378 1795,1377 1869,1375 1944,1374 2019,1372 2094,1371 2169,1370"/>
                <TextEquiv>
                    <Unicode>to nestalo, yakoz gest psano, tehda my wssieczkny gyz rzeczeny rukomie, kteryz budem odnych upomenuty, gmame wleczy v Prazie na Wieczym Miesstie u czt¬</Unicode>
                </TextEquiv>
            </TextLine>
            <TextLine id="r1l32" custom="readingOrder {index:30;}">
                <Coords points="667,1435 741,1434 816,1434 891,1434 966,1433 1041,1433 1116,1432 1191,1432 1266,1431 1341,1430 1416,1429 1490,1429 1565,1427 1640,1426 1715,1425 1790,1424 1865,1422 1940,1421 2015,1419 2090,1418 2165,1416 2165,1386 2090,1388 2015,1389 1940,1391 1865,1392 1790,1394 1715,1395 1640,1396 1565,1397 1490,1399 1416,1399 1341,1400 1266,1401 1191,1402 1116,1402 1041,1403 966,1403 891,1404 816,1404 741,1404 667,1405"/>
                <Baseline points="667,1425 741,1424 816,1424 891,1424 966,1423 1041,1423 1116,1422 1191,1422 1266,1421 1341,1420 1416,1419 1490,1419 1565,1417 1640,1416 1715,1415 1790,1414 1865,1412 1940,1411 2015,1409 2090,1408 2165,1406"/>
                <TextEquiv>
                    <Unicode>neho hospodarze, tu kdez nam odnych bude ukazano, kazdy s pacholkem a se dwyema konyema a nebo miesto sebe dobreho a rittyerzskeho panossy postawi¬</Unicode>
                </TextEquiv>
            </TextLine>
            <TextLine id="r1l33" custom="readingOrder {index:31;}">
                <Coords points="670,1469 744,1468 818,1468 893,1467 967,1466 1041,1466 1116,1465 1190,1464 1264,1464 1339,1463 1413,1462 1487,1462 1562,1461 1636,1460 1710,1460 1785,1459 1859,1458 1933,1457 2008,1456 2082,1454 2157,1453 2157,1423 2082,1424 2008,1426 1933,1427 1859,1428 1785,1429 1710,1430 1636,1430 1562,1431 1487,1432 1413,1432 1339,1433 1264,1434 1190,1434 1116,1435 1041,1436 967,1436 893,1437 818,1438 744,1438 670,1439"/>
                <Baseline points="670,1459 744,1458 818,1458 893,1457 967,1456 1041,1456 1116,1455 1190,1454 1264,1454 1339,1453 1413,1452 1487,1452 1562,1451 1636,1450 1710,1450 1785,1449 1859,1448 1933,1447 2008,1446 2082,1444 2157,1443"/>
                <TextEquiv>
                    <Unicode>ty. A tu gmame tak dluho lezeti a odtut na zadne prawo newigezdiety, dokut by gym toho ssbozie nebylo postupeno a ty giste wyeczy nebyly ssplneny,</Unicode>
                </TextEquiv>
            </TextLine>
            <TextLine id="r1l34" custom="readingOrder {index:32;}">
                <Coords points="664,1505 738,1504 813,1503 887,1502 962,1501 1037,1500 1111,1500 1186,1499 1261,1498 1335,1498 1410,1497 1485,1496 1559,1495 1634,1495 1709,1494 1783,1493 1858,1493 1933,1492 2007,1491 2082,1490 2157,1489 2157,1459 2082,1460 2007,1461 1933,1462 1858,1463 1783,1463 1709,1464 1634,1465 1559,1465 1485,1466 1410,1467 1335,1468 1261,1468 1186,1469 1111,1470 1037,1470 962,1471 887,1472 813,1473 738,1474 664,1475"/>
                <Baseline points="664,1495 738,1494 813,1493 887,1492 962,1491 1037,1490 1111,1490 1186,1489 1261,1488 1335,1488 1410,1487 1485,1486 1559,1485 1634,1485 1709,1484 1783,1483 1858,1483 1933,1482 2007,1481 2082,1480 2157,1479"/>
                <TextEquiv>
                    <Unicode>kterez gsu tuto psany y sskodamy, aczby ktere skrze to wzely a ty mohly dobrym swiedomym ukazati. Pakliby z nas rukoymy Buoh ktereho neucho¬</Unicode>
                </TextEquiv>
            </TextLine>
            <TextLine id="r1l35" custom="readingOrder {index:33;}">
                <Coords points="670,1536 744,1537 818,1537 893,1537 967,1537 1042,1537 1116,1536 1191,1535 1265,1535 1340,1534 1414,1533 1488,1532 1563,1531 1637,1530 1712,1529 1786,1528 1861,1528 1935,1528 2010,1528 2084,1528 2159,1529 2159,1499 2084,1498 2010,1498 1935,1498 1861,1498 1786,1498 1712,1499 1637,1500 1563,1501 1488,1502 1414,1503 1340,1504 1265,1505 1191,1505 1116,1506 1042,1507 967,1507 893,1507 818,1507 744,1507 670,1506"/>
                <Baseline points="670,1526 744,1527 818,1527 893,1527 967,1527 1042,1527 1116,1526 1191,1525 1265,1525 1340,1524 1414,1523 1488,1522 1563,1521 1637,1520 1712,1519 1786,1518 1861,1518 1935,1518 2010,1518 2084,1518 2159,1519"/>
                <TextEquiv>
                    <Unicode>wal ty czassy, tehda my ziwy a zuostaly slibugem v miessiczy gyneho miesto toho umrleho postawiti tak dobreho y mowyteho, gesstoby ss namy za to</Unicode>
                </TextEquiv>
            </TextLine>
            <TextLine id="r1l36" custom="readingOrder {index:34;} place {offset:111; length:6;} date {offset:118; length:33; continued:true;year:0; day:0; month:0;}">
                <Coords points="665,1572 740,1573 816,1573 891,1573 967,1573 1043,1572 1118,1572 1194,1571 1270,1570 1345,1569 1421,1569 1497,1568 1572,1567 1648,1566 1724,1565 1799,1565 1875,1565 1951,1565 2026,1565 2102,1566 2178,1567 2178,1537 2102,1536 2026,1535 1951,1535 1875,1535 1799,1535 1724,1535 1648,1536 1572,1537 1497,1538 1421,1539 1345,1539 1270,1540 1194,1541 1118,1542 1043,1542 967,1543 891,1543 816,1543 740,1543 665,1542"/>
                <Baseline points="665,1562 740,1563 816,1563 891,1563 967,1563 1043,1562 1118,1562 1194,1561 1270,1560 1345,1559 1421,1559 1497,1558 1572,1557 1648,1556 1724,1555 1799,1555 1875,1555 1951,1555 2026,1555 2102,1556 2178,1557"/>
                <TextEquiv>
                    <Unicode>za wssye slibyl, czoz gest nadepsano a list obnowity pod pokutu lezenye swrchupsaneho. Dan a psan tento lyst v Prazie letha ot narozenye Bozyeho tyssy¬</Unicode>
                </TextEquiv>
            </TextLine>
            <TextLine id="r1l37" custom="readingOrder {index:35;} date {offset:0; length:62; continued:true;year:0; day:0; month:0;}">
                <Coords points="657,1608 693,1608 729,1607 766,1607 802,1607 839,1606 875,1606 912,1606 948,1606 985,1606 1021,1606 1057,1606 1094,1606 1130,1606 1167,1606 1203,1607 1240,1607 1276,1607 1313,1607 1349,1607 1386,1608 1386,1578 1349,1577 1313,1577 1276,1577 1240,1577 1203,1577 1167,1576 1130,1576 1094,1576 1057,1576 1021,1576 985,1576 948,1576 912,1576 875,1576 839,1576 802,1577 766,1577 729,1577 693,1578 657,1578"/>
                <Baseline points="657,1598 693,1598 729,1597 766,1597 802,1597 839,1596 875,1596 912,1596 948,1596 985,1596 1021,1596 1057,1596 1094,1596 1130,1596 1167,1596 1203,1597 1240,1597 1276,1597 1313,1597 1349,1597 1386,1598"/>
                <TextEquiv>
                    <Unicode>czieho ctzrzisteho sedm naczteho tu sobothu po swatem Waczlawu. </Unicode>
                </TextEquiv>
            </TextLine>
            <TextEquiv>
                <Unicode>Ja Elska z Dubee, nyekdy rzyeczena Coldiczowa, dobree pamyeti pana Waczlawa z Coldicz, a my rukoymye gegye Cristofor z Mynycz, sedienym w Libczyewessy, Pessyk z Wlczicz,
sedienym w Horzytyczych, Ratibor z Sedczicz, sedienym w Nowosedlkach, slibugem ssny y zadny nassy dobru a czystu wieru, kdyzby drzyewerzyeczenee panye Elsky pan Buoh
neuchowal, tehda ynhed w cztrnaczte dnech po smrty te giste panye gina stupena bity y uprazdnyena ta twrz v Bythozyewssy a ta wssyeczka wess y Semenkowy¬
czie a to wssieczko czoz k tiem wssyem przislussye urozenemu panu Gindrzichovy z Hradczie, obecznemu prziworowy w Czyechach, u Morawye a u Polstye, krzyzow¬
nyczemu, a bohoboynym muzom Zdenkowy, comendorowy domu swathe Marzye na Male Stranye u Prazie podle mosta, a knyezy Jacubkowy, przyworowy kostelnyemu,
a nebo gich na myeskom a wssyemu conventu krzyzownykow tudyez zakona swatheho Jana Krzstitele Bozieho spitala Jerusalemskeho y gich buduczym take yn¬
hed po smrty te giste panye, kdyzby ty gisty krzyzownyczi posslaly koho sweho zakonyho a nebo swyeczkeho, gemuzby ony wierzily, aby ssye odnych u wazl, ten ynhed
bez meskanye gma upustnyn bity sam druhy na twrz, a tu sporuczniky panye te giste prziebiwaty az do toho czassu, dokudz by ssye s swymy wieczmy neodstyehowaly.
Take toho ssbozie drziewerzeczeneho slibugem postupity we wssyech mezyech a hraniczyech iakoz gest od nych przyyato bezewssyeho zawazenye stakymyto nabitky
ystuto spyzy ysbrogy, gesto ynhed dole popssany a gmenowany budu. Nayprwe wssieczko obyle mlaczene y nemlaczene, w komorach y w humnye a nebo na poly,
kromye ssladow, gestoby dospiely azdielany bily, nebo ty giste porucznyczi panye ssobye wezmu a take wssieczkno ssyeno y wssyelika pyczie ta ma tu przidworzie osta¬
wena bity, konyow ornych cztwero gma we dworzie ostaweno biti, pakliby konyow nebylo alle polsesti kopy grossuow gma gym zanye zaplaczeno byty odnass, ta¬
ke mame gym ostawity trzy krawy a dwye yalowyczi, paklibichom tiech neostawyly alle gmame daty za kazdu krawu koppu grossuow a za kazdu yalowiczi puol kopi grosssuow,
take gmame gym ostawity dwadczieti kestu owecz obogeho plemene gehnecz y owecz, paklibichom owecz uplnye neostawily alle za kazdu owczi gmame dati sedm
grossuow, take mame gym ostawity desset swyny plemennych a cztrnaczte prassiecz nazymat, paklibichom tiech uplnye neostawily tehda za kazdu swyny
staru mame dati patnaczte grossuow a za kazde prassie cztyrzi grossiey, take mame gym postupiti wssiech kur na twrzy y uratage y s kapuny czoz gich bude y ss hus¬
my acz ktere budu, kromye pawow, wyecz gmame gym postupiti cztyrz wyertelow pywa stareho a poluwozie pywa mladeho a polcztwrta poltu, trzy stolow,
dwu dluhich a trzyeti na cztyrzi hrana, dwu ubrussow a gedneho ubrusczye, v pywowarzie panwe pywne, dwu kady welikich ss gynymy kadmy, czoz gich
koliwyek bude v pywowarzie y nahorzie, a wssieczky sudy prazdne welike y male, dwu wozow okowanych, dwu brann ss hrzyeby zeleznymy, dwu radlycz ss ged¬
nyem czyertadlem, pluha sslemy, a czoz k tomu przislussye, truhlu gedlowu dluhu, to wssye take ma gym ostaweno bity. Nadto kdyzby koliwiek ktereho leta ber¬
nye zemska obeczna prowolana byla, a kdyzby bernyczy do zatrzye do myesta przigely a ssediely na berny berucziegy, tehda od toho dne poczitagicz we cztrnadczti dnech, kdyz
gssu bernyczi do Zatczye wgely, mame y budem gmyeti dwaczety kop grossuow poslaty a polozity v Prazie w domu a w komorzye tiech gistich krzyzownykow. Take
wyecz k tomu gest przigmyeno, aby ta gista pany Elska toho ssbozie v Bithozyewssy nemohla dale prodaty any ssmynyeti za gynee ssbozie bez powolenye tiech
gistich krzyzownykow, take we dwu rybnyku wyeczczich czoz by bylo ryb, ty gym gmagy ostaty, kromye halterzow, take czozby bylo tu na twrzy wyeczy nezly
gest psano w tomto listu, tiem wssym posmrty te giste panye budu wladnuty gegye porucznyczi, a to wssieczko moczy budu odwesty y daty komuz chtye a
nebo iakoz ona gym rozkazala beze wssye odpory tiech krzyzownykow. Take wssieczky dluhy kterezby ta pany gmyela na tiech lydech, budte penyeze a nebo oby¬
le, tyemy wssyemy budu wladnuty porucznyczi gegie a to po smrty, kromye wyn, s snymyz nycz nebudu gmyeti, nebo ty pany chczye odpustity.  Aprothoz ja
Elska swrchupsana, slibugy swu czistu wieru to wssieczko czoz gest nadepsano drzieti a zachowaty drzewepsanym krzyzownykom bez pochybenye a my take
gegie rukomie gyz rzeczenich slibugem za nye ze to wsseczko czoz gest psano bude drzeno tiem krzyzownykom za zywa y po smrty te pany. Paklibyssye gym
to nestalo, yakoz gest psano, tehda my wssieczkny gyz rzeczeny rukomie, kteryz budem odnych upomenuty, gmame wleczy v Prazie na Wieczym Miesstie u czt¬
neho hospodarze, tu kdez nam odnych bude ukazano, kazdy s pacholkem a se dwyema konyema a nebo miesto sebe dobreho a rittyerzskeho panossy postawi¬
ty. A tu gmame tak dluho lezeti a odtut na zadne prawo newigezdiety, dokut by gym toho ssbozie nebylo postupeno a ty giste wyeczy nebyly ssplneny,
kterez gsu tuto psany y sskodamy, aczby ktere skrze to wzely a ty mohly dobrym swiedomym ukazati. Pakliby z nas rukoymy Buoh ktereho neucho¬
wal ty czassy, tehda my ziwy a zuostaly slibugem v miessiczy gyneho miesto toho umrleho postawiti tak dobreho y mowyteho, gesstoby ss namy za to
za wssye slibyl, czoz gest nadepsano a list obnowity pod pokutu lezenye swrchupsaneho. Dan a psan tento lyst v Prazie letha ot narozenye Bozyeho tyssy¬
czieho ctzrzisteho sedm naczteho tu sobothu po swatem Waczlawu. </Unicode>
            </TextEquiv>
        </TextRegion>
    </Page>
</PcGts>
