<?xml version="1.0" encoding="UTF-8" standalone="yes"?>
<trpDocMetadata>
    <docId>201888</docId>
    <title>AZK_2157_H_I</title>
    <uploadTimestamp>1567007587517</uploadTimestamp>
    <scriptType>HANDWRITTEN</scriptType>
    <uploader>marketa.hrdlickova@nacr.cz</uploader>
    <uploaderId>40502</uploaderId>
    <nrOfPages>1</nrOfPages>
    <pageId>8446007</pageId>
    <url>https://files.transkribus.eu/Get?id=GYSXJJMTJFMCLBKOLOJVDQFA&amp;fileType=view</url>
    <thumbUrl>https://files.transkribus.eu/Get?id=GYSXJJMTJFMCLBKOLOJVDQFA&amp;fileType=thumb</thumbUrl>
    <externalId>NA</externalId>
    <authority>NA</authority>
    <language>Czech</language>
    <status>0</status>
    <fimgStoreColl>TrpDoc_DEA_201888</fimgStoreColl>
    <origDocId>0</origDocId>
    <collectionList>
        <colList>
            <colId>44924</colId>
            <colName>NACR - Czech charters</colName>
            <description>created by katerina.zenklova@nacr.cz</description>
            <crowdsourcing>false</crowdsourcing>
            <elearning>false</elearning>
            <nrOfDocuments>0</nrOfDocuments>
        </colList>
    </collectionList>
</trpDocMetadata>
