<?xml version="1.0" encoding="UTF-8" standalone="yes"?>
<PcGts xmlns="http://schema.primaresearch.org/PAGE/gts/pagecontent/2013-07-15" xmlns:xsi="http://www.w3.org/2001/XMLSchema-instance" xsi:schemaLocation="http://schema.primaresearch.org/PAGE/gts/pagecontent/2013-07-15 http://schema.primaresearch.org/PAGE/gts/pagecontent/2013-07-15/pagecontent.xsd">
    <Metadata>
        <Creator>prov=University of Rostock/Institute of Mathematics/CITlab/Tobias Gruening/tobias.gruening@uni-rostock.de:name=/net_tf/LA73_249_0mod360.pb:de.uros.citlab.segmentation.CITlab_LA_ML:v=2.4.2
TRP</Creator>
        <Created>2019-08-19T10:32:22.900+02:00</Created>
        <LastChange>2019-11-20T15:54:58.706+01:00</LastChange>
        <TranskribusMetadata docId="197789" pageId="8257858" pageNr="1" tsid="19641518" status="IN_PROGRESS" userId="38723" imgUrl="https://files.transkribus.eu/Get?id=VIEWVAUGSCYZFHUEXARXZYUO&amp;fileType=view" xmlUrl="https://files.transkribus.eu/Get?id=PLQEAATFRIIJGLYLVFTRLFQJ" imageId="5203071"/>
    </Metadata>
    <Page imageFilename="NA-ACK_13530704_00400_r.jpg" imageWidth="10404" imageHeight="7115">
        <ReadingOrder>
            <OrderedGroup id="ro_1575392361902" caption="Regions reading order">
                <RegionRefIndexed index="0" regionRef="r1"/>
            </OrderedGroup>
        </ReadingOrder>
        <TextRegion orientation="0.0" id="r1" custom="readingOrder {index:0;}">
            <Coords points="987,375 991,3917 8295,3983 8297,375"/>
            <TextLine id="r1l3" custom="readingOrder {index:0;} place {offset:70; length:5;} person {offset:209; length:5; continued:true;}">
                <Coords points="1046,1007 1294,1004 1379,810 3280,801 3395,800 3510,800 3624,800 3739,800 3853,800 3968,800 4083,801 4197,801 4312,801 4426,801 4541,800 4656,799 4770,797 4885,795 4999,792 5114,789 7839,726 7828,561 5135,567 5005,567 4894,570 4779,572 4665,574 4550,575 4429,582 4315,582 4206,579 4092,579 3992,581 3877,581 3748,575 3633,575 3513,575 3398,578 3313,576 3199,574 3063,573 1058,583"/>
                <Baseline points="1071,992 1259,995 1374,816 3271,780 3386,779 3501,779 3615,779 3730,779 3844,779 3959,779 4074,780 4188,780 4303,780 4417,780 4532,779 4647,778 4761,776 4876,774 4990,771 5105,768 5220,763"/>
                <TextEquiv>
                    <Unicode>Wir burgermeister, ratlute, und di burger gemeinlich der stat czu dem Jawor, bekennen und tun kunt offenlich mit disem brive alle den, di in sehin odir horen lesen, wanne der hochgeborner furste und herre her Bolke,</Unicode>
                </TextEquiv>
            </TextLine>
            <TextLine id="r1l6" custom="readingOrder {index:1;} person {offset:0; length:76; continued:true;} place {offset:12; length:7;} place {offset:33; length:11;} place {offset:50; length:8;} place {offset:71; length:5;}">
                <Coords points="1345,873 3185,889 3300,887 3415,886 3530,884 3645,883 3760,882 3875,881 3990,880 4105,879 4220,878 4335,878 4450,877 4565,876 4680,874 4795,873 4910,871 5025,870 5140,867 5255,865 7846,788 7846,734 5255,811 5140,813 5025,816 4910,817 4795,819 4680,820 4565,822 4450,823 4335,824 4220,824 4105,825 3990,826 3875,827 3760,828 3645,829 3530,830 3415,832 3300,833 3185,835 1345,819"/>
                <Baseline points="3070,874 3185,871 3300,869 3415,868 3530,866 3645,865 3760,864 3875,863 3990,862 4105,861 4220,860 4335,860 4450,859 4565,858 4680,856 4795,855 4910,853 5025,852 5140,849 5255,847 5370,844"/>
                <TextEquiv>
                    <Unicode>herczog von Sleizen und herre zu Furstenberg, zur Swidnicz und czu dem Jawor, unser lieber genediger herre, mit wolbedachtem mute, mit guten willen und mit rate, syner getruwen manne, angeseyn hat, di besunder vruntschaft und</Unicode>
                </TextEquiv>
            </TextLine>
            <TextLine id="r1l10" custom="readingOrder {index:2;} person {offset:102; length:84;} place {offset:181; length:5;}">
                <Coords points="1346,965 3184,961 3306,959 3428,957 3550,956 3672,955 3794,955 3917,955 4039,955 4161,955 4283,955 4405,955 4527,954 4649,953 4772,952 4894,951 5016,948 5138,946 5260,941 5382,937 7870,873 7870,822 5382,886 5260,890 5138,895 5016,897 4894,900 4772,901 4649,902 4527,903 4405,904 4283,904 4161,904 4039,904 3917,904 3794,904 3672,904 3550,905 3428,906 3306,908 3184,910 1346,914"/>
                <Baseline points="3062,947 3184,944 3306,942 3428,940 3550,939 3672,938 3794,938 3917,938 4039,938 4161,938 4283,938 4405,938 4527,937 4649,936 4772,935 4894,934 5016,931 5138,929 5260,924 5382,920 5505,914"/>
                <TextEquiv>
                    <Unicode>liebe, und ouch die sundirliche truwe, do mite er die allirdurchluchtigste furstinne und vrowe vrowen Anna, romische kungynne, czu allen cziten mererynne dez riches und kungyne czu Behem, etwen seliger gedechtnizze herczogen</Unicode>
                </TextEquiv>
            </TextLine>
            <TextLine id="r1l17" custom="readingOrder {index:3;} person {offset:0; length:8;}">
                <Coords points="1332,1046 3276,1032 3390,1029 3505,1028 3619,1026 3733,1026 3848,1025 3962,1025 4076,1024 4191,1024 4305,1024 4419,1024 4534,1023 4648,1023 4762,1022 4877,1021 4991,1020 5105,1018 5220,1016 5334,1013 7894,954 7894,903 5334,962 5220,965 5105,967 4991,969 4877,970 4762,971 4648,972 4534,972 4419,973 4305,973 4191,973 4076,973 3962,974 3848,974 3733,975 3619,975 3505,977 3390,978 3276,981 1332,995"/>
                <Baseline points="3162,1017 3276,1015 3390,1012 3505,1011 3619,1009 3733,1009 3848,1008 3962,1008 4076,1007 4191,1007 4305,1007 4419,1007 4534,1006 4648,1006 4762,1005 4877,1004 4991,1003 5105,1001 5220,999 5334,996 5449,993"/>
                <TextEquiv>
                    <Unicode>Henrichs, unser herren, sines brudir tochtir, unser genedge vrowe, begriffen hat und von angeborner gute steticlichen meinet, und hat ir der obgenanten unser vrowen und ires leibes erbirn beydis geslechts, si mit dem allirdurch¬</Unicode>
                </TextEquiv>
            </TextLine>
            <TextLine id="r1l22" custom="readingOrder {index:4;} person {offset:36; length:74;} place {offset:105; length:5;} place {offset:176; length:8;} place {offset:196; length:5;}">
                <Coords points="1322,1113 3318,1103 3427,1102 3535,1101 3644,1100 3752,1100 3861,1100 3969,1099 4078,1099 4186,1099 4295,1099 4403,1099 4512,1098 4620,1098 4729,1097 4837,1096 4946,1096 5054,1094 5163,1093 5271,1091 7898,1029 7898,975 5271,1037 5163,1039 5054,1040 4946,1042 4837,1042 4729,1043 4620,1044 4512,1044 4403,1045 4295,1045 4186,1045 4078,1045 3969,1045 3861,1046 3752,1046 3644,1046 3535,1047 3427,1048 3318,1049 1322,1059"/>
                <Baseline points="3210,1087 3318,1085 3427,1084 3535,1083 3644,1082 3752,1082 3861,1082 3969,1081 4078,1081 4186,1081 4295,1081 4403,1081 4512,1080 4620,1080 4729,1079 4837,1078 4946,1078 5054,1076 5163,1075 5271,1073 5380,1071"/>
                <TextEquiv>
                    <Unicode>luchtigsten fursten und herren hern Karl, romischen kunge, zu allen cziten merer dez reichs und kung czu Behem, gewinnet alle syne furstuntum, herczogtum und herschefte zu der Swidnicz und zu dem Jawor mit allen andern steten, vesten und</Unicode>
                </TextEquiv>
            </TextLine>
            <TextLine id="r1l27" custom="readingOrder {index:5;} person {offset:137; length:95;} place {offset:171; length:7;} place {offset:190; length:11;} place {offset:207; length:8;} place {offset:227; length:5;}">
                <Coords points="1325,1185 3271,1180 3380,1175 3489,1173 3599,1171 3708,1170 3817,1169 3926,1170 4036,1170 4145,1171 4254,1173 4363,1174 4473,1175 4582,1176 4691,1177 4800,1177 4910,1176 5019,1175 5128,1173 5237,1171 7922,1113 7922,1062 5237,1120 5128,1122 5019,1124 4910,1125 4800,1126 4691,1126 4582,1125 4473,1124 4363,1123 4254,1122 4145,1120 4036,1119 3926,1119 3817,1118 3708,1119 3599,1120 3489,1122 3380,1124 3271,1129 1325,1134"/>
                <Baseline points="3162,1168 3271,1163 3380,1158 3489,1156 3599,1154 3708,1153 3817,1152 3926,1153 4036,1153 4145,1154 4254,1156 4363,1157 4473,1158 4582,1159 4691,1160 4800,1160 4910,1159 5019,1158 5128,1156 5237,1154 5347,1150"/>
                <TextEquiv>
                    <Unicode>czugehorungen virschriben und virmachet in aller der mazze, als in syner furstlichen briven do noch begriffen ist an semlichen lute. Wir Bolke von Gots gnaden herczoge in Slezien, herre von Furstenberg, zur Swydnicz und zu dem Jawor, bekennen</Unicode>
                </TextEquiv>
            </TextLine>
            <TextLine id="r1l31" custom="readingOrder {index:6;} person {offset:195; length:36; continued:true;}">
                <Coords points="1298,1256 3214,1256 3328,1250 3442,1245 3556,1242 3670,1239 3784,1238 3898,1238 4012,1239 4126,1240 4241,1242 4355,1243 4469,1245 4583,1247 4697,1248 4811,1249 4925,1249 5039,1249 5153,1247 5267,1245 7880,1200 7880,1149 5267,1194 5153,1196 5039,1198 4925,1198 4811,1198 4697,1197 4583,1196 4469,1194 4355,1192 4241,1191 4126,1189 4012,1188 3898,1187 3784,1187 3670,1188 3556,1191 3442,1194 3328,1199 3214,1205 1298,1205"/>
                <Baseline points="3100,1247 3214,1239 3328,1233 3442,1228 3556,1225 3670,1222 3784,1221 3898,1221 4012,1222 4126,1223 4241,1225 4355,1226 4469,1228 4583,1230 4697,1231 4811,1232 4925,1232 5039,1232 5153,1230 5267,1228 5382,1224"/>
                <TextEquiv>
                    <Unicode>und tun kunt offenlich mich sein brive allen den, di in ansehen odir horen lesen, daz wir haben angesehen dy sundliche gnade und vruntliche gunst, dez allirdurchluchtigsten fursten, unser lieben Karl, romische kunge zu allen cziten</Unicode>
                </TextEquiv>
            </TextLine>
            <TextLine id="r1l34" custom="readingOrder {index:7;} person {offset:0; length:35; continued:true;} place {offset:30; length:5;}">
                <Coords points="1333,1335 3265,1330 3370,1324 3475,1320 3580,1317 3685,1315 3790,1314 3895,1313 4000,1313 4105,1313 4210,1314 4315,1314 4420,1316 4525,1316 4630,1318 4735,1318 4840,1319 4945,1319 5050,1318 5155,1317 7910,1248 7910,1197 5155,1266 5050,1267 4945,1268 4840,1268 4735,1267 4630,1267 4525,1265 4420,1265 4315,1263 4210,1263 4105,1262 4000,1262 3895,1262 3790,1263 3685,1264 3580,1266 3475,1269 3370,1273 3265,1279 1333,1284"/>
                <Baseline points="3160,1319 3265,1313 3370,1307 3475,1303 3580,1300 3685,1298 3790,1297 3895,1296 4000,1296 4105,1296 4210,1297 4315,1297 4420,1299 4525,1299 4630,1301 4735,1301 4840,1302 4945,1302 5050,1301 5155,1300 5260,1298"/>
                <TextEquiv>
                    <Unicode>merer dez reichs und kunge zu Behem, unsers lieben gnedigen heren, de her uns und unsirn geslechte bewiset hat mit der konschaft, di gescheyn ist zwischen im an eynen teil und der durchluchtigsten furstinne vrowen</Unicode>
                </TextEquiv>
            </TextLine>
            <TextLine id="r1l38" custom="readingOrder {index:8;} person {offset:0; length:50;} place {offset:45; length:5;} person {offset:87; length:18;}">
                <Coords points="1253,1411 2773,1418 2912,1416 3051,1413 3190,1411 3329,1409 3468,1406 3607,1403 3746,1402 3885,1399 4024,1397 4163,1395 4302,1393 4441,1391 4580,1390 4719,1389 4858,1388 4997,1388 5136,1388 5275,1389 7887,1327 7887,1273 5275,1335 5136,1334 4997,1334 4858,1334 4719,1335 4580,1336 4441,1337 4302,1339 4163,1341 4024,1343 3885,1345 3746,1348 3607,1349 3468,1352 3329,1355 3190,1357 3051,1359 2912,1362 2773,1364 1253,1357"/>
                <Baseline points="2634,1402 2773,1400 2912,1398 3051,1395 3190,1393 3329,1391 3468,1388 3607,1385 3746,1384 3885,1381 4024,1379 4163,1377 4302,1375 4441,1373 4580,1372 4719,1371 4858,1370 4997,1370 5136,1370 5275,1371 5414,1372"/>
                <TextEquiv>
                    <Unicode>Anne, der romischen kungynne und kungynne zu Behem, unser liebe vrowe unde mume, etwen herczogen Heynrich, czu seligen unsers brudir tochtir gnaden, auch dis und darumb geben machen und verschriben wir der obgenante unser</Unicode>
                </TextEquiv>
            </TextLine>
            <TextLine id="r1l42" custom="readingOrder {index:9;} place {offset:46; length:5;} place {offset:192; length:8;} place {offset:213; length:5;}">
                <Coords points="1285,1472 2662,1496 2748,1496 2833,1495 2919,1495 3005,1493 3090,1492 3176,1490 3262,1488 3347,1487 3433,1484 3519,1482 3604,1480 3690,1479 3776,1477 3861,1475 3947,1475 4033,1474 4118,1473 4204,1473 7830,1419 7830,1367 4204,1421 4118,1421 4033,1422 3947,1423 3861,1423 3776,1425 3690,1427 3604,1428 3519,1430 3433,1432 3347,1435 3262,1436 3176,1438 3090,1440 3005,1441 2919,1443 2833,1443 2748,1444 2662,1444 1285,1420"/>
                <Baseline points="2577,1479 2662,1479 2748,1479 2833,1478 2919,1478 3005,1476 3090,1475 3176,1473 3262,1471 3347,1470 3433,1467 3519,1465 3604,1463 3690,1462 3776,1460 3861,1458 3947,1458 4033,1457 4118,1456 4204,1456 4290,1456"/>
                <TextEquiv>
                    <Unicode>lieben vrowen und mumen als einer kungynne zu Behem und ires liebes erben, di sie mit dem obgenanten unsirm herren, dem kunge, haben wirdet unser herczogetum, furstentum und herschaft czu der Swidnicz und czu dem Jawor mit den</Unicode>
                </TextEquiv>
            </TextLine>
            <TextLine id="r1l45" custom="readingOrder {index:10;} place {offset:8; length:8;} place {offset:18; length:7;} place {offset:27; length:4;} place {offset:33; length:9;} place {offset:44; length:10;} place {offset:56; length:6;} place {offset:64; length:5;} place {offset:71; length:9;} place {offset:82; length:8;} place {offset:92; length:8;} place {offset:105; length:7;} place {offset:140; length:13;} place {offset:155; length:12;} place {offset:169; length:3;} place {offset:174; length:7;} place {offset:183; length:11;} place {offset:196; length:9;} place {offset:210; length:8;}">
                <Coords points="1306,1547 2502,1565 2594,1567 2686,1568 2778,1569 2870,1568 2962,1567 3054,1565 3146,1564 3238,1562 3330,1559 3422,1557 3514,1554 3606,1553 3698,1551 3790,1549 3882,1548 3974,1548 4066,1548 4158,1550 7842,1485 7842,1433 4158,1498 4066,1496 3974,1496 3882,1496 3790,1497 3698,1499 3606,1501 3514,1502 3422,1505 3330,1507 3238,1510 3146,1512 3054,1513 2962,1515 2870,1516 2778,1517 2686,1516 2594,1515 2502,1513 1306,1495"/>
                <Baseline points="2410,1545 2502,1548 2594,1550 2686,1551 2778,1552 2870,1551 2962,1550 3054,1548 3146,1547 3238,1545 3330,1542 3422,1540 3514,1537 3606,1536 3698,1534 3790,1532 3882,1531 3974,1531 4066,1531 4158,1533 4250,1535"/>
                <TextEquiv>
                    <Unicode>stetten Swidnicz, Stregom, Hayn, Landshute, Richinbach, Nympcz, Jawor, Lewenberg, Hirsberg, Bunczlaw und Czobote mit den vesten und merkten Greiffenstein, Greiffemberg, Len, Schonow, Klitschdorf, Hornsperg und Kynsperg mit allen</Unicode>
                </TextEquiv>
            </TextLine>
            <TextLine id="r1l49" custom="readingOrder {index:11;}">
                <Coords points="1313,1617 2537,1638 2627,1639 2718,1640 2808,1640 2899,1640 2989,1639 3080,1638 3170,1636 3261,1635 3351,1634 3442,1632 3532,1631 3623,1629 3713,1628 3804,1628 3894,1628 3985,1628 4075,1630 7848,1569 7848,1521 4075,1582 3985,1580 3894,1580 3804,1580 3713,1580 3623,1581 3532,1583 3442,1584 3351,1586 3261,1587 3170,1588 3080,1590 2989,1591 2899,1592 2808,1592 2718,1592 2627,1591 2537,1590 1313,1569"/>
                <Baseline points="2447,1619 2537,1622 2627,1623 2718,1624 2808,1624 2899,1624 2989,1623 3080,1622 3170,1620 3261,1619 3351,1618 3442,1616 3532,1615 3623,1613 3713,1612 3804,1612 3894,1612 3985,1612 4075,1614 4166,1616"/>
                <TextEquiv>
                    <Unicode>mannen, manscheften, lehen, lenscheften, furleherttum, gutyn, gerichten, czollen, munczen, cinzen, gulden, kreizzen, wichpilden, kirchlehen, pfrimden und Gots gaben, welden, puschyn, bergen, slichten, wazzern, wazzerlouften,</Unicode>
                </TextEquiv>
            </TextLine>
            <TextLine id="r1l51" custom="readingOrder {index:12;}">
                <Coords points="1317,1695 2674,1707 2808,1706 2942,1705 3076,1705 3210,1704 3344,1704 3478,1704 3612,1704 3746,1704 3880,1704 4014,1704 4148,1703 4282,1703 4416,1702 4550,1700 4684,1699 4818,1696 4952,1694 5086,1690 7792,1623 7792,1575 5086,1642 4952,1646 4818,1648 4684,1651 4550,1652 4416,1654 4282,1655 4148,1655 4014,1656 3880,1656 3746,1656 3612,1656 3478,1656 3344,1656 3210,1656 3076,1657 2942,1657 2808,1658 2674,1659 1317,1647"/>
                <Baseline points="2540,1693 2674,1691 2808,1690 2942,1689 3076,1689 3210,1688 3344,1688 3478,1688 3612,1688 3746,1688 3880,1688 4014,1688 4148,1687 4282,1687 4416,1686 4550,1684 4684,1683 4818,1680 4952,1678 5086,1674 5221,1670"/>
                <TextEquiv>
                    <Unicode>molen, wysen weyden geyeide, vogilweide, rechten, nuczen, gewohnheyten und alle czugehorungen, wie man die benennen mag, mit sundlichen worten, nichtistuch uzczunemen in allir der mazze, als wir ez yczunt haben und hernoch</Unicode>
                </TextEquiv>
            </TextLine>
            <TextLine id="r1l53" custom="readingOrder {index:13;}">
                <Coords points="1329,1766 1580,1769 1796,1772 2011,1774 2227,1777 2442,1778 2658,1779 2873,1780 3089,1780 3304,1780 3520,1780 3735,1779 3951,1778 4166,1777 4382,1776 4597,1774 4813,1772 5028,1770 5244,1768 5459,1766 7809,1713 7809,1661 5459,1714 5244,1716 5028,1718 4813,1720 4597,1722 4382,1724 4166,1725 3951,1726 3735,1727 3520,1728 3304,1728 3089,1728 2873,1728 2658,1727 2442,1726 2227,1725 2011,1722 1796,1720 1580,1717 1329,1714"/>
                <Baseline points="1365,1749 1580,1752 1796,1755 2011,1757 2227,1760 2442,1761 2658,1762 2873,1763 3089,1763 3304,1763 3520,1763 3735,1762 3951,1761 4166,1760 4382,1759 4597,1757 4813,1755 5028,1753 5244,1751 5459,1749 5675,1746"/>
                <TextEquiv>
                    <Unicode>mit rechte czu uns brengen mochten, insulchir bescheidenheit, si das sache, das wir von Gots verhenknizze also virscheiden, daz wir eliche leibes, erben, mannes, geslechte hinder uns nicht lazzen, daz denne die obgnante unsir genedige vrowe</Unicode>
                </TextEquiv>
            </TextLine>
            <TextLine id="r1l55" custom="readingOrder {index:14;}">
                <Coords points="1344,1818 1481,1830 1619,1839 1757,1846 1895,1851 2032,1854 2170,1855 2308,1856 2446,1855 2583,1853 2721,1851 2859,1849 2997,1846 3134,1844 3272,1842 3410,1840 3548,1840 3685,1841 3823,1843 3961,1847 7810,1800 7810,1751 3961,1798 3823,1794 3685,1792 3548,1791 3410,1791 3272,1793 3134,1795 2997,1797 2859,1800 2721,1802 2583,1804 2446,1806 2308,1807 2170,1806 2032,1805 1895,1802 1757,1797 1619,1790 1481,1781 1344,1769"/>
                <Baseline points="1344,1802 1481,1814 1619,1823 1757,1830 1895,1835 2032,1838 2170,1839 2308,1840 2446,1839 2583,1837 2721,1835 2859,1833 2997,1830 3134,1828 3272,1826 3410,1824 3548,1824 3685,1825 3823,1827 3961,1831 4099,1838"/>
                <TextEquiv>
                    <Unicode>und liebe mume und eris leibes erben, dy sy mit unsirn herren, dem kunge haben, wirdet, als do vorgeschrieben stet, dieselben unsire herczogtum, furstentum, herschefte, land, lute und alle ander czugehorunge, als do vor begriffen ist, erben und</Unicode>
                </TextEquiv>
            </TextLine>
            <TextLine id="r1l56" custom="readingOrder {index:15;} person {offset:149; length:25;}">
                <Coords points="1330,1905 1653,1912 1976,1918 2300,1923 2623,1925 2947,1927 3270,1927 3594,1926 3917,1925 4241,1922 4564,1919 4887,1915 5211,1910 5534,1905 5858,1900 6181,1895 6505,1889 6828,1884 7152,1878 7475,1873 7841,1868 7841,1820 7475,1825 7152,1830 6828,1836 6505,1841 6181,1847 5858,1852 5534,1857 5211,1862 4887,1867 4564,1871 4241,1874 3917,1877 3594,1878 3270,1879 2947,1879 2623,1877 2300,1875 1976,1870 1653,1864 1330,1857"/>
                <Baseline points="1330,1889 1653,1896 1976,1902 2300,1907 2623,1909 2947,1911 3270,1911 3594,1910 3917,1909 4241,1906 4564,1903 4887,1899 5211,1894 5534,1889 5858,1884 6181,1879 6505,1873 6828,1868 7152,1862 7475,1857 7799,1852"/>
                <TextEquiv>
                    <Unicode>besiczen sal genczlich, ungehindirt und do mite tun und lazzen sal, noch freyr willekur als mit irem rechten erbe unschedlich, doch der hochgebornen furstynnen vrowen Agnisen, unser elichen wirtynnen in erem liebgedinge, wenne sie alle</Unicode>
                </TextEquiv>
            </TextLine>
            <TextLine id="r1l57" custom="readingOrder {index:16;}">
                <Coords points="1330,1985 1649,1988 1969,1992 2288,1994 2608,1996 2928,1997 3247,1998 3567,1997 3887,1997 4206,1995 4526,1993 4846,1990 5165,1986 5485,1982 5805,1977 6124,1971 6444,1965 6764,1958 7083,1950 7403,1942 7789,1932 7789,1880 7403,1890 7083,1898 6764,1906 6444,1913 6124,1919 5805,1925 5485,1930 5165,1934 4846,1938 4526,1941 4206,1943 3887,1945 3567,1945 3247,1946 2928,1945 2608,1944 2288,1942 1969,1940 1649,1936 1330,1933"/>
                <Baseline points="1330,1968 1649,1971 1969,1975 2288,1977 2608,1979 2928,1980 3247,1981 3567,1980 3887,1980 4206,1978 4526,1976 4846,1973 5165,1969 5485,1965 5805,1960 6124,1954 6444,1948 6764,1941 7083,1933 7403,1925 7723,1915"/>
                <TextEquiv>
                    <Unicode>die obgenante furstentum, land und herschefte mit allen nutzen, haben und besiczen, sal nur czu eren lebtagen, wer abir daz wir mit gnaden Gots eliche leibes erben, mannes, geslechte gewunnen, so sullen dyselben unser erben, der obgenanten</Unicode>
                </TextEquiv>
            </TextLine>
            <TextLine id="r1l58" custom="readingOrder {index:17;} place {offset:176; length:9;} place {offset:190; length:8;}">
                <Coords points="1307,2054 1629,2060 1952,2066 2275,2069 2597,2072 2920,2073 3243,2073 3565,2072 3888,2071 4211,2068 4534,2065 4856,2061 5179,2056 5502,2051 5824,2046 6147,2040 6470,2034 6792,2028 7115,2021 7438,2015 7905,2000 7905,1948 7438,1963 7115,1969 6792,1976 6470,1982 6147,1988 5824,1994 5502,1999 5179,2004 4856,2009 4534,2013 4211,2016 3888,2019 3565,2020 3243,2021 2920,2021 2597,2020 2275,2017 1952,2014 1629,2008 1307,2002"/>
                <Baseline points="1307,2037 1629,2043 1952,2049 2275,2052 2597,2055 2920,2056 3243,2056 3565,2055 3888,2054 4211,2051 4534,2048 4856,2044 5179,2039 5502,2034 5824,2029 6147,2023 6470,2017 6792,2011 7115,2004 7438,1998 7761,1992"/>
                <TextEquiv>
                    <Unicode>unser vrowen und mumen odir eris leibes erben, ab sy nicht wer czehen tusent schog grozzer pfennyge pregischer muncze mit gereitem gelde berichten und beczalen, odir dy vesten Lewenberg und Bunczlaw mit wichpilde,</Unicode>
                </TextEquiv>
            </TextLine>
            <TextLine id="r1l59" custom="readingOrder {index:18;}">
                <Coords points="1283,2127 1655,2140 1971,2134 2293,2139 2616,2142 2938,2143 3260,2144 3583,2143 3905,2142 4227,2139 4550,2136 4872,2131 5194,2126 5516,2121 5839,2115 6161,2109 6483,2101 6806,2094 7128,2087 7450,2080 7773,2072 7773,2024 7450,2032 7128,2039 6806,2046 6483,2053 6161,2061 5839,2067 5516,2073 5194,2078 4872,2083 4550,2088 4227,2091 3905,2094 3583,2095 3260,2096 2938,2095 2616,2094 2293,2091 1971,2086 1649,2080 1277,2067"/>
                <Baseline points="1327,2105 1649,2112 1971,2118 2293,2123 2616,2126 2938,2127 3260,2128 3583,2127 3905,2126 4227,2123 4550,2120 4872,2115 5194,2110 5516,2105 5839,2099 6161,2093 6483,2085 6806,2078 7128,2071 7450,2064 7773,2056"/>
                <TextEquiv>
                    <Unicode>vesten, rechten, nuczen und zugehorunge zu rechtem pfande setzen, als lange uncz das, das sy, dy obgenanten czehen tusent schog genczlichen berichten und beczalen, und do mite sullen denne dy selben unser erben bei den obgenanten</Unicode>
                </TextEquiv>
            </TextLine>
            <TextLine id="r1l60" custom="readingOrder {index:19;}">
                <Coords points="1307,2189 1630,2197 1953,2203 2277,2208 2600,2212 2924,2214 3247,2215 3570,2215 3894,2214 4217,2212 4541,2209 4864,2205 5187,2200 5511,2194 5834,2188 6158,2180 6481,2173 6804,2165 7128,2156 7451,2147 7775,2137 7775,2089 7451,2099 7128,2108 6804,2117 6481,2125 6158,2132 5834,2140 5511,2146 5187,2152 4864,2157 4541,2161 4217,2164 3894,2166 3570,2167 3247,2167 2924,2166 2600,2164 2277,2160 1953,2155 1630,2149 1307,2141"/>
                <Baseline points="1307,2173 1630,2181 1953,2187 2277,2192 2600,2196 2924,2198 3247,2199 3570,2199 3894,2198 4217,2196 4541,2193 4864,2189 5187,2184 5511,2178 5834,2172 6158,2164 6481,2157 6804,2149 7128,2140 7451,2131 7775,2121"/>
                <TextEquiv>
                    <Unicode>unsern furstentum, herscheften und landen ungehindirt bleiben, wer ouch daz wir eliche leibes erben, mannes, geslechte nicht hetten und doch tochtir liezzen, so sullen die obgenanten unser liebe gnedige vrowe odir ires liebes erben,</Unicode>
                </TextEquiv>
            </TextLine>
            <TextLine id="r1l61" custom="readingOrder {index:20;}">
                <Coords points="1323,2261 1643,2268 1963,2274 2283,2278 2603,2281 2923,2283 3243,2284 3563,2284 3883,2283 4203,2280 4524,2277 4844,2273 5164,2268 5484,2262 5804,2255 6124,2247 6444,2239 6764,2230 7084,2220 7404,2210 7725,2198 7725,2153 7404,2165 7084,2175 6764,2185 6444,2194 6124,2202 5804,2210 5484,2217 5164,2223 4844,2228 4524,2232 4203,2235 3883,2238 3563,2239 3243,2239 2923,2238 2603,2236 2283,2233 1963,2229 1643,2223 1323,2216"/>
                <Baseline points="1323,2246 1643,2253 1963,2259 2283,2263 2603,2266 2923,2268 3243,2269 3563,2269 3883,2268 4203,2265 4524,2262 4844,2258 5164,2253 5484,2247 5804,2240 6124,2232 6444,2224 6764,2215 7084,2205 7404,2195 7725,2183"/>
                <TextEquiv>
                    <Unicode>dy si mit unsirm herren, dem kunge gewinnet, ylicher unser tochtir czehentusent schog grozzer pfennyge geben, und sy bestaten, noch rechtir gewonheit als gebornen fursten kindir ouch haben. Wir gelobt und geteidingt</Unicode>
                </TextEquiv>
            </TextLine>
            <TextLine id="r1l62" custom="readingOrder {index:21;}">
                <Coords points="1291,2331 1612,2335 1934,2339 2255,2343 2577,2346 2898,2348 3220,2350 3541,2351 3863,2352 4184,2351 4506,2350 4827,2347 5149,2344 5470,2339 5792,2332 6113,2324 6435,2315 6756,2304 7078,2291 7399,2276 7874,2269 7874,2224 7399,2231 7078,2246 6756,2259 6435,2270 6113,2279 5792,2287 5470,2294 5149,2299 4827,2302 4506,2305 4184,2306 3863,2307 3541,2306 3220,2305 2898,2303 2577,2301 2255,2298 1934,2294 1612,2290 1291,2286"/>
                <Baseline points="1291,2316 1612,2320 1934,2324 2255,2328 2577,2331 2898,2333 3220,2335 3541,2336 3863,2337 4184,2336 4506,2335 4827,2332 5149,2329 5470,2324 5792,2317 6113,2309 6435,2300 6756,2289 7078,2276 7399,2261 7721,2245"/>
                <TextEquiv>
                    <Unicode>bei daz sache, daz die obgenante unsir eliche wirtynne unsirn tot gelebte, daz sie denne noch der czit unsers todes keinen burggraven, pfleger odir amptman uff vesten, husern, in steten odir in landen verkeren, endern odir wechseln sal. Ez sy</Unicode>
                </TextEquiv>
            </TextLine>
            <TextLine id="r1l63" custom="readingOrder {index:22;}">
                <Coords points="1281,2396 1640,2406 1964,2410 2288,2414 2611,2417 2935,2419 3259,2421 3582,2422 3906,2422 4230,2422 4554,2420 4877,2418 5201,2414 5525,2409 5848,2403 6172,2396 6496,2386 6819,2375 7143,2364 7467,2350 7791,2333 7791,2284 7467,2301 7143,2315 6819,2326 6496,2337 6172,2347 5848,2354 5525,2360 5201,2365 4877,2369 4554,2371 4230,2373 3906,2373 3582,2373 3259,2372 2935,2370 2611,2368 2288,2365 1964,2361 1640,2357 1281,2347"/>
                <Baseline points="1317,2386 1640,2390 1964,2394 2288,2398 2611,2401 2935,2403 3259,2405 3582,2406 3906,2406 4230,2406 4554,2404 4877,2402 5201,2398 5525,2393 5848,2387 6172,2380 6496,2370 6819,2359 7143,2348 7467,2334 7791,2317"/>
                <TextEquiv>
                    <Unicode>danne, das sy eynen byderman, der do gelich gut und gewizz sei, dem ersten an syn stat seczen, an dem der obgenanten unser vrowen odir eren erben moge billich genugen, und daz der selbe czu vor sich allir gelubde, eyde und truwen virbunden</Unicode>
                </TextEquiv>
            </TextLine>
            <TextLine id="r1l64" custom="readingOrder {index:23;}">
                <Coords points="1307,2470 1631,2476 1956,2481 2281,2485 2606,2488 2931,2491 3256,2493 3581,2494 3906,2494 4231,2493 4556,2491 4880,2488 5205,2484 5530,2478 5855,2471 6180,2463 6505,2453 6830,2443 7155,2431 7480,2417 7805,2401 7805,2352 7480,2368 7155,2382 6830,2394 6505,2404 6180,2414 5855,2422 5530,2429 5205,2435 4880,2439 4556,2442 4231,2444 3906,2445 3581,2445 3256,2444 2931,2442 2606,2439 2281,2436 1956,2432 1631,2427 1307,2421"/>
                <Baseline points="1307,2454 1631,2460 1956,2465 2281,2469 2606,2472 2931,2475 3256,2477 3581,2478 3906,2478 4231,2477 4556,2475 4880,2472 5205,2468 5530,2462 5855,2455 6180,2447 6505,2437 6830,2427 7155,2415 7480,2401 7805,2385"/>
                <TextEquiv>
                    <Unicode>habe, der obgennante unser vrowen der kungynne odir eren erben, glich synem vorvarn an des stat er gesaczet widet, wer ouch das die obgennante unser genedige vrowe und liebe mume, wartende des obgenanten anevallis et cetera. Wenne sy in gewer</Unicode>
                </TextEquiv>
            </TextLine>
            <TextLine id="r1l65" custom="readingOrder {index:24;}">
                <Coords points="1301,2545 1622,2548 1943,2551 2264,2554 2586,2557 2907,2559 3228,2561 3550,2562 3871,2563 4192,2563 4514,2562 4835,2560 5156,2557 5477,2553 5799,2547 6120,2540 6441,2531 6763,2520 7084,2507 7405,2493 7727,2476 7727,2424 7405,2441 7084,2455 6763,2468 6441,2479 6120,2488 5799,2495 5477,2501 5156,2505 4835,2508 4514,2510 4192,2511 3871,2511 3550,2510 3228,2509 2907,2507 2586,2505 2264,2502 1943,2499 1622,2496 1301,2493"/>
                <Baseline points="1301,2528 1622,2531 1943,2534 2264,2537 2586,2540 2907,2542 3228,2544 3550,2545 3871,2546 4192,2546 4514,2545 4835,2543 5156,2540 5477,2536 5799,2530 6120,2523 6441,2514 6763,2503 7084,2490 7405,2476 7727,2459"/>
                <TextEquiv>
                    <Unicode>keme, alzo sturbe, das sie liebes erben mit dem obgennante unsirn herren nicht gewinnen, so sullen alle man, richter, knechte, burggraven, burger und alle lantsezzen, allir der obgenannten eyde und gelobde ledig sin, doch in sulchir</Unicode>
                </TextEquiv>
            </TextLine>
            <TextLine id="r1l66" custom="readingOrder {index:25;}">
                <Coords points="1295,2621 1617,2623 1940,2625 2263,2627 2585,2629 2908,2631 3231,2632 3553,2633 3876,2634 4199,2634 4522,2633 4844,2631 5167,2628 5490,2624 5812,2619 6135,2612 6458,2604 6780,2595 7103,2584 7426,2571 7749,2556 7749,2504 7426,2519 7103,2532 6780,2543 6458,2552 6135,2560 5812,2567 5490,2572 5167,2576 4844,2579 4522,2581 4199,2582 3876,2582 3553,2581 3231,2580 2908,2579 2585,2577 2263,2575 1940,2573 1617,2571 1295,2569"/>
                <Baseline points="1295,2604 1617,2606 1940,2608 2263,2610 2585,2612 2908,2614 3231,2615 3553,2616 3876,2617 4199,2617 4522,2616 4844,2614 5167,2611 5490,2607 5812,2602 6135,2595 6458,2587 6780,2578 7103,2567 7426,2554 7749,2539"/>
                <TextEquiv>
                    <Unicode>bescheidenheit, das dem obgennanten unsern herren dem kunge und seinen erben, daz obgenante egelt und heimsteur der obgenanten czehentusent schog gevallen sal, odir mit pfande gesichte wenden in alle der mazze, als do vor beschriben</Unicode>
                </TextEquiv>
            </TextLine>
            <TextLine id="r1l67" custom="readingOrder {index:26;}">
                <Coords points="1296,2699 1633,2700 1971,2702 2309,2703 2647,2704 2985,2705 3323,2705 3660,2705 3998,2704 4336,2703 4674,2700 5012,2697 5350,2693 5687,2688 6025,2681 6363,2675 6701,2666 7039,2656 7377,2644 7715,2631 7715,2579 7377,2592 7039,2604 6701,2614 6363,2623 6025,2629 5687,2636 5350,2641 5012,2645 4674,2648 4336,2651 3998,2652 3660,2653 3323,2653 2985,2653 2647,2652 2309,2651 1971,2650 1633,2648 1296,2647"/>
                <Baseline points="1296,2682 1633,2683 1971,2685 2309,2686 2647,2687 2985,2688 3323,2688 3660,2688 3998,2687 4336,2686 4674,2683 5012,2680 5350,2676 5687,2671 6025,2664 6363,2658 6701,2649 7039,2639 7377,2627 7715,2614"/>
                <TextEquiv>
                    <Unicode>ist, daz sie domite tun und lazzen, noch freyrwillekur und daz geben, wenn si wellen, wer ouch das dy obgenante unser vrowe und mume den obgenanten unsern herren den kung obir lebte und eynen andirn man neme an unsirn</Unicode>
                </TextEquiv>
            </TextLine>
            <TextLine id="r1l68" custom="readingOrder {index:27;}">
                <Coords points="1299,2769 1620,2771 1942,2773 2263,2774 2585,2775 2906,2775 3228,2775 3549,2774 3871,2773 4192,2771 4514,2768 4835,2765 5157,2761 5478,2756 5800,2751 6121,2745 6443,2738 6764,2730 7086,2721 7407,2712 7729,2702 7729,2651 7407,2661 7086,2670 6764,2679 6443,2687 6121,2694 5800,2700 5478,2705 5157,2710 4835,2714 4514,2717 4192,2720 3871,2722 3549,2723 3228,2724 2906,2724 2585,2724 2263,2723 1942,2722 1620,2720 1299,2718"/>
                <Baseline points="1299,2752 1620,2754 1942,2756 2263,2757 2585,2758 2906,2758 3228,2758 3549,2757 3871,2756 4192,2754 4514,2751 4835,2748 5157,2744 5478,2739 5800,2734 6121,2728 6443,2721 6764,2713 7086,2704 7407,2695 7729,2685"/>
                <TextEquiv>
                    <Unicode>dank, und willen so sullen beide sy, der man und alle kinth, dy sy mit in gewinnet in den obgenanten unsirn furstentum und herschefte nichtes haben. Ouch ist geredet und geteidingt, daz dy obgenante unser vrowe dy kungynne</Unicode>
                </TextEquiv>
            </TextLine>
            <TextLine id="r1l69" custom="readingOrder {index:28;}">
                <Coords points="1291,2838 1612,2842 1933,2845 2254,2847 2575,2848 2896,2849 3217,2848 3539,2847 3860,2845 4181,2843 4502,2840 4823,2836 5144,2831 5465,2827 5787,2822 6108,2816 6429,2810 6750,2804 7071,2798 7392,2791 7714,2785 7714,2734 7392,2740 7071,2747 6750,2753 6429,2759 6108,2765 5787,2771 5465,2776 5144,2780 4823,2785 4502,2789 4181,2792 3860,2794 3539,2796 3217,2797 2896,2798 2575,2797 2254,2796 1933,2794 1612,2791 1291,2787"/>
                <Baseline points="1291,2821 1612,2825 1933,2828 2254,2830 2575,2831 2896,2832 3217,2831 3539,2830 3860,2828 4181,2826 4502,2823 4823,2819 5144,2814 5465,2810 5787,2805 6108,2799 6429,2793 6750,2787 7071,2781 7392,2774 7714,2768"/>
                <TextEquiv>
                    <Unicode>und unser liebe mume, noch ymand von eren wegen uns und unser erben mannes, geslechte umb keinerlei erbeteil odir um keine andir sache anreden adir ansprechen sullen, andirn wenn dovor geschrieben ist. Ouch</Unicode>
                </TextEquiv>
            </TextLine>
            <TextLine id="r1l70" custom="readingOrder {index:29;}">
                <Coords points="1292,2908 1610,2914 1928,2919 2247,2922 2565,2924 2884,2925 3202,2924 3520,2923 3839,2920 4157,2917 4476,2913 4794,2907 5112,2902 5431,2897 5749,2890 6068,2883 6386,2877 6704,2870 7023,2864 7341,2857 7782,2850 7794,2780 7353,2787 7023,2812 6704,2818 6386,2825 6068,2831 5749,2838 5431,2845 5112,2850 4794,2855 4476,2861 4157,2865 3839,2868 3520,2871 3202,2872 2884,2873 2565,2872 2247,2870 1928,2867 1610,2862 1292,2856"/>
                <Baseline points="1292,2891 1610,2897 1928,2902 2247,2905 2565,2907 2884,2908 3202,2907 3520,2906 3839,2903 4157,2900 4476,2896 4794,2890 5112,2885 5431,2880 5749,2873 6068,2866 6386,2860 6704,2853 7023,2847 7341,2840 7660,2833"/>
                <TextEquiv>
                    <Unicode>meine und wellen wir, si daz sache, das uns chaftige not antreten wirdet umb gevenknizze, krieg odir andir geschichte unser odir unser manne, ere und leip zu lozzen, das wir denn der selben unsir furstentum, land,</Unicode>
                </TextEquiv>
            </TextLine>
            <TextLine id="r1l71" custom="readingOrder {index:30;}">
                <Coords points="1288,2988 1610,2994 1933,2997 2256,3000 2578,3001 2901,3000 3224,2999 3546,2996 3869,2993 4192,2989 4515,2984 4837,2978 5160,2972 5483,2965 5805,2959 6128,2952 6451,2944 6773,2937 7096,2929 7419,2922 7742,2915 7742,2863 7419,2870 7096,2877 6773,2885 6451,2892 6128,2900 5805,2907 5483,2913 5160,2920 4837,2926 4515,2932 4192,2937 3869,2941 3546,2944 3224,2947 2901,2948 2578,2949 2256,2948 1933,2945 1610,2942 1288,2936"/>
                <Baseline points="1288,2971 1610,2977 1933,2980 2256,2983 2578,2984 2901,2983 3224,2982 3546,2979 3869,2976 4192,2972 4515,2967 4837,2961 5160,2955 5483,2948 5805,2942 6128,2935 6451,2927 6773,2920 7096,2912 7419,2905 7742,2898"/>
                <TextEquiv>
                    <Unicode>lute gewaldik sin czu tun und czu lazzen, doch in guten trewen und an alle geverde, dornoch sint dem male, das uns der obgenante unser genediger herre mit sulchin synen gnaden gunstlich und vruntlich begriffen hat,</Unicode>
                </TextEquiv>
            </TextLine>
            <TextLine id="r1l72" custom="readingOrder {index:31;}">
                <Coords points="1296,3067 1615,3070 1934,3071 2254,3072 2573,3072 2893,3072 3212,3070 3532,3068 3851,3065 4171,3061 4490,3056 4809,3052 5129,3046 5448,3039 5768,3033 6087,3025 6407,3017 6726,3009 7046,2999 7365,2990 7685,2980 7685,2928 7365,2938 7046,2947 6726,2957 6407,2965 6087,2973 5768,2981 5448,2987 5129,2994 4809,3000 4490,3004 4171,3009 3851,3013 3532,3016 3212,3018 2893,3020 2573,3020 2254,3020 1934,3019 1615,3018 1296,3015"/>
                <Baseline points="1296,3050 1615,3053 1934,3054 2254,3055 2573,3055 2893,3055 3212,3053 3532,3051 3851,3048 4171,3044 4490,3039 4809,3035 5129,3029 5448,3022 5768,3016 6087,3008 6407,3000 6726,2992 7046,2982 7365,2973 7685,2963"/>
                <TextEquiv>
                    <Unicode>so geloben und wellen wir im mit guten truwen on geverde beigistendig und beholfen sin, wedir alle menlichen niemand uzczunemen und in nymmir undirwen zulozzen mit liebe, noch mit gute und alle syne</Unicode>
                </TextEquiv>
            </TextLine>
            <TextLine id="r1l73" custom="readingOrder {index:32;}">
                <Coords points="1260,3139 1619,3141 1942,3142 2265,3142 2589,3141 2912,3140 3235,3139 3559,3136 3882,3133 4205,3130 4529,3125 4852,3120 5175,3115 5498,3108 5822,3101 6145,3094 6468,3085 6792,3076 7115,3066 7438,3056 7762,3044 7762,2992 7438,3004 7115,3014 6792,3024 6468,3033 6145,3042 5822,3049 5498,3056 5175,3063 4852,3068 4529,3073 4205,3078 3882,3081 3559,3084 3235,3087 2912,3088 2589,3089 2265,3090 1942,3090 1619,3089 1260,3087"/>
                <Baseline points="1296,3122 1619,3124 1942,3125 2265,3125 2589,3124 2912,3123 3235,3122 3559,3119 3882,3116 4205,3113 4529,3108 4852,3103 5175,3098 5498,3091 5822,3084 6145,3077 6468,3068 6792,3059 7115,3049 7438,3039 7762,3027"/>
                <TextEquiv>
                    <Unicode>vinde sullen, unsir vinde sin und meinen und wellen, ouch keine sine wedirsachen odir vinde cristen, juden odir heiden in unsirn lande, husen, hofen, halden odir vorteidingen, dy wyder das recht syn und</Unicode>
                </TextEquiv>
            </TextLine>
            <TextLine id="r1l74" custom="readingOrder {index:33;}">
                <Coords points="1270,3212 1590,3213 1911,3214 2231,3215 2552,3215 2872,3215 3193,3214 3513,3213 3834,3211 4154,3209 4475,3206 4796,3202 5116,3197 5437,3191 5757,3184 6078,3177 6398,3169 6719,3159 7039,3148 7360,3137 7681,3123 7681,3069 7360,3083 7039,3094 6719,3105 6398,3115 6078,3123 5757,3130 5437,3137 5116,3143 4796,3148 4475,3152 4154,3155 3834,3157 3513,3159 3193,3160 2872,3161 2552,3161 2231,3161 1911,3160 1590,3159 1270,3158"/>
                <Baseline points="1270,3194 1590,3195 1911,3196 2231,3197 2552,3197 2872,3197 3193,3196 3513,3195 3834,3193 4154,3191 4475,3188 4796,3184 5116,3179 5437,3173 5757,3166 6078,3159 6398,3151 6719,3141 7039,3130 7360,3119 7681,3105"/>
                <TextEquiv>
                    <Unicode>nicht recht tun wellen, dy gunnen wir im und seinen amptluten, das sie die selben angreiffen und rechtvertigen sullen und mogen, wo sy der bekomen in allen unsern herscheften und landen. Mit urkund dis brives, virsigilt mit</Unicode>
                </TextEquiv>
            </TextLine>
            <TextLine id="r1l75" custom="readingOrder {index:34;} place {offset:45; length:8;} date {offset:54; length:149;year:0; day:0; month:0;}">
                <Coords points="1258,3282 1620,3286 1959,3289 2298,3291 2637,3292 2976,3292 3315,3291 3654,3290 3993,3287 4332,3284 4670,3280 5009,3276 5348,3270 5687,3263 6026,3256 6365,3248 6704,3239 7043,3230 7382,3219 7721,3209 7721,3155 7382,3165 7043,3176 6704,3185 6365,3194 6026,3202 5687,3209 5348,3216 5009,3222 4670,3226 4332,3230 3993,3233 3654,3236 3315,3237 2976,3238 2637,3238 2298,3237 1959,3235 1620,3232 1258,3228"/>
                <Baseline points="1282,3264 1620,3268 1959,3271 2298,3273 2637,3274 2976,3274 3315,3273 3654,3272 3993,3269 4332,3266 4670,3262 5009,3258 5348,3252 5687,3245 6026,3238 6365,3230 6704,3221 7043,3212 7382,3201 7721,3191"/>
                <TextEquiv>
                    <Unicode>unsirn grozzen ingesegil, der geben ist czur Swidnicz noch Crists geburt dreiczenhundirt, in dem dreiundfunczegsten jare an der nehsten mitwochen noch santh Petirs und Pawls tag, der heilegen czwelfboten. Davon durch</Unicode>
                </TextEquiv>
            </TextLine>
            <TextLine id="r1l76" custom="readingOrder {index:35;} person {offset:53; length:14;}">
                <Coords points="1240,3361 1609,3363 1930,3365 2251,3366 2572,3366 2893,3366 3214,3366 3536,3364 3857,3362 4178,3360 4499,3357 4820,3353 5141,3349 5462,3343 5784,3337 6105,3331 6426,3324 6747,3315 7068,3306 7389,3297 7747,3280 7747,3228 7389,3245 7068,3254 6747,3263 6426,3272 6105,3279 5784,3285 5462,3291 5141,3297 4820,3301 4499,3305 4178,3308 3857,3310 3536,3312 3214,3314 2893,3314 2572,3314 2251,3314 1930,3313 1615,3293 1246,3291"/>
                <Baseline points="1288,3344 1609,3346 1930,3348 2251,3349 2572,3349 2893,3349 3214,3349 3536,3347 3857,3345 4178,3343 4499,3340 4820,3336 5141,3332 5462,3326 5784,3320 6105,3314 6426,3307 6747,3298 7068,3289 7389,3280 7711,3269"/>
                <TextEquiv>
                    <Unicode>sundirlicher gebot des obgenanten fursten und herren herczog Bolken, unsers lieben genedgen herren, der uns daz geboten und geheizen hat, mit lebender stymme und in offenbar gegenwertikeit syner edlen getruwen, manne,</Unicode>
                </TextEquiv>
            </TextLine>
            <TextLine id="r1l77" custom="readingOrder {index:36;} person {offset:171; length:32; continued:true;}">
                <Coords points="1226,3427 1600,3436 1921,3439 2241,3440 2562,3441 2883,3441 3203,3440 3524,3439 3845,3437 4165,3434 4486,3431 4807,3427 5127,3423 5448,3417 5769,3412 6089,3406 6410,3400 6731,3393 7051,3386 7372,3379 7864,3352 7864,3300 7372,3327 7051,3334 6731,3341 6410,3348 6089,3354 5769,3360 5448,3365 5127,3371 4807,3375 4486,3379 4165,3382 3845,3385 3524,3387 3203,3388 2883,3389 2562,3389 2241,3388 1921,3387 1618,3366 1244,3357"/>
                <Baseline points="1280,3416 1600,3419 1921,3422 2241,3423 2562,3424 2883,3424 3203,3423 3524,3422 3845,3420 4165,3417 4486,3414 4807,3410 5127,3406 5448,3400 5769,3395 6089,3389 6410,3383 6731,3376 7051,3369 7372,3362 7693,3353"/>
                <TextEquiv>
                    <Unicode>so haben wir mit wolbedachtem mute, mitworte gunst wizzen und willen, der ganczen gemeinschaft allir unsir mitburger, der obgenanten allirdurchluchtigsten furstynnen, der romischen konegynne und kungynne</Unicode>
                </TextEquiv>
            </TextLine>
            <TextLine id="r1l78" custom="readingOrder {index:37;} person {offset:0; length:21; continued:true;} place {offset:3; length:5;} person {offset:112; length:9;}">
                <Coords points="1261,3504 1579,3508 1897,3511 2215,3513 2533,3515 2851,3515 3169,3515 3487,3514 3805,3512 4123,3509 4441,3506 4759,3502 5077,3498 5395,3493 5713,3489 6031,3483 6349,3477 6667,3471 6985,3465 7321,3476 7766,3442 7748,3373 7303,3407 6985,3414 6667,3420 6349,3426 6031,3432 5713,3438 5395,3442 5077,3447 4759,3451 4441,3455 4123,3458 3805,3461 3487,3463 3169,3464 2851,3464 2533,3464 2215,3462 1897,3460 1579,3457 1261,3453"/>
                <Baseline points="1261,3487 1579,3491 1897,3494 2215,3496 2533,3498 2851,3498 3169,3498 3487,3497 3805,3495 4123,3492 4441,3489 4759,3485 5077,3481 5395,3476 5713,3472 6031,3466 6349,3460 6667,3454 6985,3448 7303,3441 7622,3434"/>
                <TextEquiv>
                    <Unicode>zu Bohem vrowen Annen, unser genedgen vrowen, und ires liebes erben, dy symit dem obgenanten fursten und herren kung Karl, iren elichen wirte gewynnet, gehuldet und gelobt und gesworn hulden, gelobden</Unicode>
                </TextEquiv>
            </TextLine>
            <TextLine id="r1l79" custom="readingOrder {index:38;} person {offset:99; length:15;}">
                <Coords points="1249,3581 1568,3583 1887,3584 2206,3585 2525,3586 2845,3586 3164,3585 3483,3584 3802,3583 4121,3581 4441,3578 4760,3576 5079,3573 5398,3569 5717,3565 6037,3561 6356,3556 6675,3552 6994,3546 7313,3541 7759,3545 7759,3494 7313,3490 6994,3495 6675,3501 6356,3505 6037,3510 5717,3514 5398,3518 5079,3522 4760,3525 4441,3527 4121,3530 3802,3532 3483,3533 3164,3534 2845,3535 2525,3535 2206,3534 1887,3533 1568,3532 1249,3530"/>
                <Baseline points="1249,3564 1568,3566 1887,3567 2206,3568 2525,3569 2845,3569 3164,3568 3483,3567 3802,3566 4121,3564 4441,3561 4760,3559 5079,3556 5398,3552 5717,3548 6037,3544 6356,3539 6675,3535 6994,3529 7313,3524 7633,3519"/>
                <TextEquiv>
                    <Unicode>und sweren, daz wir wen ez zu sulchen schulden kommet, als do vor geschriben stet in unsers herren herczoge Bolken, brive ir und den selben iren leibes erben, wenne sy dy mit hulfe Gots gewynnet, getruwe, gehor¬</Unicode>
                </TextEquiv>
            </TextLine>
            <TextLine id="r1l80" custom="readingOrder {index:39;} person {offset:197; length:14;}">
                <Coords points="1227,3677 1601,3664 1922,3663 2242,3662 2563,3661 2883,3660 3204,3660 3524,3659 3845,3658 4165,3657 4486,3655 4806,3653 5127,3651 5447,3649 5768,3645 6088,3641 6409,3636 6729,3631 7050,3625 7370,3618 7691,3609 7691,3555 7370,3564 7050,3571 6729,3577 6409,3576 6088,3569 5768,3579 5453,3583 5133,3585 4812,3587 4492,3589 4165,3603 3845,3604 3530,3587 3210,3588 2883,3588 2563,3589 2242,3590 1922,3591 1613,3574 1239,3587"/>
                <Baseline points="1281,3647 1601,3646 1922,3645 2242,3644 2563,3643 2883,3642 3204,3642 3524,3641 3845,3640 4165,3639 4486,3637 4806,3635 5127,3633 5447,3631 5768,3627 6088,3623 6409,3618 6729,3613 7050,3607 7370,3600 7691,3591"/>
                <TextEquiv>
                    <Unicode>sam wartende und undirtenik sin wellen und sullen, als unsir naturlicher und angeborner herschaft in alle den punkten, meinungen und artikln und in allir der mazze, als di obgenanten unsers herren herczog Bolken</Unicode>
                </TextEquiv>
            </TextLine>
            <TextLine id="r1l81" custom="readingOrder {index:40;} person {offset:125; length:9;} person {offset:157; length:13;}">
                <Coords points="1260,3746 1578,3742 1897,3739 2216,3737 2535,3736 2854,3735 3173,3735 3491,3735 3810,3735 4129,3735 4448,3734 4767,3733 5086,3732 5405,3729 5723,3726 6042,3722 6361,3717 6680,3709 6999,3701 7318,3690 7679,3678 7679,3624 7318,3636 6999,3647 6680,3655 6361,3663 6042,3668 5723,3672 5405,3675 5086,3678 4767,3679 4448,3680 4129,3681 3810,3681 3491,3681 3173,3681 2854,3681 2535,3682 2216,3683 1897,3685 1578,3688 1260,3692"/>
                <Baseline points="1260,3728 1578,3724 1897,3721 2216,3719 2535,3718 2854,3717 3173,3717 3491,3717 3810,3717 4129,3717 4448,3716 4767,3715 5086,3714 5405,3711 5723,3708 6042,3704 6361,3699 6680,3691 6999,3683 7318,3672 7637,3660"/>
                <TextEquiv>
                    <Unicode>brive sprechin, uzgenomen doch den artikel, der czu dem letzen in demselben brive stet, umb die hulfe, di beide der obgenant kung Karl und ouch unsir herre, herczog Bolke eynandir tun und leisten sullen.</Unicode>
                </TextEquiv>
            </TextLine>
            <TextLine id="r1l82" custom="readingOrder {index:41;}">
                <Coords points="1260,3824 1597,3822 1935,3820 2273,3818 2611,3817 2949,3816 3287,3815 3624,3815 3962,3814 4300,3813 4638,3812 4976,3810 5314,3808 5651,3805 5989,3801 6327,3796 6665,3791 7003,3784 7341,3776 7763,3767 7763,3713 7341,3722 7003,3730 6665,3737 6327,3742 5989,3747 5651,3751 5314,3754 4976,3756 4638,3758 4300,3759 3962,3760 3624,3761 3287,3761 2949,3762 2611,3763 2273,3764 1935,3766 1597,3768 1260,3770"/>
                <Baseline points="1260,3806 1597,3804 1935,3802 2273,3800 2611,3799 2949,3798 3287,3797 3624,3797 3962,3796 4300,3795 4638,3794 4976,3792 5314,3790 5651,3787 5989,3783 6327,3778 6665,3773 7003,3766 7341,3758 7679,3749"/>
                <TextEquiv>
                    <Unicode>Wen uns di selben gelobden nicht anegen und czu den andirn unsyn sachen, doruff wir gehuld und gesworn haben nicht gehoret. Mit urkund dis brives, virsigilt ist mit unsir stat ingesigil, der geben</Unicode>
                </TextEquiv>
            </TextLine>
            <TextLine id="r1l83" custom="readingOrder {index:42;} place {offset:11; length:8;} date {offset:20; length:162;year:0; day:0; month:0;}">
                <Coords points="1244,3887 1576,3901 1873,3899 2169,3898 2466,3897 2763,3896 3059,3896 3356,3896 3653,3896 3949,3896 4246,3896 4543,3896 4839,3895 5136,3894 5433,3892 5729,3889 6026,3886 6323,3881 6619,3875 6916,3868 7213,3860 7213,3806 6916,3814 6619,3821 6323,3827 6026,3814 5729,3817 5433,3838 5136,3840 4839,3841 4543,3842 4246,3842 3949,3842 3653,3842 3356,3842 3059,3842 2763,3842 2466,3843 2169,3844 1873,3845 1576,3847 1244,3833"/>
                <Baseline points="1280,3887 1576,3883 1873,3881 2169,3880 2466,3879 2763,3878 3059,3878 3356,3878 3653,3878 3949,3878 4246,3878 4543,3878 4839,3877 5136,3876 5433,3874 5729,3871 6026,3868 6323,3863 6619,3857 6916,3850 7213,3842"/>
                <TextEquiv>
                    <Unicode>ist zu der Swidnicz noch Crists geburt dreiczen hundirt und dor noch in dem drei und funczigsten jare, dez nehsten donrstags noch santh Petirs und Pawils tag, der heyligen zwelfboten.</Unicode>
                </TextEquiv>
            </TextLine>
            <TextEquiv>
                <Unicode>Wir burgermeister, ratlute, und di burger gemeinlich der stat czu dem Jawor, bekennen und tun kunt offenlich mit disem brive alle den, di in sehin odir horen lesen, wanne der hochgeborner furste und herre her Bolke,&#xD;
herczog von Sleizen und herre zu Furstenberg, zur Swidnicz und czu dem Jawor, unser lieber genediger herre, mit wolbedachtem mute, mit guten willen und mit rate, syner getruwen manne, angeseyn hat, di besunder vruntschaft und&#xD;
liebe, und ouch die sundirliche truwe, do mite er die allirdurchluchtigste furstinne und vrowe vrowen Anna, romische kungynne, czu allen cziten mererynne dez riches und kungyne czu Behem, etwen seliger gedechtnizze herczogen&#xD;
Henrichs, unser herren, sines brudir tochtir, unser genedge vrowe, begriffen hat und von angeborner gute steticlichen meinet, und hat ir der obgenanten unser vrowen und ires leibes erbirn beydis geslechts, si mit dem allirdurch¬&#xD;
luchtigsten fursten und herren hern Karl, romischen kunge, zu allen cziten merer dez reichs und kung czu Behem, gewinnet alle syne furstuntum, herczogtum und herschefte zu der Swidnicz und zu dem Jawor mit allen andern steten, vesten und&#xD;
czugehorungen virschriben und virmachet in aller der mazze, als in syner furstlichen briven do noch begriffen ist an semlichen lute. Wir Bolke von Gots gnaden herczoge in Slezien, herre von Furstenberg, zur Swydnicz und zu dem Jawor, bekennen&#xD;
und tun kunt offenlich mich sein brive allen den, di in ansehen odir horen lesen, daz wir haben angesehen dy sundliche gnade und vruntliche gunst, dez allirdurchluchtigsten fursten, unser lieben Karl, romische kunge zu allen cziten&#xD;
merer dez reichs und kunge zu Behem, unsers lieben gnedigen heren, de her uns und unsirn geslechte bewiset hat mit der konschaft, di gescheyn ist zwischen im an eynen teil und der durchluchtigsten furstinne vrowen&#xD;
Anne, der romischen kungynne und kungynne zu Behem, unser liebe vrowe unde mume, etwen herczogen Heynrich, czu seligen unsers brudir tochtir gnaden, auch dis und darumb geben machen und verschriben wir der obgenante unser&#xD;
lieben vrowen und mumen als einer kungynne zu Behem und ires liebes erben, di sie mit dem obgenanten unsirm herren, dem kunge, haben wirdet unser herczogetum, furstentum und herschaft czu der Swidnicz und czu dem Jawor mit den&#xD;
stetten Swidnicz, Stregom, Hayn, Landshute, Richinbach, Nympcz, Jawor, Lewenberg, Hirsberg, Bunczlaw und Czobote mit den vesten und merkten Greiffenstein, Greiffemberg, Len, Schonow, Klitschdorf, Hornsperg und Kynsperg mit allen&#xD;
mannen, manscheften, lehen, lenscheften, furleherttum, gutyn, gerichten, czollen, munczen, cinzen, gulden, kreizzen, wichpilden, kirchlehen, pfrimden und Gots gaben, welden, puschyn, bergen, slichten, wazzern, wazzerlouften,&#xD;
molen, wysen weyden geyeide, vogilweide, rechten, nuczen, gewohnheyten und alle czugehorungen, wie man die benennen mag, mit sundlichen worten, nichtistuch uzczunemen in allir der mazze, als wir ez yczunt haben und hernoch&#xD;
mit rechte czu uns brengen mochten, insulchir bescheidenheit, si das sache, das wir von Gots verhenknizze also virscheiden, daz wir eliche leibes, erben, mannes, geslechte hinder uns nicht lazzen, daz denne die obgnante unsir genedige vrowe&#xD;
und liebe mume und eris leibes erben, dy sy mit unsirn herren, dem kunge haben, wirdet, als do vorgeschrieben stet, dieselben unsire herczogtum, furstentum, herschefte, land, lute und alle ander czugehorunge, als do vor begriffen ist, erben und&#xD;
besiczen sal genczlich, ungehindirt und do mite tun und lazzen sal, noch freyr willekur als mit irem rechten erbe unschedlich, doch der hochgebornen furstynnen vrowen Agnisen, unser elichen wirtynnen in erem liebgedinge, wenne sie alle&#xD;
die obgenante furstentum, land und herschefte mit allen nutzen, haben und besiczen, sal nur czu eren lebtagen, wer abir daz wir mit gnaden Gots eliche leibes erben, mannes, geslechte gewunnen, so sullen dyselben unser erben, der obgenanten&#xD;
unser vrowen und mumen odir eris leibes erben, ab sy nicht wer czehen tusent schog grozzer pfennyge pregischer muncze mit gereitem gelde berichten und beczalen, odir dy vesten Lewenberg und Bunczlaw mit wichpilde,&#xD;
vesten, rechten, nuczen und zugehorunge zu rechtem pfande setzen, als lange uncz das, das sy, dy obgenanten czehen tusent schog genczlichen berichten und beczalen, und do mite sullen denne dy selben unser erben bei den obgenanten&#xD;
unsern furstentum, herscheften und landen ungehindirt bleiben, wer ouch daz wir eliche leibes erben, mannes, geslechte nicht hetten und doch tochtir liezzen, so sullen die obgenanten unser liebe gnedige vrowe odir ires liebes erben,&#xD;
dy si mit unsirm herren, dem kunge gewinnet, ylicher unser tochtir czehentusent schog grozzer pfennyge geben, und sy bestaten, noch rechtir gewonheit als gebornen fursten kindir ouch haben. Wir gelobt und geteidingt&#xD;
bei daz sache, daz die obgenante unsir eliche wirtynne unsirn tot gelebte, daz sie denne noch der czit unsers todes keinen burggraven, pfleger odir amptman uff vesten, husern, in steten odir in landen verkeren, endern odir wechseln sal. Ez sy&#xD;
danne, das sy eynen byderman, der do gelich gut und gewizz sei, dem ersten an syn stat seczen, an dem der obgenanten unser vrowen odir eren erben moge billich genugen, und daz der selbe czu vor sich allir gelubde, eyde und truwen virbunden&#xD;
habe, der obgennante unser vrowen der kungynne odir eren erben, glich synem vorvarn an des stat er gesaczet widet, wer ouch das die obgennante unser genedige vrowe und liebe mume, wartende des obgenanten anevallis et cetera. Wenne sy in gewer&#xD;
keme, alzo sturbe, das sie liebes erben mit dem obgennante unsirn herren nicht gewinnen, so sullen alle man, richter, knechte, burggraven, burger und alle lantsezzen, allir der obgenannten eyde und gelobde ledig sin, doch in sulchir&#xD;
bescheidenheit, das dem obgennanten unsern herren dem kunge und seinen erben, daz obgenante egelt und heimsteur der obgenanten czehentusent schog gevallen sal, odir mit pfande gesichte wenden in alle der mazze, als do vor beschriben&#xD;
ist, daz sie domite tun und lazzen, noch freyrwillekur und daz geben, wenn si wellen, wer ouch das dy obgenante unser vrowe und mume den obgenanten unsern herren den kung obir lebte und eynen andirn man neme an unsirn&#xD;
dank, und willen so sullen beide sy, der man und alle kinth, dy sy mit in gewinnet in den obgenanten unsirn furstentum und herschefte nichtes haben. Ouch ist geredet und geteidingt, daz dy obgenante unser vrowe dy kungynne&#xD;
und unser liebe mume, noch ymand von eren wegen uns und unser erben mannes, geslechte umb keinerlei erbeteil odir um keine andir sache anreden adir ansprechen sullen, andirn wenn dovor geschrieben ist. Ouch&#xD;
meine und wellen wir, si daz sache, das uns chaftige not antreten wirdet umb gevenknizze, krieg odir andir geschichte unser odir unser manne, ere und leip zu lozzen, das wir denn der selben unsir furstentum, land,&#xD;
lute gewaldik sin czu tun und czu lazzen, doch in guten trewen und an alle geverde, dornoch sint dem male, das uns der obgenante unser genediger herre mit sulchin synen gnaden gunstlich und vruntlich begriffen hat,&#xD;
so geloben und wellen wir im mit guten truwen on geverde beigistendig und beholfen sin, wedir alle menlichen niemand uzczunemen und in nymmir undirwen zulozzen mit liebe, noch mit gute und alle syne&#xD;
vinde sullen, unsir vinde sin und meinen und wellen, ouch keine sine wedirsachen odir vinde cristen, juden odir heiden in unsirn lande, husen, hofen, halden odir vorteidingen, dy wyder das recht syn und&#xD;
nicht recht tun wellen, dy gunnen wir im und seinen amptluten, das sie die selben angreiffen und rechtvertigen sullen und mogen, wo sy der bekomen in allen unsern herscheften und landen. Mit urkund dis brives, virsigilt mit&#xD;
unsirn grozzen ingesegil, der geben ist czur Swidnicz noch Crists geburt dreiczenhundirt, in dem dreiundfunczegsten jare an der nehsten mitwochen noch santh Petirs und Pawls tag, der heilegen czwelfboten. Davon durch&#xD;
sundirlicher gebot des obgenanten fursten und herren herczog Bolken, unsers lieben genedgen herren, der uns daz geboten und geheizen hat, mit lebender stymme und in offenbar gegenwertikeit syner edlen getruwen, manne,&#xD;
so haben wir mit wolbedachtem mute, mitworte gunst wizzen und willen, der ganczen gemeinschaft allir unsir mitburger, der obgenanten allirdurchluchtigsten furstynnen, der romischen konegynne und kungynne&#xD;
zu Bohem vrowen Annen, unser genedgen vrowen, und ires liebes erben, dy symit dem obgenanten fursten und herren kung Karl, iren elichen wirte gewynnet, gehuldet und gelobt und gesworn hulden, gelobden&#xD;
und sweren, daz wir wen ez zu sulchen schulden kommet, als do vor geschriben stet in unsers herren herczoge Bolken, brive ir und den selben iren leibes erben, wenne sy dy mit hulfe Gots gewynnet, getruwe, gehor¬&#xD;
sam wartende und undirtenik sin wellen und sullen, als unsir naturlicher und angeborner herschaft in alle den punkten, meinungen und artikln und in allir der mazze, als di obgenanten unsers herren herczog Bolken&#xD;
brive sprechin, uzgenomen doch den artikel, der czu dem letzen in demselben brive stet, umb die hulfe, di beide der obgenant kung Karl und ouch unsir herre, herczog Bolke eynandir tun und leisten sullen.&#xD;
Wen uns di selben gelobden nicht anegen und czu den andirn unsyn sachen, doruff wir gehuld und gesworn haben nicht gehoret. Mit urkund dis brives, virsigilt ist mit unsir stat ingesigil, der geben&#xD;
ist zu der Swidnicz noch Crists geburt dreiczen hundirt und dor noch in dem drei und funczigsten jare, dez nehsten donrstags noch santh Petirs und Pawils tag, der heyligen zwelfboten.</Unicode>
            </TextEquiv>
        </TextRegion>
    </Page>
</PcGts>
