<?xml version="1.0" encoding="UTF-8" standalone="yes"?>
<ns3:mets xmlns:ns2="http://www.w3.org/1999/xlink" xmlns:ns3="http://www.loc.gov/METS/" xmlns:xsi="http://www.w3.org/2001/XMLSchema-instance" OBJID="169995" LABEL="CGL_197_H_I" PROFILE="TRP_V1" xsi:schemaLocation="http://www.loc.gov/METS/ http://www.loc.gov/standards/mets/mets.xsd">
    <ns3:metsHdr CREATEDATE="2019-12-03T17:56:38.979+01:00" LASTMODDATE="2019-12-03T17:56:38.979+01:00" RECORDSTATUS="SUBMITTED">
        <ns3:agent ROLE="CREATOR" TYPE="ORGANIZATION">
            <ns3:name>UIBK</ns3:name>
            <ns3:note>This METS file was generated by Transkribus</ns3:note>
        </ns3:agent>
    </ns3:metsHdr>
    <ns3:amdSec ID="SOURCE">
        <ns3:sourceMD ID="MD_ORIG">
            <ns3:mdWrap ID="TRP_DOC_MD" MDTYPE="OTHER">
                <ns3:xmlData>
                    <trpDocMetadata>
                        <docId>169995</docId>
                        <title>CGL_197_H_I</title>
                        <uploadTimestamp>1559739663792</uploadTimestamp>
                        <scriptType>HANDWRITTEN</scriptType>
                        <uploader>firely@prolight.cz</uploader>
                        <uploaderId>36516</uploaderId>
                        <nrOfPages>1</nrOfPages>
                        <pageId>6426791</pageId>
                        <url>https://files.transkribus.eu/Get?id=TEYQZUMNPKYLOCBXAJFZHQOY&amp;fileType=view</url>
                        <thumbUrl>https://files.transkribus.eu/Get?id=TEYQZUMNPKYLOCBXAJFZHQOY&amp;fileType=thumb</thumbUrl>
                        <externalId>NA</externalId>
                        <authority>NA</authority>
                        <language>Czech</language>
                        <status>0</status>
                        <fimgStoreColl>TrpDoc_DEA_169995</fimgStoreColl>
                        <localFolder>/mnt/transkribus/export/TRP_EXPORT_8540482476282749997/169995/CGL_197_H_I</localFolder>
                        <origDocId>0</origDocId>
                        <collectionList>
                            <colList>
<colId>42652</colId>
<colName>CGL_czech</colName>
<description>created by firely@prolight.cz</description>
<crowdsourcing>false</crowdsourcing>
<elearning>false</elearning>
<nrOfDocuments>0</nrOfDocuments>
                            </colList>
                            <colList>
<colId>44924</colId>
<colName>NACR - Czech charters</colName>
<description>created by katerina.zenklova@nacr.cz</description>
<crowdsourcing>false</crowdsourcing>
<elearning>false</elearning>
<nrOfDocuments>0</nrOfDocuments>
                            </colList>
                        </collectionList>
                    </trpDocMetadata>
                </ns3:xmlData>
            </ns3:mdWrap>
        </ns3:sourceMD>
    </ns3:amdSec>
    <ns3:fileSec>
        <ns3:fileGrp ID="MASTER">
            <ns3:fileGrp ID="PAGEXML">
                <ns3:file ID="PAGEXML_1" SEQ="1" MIMETYPE="application/xml" CREATED="2019-12-03T17:56:38.000+01:00" CHECKSUM="" CHECKSUMTYPE="MD5">
                    <ns3:FLocat LOCTYPE="OTHER" OTHERLOCTYPE="FILE" ns2:type="simple" ns2:href="page/NA-CG-L_14261104_197_r.xml"/>
                </ns3:file>
            </ns3:fileGrp>
        </ns3:fileGrp>
    </ns3:fileSec>
    <ns3:structMap ID="TRP_STRUCTMAP" TYPE="MANUSCRIPT">
        <ns3:div ID="TRP_DOC_DIV" ADMID="MD_ORIG">
            <ns3:div ID="PAGE_1" ORDER="1" TYPE="SINGLE_PAGE">
                <ns3:fptr>
                    <ns3:area FILEID="PAGEXML_1"/>
                </ns3:fptr>
            </ns3:div>
        </ns3:div>
    </ns3:structMap>
</ns3:mets>
