<?xml version="1.0" encoding="UTF-8" standalone="yes"?>
<PcGts xmlns="http://schema.primaresearch.org/PAGE/gts/pagecontent/2013-07-15" xmlns:xsi="http://www.w3.org/2001/XMLSchema-instance" xsi:schemaLocation="http://schema.primaresearch.org/PAGE/gts/pagecontent/2013-07-15 http://schema.primaresearch.org/PAGE/gts/pagecontent/2013-07-15/pagecontent.xsd">
    <Metadata>
        <Creator>prov=University of Rostock/Institute of Mathematics/CITlab/Tobias Gruening/tobias.gruening@uni-rostock.de:name=/net_tf/LA73_249_0mod360.pb:de.uros.citlab.segmentation.CITlab_LA_ML:v=2.4.2
TRP</Creator>
        <Created>2019-06-05T15:01:02.086+02:00</Created>
        <LastChange>2019-12-02T22:35:08.299+01:00</LastChange>
        <TranskribusMetadata docId="169995" pageId="6426791" pageNr="1" tsid="20191508" status="IN_PROGRESS" userId="36526" imgUrl="https://files.transkribus.eu/Get?id=TEYQZUMNPKYLOCBXAJFZHQOY&amp;fileType=view" xmlUrl="https://files.transkribus.eu/Get?id=NDYBBJCDYVDVKWWCHCDQYUYS" imageId="3818846"/>
    </Metadata>
    <Page imageFilename="NA-CG-L_14261104_197_r.jpg" imageWidth="6600" imageHeight="4641">
        <ReadingOrder>
            <OrderedGroup id="ro_1575392198966" caption="Regions reading order">
                <RegionRefIndexed index="0" regionRef="r1"/>
            </OrderedGroup>
        </ReadingOrder>
        <TextRegion orientation="0.0" id="r1" custom="readingOrder {index:0;}">
            <Coords points="990,141 1027,2453 5052,2413 5057,152"/>
            <TextLine id="r1l1" custom="readingOrder {index:0;} person {offset:3; length:20;} person {offset:25; length:13;} person {offset:40; length:15;} person {offset:57; length:14;} person {offset:73; length:26;} person {offset:101; length:15; continued:true;}">
                <Coords points="1016,506 1486,521 1667,519 1848,517 2029,514 2210,512 2391,510 2572,507 2753,505 2934,503 3115,500 3296,498 3477,496 3658,494 3839,492 4020,490 4201,487 4382,486 4563,484 4744,482 4744,412 4563,414 4382,416 4201,417 4020,420 3839,422 3641,353 3477,426 3296,428 3115,430 2916,392 2753,435 2550,361 2391,440 2167,298 2029,444 1848,447 1848,298 1564,179 1064,191"/>
                <Baseline points="1127,499 1486,498 1667,496 1848,494 2029,491 2210,489 2391,487 2572,484 2753,482 2934,480 3115,477 3296,475 3477,473 3658,471 3839,469 4020,467 4201,464 4382,463 4563,461 4744,459"/>
                <TextEquiv>
                    <Unicode>My Waniek Rak, rychtarz, Jeronim Ssrol, Mikess Rysslawy, Sigmund Chanie, Janek od Strziebrnehwiezdy, Waczlaw, niekdy</Unicode>
                </TextEquiv>
            </TextLine>
            <TextLine id="r1l2" custom="readingOrder {index:1;} person {offset:0; length:13; continued:true;} place {offset:2; length:11;} person {offset:15; length:13;} person {offset:30; length:14;} person {offset:46; length:12;} person {offset:60; length:24;} person {offset:86; length:20;} person {offset:108; length:18; continued:true;}">
                <Coords points="1451,600 1617,601 1784,602 1951,602 2118,602 2285,601 2451,600 2618,599 2785,597 2952,595 3119,593 3285,591 3452,588 3619,586 3786,583 3953,581 4119,579 4286,577 4453,575 4620,573 4787,571 4787,505 4620,507 4453,509 4286,511 4119,513 3953,515 3786,517 3619,520 3452,522 3285,525 3119,527 2952,529 2785,531 2618,533 2451,534 2285,535 2118,536 1951,536 1784,536 1617,535 1451,534"/>
                <Baseline points="1451,578 1617,579 1784,580 1951,580 2118,580 2285,579 2451,578 2618,577 2785,575 2952,573 3119,571 3285,569 3452,566 3619,564 3786,561 3953,559 4119,557 4286,555 4453,553 4620,551 4787,549"/>
                <TextEquiv>
                    <Unicode>s Male Strany, Jan Kocziczka, Kliment Krizek, Waniek Bymer, Jan Profeta od Paterzuow, Mikulass Bethleemsky, Waniek od Pietiko¬</Unicode>
                </TextEquiv>
            </TextLine>
            <TextLine id="r1l3" custom="readingOrder {index:2;} person {offset:0; length:3; continued:true;} person {offset:5; length:22;} person {offset:29; length:20;} person {offset:51; length:12;} person {offset:65; length:16;} person {offset:83; length:12;} person {offset:97; length:14;} person {offset:115; length:2; continued:true;}">
                <Coords points="1445,689 1612,692 1780,694 1947,695 2115,695 2283,695 2450,694 2618,693 2785,692 2953,690 3121,688 3288,686 3456,683 3623,681 3791,679 3959,676 4126,674 4294,672 4461,671 4629,669 4797,668 4797,602 4629,603 4461,605 4294,606 4126,608 3959,610 3791,613 3623,615 3456,617 3288,620 3121,622 2953,624 2785,626 2618,627 2450,628 2283,629 2115,629 1947,629 1780,628 1612,626 1445,623"/>
                <Baseline points="1445,667 1612,670 1780,672 1947,673 2115,673 2283,673 2450,672 2618,671 2785,670 2953,668 3121,666 3288,664 3456,661 3623,659 3791,657 3959,654 4126,652 4294,650 4461,649 4629,647 4797,646"/>
                <TextEquiv>
                    <Unicode>run, Petr od Rayskychiablek, Mikulass Kniezewesky, Havel Holecz, Ssimon Wyzrziwen, Matiey Krtek, Marzik Rinierz a Ja¬</Unicode>
                </TextEquiv>
            </TextLine>
            <TextLine id="r1l4" custom="readingOrder {index:3;} person {offset:0; length:12; continued:true;} place {offset:38; length:24;}">
                <Coords points="1449,789 1615,789 1781,790 1947,790 2113,790 2279,789 2445,788 2611,787 2777,786 2943,785 3110,783 3276,782 3442,780 3608,778 3774,775 3940,773 4106,770 4272,767 4438,764 4604,760 4771,757 4771,688 4604,691 4438,695 4272,698 4106,701 3940,704 3774,706 3608,709 3442,711 3276,713 3110,714 2943,716 2777,717 2611,718 2445,719 2279,720 2113,721 1947,721 1781,721 1615,720 1449,720"/>
                <Baseline points="1449,766 1615,766 1781,767 1947,767 2113,767 2279,766 2445,765 2611,764 2777,763 2943,762 3110,760 3276,759 3442,757 3608,755 3774,752 3940,750 4106,747 4272,744 4438,741 4604,737 4771,734"/>
                <TextEquiv>
                    <Unicode>nek Polaczek, spoluprzisezni conselee Stareho Miesta prazskeho, wyznawame tiemto listem wssiem wuobecz, ktoz gey</Unicode>
                </TextEquiv>
            </TextLine>
            <TextLine id="r1l5" custom="readingOrder {index:4;}">
                <Coords points="1455,889 1621,889 1788,889 1955,889 2121,888 2288,888 2455,887 2621,886 2788,885 2955,884 3122,882 3288,880 3455,878 3622,876 3788,873 3955,871 4122,867 4288,864 4455,861 4622,857 4789,853 4789,783 4622,787 4455,791 4288,794 4122,797 3955,801 3788,803 3622,806 3455,808 3288,810 3122,812 2955,814 2788,815 2621,816 2455,817 2288,818 2121,818 1955,819 1788,819 1621,819 1455,819"/>
                <Baseline points="1455,866 1621,866 1788,866 1955,866 2121,865 2288,865 2455,864 2621,863 2788,862 2955,861 3122,859 3288,857 3455,855 3622,853 3788,850 3955,848 4122,844 4288,841 4455,838 4622,834 4789,830"/>
                <TextEquiv>
                    <Unicode>uzrzie nebo cztucze uslyssie, ze spatrziwsse a skutecznie shledawsse na nas a na obecz nassi sprawedliwie a hodnie przi¬</Unicode>
                </TextEquiv>
            </TextLine>
            <TextLine id="r1l6" custom="readingOrder {index:5;} place {offset:35; length:12;} place {offset:89; length:12;}">
                <Coords points="1451,985 1618,986 1785,986 1952,986 2119,986 2287,985 2454,984 2621,983 2788,981 2955,980 3123,977 3290,975 3457,972 3624,970 3791,967 3959,964 4126,961 4293,957 4460,954 4627,951 4795,947 4795,880 4627,884 4460,887 4293,890 4126,894 3959,897 3791,900 3624,903 3457,905 3290,908 3123,910 2955,913 2788,914 2621,916 2454,917 2287,918 2119,919 1952,919 1785,919 1618,919 1451,918"/>
                <Baseline points="1451,963 1618,964 1785,964 1952,964 2119,964 2287,963 2454,962 2621,961 2788,959 2955,958 3123,955 3290,953 3457,950 3624,948 3791,945 3959,942 4126,939 4293,935 4460,932 4627,929 4795,925"/>
                <TextEquiv>
                    <Unicode>padla winnicze zpusstiena mnichuow strahowskych pro odbiezenie auteczenie tychz mnichuow strahowskych od prawd</Unicode>
                </TextEquiv>
            </TextLine>
            <TextLine id="r1l7" custom="readingOrder {index:6;}">
                <Coords points="1453,1081 1619,1082 1786,1082 1952,1082 2119,1081 2286,1080 2452,1079 2619,1077 2786,1075 2952,1073 3119,1071 3286,1068 3452,1065 3619,1062 3786,1059 3952,1057 4119,1054 4286,1051 4452,1048 4619,1045 4786,1043 4786,977 4619,979 4452,982 4286,985 4119,988 3952,991 3786,993 3619,996 3452,999 3286,1002 3119,1005 2952,1007 2786,1009 2619,1011 2452,1013 2286,1014 2119,1015 1952,1016 1786,1016 1619,1016 1453,1015"/>
                <Baseline points="1453,1059 1619,1060 1786,1060 1952,1060 2119,1059 2286,1058 2452,1057 2619,1055 2786,1053 2952,1051 3119,1049 3286,1046 3452,1043 3619,1040 3786,1037 3952,1035 4119,1032 4286,1029 4452,1026 4619,1023 4786,1021"/>
                <TextEquiv>
                    <Unicode>Bozich, tudiez y od nas w nassi naypilnyeyssi potrzebu a nuzi. Y nechtiecze, aby taz winnicze a miesstisstie gegie tak zpusstiena</Unicode>
                </TextEquiv>
            </TextLine>
            <TextLine id="r1l8" custom="readingOrder {index:7;}">
                <Coords points="1451,1184 1618,1181 1786,1178 1954,1176 2122,1173 2289,1171 2457,1168 2625,1166 2793,1164 2960,1162 3128,1159 3296,1157 3464,1155 3631,1152 3799,1150 3967,1147 4135,1144 4302,1141 4470,1137 4638,1133 4806,1129 4806,1063 4638,1067 4470,1071 4302,1075 4135,1078 3967,1081 3799,1084 3631,1086 3464,1089 3296,1091 3128,1093 2960,1096 2793,1098 2625,1100 2457,1102 2289,1105 2122,1107 1954,1110 1786,1112 1618,1115 1451,1118"/>
                <Baseline points="1451,1162 1618,1159 1786,1156 1954,1154 2122,1151 2289,1149 2457,1146 2625,1144 2793,1142 2960,1140 3128,1137 3296,1135 3464,1133 3631,1130 3799,1128 3967,1125 4135,1122 4302,1119 4470,1115 4638,1111 4806,1107"/>
                <TextEquiv>
                    <Unicode>zuostala, alle zassie wzdielana byla atudy uzitek przinesla, y prodali sme a moczi tohoto listu prodawame s powolenim wssie</Unicode>
                </TextEquiv>
            </TextLine>
            <TextLine id="r1l9" custom="readingOrder {index:8;} person {offset:24; length:30;}">
                <Coords points="1439,1275 1607,1273 1776,1271 1945,1269 2114,1267 2283,1265 2452,1262 2620,1260 2789,1257 2958,1254 3127,1252 3296,1249 3465,1247 3634,1244 3802,1242 3971,1240 4140,1237 4309,1235 4478,1234 4647,1232 4816,1231 4816,1164 4647,1165 4478,1167 4309,1168 4140,1170 3971,1173 3802,1175 3634,1177 3465,1180 3296,1182 3127,1185 2958,1187 2789,1190 2620,1193 2452,1195 2283,1198 2114,1200 1945,1202 1776,1204 1607,1206 1439,1208"/>
                <Baseline points="1439,1253 1607,1251 1776,1249 1945,1247 2114,1245 2283,1243 2452,1240 2620,1238 2789,1235 2958,1232 3127,1230 3296,1227 3465,1225 3634,1222 3802,1220 3971,1218 4140,1215 4309,1213 4478,1212 4647,1210 4816,1209"/>
                <TextEquiv>
                    <Unicode>obcze nassie slowutnemu Jankowi, rzeczenemu Pusskarzik, spolumiesstieninu nassiemu, geho diediczom a buduczim tu gistu</Unicode>
                </TextEquiv>
            </TextLine>
            <TextLine id="r1l10" custom="readingOrder {index:9;} place {offset:9; length:10;} person {offset:91; length:14;}">
                <Coords points="1449,1377 1618,1375 1787,1372 1956,1370 2125,1368 2294,1365 2463,1362 2632,1360 2801,1357 2970,1354 3139,1352 3308,1349 3477,1347 3646,1344 3815,1342 3984,1339 4153,1337 4322,1334 4491,1332 4660,1330 4829,1328 4829,1256 4660,1258 4491,1260 4322,1262 4153,1265 3984,1267 3815,1270 3646,1272 3477,1275 3308,1277 3139,1280 2970,1282 2801,1285 2632,1288 2463,1290 2294,1293 2125,1296 1956,1298 1787,1300 1618,1303 1449,1305"/>
                <Baseline points="1449,1353 1618,1351 1787,1348 1956,1346 2125,1344 2294,1341 2463,1338 2632,1336 2801,1333 2970,1330 3139,1328 3308,1325 3477,1323 3646,1320 3815,1318 3984,1315 4153,1313 4322,1310 4491,1308 4660,1306 4829,1304"/>
                <TextEquiv>
                    <Unicode>winniczi strahowsku s gegie miesstisstiem ku prawemu diedicztwy, genz lezi mezi winniczemi Janowu Sswihal s gendne a panie</Unicode>
                </TextEquiv>
            </TextLine>
            <TextLine id="r1l11" custom="readingOrder {index:10;} person {offset:0; length:23;} place {offset:10; length:14;}">
                <Coords points="1453,1476 1622,1474 1792,1472 1962,1469 2132,1467 2302,1464 2472,1462 2642,1459 2812,1456 2982,1454 3152,1451 3321,1448 3491,1446 3661,1443 3831,1440 4001,1438 4171,1435 4341,1433 4511,1430 4681,1428 4851,1426 4851,1354 4681,1356 4511,1358 4341,1361 4171,1363 4001,1366 3831,1368 3661,1371 3491,1374 3321,1376 3152,1379 2982,1382 2812,1384 2642,1387 2472,1390 2302,1392 2132,1395 1962,1397 1792,1400 1622,1402 1453,1404"/>
                <Baseline points="1453,1452 1622,1450 1792,1448 1962,1445 2132,1443 2302,1440 2472,1438 2642,1435 2812,1432 2982,1430 3152,1427 3321,1424 3491,1422 3661,1419 3831,1416 4001,1414 4171,1411 4341,1409 4511,1406 4681,1404 4851,1402"/>
                <TextEquiv>
                    <Unicode>Mandinu s Konskeho trhu strany druhe za cztrzmadczte kop grossuow dobrych strziebrnych razu prazskeho, nam a obczi nassie giz</Unicode>
                </TextEquiv>
            </TextLine>
            <TextLine id="r1l12" custom="readingOrder {index:11;} person {offset:108; length:13; continued:true;}">
                <Coords points="1457,1586 1625,1583 1794,1579 1963,1575 2132,1572 2300,1568 2469,1565 2638,1562 2807,1559 2975,1556 3144,1554 3313,1551 3482,1549 3650,1546 3819,1544 3988,1542 4157,1540 4325,1539 4494,1537 4663,1535 4832,1533 4832,1461 4663,1463 4494,1465 4325,1467 4157,1468 3988,1470 3819,1472 3650,1474 3482,1477 3313,1479 3144,1482 2975,1484 2807,1487 2638,1490 2469,1493 2300,1496 2132,1500 1963,1503 1794,1507 1625,1511 1457,1514"/>
                <Baseline points="1457,1562 1625,1559 1794,1555 1963,1551 2132,1548 2300,1544 2469,1541 2638,1538 2807,1535 2975,1532 3144,1530 3313,1527 3482,1525 3650,1522 3819,1520 3988,1518 4157,1516 4325,1515 4494,1513 4663,1511 4832,1509"/>
                <TextEquiv>
                    <Unicode>uplnie splnienych a zaplaczenych, kteruzto winnici swrchupsanu y s gegie miesstisstiem bude moczi nadepsany Janek Pusska¬</Unicode>
                </TextEquiv>
            </TextLine>
            <TextLine id="r1l13" custom="readingOrder {index:12;} person {offset:0; length:4; continued:true;}">
                <Coords points="1444,1696 1611,1691 1779,1687 1947,1683 2115,1679 2283,1676 2450,1673 2618,1670 2786,1668 2954,1665 3122,1662 3289,1660 3457,1658 3625,1656 3793,1654 3961,1652 4128,1650 4296,1649 4464,1647 4632,1645 4800,1643 4800,1571 4632,1573 4464,1575 4296,1577 4128,1578 3961,1580 3793,1582 3625,1584 3457,1586 3289,1588 3122,1590 2954,1593 2786,1596 2618,1598 2450,1601 2283,1604 2115,1607 1947,1611 1779,1615 1611,1619 1444,1624"/>
                <Baseline points="1444,1672 1611,1667 1779,1663 1947,1659 2115,1655 2283,1652 2450,1649 2618,1646 2786,1644 2954,1641 3122,1638 3289,1636 3457,1634 3625,1632 3793,1630 3961,1628 4128,1626 4296,1625 4464,1623 4632,1621 4800,1619"/>
                <TextEquiv>
                    <Unicode>rzik y geho diediczowe a buduczi prodati, nagieti, smieniti, zastawiti anebo smy ucziniti, yakozto s swym wlastnim a diediczskym</Unicode>
                </TextEquiv>
            </TextLine>
            <TextLine id="r1l14" custom="readingOrder {index:13;} person {offset:66; length:5;}">
                <Coords points="1463,1810 1632,1803 1802,1797 1971,1791 2141,1787 2310,1782 2480,1778 2649,1775 2819,1772 2988,1769 3158,1767 3327,1765 3497,1764 3666,1762 3836,1761 4005,1760 4175,1759 4344,1757 4514,1756 4683,1755 4853,1753 4853,1681 4683,1683 4514,1684 4344,1685 4175,1687 4005,1688 3836,1689 3666,1690 3497,1692 3327,1693 3158,1695 2988,1697 2819,1700 2649,1703 2480,1706 2310,1710 2141,1715 1971,1719 1802,1725 1632,1731 1463,1738"/>
                <Baseline points="1463,1786 1632,1779 1802,1773 1971,1767 2141,1763 2310,1758 2480,1754 2649,1751 2819,1748 2988,1745 3158,1743 3327,1741 3497,1740 3666,1738 3836,1737 4005,1736 4175,1735 4344,1733 4514,1732 4683,1731 4853,1729"/>
                <TextEquiv>
                    <Unicode>sbozim bez wssielikterake odpory a prziekazky, poniawadz gest tyz Janek uczinil wsieczko s nadepsanym dielem, czoz gest ucziniti</Unicode>
                </TextEquiv>
            </TextLine>
            <TextLine id="r1l15" custom="readingOrder {index:14;}">
                <Coords points="1460,1920 1629,1915 1798,1910 1967,1906 2136,1901 2305,1897 2474,1894 2643,1890 2812,1886 2981,1883 3151,1880 3320,1878 3489,1875 3658,1873 3827,1871 3996,1869 4165,1867 4334,1866 4503,1865 4672,1864 4842,1863 4842,1791 4672,1792 4503,1793 4334,1794 4165,1795 3996,1797 3827,1799 3658,1801 3489,1803 3320,1806 3151,1808 2981,1811 2812,1814 2643,1818 2474,1822 2305,1825 2136,1829 1967,1834 1798,1838 1629,1843 1460,1848"/>
                <Baseline points="1460,1896 1629,1891 1798,1886 1967,1882 2136,1877 2305,1873 2474,1870 2643,1866 2812,1862 2981,1859 3151,1856 3320,1854 3489,1851 3658,1849 3827,1847 3996,1845 4165,1843 4334,1842 4503,1841 4672,1840 4842,1839"/>
                <TextEquiv>
                    <Unicode>miel wedle prawa miesta nassieho nadepsaneho. Na swiedeczstwie toho peczet wietssie miesta nassieho nadepsaneho prziwies¬</Unicode>
                </TextEquiv>
            </TextLine>
            <TextLine id="r1l16" custom="readingOrder {index:15;} date {offset:40; length:88; continued:true;year:0; day:0; month:0;}">
                <Coords points="1464,2025 1634,2022 1805,2019 1976,2016 2147,2013 2318,2010 2488,2007 2659,2004 2830,2001 3001,1998 3172,1995 3342,1993 3513,1991 3684,1989 3855,1988 4026,1986 4196,1986 4367,1985 4538,1985 4709,1985 4880,1986 4880,1914 4709,1913 4538,1913 4367,1913 4196,1914 4026,1914 3855,1916 3684,1917 3513,1919 3342,1921 3172,1923 3001,1926 2830,1929 2659,1932 2488,1935 2318,1938 2147,1941 1976,1944 1805,1947 1634,1950 1464,1953"/>
                <Baseline points="1464,2001 1634,1998 1805,1995 1976,1992 2147,1989 2318,1986 2488,1983 2659,1980 2830,1977 3001,1974 3172,1971 3342,1969 3513,1967 3684,1965 3855,1964 4026,1962 4196,1962 4367,1961 4538,1961 4709,1961 4880,1962"/>
                <TextEquiv>
                    <Unicode>sena gest k tomuto listu, genz gest dan lleta od narozenie pana nassieho Gezisse Krysta tissiczieho cztyrsteho assestmezczietme¬</Unicode>
                </TextEquiv>
            </TextLine>
            <TextLine id="r1l17" custom="readingOrder {index:16;} date {offset:0; length:37; continued:true;year:0; day:0; month:0;}">
                <Coords points="1454,2126 1513,2128 1573,2128 1632,2129 1692,2130 1752,2130 1811,2129 1871,2129 1930,2128 1990,2128 2050,2127 2109,2126 2169,2125 2228,2124 2288,2123 2348,2122 2407,2121 2467,2121 2526,2121 2586,2121 2646,2121 2646,2049 2586,2049 2526,2049 2467,2049 2407,2049 2348,2050 2288,2051 2228,2052 2169,2053 2109,2054 2050,2055 1990,2056 1930,2056 1871,2057 1811,2057 1752,2058 1692,2058 1632,2057 1573,2056 1513,2056 1454,2054"/>
                <Baseline points="1454,2102 1513,2104 1573,2104 1632,2105 1692,2106 1752,2106 1811,2105 1871,2105 1930,2104 1990,2104 2050,2103 2109,2102 2169,2101 2228,2100 2288,2099 2348,2098 2407,2097 2467,2097 2526,2097 2586,2097 2646,2097"/>
                <TextEquiv>
                    <Unicode>ho, w pondieli po hodu wssech swatych. </Unicode>
                </TextEquiv>
            </TextLine>
            <TextEquiv>
                <Unicode>My Waniek Rak, rychtarz, Jeronim Ssrol, Mikess Rysslawy, Sigmund Chanie, Janek od Strziebrnehwiezdy, Waczlaw, niekdy&#xD;
s Male Strany, Jan Kocziczka, Kliment Krizek, Waniek Bymer, Jan Profeta od Paterzuow, Mikulass Bethleemsky, Waniek od Pietiko¬&#xD;
run, Petr od Rayskychiablek, Mikulass Kniezewesky, Havel Holecz, Ssimon Wyzrziwen, Matiey Krtek, Marzik Rinierz a Ja¬&#xD;
nek Polaczek, spoluprzisezni conselee Stareho Miesta prazskeho, wyznawame tiemto listem wssiem wuobecz, ktoz gey&#xD;
uzrzie nebo cztucze uslyssie, ze spatrziwsse a skutecznie shledawsse na nas a na obecz nassi sprawedliwie a hodnie przi¬&#xD;
padla winnicze zpusstiena mnichuow strahowskych pro odbiezenie auteczenie tychz mnichuow strahowskych od prawd&#xD;
Bozich, tudiez y od nas w nassi naypilnyeyssi potrzebu a nuzi. Y nechtiecze, aby taz winnicze a miesstisstie gegie tak zpusstiena&#xD;
zuostala, alle zassie wzdielana byla atudy uzitek przinesla, y prodali sme a moczi tohoto listu prodawame s powolenim wssie&#xD;
obcze nassie slowutnemu Jankowi, rzeczenemu Pusskarzik, spolumiesstieninu nassiemu, geho diediczom a buduczim tu gistu&#xD;
winniczi strahowsku s gegie miesstisstiem ku prawemu diedicztwy, genz lezi mezi winniczemi Janowu Sswihal s gendne a panie&#xD;
Mandinu s Konskeho trhu strany druhe za cztrzmadczte kop grossuow dobrych strziebrnych razu prazskeho, nam a obczi nassie giz&#xD;
uplnie splnienych a zaplaczenych, kteruzto winnici swrchupsanu y s gegie miesstisstiem bude moczi nadepsany Janek Pusska¬&#xD;
rzik y geho diediczowe a buduczi prodati, nagieti, smieniti, zastawiti anebo smy ucziniti, yakozto s swym wlastnim a diediczskym&#xD;
sbozim bez wssielikterake odpory a prziekazky, poniawadz gest tyz Janek uczinil wsieczko s nadepsanym dielem, czoz gest ucziniti&#xD;
miel wedle prawa miesta nassieho nadepsaneho. Na swiedeczstwie toho peczet wietssie miesta nassieho nadepsaneho prziwies¬&#xD;
sena gest k tomuto listu, genz gest dan lleta od narozenie pana nassieho Gezisse Krysta tissiczieho cztyrsteho assestmezczietme¬&#xD;
ho, w pondieli po hodu wssech swatych. </Unicode>
            </TextEquiv>
        </TextRegion>
    </Page>
</PcGts>
