<?xml version="1.0" encoding="UTF-8" standalone="yes"?>
<trpDocMetadata>
    <docId>192100</docId>
    <title>ACK_1546_H_I</title>
    <uploadTimestamp>1565073827521</uploadTimestamp>
    <scriptType>HANDWRITTEN</scriptType>
    <uploader>petr.mares@nacr.cz</uploader>
    <uploaderId>42230</uploaderId>
    <nrOfPages>3</nrOfPages>
    <pageId>7596599</pageId>
    <url>https://files.transkribus.eu/Get?id=FSWBQDGAAYWCMNWTUDZENCTH&amp;fileType=view</url>
    <thumbUrl>https://files.transkribus.eu/Get?id=FSWBQDGAAYWCMNWTUDZENCTH&amp;fileType=thumb</thumbUrl>
    <externalId>NA</externalId>
    <authority>NA</authority>
    <language>Czech</language>
    <status>0</status>
    <fimgStoreColl>TrpDoc_DEA_192100</fimgStoreColl>
    <origDocId>0</origDocId>
    <collectionList>
        <colList>
            <colId>44924</colId>
            <colName>NACR - Czech charters</colName>
            <description>created by katerina.zenklova@nacr.cz</description>
            <crowdsourcing>false</crowdsourcing>
            <elearning>false</elearning>
            <nrOfDocuments>0</nrOfDocuments>
        </colList>
    </collectionList>
</trpDocMetadata>
