<?xml version="1.0" encoding="UTF-8" standalone="yes"?>
<PcGts xmlns="http://schema.primaresearch.org/PAGE/gts/pagecontent/2013-07-15" xmlns:xsi="http://www.w3.org/2001/XMLSchema-instance" xsi:schemaLocation="http://schema.primaresearch.org/PAGE/gts/pagecontent/2013-07-15 http://schema.primaresearch.org/PAGE/gts/pagecontent/2013-07-15/pagecontent.xsd">
    <Metadata>
        <Creator>prov=University of Rostock/Institute of Mathematics/CITlab/Tobias Gruening/tobias.gruening@uni-rostock.de:name=/net_tf/LA73_249_0mod360.pb:de.uros.citlab.segmentation.CITlab_LA_ML:v=2.4.2
prov=University of Rostock/Institute of Mathematics/CITlab/Tobias Gruening/tobias.gruening@uni-rostock.de:name=/net_tf/LA73_249_0mod360.pb:de.uros.citlab.segmentation.CITlab_LA_ML:v=2.3.1
TRP</Creator>
        <Created>2019-08-05T14:17:45.895+02:00</Created>
        <LastChange>2019-11-25T15:56:31.813+01:00</LastChange>
        <TranskribusMetadata docId="191798" pageId="7586282" pageNr="1" tsid="19843162" status="IN_PROGRESS" userId="38723" imgUrl="https://files.transkribus.eu/Get?id=HIULSUUEOFXYLOKLLFINWADM&amp;fileType=view" xmlUrl="https://files.transkribus.eu/Get?id=MNYNWROBOBXCRPZFBVBOEZRP" imageId="4584091"/>
    </Metadata>
    <Page imageFilename="NA-ACK_13530704_00409_r.jpg" imageWidth="11852" imageHeight="7292">
        <ReadingOrder>
            <OrderedGroup id="ro_1574692612154" caption="Regions reading order">
                <RegionRefIndexed index="0"/>
            </OrderedGroup>
        </ReadingOrder>
    </Page>
</PcGts>
