<?xml version="1.0" encoding="UTF-8" standalone="yes"?>
<PcGts xmlns="http://schema.primaresearch.org/PAGE/gts/pagecontent/2013-07-15" xmlns:xsi="http://www.w3.org/2001/XMLSchema-instance" xsi:schemaLocation="http://schema.primaresearch.org/PAGE/gts/pagecontent/2013-07-15 http://schema.primaresearch.org/PAGE/gts/pagecontent/2013-07-15/pagecontent.xsd">
    <Metadata>
        <Creator>TRP</Creator>
        <Created>2019-07-24T16:56:26.080+02:00</Created>
        <LastChange>2019-07-24T16:56:26.080+02:00</LastChange>
        <TranskribusMetadata docId="187530" pageId="7458519" pageNr="2" tsid="13102724" status="NEW" userId="36516" imgUrl="https://files.transkribus.eu/Get?id=SBBCIAHRTKHEQIQNMDOWOEBG&amp;fileType=view" xmlUrl="https://files.transkribus.eu/Get?id=HFYTWSVSDJHHDSFQMBXQXCEJ" imageId="4480939"/>
    </Metadata>
    <Page imageFilename="NA-ACK_13180703_00079_v.jpg" imageWidth="9480" imageHeight="7247"/>
</PcGts>
