<?xml version="1.0" encoding="UTF-8" standalone="yes"?>
<PcGts xmlns="http://schema.primaresearch.org/PAGE/gts/pagecontent/2013-07-15" xmlns:xsi="http://www.w3.org/2001/XMLSchema-instance" xsi:schemaLocation="http://schema.primaresearch.org/PAGE/gts/pagecontent/2013-07-15 http://schema.primaresearch.org/PAGE/gts/pagecontent/2013-07-15/pagecontent.xsd">
    <Metadata>
        <Creator>prov=University of Rostock/Institute of Mathematics/CITlab/Tobias Gruening/tobias.gruening@uni-rostock.de:name=/net_tf/LA73_249_0mod360.pb:de.uros.citlab.segmentation.CITlab_LA_ML:v=2.4.1
TRP</Creator>
        <Created>2019-08-06T16:48:37.259+02:00</Created>
        <LastChange>2019-11-22T10:59:28.647+01:00</LastChange>
        <TranskribusMetadata docId="192337" pageId="7602243" pageNr="1" tsid="19724320" status="IN_PROGRESS" userId="40502" imgUrl="https://files.transkribus.eu/Get?id=HCIUFXKUTQWSQWPOBZAAPWXD&amp;fileType=view" xmlUrl="https://files.transkribus.eu/Get?id=EUXMRPDKAMKLXLWHJBQQXITF" imageId="4598548"/>
    </Metadata>
    <Page imageFilename="NA-ACK_13610801_00801_r.jpg" imageWidth="3000" imageHeight="2113">
        <ReadingOrder>
            <OrderedGroup id="ro_1575392308128" caption="Regions reading order">
                <RegionRefIndexed index="0" regionRef="r2"/>
            </OrderedGroup>
        </ReadingOrder>
        <TextRegion orientation="0.0" id="r2" custom="readingOrder {index:0;}">
            <Coords points="556,432 554,1057 2098,1057 2098,434"/>
            <TextLine id="r2l2" custom="readingOrder {index:0;} person {offset:4; length:91;} place {offset:90; length:5;} person {offset:105; length:7;}">
                <Coords points="563,566 684,520 755,518 826,516 897,515 969,514 1040,513 1111,512 1182,512 1253,512 1325,512 1396,512 1467,513 1538,513 1609,514 1681,516 1752,517 1823,518 1894,520 1965,522 2070,521 2071,480 1965,492 1894,490 1823,488 1752,487 1686,471 1609,468 1538,483 1496,458 1396,482 1325,482 1253,482 1182,482 1111,482 1062,458 953,460 897,485 826,486 757,442 692,442 566,438"/>
                <Baseline points="613,512 684,510 755,508 826,506 897,505 969,504 1040,503 1111,502 1182,502 1253,502 1325,502 1396,502 1467,503 1538,503 1609,504 1681,506 1752,507 1823,508 1894,510 1965,512 2037,514"/>
                <TextEquiv>
                    <Unicode>Wir Karl von Gotes gnaden roemischer keyser ze allen zeiten merer des reichs und kunig ze Behem, und wir Wenczla, sein erstgeborner</Unicode>
                </TextEquiv>
            </TextLine>
            <TextLine id="r2l3" custom="readingOrder {index:1;} person {offset:13; length:53;} place {offset:59; length:7;} person {offset:76; length:8;} person {offset:86; length:9;} person {offset:97; length:8;} person {offset:110; length:24; continued:true;}">
                <Coords points="673,544 742,541 812,539 882,537 952,536 1022,535 1091,534 1161,533 1231,533 1301,533 1371,534 1440,534 1510,535 1580,536 1650,537 1720,539 1789,540 1859,542 1929,544 1999,546 2069,548 2069,518 1999,516 1929,514 1859,512 1789,510 1720,509 1650,507 1580,506 1510,505 1440,504 1371,504 1301,503 1231,503 1161,503 1091,504 1022,505 952,506 882,507 812,509 742,511 673,514"/>
                <Baseline points="673,534 742,531 812,529 882,527 952,526 1022,525 1091,524 1161,523 1231,523 1301,523 1371,524 1440,524 1510,525 1580,526 1650,527 1720,529 1789,530 1859,532 1929,534 1999,536 2069,538"/>
                <TextEquiv>
                    <Unicode>sun, und wir Johans von denselben Gotes gnaden margraff ze Merhern, und wir Ruodolff, Friderich, Albrecht und Leupolt von Gotes gnaden</Unicode>
                </TextEquiv>
            </TextLine>
            <TextLine id="r2l4" custom="readingOrder {index:2;} person {offset:0; length:59; continued:true;} place {offset:13; length:11;} place {offset:29; length:5;} place {offset:42; length:7;}">
                <Coords points="627,571 699,567 771,564 843,562 916,560 988,558 1060,557 1133,557 1205,556 1277,556 1350,557 1422,557 1494,558 1566,560 1639,561 1711,563 1783,565 1856,567 1928,569 2000,572 2073,574 2073,544 2000,542 1928,539 1856,537 1783,535 1711,533 1639,531 1566,530 1494,528 1422,527 1350,527 1277,526 1205,526 1133,527 1060,527 988,528 916,530 843,532 771,534 699,537 627,541"/>
                <Baseline points="627,561 699,557 771,554 843,552 916,550 988,548 1060,547 1133,547 1205,546 1277,546 1350,547 1422,547 1494,548 1566,550 1639,551 1711,553 1783,555 1856,557 1928,559 2000,562 2073,564"/>
                <TextEquiv>
                    <Unicode>herczogen ze Oesterreich, ze Steyr und ze Kernden et cetera, bechennen und tuon kunt offenlich mit disem brief allen den, die in sehen oder hoeren lesen,</Unicode>
                </TextEquiv>
            </TextLine>
            <TextLine id="r2l5" custom="readingOrder {index:3;}">
                <Coords points="586,594 678,592 751,590 825,588 898,586 972,584 1045,583 1118,582 1192,581 1265,581 1339,581 1412,582 1485,582 1559,583 1632,585 1706,587 1779,589 1852,591 1926,594 1999,597 2073,601 2073,571 1999,567 1926,564 1852,561 1779,559 1706,557 1632,555 1559,553 1485,552 1412,552 1339,551 1265,551 1192,551 1118,552 1045,553 972,554 898,556 825,558 751,560 678,562 586,562"/>
                <Baseline points="605,585 678,582 751,580 825,578 898,576 972,574 1045,573 1118,572 1192,571 1265,571 1339,571 1412,572 1485,572 1559,573 1632,575 1706,577 1779,579 1852,581 1926,584 1999,587 2073,591"/>
                <TextEquiv>
                    <Unicode>daz unser ieglicher sunderlich und wir all gemainlich, nach guoter wibetrachtung, mit rechter wizzen, gesworn haben lerplich ayde zu den heiligen</Unicode>
                </TextEquiv>
            </TextLine>
            <TextLine id="r2l6" custom="readingOrder {index:4;}">
                <Coords points="605,618 676,616 748,613 820,611 892,610 964,608 1036,607 1108,606 1180,605 1252,605 1324,605 1395,605 1467,606 1539,607 1611,608 1683,610 1755,612 1827,615 1899,618 1971,622 2043,626 2043,596 1971,592 1899,588 1827,585 1755,582 1683,580 1611,578 1539,577 1467,576 1395,575 1324,575 1252,575 1180,575 1108,576 1036,577 964,578 892,580 820,581 748,583 676,586 605,588"/>
                <Baseline points="605,608 676,606 748,603 820,601 892,600 964,598 1036,597 1108,596 1180,595 1252,595 1324,595 1395,595 1467,596 1539,597 1611,598 1683,600 1755,602 1827,605 1899,608 1971,612 2043,616"/>
                <TextEquiv>
                    <Unicode>recht und redlich mit angerurten handen, auf das heilig ewangeli, für uns und für all unser erben und erbes erben ewiklich, daz wir,</Unicode>
                </TextEquiv>
            </TextLine>
            <TextLine id="r2l7" custom="readingOrder {index:5;}">
                <Coords points="606,641 678,638 750,636 822,634 895,633 967,631 1039,630 1112,630 1184,630 1256,629 1329,630 1401,630 1473,631 1545,632 1618,633 1690,635 1762,637 1835,639 1907,641 1979,644 2052,647 2052,617 1979,614 1907,611 1835,609 1762,607 1690,605 1618,603 1545,602 1473,601 1401,600 1329,600 1256,599 1184,600 1112,600 1039,600 967,601 895,603 822,604 750,606 678,608 606,611"/>
                <Baseline points="606,631 678,628 750,626 822,624 895,623 967,621 1039,620 1112,620 1184,620 1256,619 1329,620 1401,620 1473,621 1545,622 1618,623 1690,625 1762,627 1835,629 1907,631 1979,634 2052,637"/>
                <TextEquiv>
                    <Unicode>mit allen unsern landen und herscheften, wo die gelegen und wie si genant sein, die wir nu haben oder hienach gewinnen, bey einander</Unicode>
                </TextEquiv>
            </TextLine>
            <TextLine id="r2l8" custom="readingOrder {index:6;}">
                <Coords points="611,666 683,663 755,660 827,659 899,657 971,655 1043,654 1116,653 1188,653 1260,653 1332,653 1404,653 1476,654 1548,655 1621,656 1693,658 1765,660 1837,662 1909,665 1981,667 2054,670 2054,640 1981,637 1909,635 1837,632 1765,630 1693,628 1621,626 1548,625 1476,624 1404,623 1332,623 1260,623 1188,623 1116,623 1043,624 971,625 899,627 827,629 755,630 683,633 611,636"/>
                <Baseline points="611,656 683,653 755,650 827,649 899,647 971,645 1043,644 1116,643 1188,643 1260,643 1332,643 1404,643 1476,644 1548,645 1621,646 1693,648 1765,650 1837,652 1909,655 1981,657 2054,660"/>
                <TextEquiv>
                    <Unicode>beleiben und einander mit aller unserr macht ewichlich geraten und geholffen sein sullen und wellen, getrewelich, fürderlich und freuntlich,</Unicode>
                </TextEquiv>
            </TextLine>
            <TextLine id="r2l9" custom="readingOrder {index:7;}">
                <Coords points="614,690 684,687 755,685 826,683 897,681 968,680 1038,678 1109,678 1180,677 1251,677 1322,677 1392,677 1463,677 1534,678 1605,680 1676,681 1746,683 1817,685 1888,688 1959,690 2030,693 2030,663 1959,660 1888,658 1817,655 1746,653 1676,651 1605,650 1534,648 1463,647 1392,647 1322,647 1251,647 1180,647 1109,648 1038,648 968,650 897,651 826,653 755,655 684,657 614,660"/>
                <Baseline points="614,680 684,677 755,675 826,673 897,671 968,670 1038,668 1109,668 1180,667 1251,667 1322,667 1392,667 1463,667 1534,668 1605,670 1676,671 1746,673 1817,675 1888,678 1959,680 2030,683"/>
                <TextEquiv>
                    <Unicode>mit leiben und mit guoten, ane alle geverde, wider aller menlich, nieman ausgenomen, in welichen wirden eren oder wesen, der sey in</Unicode>
                </TextEquiv>
            </TextLine>
            <TextLine id="r2l10" custom="readingOrder {index:8;}">
                <Coords points="611,717 682,713 753,710 824,707 896,705 967,703 1038,702 1110,701 1181,700 1252,700 1324,700 1395,701 1466,702 1537,703 1609,704 1680,706 1751,708 1823,710 1894,712 1965,715 2052,716 2052,686 1965,685 1894,682 1823,680 1751,678 1680,676 1609,674 1537,673 1466,672 1395,671 1324,670 1252,670 1181,670 1110,671 1038,672 967,673 896,675 824,677 753,680 682,683 611,687"/>
                <Baseline points="611,707 682,703 753,700 824,697 896,695 967,693 1038,692 1110,691 1181,690 1252,690 1324,690 1395,691 1466,692 1537,693 1609,694 1680,696 1751,698 1823,700 1894,702 1965,705 2037,707"/>
                <TextEquiv>
                    <Unicode>solicher mazze, wer der ist oder wirdt, dem ayner under uns veynt ist oder wirdt, dem sullen wir die andern all, ze gleicher weise veynt sein, und</Unicode>
                </TextEquiv>
            </TextLine>
            <TextLine id="r2l11" custom="readingOrder {index:9;}">
                <Coords points="601,741 688,738 759,735 830,732 901,730 972,728 1042,727 1113,726 1184,725 1255,725 1326,725 1396,726 1467,726 1538,728 1609,729 1680,731 1750,733 1821,736 1892,738 1963,741 2034,744 2034,714 1963,711 1892,708 1821,706 1750,703 1680,701 1609,699 1538,698 1467,696 1396,696 1326,695 1255,695 1184,695 1113,696 1042,697 972,698 901,700 830,702 759,705 688,708 601,715"/>
                <Baseline points="618,732 688,728 759,725 830,722 901,720 972,718 1042,717 1113,716 1184,715 1255,715 1326,715 1396,716 1467,716 1538,718 1609,719 1680,721 1750,723 1821,726 1892,728 1963,731 2034,734"/>
                <TextEquiv>
                    <Unicode>sullen ouch einander in allen sachen beygestendig und geholffen sein, alz vestiklich, alz endlich und alz ernstlich, alz unverczogenlich und alz</Unicode>
                </TextEquiv>
            </TextLine>
            <TextLine id="r2l12" custom="readingOrder {index:10;}">
                <Coords points="615,768 686,765 758,761 829,758 901,756 972,754 1044,753 1115,751 1187,751 1258,750 1330,751 1401,751 1473,752 1544,753 1616,755 1687,757 1759,759 1830,761 1902,764 1973,767 2045,770 2045,740 1973,737 1902,734 1830,731 1759,729 1687,727 1616,725 1544,723 1473,722 1401,721 1330,721 1258,720 1187,721 1115,721 1044,723 972,724 901,726 829,728 758,731 686,735 615,738"/>
                <Baseline points="615,758 686,755 758,751 829,748 901,746 972,744 1044,743 1115,741 1187,741 1258,740 1330,741 1401,741 1473,742 1544,743 1616,745 1687,747 1759,749 1830,751 1902,754 1973,757 2045,760"/>
                <TextEquiv>
                    <Unicode>getrewelich, alz ob die sache, unser ieglichen besunder angieng und sein aygen ding, wer ane alle geverde, und arge liste, und in</Unicode>
                </TextEquiv>
            </TextLine>
            <TextLine id="r2l13" custom="readingOrder {index:11;}">
                <Coords points="613,796 684,792 755,788 827,784 898,781 969,779 1041,777 1112,776 1183,775 1255,775 1326,775 1397,775 1469,776 1540,777 1611,778 1683,780 1754,782 1825,785 1897,788 1968,791 2040,794 2040,764 1968,761 1897,758 1825,755 1754,752 1683,750 1611,748 1540,747 1469,746 1397,745 1326,745 1255,745 1183,745 1112,746 1041,747 969,749 898,751 827,754 755,758 684,762 613,766"/>
                <Baseline points="613,786 684,782 755,778 827,774 898,771 969,769 1041,767 1112,766 1183,765 1255,765 1326,765 1397,765 1469,766 1540,767 1611,768 1683,770 1754,772 1825,775 1897,778 1968,781 2040,784"/>
                <TextEquiv>
                    <Unicode>welichen krieg, wir also mit einander vallen oder komen, gegen wem oder wa das sey oder werde, da sol sich unser dhamer nicht vertai¬</Unicode>
                </TextEquiv>
            </TextLine>
            <TextLine id="r2l14" custom="readingOrder {index:12;}">
                <Coords points="612,822 684,817 756,813 828,809 900,806 973,804 1045,802 1117,800 1189,800 1261,800 1334,800 1406,800 1478,801 1550,803 1622,804 1695,806 1767,808 1839,810 1911,813 1983,815 2056,818 2056,788 1983,785 1911,783 1839,780 1767,778 1695,776 1622,774 1550,773 1478,771 1406,770 1334,770 1261,770 1189,770 1117,770 1045,772 973,774 900,776 828,779 756,783 684,787 612,792"/>
                <Baseline points="612,812 684,807 756,803 828,799 900,796 973,794 1045,792 1117,790 1189,790 1261,790 1334,790 1406,790 1478,791 1550,793 1622,794 1695,796 1767,798 1839,800 1911,803 1983,805 2056,808"/>
                <TextEquiv>
                    <Unicode>ding noch berichten oder seynen, ane des andern und der andern aller wizzen, rat und willen, ouch ensol unser dhamer dham grozze</Unicode>
                </TextEquiv>
            </TextLine>
            <TextLine id="r2l15" custom="readingOrder {index:13;}">
                <Coords points="620,846 690,842 761,837 831,834 902,831 972,828 1043,826 1113,825 1184,823 1254,823 1325,823 1395,823 1466,824 1536,825 1607,827 1677,829 1748,831 1818,833 1889,836 1959,839 2030,842 2030,812 1959,809 1889,806 1818,803 1748,801 1677,799 1607,797 1536,795 1466,794 1395,793 1325,793 1254,793 1184,793 1113,795 1043,796 972,798 902,801 831,804 761,807 690,812 620,816"/>
                <Baseline points="620,836 690,832 761,827 831,824 902,821 972,818 1043,816 1113,815 1184,813 1254,813 1325,813 1395,813 1466,814 1536,815 1607,817 1677,819 1748,821 1818,823 1889,826 1959,829 2030,832"/>
                <TextEquiv>
                    <Unicode>redliche und ernstliche oder namhaft sache verantwurtten anvahen, noch enden, noch dhame puncnuzze, mit iemanne machen, an</Unicode>
                </TextEquiv>
            </TextLine>
            <TextLine id="r2l16" custom="readingOrder {index:14;}">
                <Coords points="611,871 683,866 755,862 827,858 900,854 972,852 1044,850 1116,848 1189,847 1261,847 1333,847 1405,847 1478,848 1550,849 1622,851 1694,853 1767,855 1839,857 1911,860 1983,863 2056,866 2056,836 1983,833 1911,830 1839,827 1767,825 1694,823 1622,821 1550,819 1478,818 1405,817 1333,817 1261,817 1189,817 1116,818 1044,820 972,822 900,824 827,828 755,832 683,836 611,841"/>
                <Baseline points="611,861 683,856 755,852 827,848 900,844 972,842 1044,840 1116,838 1189,837 1261,837 1333,837 1405,837 1478,838 1550,839 1622,841 1694,843 1767,845 1839,847 1911,850 1983,853 2056,856"/>
                <TextEquiv>
                    <Unicode>der andern aller wizzen, rat und willen, und sol ouch unser dhamer, sich selber, noch seine chind, die wir nu haben oder hienach ge¬</Unicode>
                </TextEquiv>
            </TextLine>
            <TextLine id="r2l17" custom="readingOrder {index:15;}">
                <Coords points="618,894 688,890 758,885 829,882 899,879 970,876 1040,874 1110,872 1181,871 1251,871 1322,870 1392,870 1462,871 1533,872 1603,873 1674,875 1744,878 1814,880 1885,883 1955,886 2026,890 2026,860 1955,856 1885,853 1814,850 1744,848 1674,845 1603,843 1533,842 1462,841 1392,840 1322,840 1251,841 1181,841 1110,842 1040,844 970,846 899,849 829,852 758,855 688,860 618,864"/>
                <Baseline points="618,884 688,880 758,875 829,872 899,869 970,866 1040,864 1110,862 1181,861 1251,861 1322,860 1392,860 1462,861 1533,862 1603,863 1674,865 1744,868 1814,870 1885,873 1955,876 2026,880"/>
                <TextEquiv>
                    <Unicode>winnen, die nicht verlobt sind, verheyratten, denn mit der andern aller wizzen, rat und willen. Daruber sullen wir ouch einander</Unicode>
                </TextEquiv>
            </TextLine>
            <TextLine id="r2l18" custom="readingOrder {index:16;}">
                <Coords points="617,917 687,912 757,908 827,906 898,902 968,900 1038,898 1108,896 1179,895 1249,894 1319,894 1389,894 1460,894 1530,895 1600,897 1670,899 1741,901 1811,903 1881,907 1951,910 2022,915 2022,885 1951,880 1881,877 1811,873 1741,871 1670,869 1600,867 1530,865 1460,864 1389,864 1319,864 1249,864 1179,865 1108,866 1038,868 968,870 898,872 827,876 757,878 687,882 617,887"/>
                <Baseline points="617,907 687,902 757,898 827,896 898,892 968,890 1038,888 1108,886 1179,885 1249,884 1319,884 1389,884 1460,884 1530,885 1600,887 1670,889 1741,891 1811,893 1881,897 1951,900 2022,905"/>
                <TextEquiv>
                    <Unicode>getrew und gewer sein, fur all ander leutt, und sol unser ieglicher, des andern schaden, wenden sein, nucz und ere fürdern und sullen, ouch</Unicode>
                </TextEquiv>
            </TextLine>
            <TextLine id="r2l19" custom="readingOrder {index:17;}">
                <Coords points="618,939 690,935 763,932 836,928 909,925 982,923 1054,921 1127,919 1200,918 1273,917 1346,917 1418,917 1491,918 1564,919 1637,920 1710,922 1782,925 1855,928 1928,931 2001,935 2074,940 2074,910 2001,905 1928,901 1855,898 1782,895 1710,892 1637,890 1564,889 1491,888 1418,887 1346,887 1273,887 1200,888 1127,889 1054,891 982,893 909,895 836,898 763,902 690,905 618,909"/>
                <Baseline points="618,929 690,925 763,922 836,918 909,915 982,913 1054,911 1127,909 1200,908 1273,907 1346,907 1418,907 1491,908 1564,909 1637,910 1710,912 1782,915 1855,918 1928,921 2001,925 2074,930"/>
                <TextEquiv>
                    <Unicode>einander eren und guotes verantwurten und versprechen getrewelich und freuntlich wider aller menlich, niemann ausgenomen, mit worten</Unicode>
                </TextEquiv>
            </TextLine>
            <TextLine id="r2l20" custom="readingOrder {index:18;} missing {offset:90; length:3;}">
                <Coords points="615,963 685,960 756,956 827,953 898,950 969,947 1040,945 1110,943 1181,941 1252,940 1323,940 1394,940 1465,940 1536,941 1606,942 1677,944 1748,946 1819,949 1890,952 1961,956 2032,961 2032,931 1961,926 1890,922 1819,919 1748,916 1677,914 1606,912 1536,911 1465,910 1394,910 1323,910 1252,910 1181,911 1110,913 1040,915 969,917 898,920 827,923 756,926 685,930 615,933"/>
                <Baseline points="615,953 685,950 756,946 827,943 898,940 969,937 1040,935 1110,933 1181,931 1252,930 1323,930 1394,930 1465,930 1536,931 1606,932 1677,934 1748,936 1819,939 1890,942 1961,946 2032,951"/>
                <TextEquiv>
                    <Unicode>und mit werchen, haimlich und offenbar, alz verr wir kunnen und mugen, ane alle geverde, sweg wir ouch vormals puncnuzzen</Unicode>
                </TextEquiv>
            </TextLine>
            <TextLine id="r2l21" custom="readingOrder {index:19;}">
                <Coords points="620,984 690,981 761,978 831,975 902,973 973,970 1043,969 1114,967 1184,965 1255,964 1326,963 1396,963 1467,963 1537,964 1608,965 1679,967 1749,969 1820,972 1890,976 1961,980 2032,985 2032,955 1961,950 1890,946 1820,942 1749,939 1679,937 1608,935 1537,934 1467,933 1396,933 1326,933 1255,934 1184,935 1114,937 1043,939 973,940 902,943 831,945 761,948 690,951 620,954"/>
                <Baseline points="620,974 690,971 761,968 831,965 902,963 973,960 1043,959 1114,957 1184,955 1255,954 1326,953 1396,953 1467,953 1537,954 1608,955 1679,957 1749,959 1820,962 1890,966 1961,970 2032,975"/>
                <TextEquiv>
                    <Unicode>mit ieman, wer der ist gemacht haben, die sullen diser puncnuzze aller ding unschedlich sein. Mit urchund dicz briefs, versigelt mit</Unicode>
                </TextEquiv>
            </TextLine>
            <TextLine id="r2l22" custom="readingOrder {index:20;} place {offset:39; length:5;} date {offset:46; length:80; continued:true;year:0; day:0; month:0;}">
                <Coords points="618,1005 691,1003 764,1000 837,998 910,996 983,994 1056,993 1130,991 1203,990 1276,989 1349,988 1422,987 1495,988 1568,988 1642,990 1715,991 1788,994 1861,997 1934,1001 2007,1006 2092,1011 2088,983 2007,976 1934,971 1861,967 1788,964 1715,961 1642,960 1568,958 1495,958 1422,957 1349,958 1276,959 1203,960 1130,961 1056,963 983,964 910,966 837,968 764,970 691,973 618,975"/>
                <Baseline points="618,995 691,993 764,990 837,988 910,986 983,984 1056,983 1130,981 1203,980 1276,979 1349,978 1422,977 1495,978 1568,978 1642,980 1715,981 1788,984 1861,987 1934,991 2007,996 2081,1001"/>
                <TextEquiv>
                    <Unicode>unser aller insigeln, der geben ist ze Prage, nach Christs gepurd dreuczehen hundert iar, darnach in dem ayn und sechczigistem</Unicode>
                </TextEquiv>
            </TextLine>
            <TextLine id="r2l23" custom="readingOrder {index:21;} date {offset:0; length:136; continued:true;year:0; day:0; month:0;} place {offset:118; length:11;}">
                <Coords points="620,1028 692,1026 764,1024 836,1022 908,1020 980,1018 1052,1017 1124,1015 1196,1014 1268,1013 1340,1012 1412,1012 1484,1012 1556,1013 1628,1014 1700,1015 1772,1018 1844,1021 1916,1024 1988,1029 2061,1034 2061,1004 1988,999 1916,994 1844,991 1772,988 1700,985 1628,984 1556,983 1484,982 1412,982 1340,982 1268,983 1196,984 1124,985 1052,987 980,988 908,990 836,992 764,994 692,996 620,998"/>
                <Baseline points="620,1018 692,1016 764,1014 836,1012 908,1010 980,1008 1052,1007 1124,1005 1196,1004 1268,1003 1340,1002 1412,1002 1484,1002 1556,1003 1628,1004 1700,1005 1772,1008 1844,1011 1916,1014 1988,1019 2061,1024"/>
                <TextEquiv>
                    <Unicode>iar, an sand Peters tag, ze der ketenseyer unser des egenanten keysers reiche des romischen in den sechczehenden, des Beheimschen in dem</Unicode>
                </TextEquiv>
            </TextLine>
            <TextLine id="r2l24" custom="readingOrder {index:22;} date {offset:0; length:54; continued:true;year:0; day:0; month:0;}">
                <Coords points="618,1055 651,1052 685,1050 718,1048 752,1046 786,1045 819,1044 853,1044 887,1043 920,1043 954,1043 987,1043 1021,1043 1055,1043 1088,1042 1122,1042 1156,1041 1189,1040 1223,1038 1257,1037 1257,1007 1223,1008 1189,1010 1156,1011 1122,1012 1088,1012 1055,1013 1021,1013 987,1013 954,1013 920,1013 887,1013 853,1014 819,1014 786,1015 752,1016 718,1018 685,1020 651,1022 618,1025"/>
                <Baseline points="618,1045 651,1042 685,1040 718,1038 752,1036 786,1035 819,1034 853,1034 887,1033 920,1033 954,1033 987,1033 1021,1033 1055,1033 1088,1032 1122,1032 1156,1031 1189,1030 1223,1028 1257,1027"/>
                <TextEquiv>
                    <Unicode>fumfczehenden und des keysertuoms in dem sibenden jare.</Unicode>
                </TextEquiv>
            </TextLine>
            <TextEquiv>
                <Unicode>Wir Karl von Gotes gnaden roemischer keyser ze allen zeiten merer des reichs und kunig ze Behem, und wir Wenczla, sein erstgeborner
sun, und wir Johans von denselben Gotes gnaden margraff ze Merhern, und wir Ruodolff, Friderich, Albrecht und Leupolt von Gotes gnaden
herczogen ze Oesterreich, ze Steyr und ze Kernden et cetera, bechennen und tuon kunt offenlich mit disem brief allen den, die in sehen oder hoeren lesen,
daz unser ieglicher sunderlich und wir all gemainlich, nach guoter wibetrachtung, mit rechter wizzen, gesworn haben lerplich ayde zu den heiligen
recht und redlich mit angerurten handen, auf das heilig ewangeli, für uns und für all unser erben und erbes erben ewiklich, daz wir,
mit allen unsern landen und herscheften, wo die gelegen und wie si genant sein, die wir nu haben oder hienach gewinnen, bey einander
beleiben und einander mit aller unserr macht ewichlich geraten und geholffen sein sullen und wellen, getrewelich, fürderlich und freuntlich,
mit leiben und mit guoten, ane alle geverde, wider aller menlich, nieman ausgenomen, in welichen wirden eren oder wesen, der sey in
solicher mazze, wer der ist oder wirdt, dem ayner under uns veynt ist oder wirdt, dem sullen wir die andern all, ze gleicher weise veynt sein, und
sullen ouch einander in allen sachen beygestendig und geholffen sein, alz vestiklich, alz endlich und alz ernstlich, alz unverczogenlich und alz
getrewelich, alz ob die sache, unser ieglichen besunder angieng und sein aygen ding, wer ane alle geverde, und arge liste, und in
welichen krieg, wir also mit einander vallen oder komen, gegen wem oder wa das sey oder werde, da sol sich unser dhamer nicht vertai¬
ding noch berichten oder seynen, ane des andern und der andern aller wizzen, rat und willen, ouch ensol unser dhamer dham grozze
redliche und ernstliche oder namhaft sache verantwurtten anvahen, noch enden, noch dhame puncnuzze, mit iemanne machen, an
der andern aller wizzen, rat und willen, und sol ouch unser dhamer, sich selber, noch seine chind, die wir nu haben oder hienach ge¬
winnen, die nicht verlobt sind, verheyratten, denn mit der andern aller wizzen, rat und willen. Daruber sullen wir ouch einander
getrew und gewer sein, fur all ander leutt, und sol unser ieglicher, des andern schaden, wenden sein, nucz und ere fürdern und sullen, ouch
einander eren und guotes verantwurten und versprechen getrewelich und freuntlich wider aller menlich, niemann ausgenomen, mit worten
und mit werchen, haimlich und offenbar, alz verr wir kunnen und mugen, ane alle geverde, sweg wir ouch vormals puncnuzzen
mit ieman, wer der ist gemacht haben, die sullen diser puncnuzze aller ding unschedlich sein. Mit urchund dicz briefs, versigelt mit
unser aller insigeln, der geben ist ze Prage, nach Christs gepurd dreuczehen hundert iar, darnach in dem ayn und sechczigistem
iar, an sand Peters tag, ze der ketenseyer unser des egenanten keysers reiche des romischen in den sechczehenden, des Beheimschen in dem
fumfczehenden und des keysertuoms in dem sibenden jare.</Unicode>
            </TextEquiv>
        </TextRegion>
    </Page>
</PcGts>
