<?xml version="1.0" encoding="UTF-8" standalone="yes"?>
<trpDocMetadata>
    <docId>205086</docId>
    <title>AČK_0140_H_I</title>
    <uploadTimestamp>1567582197110</uploadTimestamp>
    <scriptType>HANDWRITTEN</scriptType>
    <uploader>petr.mares@nacr.cz</uploader>
    <uploaderId>42230</uploaderId>
    <nrOfPages>1</nrOfPages>
    <pageId>8841336</pageId>
    <url>https://files.transkribus.eu/Get?id=YDPJTDDMFGEMBFTDATKIFNAI&amp;fileType=view</url>
    <thumbUrl>https://files.transkribus.eu/Get?id=YDPJTDDMFGEMBFTDATKIFNAI&amp;fileType=thumb</thumbUrl>
    <externalId>NA</externalId>
    <authority>NA</authority>
    <language>Latin</language>
    <status>0</status>
    <fimgStoreColl>TrpDoc_DEA_205086</fimgStoreColl>
    <origDocId>0</origDocId>
    <collectionList>
        <colList>
            <colId>44925</colId>
            <colName>NACR - Latin charters</colName>
            <description>created by katerina.zenklova@nacr.cz</description>
            <crowdsourcing>false</crowdsourcing>
            <elearning>false</elearning>
            <nrOfDocuments>0</nrOfDocuments>
        </colList>
    </collectionList>
</trpDocMetadata>
