<?xml version="1.0" encoding="UTF-8" standalone="yes"?>
<PcGts xmlns="http://schema.primaresearch.org/PAGE/gts/pagecontent/2013-07-15" xmlns:xsi="http://www.w3.org/2001/XMLSchema-instance" xsi:schemaLocation="http://schema.primaresearch.org/PAGE/gts/pagecontent/2013-07-15 http://schema.primaresearch.org/PAGE/gts/pagecontent/2013-07-15/pagecontent.xsd">
    <Metadata>
        <Creator>prov=University of Rostock/Institute of Mathematics/CITlab/Tobias Gruening/tobias.gruening@uni-rostock.de:name=/net_tf/LA73_249_0mod360.pb:de.uros.citlab.segmentation.CITlab_LA_ML:v=2.4.2
TRP</Creator>
        <Created>2019-10-04T15:55:51.267+02:00</Created>
        <LastChange>2019-11-12T16:36:27.722+01:00</LastChange>
        <TranskribusMetadata docId="222752" pageId="9478262" pageNr="1" tsid="19273883" status="IN_PROGRESS" userId="40502" imgUrl="https://files.transkribus.eu/Get?id=IYBXYIFWWTMAOFZRWGHIGHDG&amp;fileType=view" xmlUrl="https://files.transkribus.eu/Get?id=QQJGWWLNREQAGZRSSZFYHSAK" imageId="6172079"/>
    </Metadata>
    <Page imageFilename="NA-ACK_14260320_01513_r.jpg" imageWidth="9263" imageHeight="6125">
        <ReadingOrder>
            <OrderedGroup id="ro_1575392268923" caption="Regions reading order">
                <RegionRefIndexed index="0" regionRef="r2"/>
                <RegionRefIndexed index="1" regionRef="region_1573572939060_336"/>
            </OrderedGroup>
        </ReadingOrder>
        <TextRegion orientation="0.0" id="r2" custom="readingOrder {index:0;}">
            <Coords points="987,536 1176,3151 8498,3151 8309,536"/>
            <TextLine id="r2l1" custom="readingOrder {index:0;} person {offset:4; length:108;} place {offset:62; length:8;} place {offset:72; length:7;} place {offset:81; length:8;} place {offset:91; length:7;} person {offset:117; length:82;} place {offset:144; length:7;} place {offset:153; length:6;} place {offset:161; length:9;} place {offset:192; length:7;}">
                <Coords points="1235,903 1611,908 1988,912 2365,915 2742,916 3118,916 3495,915 3872,913 4249,911 4626,908 5002,905 5379,902 5756,899 6133,897 6510,896 6886,895 7263,895 7640,896 8017,899 8394,903 8394,846 8017,842 7640,839 7263,838 6886,838 6510,839 6133,840 5756,842 5379,845 5002,848 4626,851 4249,854 3872,856 3495,858 3118,859 2742,859 2365,858 1988,855 1611,851 1235,846"/>
                <Baseline points="1235,884 1611,889 1988,893 2365,896 2742,897 3118,897 3495,896 3872,894 4249,892 4626,889 5002,886 5379,883 5756,880 6133,878 6510,877 6886,876 7263,876 7640,877 8017,880 8394,884"/>
                <TextEquiv>
                    <Unicode>Nos Sigismundus, Dei gracia romanorum rex, semper augustus ac Hungarie, Bohemie, Dalmacie, Croacie et cetera rex, et Albertus, eadem gracia dux Austrie, Styrie, Karinthie et cetera et marchio Moravie, notum facimus tenore presencium universis,</Unicode>
                </TextEquiv>
            </TextLine>
            <TextLine id="r2l2" custom="readingOrder {index:1;} person {offset:81; length:35;} place {offset:101; length:15;}">
                <Coords points="1253,986 1607,991 1961,995 2315,997 2669,999 3023,999 3377,998 3732,997 4086,995 4440,993 4794,990 5148,987 5502,984 5856,981 6211,978 6565,976 6919,974 7273,972 7627,972 7981,972 8336,973 8336,916 7981,915 7627,915 7273,915 6919,917 6565,919 6211,921 5856,924 5502,927 5148,930 4794,933 4440,936 4086,938 3732,940 3377,941 3023,942 2669,942 2315,940 1961,938 1607,934 1253,929"/>
                <Baseline points="1253,967 1607,972 1961,976 2315,978 2669,980 3023,980 3377,979 3732,978 4086,976 4440,974 4794,971 5148,968 5502,965 5856,962 6211,959 6565,957 6919,955 7273,953 7627,953 7981,953 8336,954"/>
                <TextEquiv>
                    <Unicode>quod nos nuper vidimus et auscultari ac legi fecimus certas litteras venerabilis Preczlavi, episcopi Wratislaviensis, non abrasas seu cautellatas sed integras sanas et omni vicio ac suspicione carentes sigilloque vero non ficto firmius communitas,</Unicode>
                </TextEquiv>
            </TextLine>
            <TextLine id="r2l3" custom="readingOrder {index:2;}">
                <Coords points="1260,1081 1609,1085 1958,1088 2307,1090 2656,1091 3005,1090 3354,1089 3703,1087 4052,1085 4401,1082 4751,1078 5100,1075 5449,1072 5798,1068 6147,1065 6496,1062 6845,1060 7194,1058 7543,1057 7892,1057 8242,1058 8242,995 7892,994 7543,994 7194,995 6845,997 6496,999 6147,1002 5798,1005 5449,1009 5100,1012 4751,1015 4401,1019 4052,1022 3703,1024 3354,1026 3005,1027 2656,1028 2307,1027 1958,1025 1609,1022 1260,1018"/>
                <Baseline points="1260,1060 1609,1064 1958,1067 2307,1069 2656,1070 3005,1069 3354,1068 3703,1066 4052,1064 4401,1061 4751,1057 5100,1054 5449,1051 5798,1047 6147,1044 6496,1041 6845,1039 7194,1037 7543,1036 7892,1036 8242,1037"/>
                <TextEquiv>
                    <Unicode>quas ad presentes nostras litteras atque scripta inseri et transcribi fecimus ut eis aquocumque homine adhibeatur fides infallibilis atque firma, quarum quidem litterarum tenor de verbo ad verbum per omnia sequitur et est talis: In nomine domini Amen. Nos</Unicode>
                </TextEquiv>
            </TextLine>
            <TextLine id="r2l4" custom="readingOrder {index:3;} person {offset:0; length:72;} place {offset:57; length:15;} person {offset:165; length:19;} place {offset:175; length:9;} person {offset:186; length:21;} place {offset:192; length:15;} person {offset:211; length:16;} place {offset:217; length:10;} person {offset:229; length:10; continued:true;}">
                <Coords points="1250,1169 1607,1174 1964,1176 2321,1178 2678,1178 3035,1177 3392,1176 3749,1173 4106,1171 4463,1168 4821,1164 5178,1161 5535,1158 5892,1156 6249,1154 6606,1152 6963,1152 7320,1152 7677,1154 8034,1157 8392,1162 8392,1099 8034,1094 7677,1091 7320,1089 6963,1089 6606,1089 6249,1091 5892,1093 5535,1095 5178,1098 4821,1101 4463,1105 4106,1108 3749,1110 3392,1113 3035,1114 2678,1115 2321,1115 1964,1113 1607,1111 1250,1106"/>
                <Baseline points="1250,1148 1607,1153 1964,1155 2321,1157 2678,1157 3035,1156 3392,1155 3749,1152 4106,1150 4463,1147 4821,1143 5178,1140 5535,1137 5892,1135 6249,1133 6606,1131 6963,1131 7320,1131 7677,1133 8034,1136 8392,1141"/>
                <TextEquiv>
                    <Unicode>Preczlaus, dei et apostolice sedis providencia episcopus Wratislaviensis, omnibus presentes litteras intuentibus publice profitemur, quod magnifici principes domini Boleslaus Bregensis, Bolko Falkenbergensis et Bolko Opoliensis, Wladislaus</Unicode>
                </TextEquiv>
            </TextLine>
            <TextLine id="r2l5" custom="readingOrder {index:4;} person {offset:0; length:11; continued:true;} place {offset:0; length:11;} person {offset:13; length:24;} place {offset:23; length:14;} person {offset:39; length:37;} place {offset:48; length:10;} place {offset:62; length:14;} person {offset:80; length:21;} place {offset:90; length:11;} place {offset:116; length:15;}">
                <Coords points="1270,1259 1623,1265 1977,1270 2331,1272 2685,1273 3039,1273 3393,1272 3747,1270 4101,1268 4455,1265 4809,1261 5162,1257 5516,1254 5870,1251 6224,1248 6578,1246 6932,1245 7286,1245 7640,1246 7994,1249 8348,1253 8348,1190 7994,1186 7640,1183 7286,1182 6932,1182 6578,1183 6224,1185 5870,1188 5516,1191 5162,1194 4809,1198 4455,1202 4101,1205 3747,1207 3393,1209 3039,1210 2685,1210 2331,1209 1977,1207 1623,1202 1270,1196"/>
                <Baseline points="1270,1238 1623,1244 1977,1249 2331,1251 2685,1252 3039,1252 3393,1251 3747,1249 4101,1247 4455,1244 4809,1240 5162,1236 5516,1233 5870,1230 6224,1227 6578,1225 6932,1224 7286,1224 7640,1225 7994,1228 8348,1232"/>
                <TextEquiv>
                    <Unicode>Coslenensis, Kazimirus Thesschinensis, Nicolaus Opaviensis et Rathiboriensis ac Semouitus Gliwicensis, duces nostre Wratislaviensis diocesis, in nostra presencia constituti sponte recognoverunt et publice sunt confessi se municiones suas et</Unicode>
                </TextEquiv>
            </TextLine>
            <TextLine id="r2l6" custom="readingOrder {index:5;} person {offset:95; length:23;} place {offset:111; length:7;} person {offset:197; length:7;}">
                <Coords points="1240,1358 1595,1360 1950,1362 2305,1362 2661,1362 3016,1361 3371,1359 3727,1357 4082,1354 4437,1352 4793,1349 5148,1346 5503,1343 5858,1341 6214,1339 6569,1338 6924,1336 7280,1336 7635,1337 7990,1338 8346,1341 8346,1278 7990,1275 7635,1274 7280,1273 6924,1273 6569,1275 6214,1276 5858,1278 5503,1280 5148,1283 4793,1286 4437,1289 4082,1291 3727,1294 3371,1296 3016,1298 2661,1299 2305,1299 1950,1299 1595,1297 1240,1295"/>
                <Baseline points="1240,1337 1595,1339 1950,1341 2305,1341 2661,1341 3016,1340 3371,1338 3727,1336 4082,1333 4437,1331 4793,1328 5148,1325 5503,1322 5858,1320 6214,1318 6569,1317 6924,1315 7280,1315 7635,1316 7990,1317 8346,1320"/>
                <TextEquiv>
                    <Unicode>terras ipsis subiectas singuli suas terras et municiones in manus serenissimi principis domini Johannis, regis Bohemie, resignasse dictasque municiones et terras taliter resignatas ab eodem domino Johanne, rege suo, et heredum</Unicode>
                </TextEquiv>
            </TextLine>
            <TextLine id="r2l7" custom="readingOrder {index:6;} place {offset:20; length:7;} place {offset:110; length:7;}">
                <Coords points="1250,1452 1609,1454 1968,1455 2328,1455 2687,1454 3047,1452 3406,1450 3765,1447 4125,1444 4484,1441 4844,1437 5203,1433 5562,1430 5922,1427 6281,1425 6641,1423 7000,1421 7359,1421 7719,1422 8078,1423 8438,1426 8438,1363 8078,1360 7719,1359 7359,1358 7000,1358 6641,1360 6281,1362 5922,1364 5562,1367 5203,1370 4844,1374 4484,1378 4125,1381 3765,1384 3406,1387 3047,1389 2687,1391 2328,1392 1968,1392 1609,1391 1250,1389"/>
                <Baseline points="1250,1431 1609,1433 1968,1434 2328,1434 2687,1433 3047,1431 3406,1429 3765,1426 4125,1423 4484,1420 4844,1416 5203,1412 5562,1409 5922,1406 6281,1404 6641,1402 7000,1400 7359,1400 7719,1401 8078,1402 8438,1405"/>
                <TextEquiv>
                    <Unicode>suorum nomine regni Bohemie imperpetuum feodum recepisse, iuramentum quoque fidelitatis et homagium ipsi regi Bohemie et suis heredibus seu successoribus legitimis pro se et eorum heredibus prestitisse. Similiter eciam nobiles terre</Unicode>
                </TextEquiv>
            </TextLine>
            <TextLine id="r2l8" custom="readingOrder {index:7;} place {offset:22; length:15;} person {offset:186; length:54;} place {offset:225; length:15;}">
                <Coords points="1234,1545 1596,1547 1959,1548 2322,1548 2684,1546 3047,1544 3410,1541 3772,1538 4135,1534 4498,1530 4861,1526 5223,1522 5586,1518 5949,1515 6311,1512 6674,1510 7037,1508 7399,1508 7762,1509 8125,1511 8488,1515 8488,1452 8125,1448 7762,1446 7399,1445 7037,1445 6674,1447 6311,1449 5949,1452 5586,1455 5223,1459 4861,1463 4498,1467 4135,1471 3772,1475 3410,1478 3047,1481 2684,1483 2322,1485 1959,1485 1596,1484 1234,1482"/>
                <Baseline points="1234,1524 1596,1526 1959,1527 2322,1527 2684,1525 3047,1523 3410,1520 3772,1517 4135,1513 4498,1509 4861,1505 5223,1501 5586,1497 5949,1494 6311,1491 6674,1489 7037,1487 7399,1487 7762,1488 8125,1490 8488,1494"/>
                <TextEquiv>
                    <Unicode>et consules civitatis Wratislaviensis suo et civitatis ac universitatis eiusdem civitatis nomine in nostra presencia constituti sponte recognoverunt et publice sunt confessi pie memorie Henricum sextum et ultimum, olim ducem Wratislaviensem,</Unicode>
                </TextEquiv>
            </TextLine>
            <TextLine id="r2l9" custom="readingOrder {index:8;} place {offset:15; length:15;} place {offset:66; length:15;}">
                <Coords points="1230,1635 1587,1637 1944,1639 2301,1638 2659,1637 3016,1634 3373,1631 3731,1627 4088,1622 4445,1618 4803,1613 5160,1609 5517,1604 5874,1600 6232,1596 6589,1594 6946,1592 7304,1591 7661,1592 8018,1594 8376,1598 8376,1535 8018,1531 7661,1529 7304,1528 6946,1529 6589,1531 6232,1533 5874,1537 5517,1541 5160,1546 4803,1550 4445,1555 4088,1559 3731,1564 3373,1568 3016,1571 2659,1574 2301,1575 1944,1576 1587,1574 1230,1572"/>
                <Baseline points="1230,1614 1587,1616 1944,1618 2301,1617 2659,1616 3016,1613 3373,1610 3731,1606 4088,1601 4445,1597 4803,1592 5160,1588 5517,1583 5874,1579 6232,1575 6589,1573 6946,1571 7304,1570 7661,1571 8018,1573 8376,1577"/>
                <TextEquiv>
                    <Unicode>ipsius ducatus Wratislaviensis dominum hereditarium, civitatemque Wratislaviensem et ducatum ipsius cum suo honore iurisdictione et districtu eidem domino regi donasse, tradidisse et cessisse sponte et libere de eisdem per regem predictum</Unicode>
                </TextEquiv>
            </TextLine>
            <TextLine id="r2l10" custom="readingOrder {index:9;} place {offset:44; length:7;} place {offset:188; length:15;} person {offset:225; length:7; continued:true;}">
                <Coords points="1240,1726 1597,1729 1954,1730 2312,1730 2669,1729 3027,1726 3384,1722 3741,1718 4099,1714 4456,1708 4814,1703 5171,1698 5528,1694 5886,1690 6243,1686 6601,1684 6958,1683 7315,1683 7673,1685 8030,1689 8388,1695 8388,1632 8030,1626 7673,1622 7315,1620 6958,1620 6601,1621 6243,1623 5886,1627 5528,1631 5171,1635 4814,1640 4456,1645 4099,1651 3741,1655 3384,1659 3027,1663 2669,1666 2312,1667 1954,1667 1597,1666 1240,1663"/>
                <Baseline points="1240,1705 1597,1708 1954,1709 2312,1709 2669,1708 3027,1705 3384,1701 3741,1697 4099,1693 4456,1687 4814,1682 5171,1677 5528,1673 5886,1669 6243,1665 6601,1663 6958,1662 7315,1662 7673,1664 8030,1668 8388,1674"/>
                <TextEquiv>
                    <Unicode>et heredes ipsorum non dividendo ea a regno Bohemie seu corona regni eiusdem perpetuo possidenda, seque universitates et singulares personas civitatis et aliorum opidorum ac locorum dicti Wratislaviensis ducatus eidem domino Johanni,</Unicode>
                </TextEquiv>
            </TextLine>
            <TextLine id="r2l11" custom="readingOrder {index:10;} person {offset:0; length:12; continued:true;} place {offset:5; length:7;} place {offset:121; length:7;}">
                <Coords points="1252,1821 1606,1825 1960,1828 2314,1828 2669,1827 3023,1823 3377,1819 3732,1814 4086,1808 4440,1802 4795,1795 5149,1788 5503,1782 5857,1777 6212,1772 6566,1768 6920,1766 7275,1765 7629,1766 7983,1769 8338,1775 8338,1712 7983,1706 7629,1703 7275,1702 6920,1703 6566,1705 6212,1709 5857,1714 5503,1719 5149,1725 4795,1732 4440,1739 4086,1745 3732,1751 3377,1756 3023,1760 2669,1764 2314,1765 1960,1765 1606,1762 1252,1758"/>
                <Baseline points="1252,1800 1606,1804 1960,1807 2314,1807 2669,1806 3023,1802 3377,1798 3732,1793 4086,1787 4440,1781 4795,1774 5149,1767 5503,1761 5857,1756 6212,1751 6566,1747 6920,1745 7275,1744 7629,1745 7983,1748 8338,1754"/>
                <TextEquiv>
                    <Unicode>regi Bohemie, et suis heredibus verum et fidele homagium prestitisse promittentes firmiter, quod regibus et corone regni Bohemie homagium, fidem et iuramenta fidelitatis per ipsos prestita eidem domino regi ac suis heredibus</Unicode>
                </TextEquiv>
            </TextLine>
            <TextLine id="r2l12" custom="readingOrder {index:11;} person {offset:65; length:24;} place {offset:82; length:7;}">
                <Coords points="1256,1912 1612,1918 1968,1920 2324,1921 2681,1920 3037,1917 3393,1913 3750,1908 4106,1902 4462,1896 4819,1889 5175,1883 5531,1877 5887,1871 6244,1867 6600,1863 6956,1861 7313,1861 7669,1863 8025,1867 8382,1873 8382,1810 8025,1804 7669,1800 7313,1798 6956,1798 6600,1800 6244,1804 5887,1808 5531,1814 5175,1820 4819,1826 4462,1833 4106,1839 3750,1845 3393,1850 3037,1854 2681,1857 2324,1858 1968,1857 1612,1855 1256,1849"/>
                <Baseline points="1256,1891 1612,1897 1968,1899 2324,1900 2681,1899 3037,1896 3393,1892 3750,1887 4106,1881 4462,1875 4819,1868 5175,1862 5531,1856 5887,1850 6244,1846 6600,1842 6956,1840 7313,1840 7669,1842 8025,1846 8382,1852"/>
                <TextEquiv>
                    <Unicode>perpetuo fideliter observabunt, quare excellens princeps dominus Karolus, marchio Moravie, primogenitus dicti regis, qui predictis recognocioni et confessioni affuit, coram nobis a nobis instanter postulans ut sibi super eisdem</Unicode>
                </TextEquiv>
            </TextLine>
            <TextLine id="r2l13" custom="readingOrder {index:12;}">
                <Coords points="1232,2015 1593,2018 1954,2018 2315,2017 2676,2014 3037,2010 3398,2005 3760,2000 4121,1993 4482,1987 4843,1979 5204,1972 5565,1966 5926,1960 6288,1955 6649,1951 7010,1947 7371,1946 7732,1945 8093,1947 8455,1951 8455,1888 8093,1884 7732,1882 7371,1883 7010,1884 6649,1888 6288,1892 5926,1897 5565,1903 5204,1909 4843,1916 4482,1924 4121,1930 3760,1937 3398,1942 3037,1947 2676,1951 2315,1954 1954,1955 1593,1955 1232,1952"/>
                <Baseline points="1232,1994 1593,1997 1954,1997 2315,1996 2676,1993 3037,1989 3398,1984 3760,1979 4121,1972 4482,1966 4843,1958 5204,1951 5565,1945 5926,1939 6288,1934 6649,1930 7010,1926 7371,1925 7732,1924 8093,1926 8455,1930"/>
                <TextEquiv>
                    <Unicode>recognicionibus et confessionibus nostras daremus testimoniales litteras et nihilominus, si aliquem vel aliquos de predictis venire contra religionem iuramenti prestiti contigeret, in futurum ipsos ad observacionem huiusmodi iura¬</Unicode>
                </TextEquiv>
            </TextLine>
            <TextLine id="r2l14" custom="readingOrder {index:13;} person {offset:164; length:6;}">
                <Coords points="1206,2104 1564,2106 1923,2107 2281,2106 2640,2103 2998,2099 3357,2094 3715,2088 4074,2081 4432,2074 4791,2066 5149,2059 5508,2052 5866,2046 6225,2041 6583,2037 6942,2034 7300,2033 7659,2034 8017,2036 8376,2041 8376,1980 8017,1975 7659,1973 7300,1972 6942,1973 6583,1976 6225,1980 5866,1985 5508,1991 5149,1998 4791,2005 4432,2013 4074,2020 3715,2027 3357,2033 2998,2038 2640,2042 2281,2045 1923,2046 1564,2045 1206,2043"/>
                <Baseline points="1206,2084 1564,2086 1923,2087 2281,2086 2640,2083 2998,2079 3357,2074 3715,2068 4074,2061 4432,2054 4791,2046 5149,2039 5508,2032 5866,2026 6225,2021 6583,2017 6942,2014 7300,2013 7659,2014 8017,2016 8376,2021"/>
                <TextEquiv>
                    <Unicode>menti compellere per censuram ecclesiasticam curaremus, nos igitur personas tam regis, quam primogeniti predictorum specialibus favoribus prosequentes dicto domino Karolo marchioni presenti et domino regi, genitori suo, absenti de consilio</Unicode>
                </TextEquiv>
            </TextLine>
            <TextLine id="r2l15" custom="readingOrder {index:14;}">
                <Coords points="1204,2188 1565,2195 1926,2198 2287,2199 2648,2197 3009,2193 3370,2187 3731,2180 4092,2172 4453,2164 4814,2155 5175,2146 5536,2138 5897,2131 6258,2125 6619,2120 6980,2117 7341,2116 7702,2118 8063,2123 8424,2131 8424,2070 8063,2062 7702,2057 7341,2055 6980,2056 6619,2059 6258,2064 5897,2070 5536,2077 5175,2085 4814,2094 4453,2103 4092,2111 3731,2119 3370,2126 3009,2132 2648,2136 2287,2138 1926,2137 1565,2134 1204,2127"/>
                <Baseline points="1204,2168 1565,2175 1926,2178 2287,2179 2648,2177 3009,2173 3370,2167 3731,2160 4092,2152 4453,2144 4814,2135 5175,2126 5536,2118 5897,2111 6258,2105 6619,2100 6980,2097 7341,2096 7702,2098 8063,2103 8424,2111"/>
                <TextEquiv>
                    <Unicode>nostri capituli promittimus et spondemus pro nobis et sucessoribus nostris, quod si quis ducum predictorum, heredum et successorum suorum, quod non credimus, fieret in futurum transgressor proprii iuramenti, nos ipsum vel ipsos ad observacionem</Unicode>
                </TextEquiv>
            </TextLine>
            <TextLine id="r2l16" custom="readingOrder {index:15;}">
                <Coords points="1206,2281 1569,2290 1932,2295 2295,2297 2658,2295 3022,2291 3385,2285 3748,2276 4111,2268 4474,2258 4838,2248 5201,2237 5564,2228 5927,2220 6290,2212 6654,2207 7017,2204 7380,2204 7743,2208 8106,2215 8470,2226 8470,2163 8106,2152 7743,2145 7380,2141 7017,2141 6654,2144 6290,2149 5927,2157 5564,2165 5201,2174 4838,2185 4474,2195 4111,2205 3748,2213 3385,2222 3022,2228 2658,2232 2295,2234 1932,2232 1569,2227 1206,2218"/>
                <Baseline points="1206,2260 1569,2269 1932,2274 2295,2276 2658,2274 3022,2270 3385,2264 3748,2255 4111,2247 4474,2237 4838,2227 5201,2216 5564,2207 5927,2199 6290,2191 6654,2186 7017,2183 7380,2183 7743,2187 8106,2194 8470,2205"/>
                <TextEquiv>
                    <Unicode>fidei et iuramenti per censuram ecclesiasticam ad requisicionem dictorum dominorum regis et marchionis, postquam nobis de transgressione huiusmodi constiterit, legitime compellemus. Insuper cum dicto domino marchione vice regia et sua talem</Unicode>
                </TextEquiv>
            </TextLine>
            <TextLine id="r2l17" custom="readingOrder {index:16;}">
                <Coords points="1230,2370 1591,2382 1952,2389 2313,2392 2674,2391 3036,2388 3397,2381 3758,2372 4119,2361 4480,2349 4842,2338 5203,2326 5564,2315 5925,2305 6286,2297 6648,2292 7009,2289 7370,2290 7731,2294 8092,2304 8454,2318 8454,2255 8092,2241 7731,2231 7370,2227 7009,2226 6648,2229 6286,2234 5925,2242 5564,2252 5203,2263 4842,2275 4480,2286 4119,2298 3758,2309 3397,2318 3036,2325 2674,2328 2313,2329 1952,2326 1591,2319 1230,2307"/>
                <Baseline points="1230,2349 1591,2361 1952,2368 2313,2371 2674,2370 3036,2367 3397,2360 3758,2351 4119,2340 4480,2328 4842,2317 5203,2305 5564,2294 5925,2284 6286,2276 6648,2271 7009,2268 7370,2269 7731,2273 8092,2283 8454,2297"/>
                <TextEquiv>
                    <Unicode>inivimus concordie unionem, quod nos nulli regi vel principi ipsos impugnare volenti contra ipsos dominum regem et marchionem heredes que ipsorum prestabimus auxilium, consilium vel favorem ymo sincere dileccionis affectu</Unicode>
                </TextEquiv>
            </TextLine>
            <TextLine id="r2l18" custom="readingOrder {index:17;} person {offset:26; length:8;} place {offset:78; length:7;} place {offset:165; length:14;} person {offset:201; length:15;}">
                <Coords points="1204,2458 1561,2472 1918,2481 2276,2485 2633,2485 2991,2482 3348,2476 3705,2468 4063,2457 4420,2446 4778,2434 5135,2422 5492,2410 5850,2399 6207,2390 6565,2383 6922,2379 7279,2378 7637,2381 7994,2388 8352,2400 8352,2337 7994,2325 7637,2318 7279,2315 6922,2316 6565,2320 6207,2327 5850,2336 5492,2347 5135,2359 4778,2371 4420,2383 4063,2394 3705,2405 3348,2413 2991,2419 2633,2422 2276,2422 1918,2418 1561,2409 1204,2395"/>
                <Baseline points="1204,2437 1561,2451 1918,2460 2276,2464 2633,2464 2991,2461 3348,2455 3705,2447 4063,2436 4420,2425 4778,2413 5135,2401 5492,2389 5850,2378 6207,2369 6565,2362 6922,2358 7279,2357 7637,2360 7994,2367 8352,2379"/>
                <TextEquiv>
                    <Unicode>desiderantes dicti domini Johannis regis heredum et successorum suorum, regum Bohemie, rem publicam salubriter prosperari sibi, tamquam patrono principali in ducatu Wratislaviensi, sicut memoratus dux Henricus sextus et</Unicode>
                </TextEquiv>
            </TextLine>
            <TextLine id="r2l19" custom="readingOrder {index:18;} place {offset:130; length:8;}">
                <Coords points="1191,2544 1573,2560 1955,2571 2337,2576 2719,2576 3101,2573 3483,2566 3865,2557 4247,2546 4629,2534 5011,2521 5393,2508 5775,2496 6157,2486 6539,2477 6921,2471 7303,2469 7685,2471 8067,2478 8450,2491 8450,2428 8067,2415 7685,2408 7303,2406 6921,2408 6539,2414 6157,2423 5775,2433 5393,2445 5011,2458 4629,2471 4247,2483 3865,2494 3483,2503 3101,2510 2719,2513 2337,2513 1955,2508 1573,2497 1191,2481"/>
                <Baseline points="1191,2523 1573,2539 1955,2550 2337,2555 2719,2555 3101,2552 3483,2545 3865,2536 4247,2525 4629,2513 5011,2500 5393,2487 5775,2475 6157,2465 6539,2456 6921,2450 7303,2448 7685,2450 8067,2457 8450,2470"/>
                <TextEquiv>
                    <Unicode>ultimus patronus fuisse dignoscitur ab antiquo, cui immediate successit dominus rex prefatus municiones nostras ecclesie et terre Nysensis, quarum plenum dominium et liberum nos habemus. Contra quoscumque reges et duces, extra</Unicode>
                </TextEquiv>
            </TextLine>
            <TextLine id="r2l20" custom="readingOrder {index:19;} place {offset:14; length:15;} place {offset:170; length:15;}">
                <Coords points="1202,2637 1567,2653 1932,2665 2297,2670 2662,2671 3027,2668 3392,2662 3757,2653 4122,2643 4487,2630 4852,2617 5217,2604 5582,2590 5947,2579 6312,2568 6677,2560 7042,2554 7407,2552 7772,2554 8137,2561 8502,2573 8502,2515 8137,2503 7772,2496 7407,2494 7042,2496 6677,2502 6312,2510 5947,2521 5582,2532 5217,2546 4852,2559 4487,2572 4122,2585 3757,2595 3392,2604 3027,2610 2662,2613 2297,2612 1932,2607 1567,2595 1202,2579"/>
                <Baseline points="1202,2618 1567,2634 1932,2646 2297,2651 2662,2652 3027,2649 3392,2643 3757,2634 4122,2624 4487,2611 4852,2598 5217,2585 5582,2571 5947,2560 6312,2549 6677,2541 7042,2535 7407,2533 7772,2535 8137,2542 8502,2554"/>
                <TextEquiv>
                    <Unicode>tamen nostram Wratislaviensem dyocesim consistentes, dictum dominum regem forsitam inuadentes aperiemus et faciemus pro defencione patrie absque tamen nostro et ecclesie Wratislaviensis ac subditorum nostrorum dampno vel preiudicio</Unicode>
                </TextEquiv>
            </TextLine>
            <TextLine id="r2l21" custom="readingOrder {index:20;}">
                <Coords points="1190,2722 1556,2744 1922,2758 2288,2767 2654,2770 3020,2769 3386,2763 3752,2754 4118,2743 4484,2730 4851,2715 5217,2701 5583,2686 5949,2671 6315,2659 6681,2648 7047,2640 7413,2636 7779,2636 8145,2641 8512,2652 8512,2594 8145,2583 7779,2578 7413,2578 7047,2582 6681,2590 6315,2601 5949,2613 5583,2628 5217,2643 4851,2657 4484,2672 4118,2685 3752,2696 3386,2705 3020,2711 2654,2712 2288,2709 1922,2700 1556,2686 1190,2664"/>
                <Baseline points="1190,2703 1556,2725 1922,2739 2288,2748 2654,2751 3020,2750 3386,2744 3752,2735 4118,2724 4484,2711 4851,2696 5217,2682 5583,2667 5949,2652 6315,2640 6681,2629 7047,2621 7413,2617 7779,2617 8145,2622 8512,2633"/>
                <TextEquiv>
                    <Unicode>aperiri nobis vero et capitulo recipientibus nomine ecclesie nostre promisit vice regia et suo nomine dominus marchio supradictus, quod ipsi nos ecclesiam nostram et terras ipsius ab omnibus regum, principum, potentum et tyrannorum maxime</Unicode>
                </TextEquiv>
            </TextLine>
            <TextLine id="r2l22" custom="readingOrder {index:21;} place {offset:0; length:7;} place {offset:11; length:7;}">
                <Coords points="1214,2815 1576,2835 1939,2848 2301,2856 2664,2859 3027,2858 3389,2853 3752,2845 4114,2835 4477,2823 4840,2809 5202,2795 5565,2781 5927,2767 6290,2754 6653,2744 7015,2736 7378,2730 7740,2729 8103,2732 8466,2739 8466,2676 8103,2669 7740,2666 7378,2667 7015,2673 6653,2681 6290,2691 5927,2704 5565,2718 5202,2732 4840,2746 4477,2760 4114,2772 3752,2782 3389,2790 3027,2795 2664,2796 2301,2793 1939,2785 1576,2772 1214,2752"/>
                <Baseline points="1214,2794 1576,2814 1939,2827 2301,2835 2664,2838 3027,2837 3389,2832 3752,2824 4114,2814 4477,2802 4840,2788 5202,2774 5565,2760 5927,2746 6290,2733 6653,2723 7015,2715 7378,2709 7740,2708 8103,2711 8466,2718"/>
                <TextEquiv>
                    <Unicode>Bohemie et Moravie ac quorumlibet aliorum invasionibus, impugnacionibus et iniuriis pro viribus protegent et eciam defensabunt, per premissa tamen privilegiis, donacionibus et libertatibus datis et concessis per quondam</Unicode>
                </TextEquiv>
            </TextLine>
            <TextLine id="r2l23" custom="readingOrder {index:22;} place {offset:10; length:6;}">
                <Coords points="1245,2902 1603,2922 1962,2936 2321,2945 2680,2949 3038,2948 3397,2943 3756,2935 4115,2925 4473,2912 4832,2899 5191,2884 5550,2870 5908,2857 6267,2844 6626,2833 6985,2825 7343,2820 7702,2819 8061,2822 8420,2830 8420,2773 8061,2765 7702,2762 7343,2763 6985,2768 6626,2776 6267,2787 5908,2800 5550,2813 5191,2827 4832,2842 4473,2855 4115,2868 3756,2878 3397,2886 3038,2891 2680,2892 2321,2888 1962,2879 1603,2865 1245,2845"/>
                <Baseline points="1245,2883 1603,2903 1962,2917 2321,2926 2680,2930 3038,2929 3397,2924 3756,2916 4115,2906 4473,2893 4832,2880 5191,2865 5550,2851 5908,2838 6267,2825 6626,2814 6985,2806 7343,2801 7702,2800 8061,2803 8420,2811"/>
                <TextEquiv>
                    <Unicode>principes Slesie eidem nostre ecclesie non intendimus aliquod preiudicium generare. In quorum testimonium sigillum nostrum presentibus est appensum. Actum et datum in domo habitacionis cruciferorum ordinis sancti Johannis</Unicode>
                </TextEquiv>
            </TextLine>
            <TextLine id="r2l24" custom="readingOrder {index:23;} place {offset:21; length:12;}">
                <Coords points="1237,2988 1614,3011 1992,3026 2370,3035 2748,3039 3126,3038 3504,3032 3881,3023 4259,3011 4637,2997 5015,2982 5393,2966 5771,2950 6148,2936 6526,2923 6904,2912 7282,2904 7660,2900 8038,2901 8416,2907 8416,2850 8038,2844 7660,2843 7282,2847 6904,2855 6526,2866 6148,2879 5771,2893 5393,2909 5015,2925 4637,2940 4259,2954 3881,2966 3504,2975 3126,2981 2748,2982 2370,2978 1992,2969 1614,2954 1237,2931"/>
                <Baseline points="1237,2969 1614,2992 1992,3007 2370,3016 2748,3020 3126,3019 3504,3013 3881,3004 4259,2992 4637,2978 5015,2963 5393,2947 5771,2931 6148,2917 6526,2904 6904,2893 7282,2885 7660,2881 8038,2882 8416,2888"/>
                <TextEquiv>
                    <Unicode>ierosolimitani prope Wratislaviam in octava beati Joannis Baptiste anno Domini millesimo trecentesimo quadragesimo secundo. In cuius rei testimonium atque robur presentes nostras litteras ac inserciones sigillorum nostrorum appen¬</Unicode>
                </TextEquiv>
            </TextLine>
            <TextLine id="r2l25" custom="readingOrder {index:24;} place {offset:38; length:6;} date {offset:45; length:145;year:0; day:0; month:0;} place {offset:128; length:8;} place {offset:172; length:7;}">
                <Coords points="1237,3081 1568,3102 1900,3117 2231,3128 2563,3133 2894,3135 3226,3133 3557,3127 3889,3120 4220,3110 4552,3098 4884,3085 5215,3071 5547,3058 5878,3044 6210,3031 6541,3021 6873,3011 7204,3004 7536,3000 7868,2999 7868,2936 7536,2937 7204,2941 6873,2948 6541,2958 6210,2968 5878,2981 5547,2995 5215,3008 4884,3022 4552,3035 4220,3047 3889,3057 3557,3064 3226,3070 2894,3072 2563,3070 2231,3065 1900,3054 1568,3039 1237,3018"/>
                <Baseline points="1237,3060 1568,3081 1900,3096 2231,3107 2563,3112 2894,3114 3226,3112 3557,3106 3889,3099 4220,3089 4552,3077 4884,3064 5215,3050 5547,3037 5878,3023 6210,3010 6541,3000 6873,2990 7204,2983 7536,2979 7868,2978"/>
                <TextEquiv>
                    <Unicode>sione fecimus firmius roborari. Datum Wyenne anno Domini millesimo quadringentesimo XXVI XX die marcii, regnorum nostrorum anno Hungarie et cetera XXXVIIII, romanorum XVI, Bohemie vero sexto.</Unicode>
                </TextEquiv>
            </TextLine>
            <TextEquiv>
                <Unicode>Nos Sigismundus, Dei gracia romanorum rex, semper augustus ac Hungarie, Bohemie, Dalmacie, Croacie et cetera rex, et Albertus, eadem gracia dux Austrie, Styrie, Karinthie et cetera et marchio Moravie, notum facimus tenore presencium universis,
quod nos nuper vidimus et auscultari ac legi fecimus certas litteras venerabilis Preczlavi, episcopi Wratislaviensis, non abrasas seu cautellatas sed integras sanas et omni vicio ac suspicione carentes sigilloque vero non ficto firmius communitas,
quas ad presentes nostras litteras atque scripta inseri et transcribi fecimus ut eis aquocumque homine adhibeatur fides infallibilis atque firma, quarum quidem litterarum tenor de verbo ad verbum per omnia sequitur et est talis: In nomine domini Amen. Nos
Preczlaus, dei et apostolice sedis providencia episcopus Wratislaviensis, omnibus presentes litteras intuentibus publice profitemur, quod magnifici principes domini Boleslaus Bregensis, Bolko Falkenbergensis et Bolko Opoliensis, Wladislaus
Coslenensis, Kazimirus Thesschinensis, Nicolaus Opaviensis et Rathiboriensis ac Semouitus Gliwicensis, duces nostre Wratislaviensis diocesis, in nostra presencia constituti sponte recognoverunt et publice sunt confessi se municiones suas et
terras ipsis subiectas singuli suas terras et municiones in manus serenissimi principis domini Johannis, regis Bohemie, resignasse dictasque municiones et terras taliter resignatas ab eodem domino Johanne, rege suo, et heredum
suorum nomine regni Bohemie imperpetuum feodum recepisse, iuramentum quoque fidelitatis et homagium ipsi regi Bohemie et suis heredibus seu successoribus legitimis pro se et eorum heredibus prestitisse. Similiter eciam nobiles terre
et consules civitatis Wratislaviensis suo et civitatis ac universitatis eiusdem civitatis nomine in nostra presencia constituti sponte recognoverunt et publice sunt confessi pie memorie Henricum sextum et ultimum, olim ducem Wratislaviensem,
ipsius ducatus Wratislaviensis dominum hereditarium, civitatemque Wratislaviensem et ducatum ipsius cum suo honore iurisdictione et districtu eidem domino regi donasse, tradidisse et cessisse sponte et libere de eisdem per regem predictum
et heredes ipsorum non dividendo ea a regno Bohemie seu corona regni eiusdem perpetuo possidenda, seque universitates et singulares personas civitatis et aliorum opidorum ac locorum dicti Wratislaviensis ducatus eidem domino Johanni,
regi Bohemie, et suis heredibus verum et fidele homagium prestitisse promittentes firmiter, quod regibus et corone regni Bohemie homagium, fidem et iuramenta fidelitatis per ipsos prestita eidem domino regi ac suis heredibus
perpetuo fideliter observabunt, quare excellens princeps dominus Karolus, marchio Moravie, primogenitus dicti regis, qui predictis recognocioni et confessioni affuit, coram nobis a nobis instanter postulans ut sibi super eisdem
recognicionibus et confessionibus nostras daremus testimoniales litteras et nihilominus, si aliquem vel aliquos de predictis venire contra religionem iuramenti prestiti contigeret, in futurum ipsos ad observacionem huiusmodi iura¬
menti compellere per censuram ecclesiasticam curaremus, nos igitur personas tam regis, quam primogeniti predictorum specialibus favoribus prosequentes dicto domino Karolo marchioni presenti et domino regi, genitori suo, absenti de consilio
nostri capituli promittimus et spondemus pro nobis et sucessoribus nostris, quod si quis ducum predictorum, heredum et successorum suorum, quod non credimus, fieret in futurum transgressor proprii iuramenti, nos ipsum vel ipsos ad observacionem
fidei et iuramenti per censuram ecclesiasticam ad requisicionem dictorum dominorum regis et marchionis, postquam nobis de transgressione huiusmodi constiterit, legitime compellemus. Insuper cum dicto domino marchione vice regia et sua talem
inivimus concordie unionem, quod nos nulli regi vel principi ipsos impugnare volenti contra ipsos dominum regem et marchionem heredes que ipsorum prestabimus auxilium, consilium vel favorem ymo sincere dileccionis affectu
desiderantes dicti domini Johannis regis heredum et successorum suorum, regum Bohemie, rem publicam salubriter prosperari sibi, tamquam patrono principali in ducatu Wratislaviensi, sicut memoratus dux Henricus sextus et
ultimus patronus fuisse dignoscitur ab antiquo, cui immediate successit dominus rex prefatus municiones nostras ecclesie et terre Nysensis, quarum plenum dominium et liberum nos habemus. Contra quoscumque reges et duces, extra
tamen nostram Wratislaviensem dyocesim consistentes, dictum dominum regem forsitam inuadentes aperiemus et faciemus pro defencione patrie absque tamen nostro et ecclesie Wratislaviensis ac subditorum nostrorum dampno vel preiudicio
aperiri nobis vero et capitulo recipientibus nomine ecclesie nostre promisit vice regia et suo nomine dominus marchio supradictus, quod ipsi nos ecclesiam nostram et terras ipsius ab omnibus regum, principum, potentum et tyrannorum maxime
Bohemie et Moravie ac quorumlibet aliorum invasionibus, impugnacionibus et iniuriis pro viribus protegent et eciam defensabunt, per premissa tamen privilegiis, donacionibus et libertatibus datis et concessis per quondam
principes Slesie eidem nostre ecclesie non intendimus aliquod preiudicium generare. In quorum testimonium sigillum nostrum presentibus est appensum. Actum et datum in domo habitacionis cruciferorum ordinis sancti Johannis
ierosolimitani prope Wratislaviam in octava beati Joannis Baptiste anno Domini millesimo trecentesimo quadragesimo secundo. In cuius rei testimonium atque robur presentes nostras litteras ac inserciones sigillorum nostrorum appen¬
sione fecimus firmius roborari. Datum Wyenne anno Domini millesimo quadringentesimo XXVI XX die marcii, regnorum nostrorum anno Hungarie et cetera XXXVIIII, romanorum XVI, Bohemie vero sexto.</Unicode>
            </TextEquiv>
        </TextRegion>
        <TextRegion id="region_1573572939060_336" custom="readingOrder {index:1;}">
            <Coords points="7151,3156 8328,3156 8328,3450 7151,3450"/>
            <TextLine id="line_1573572947889_339" custom="readingOrder {index:0;}">
                <Coords points="7381,3247 7653,3248 7884,3243 8155,3266 8151,3316 7883,3293 7653,3298 7381,3297"/>
                <Baseline points="7381,3292 7653,3293 7883,3288 8151,3311"/>
                <TextEquiv>
                    <Unicode>Ad mandatum domini regis</Unicode>
                </TextEquiv>
            </TextLine>
            <TextLine id="line_1573572951597_344" custom="readingOrder {index:1;} person {offset:0; length:34;} place {offset:20; length:14;}">
                <Coords points="7434,3320 7761,3322 7948,3334 8108,3334 8108,3384 7947,3384 7759,3372 7434,3370"/>
                <Baseline points="7434,3365 7759,3367 7947,3379 8108,3379"/>
                <TextEquiv>
                    <Unicode>Michael, prepositus Boleslaviensis.</Unicode>
                </TextEquiv>
            </TextLine>
            <TextEquiv>
                <Unicode>Ad mandatum domini regis
Michael, prepositus Boleslaviensis.</Unicode>
            </TextEquiv>
        </TextRegion>
    </Page>
</PcGts>
