<?xml version="1.0" encoding="UTF-8" standalone="yes"?>
<PcGts xmlns="http://schema.primaresearch.org/PAGE/gts/pagecontent/2013-07-15" xmlns:xsi="http://www.w3.org/2001/XMLSchema-instance" xsi:schemaLocation="http://schema.primaresearch.org/PAGE/gts/pagecontent/2013-07-15 http://schema.primaresearch.org/PAGE/gts/pagecontent/2013-07-15/pagecontent.xsd">
    <Metadata>
        <Creator>prov=University of Rostock/Institute of Mathematics/CITlab/Tobias Gruening/tobias.gruening@uni-rostock.de:name=/net_tf/LA73_249_0mod360.pb:de.uros.citlab.segmentation.CITlab_LA_ML:v=2.3.1
TRP</Creator>
        <Created>2019-07-31T09:19:22.447+02:00</Created>
        <LastChange>2019-10-25T15:19:48.852+02:00</LastChange>
        <TranskribusMetadata docId="190036" pageId="7516917" pageNr="1" tsid="17811468" status="IN_PROGRESS" userId="40502" imgUrl="https://files.transkribus.eu/Get?id=PIGLAVYKFIBHWDGQBIDNBTLU&amp;fileType=view" xmlUrl="https://files.transkribus.eu/Get?id=QLZOUWLIERJRTRXAPNTGRVET" imageId="4523768"/>
    </Metadata>
    <Page imageFilename="450m.jpg" imageWidth="3000" imageHeight="2261">
        <ReadingOrder>
            <OrderedGroup id="ro_1575392373609" caption="Regions reading order">
                <RegionRefIndexed index="0" regionRef="r2"/>
            </OrderedGroup>
        </ReadingOrder>
        <TextRegion orientation="0.0" id="r2" custom="readingOrder {index:0;}">
            <Coords points="292,182 290,997 2110,1011 2112,196"/>
            <TextLine id="r2l3" custom="readingOrder {index:0;} person {offset:4; length:126;} place {offset:45; length:6;} place {offset:92; length:13;} place {offset:126; length:4;}">
                <Coords points="381,312 466,309 552,307 638,304 724,302 810,299 895,297 981,295 1067,293 1153,291 1239,290 1324,288 1410,287 1496,285 1582,284 1668,284 1753,283 1839,283 1925,283 2011,283 2097,283 2097,253 2011,253 1925,253 1839,253 1753,253 1668,254 1582,254 1496,255 1410,257 1324,258 1239,260 1153,261 1067,263 981,265 895,267 810,269 724,272 638,274 552,277 466,279 381,282"/>
                <Baseline points="381,302 466,299 552,297 638,294 724,292 810,289 895,287 981,285 1067,283 1153,281 1239,280 1324,278 1410,277 1496,275 1582,274 1668,274 1753,273 1839,273 1925,273 2011,273 2097,273"/>
                <TextEquiv>
                    <Unicode>Wir Baldwin von Gots gnaden erczebischove zu Tryere, des heiligin reichs erczcanczler durch Welische lant und daz kungrich zu Arle, bekennen und tun kunt offenlich</Unicode>
                </TextEquiv>
            </TextLine>
            <TextLine id="r2l4" custom="readingOrder {index:1;} person {offset:129; length:44; continued:true;}">
                <Coords points="408,346 491,342 574,339 658,335 741,333 824,330 908,328 991,326 1074,324 1158,322 1241,321 1324,320 1408,319 1491,318 1574,317 1658,316 1741,315 1824,314 1908,314 1991,313 2075,312 2075,282 1991,283 1908,284 1824,284 1741,285 1658,286 1574,287 1491,288 1408,289 1324,290 1241,291 1158,292 1074,294 991,296 908,298 824,300 741,303 658,305 574,309 491,312 408,316"/>
                <Baseline points="408,336 491,332 574,329 658,325 741,323 824,320 908,318 991,316 1074,314 1158,312 1241,311 1324,310 1408,309 1491,308 1574,307 1658,306 1741,305 1824,304 1908,304 1991,303 2075,302"/>
                <TextEquiv>
                    <Unicode>mit disem brive allen den, die in sehent odir horent lesen, alleine die brive dez allirdurchluchtigsten fursten und herren, hern Karls romischem kungs zu allen tzeiten merer</Unicode>
                </TextEquiv>
            </TextLine>
            <TextLine id="r2l5" custom="readingOrder {index:2;} person {offset:0; length:30; continued:true;} place {offset:120; length:4;} place {offset:140; length:5;} place {offset:150; length:9;}">
                <Coords points="410,379 493,374 576,371 659,367 742,364 825,361 908,359 991,356 1074,354 1157,353 1240,351 1323,350 1406,349 1489,348 1572,347 1655,346 1738,346 1821,346 1904,345 1987,345 2071,345 2071,315 1987,315 1904,315 1821,316 1738,316 1655,316 1572,317 1489,318 1406,319 1323,320 1240,321 1157,323 1074,324 991,326 908,329 825,331 742,334 659,337 576,341 493,344 410,349"/>
                <Baseline points="410,369 493,364 576,361 659,357 742,354 825,351 908,349 991,346 1074,344 1157,343 1240,341 1323,340 1406,339 1489,338 1572,337 1655,336 1738,336 1821,336 1904,335 1987,335 2071,335"/>
                <TextEquiv>
                    <Unicode>des reichs und kungs zu Beheim, unsirs lieben gnedigen herren, die er ubir seine pfantscheft der stat und des landes zu Eger und der vesten Flozz und Parkstein und waz</Unicode>
                </TextEquiv>
            </TextLine>
            <TextLine id="r2l6" custom="readingOrder {index:3;} place {offset:105; length:6;}">
                <Coords points="407,411 490,408 573,404 657,401 740,398 823,395 907,393 990,391 1073,389 1157,387 1240,385 1323,384 1407,382 1490,381 1573,380 1657,379 1740,378 1823,377 1907,376 1990,376 2074,375 2074,345 1990,346 1907,346 1823,347 1740,348 1657,349 1573,350 1490,351 1407,352 1323,354 1240,355 1157,357 1073,359 990,361 907,363 823,365 740,368 657,371 573,374 490,378 407,381"/>
                <Baseline points="407,401 490,398 573,394 657,391 740,388 823,385 907,383 990,381 1073,379 1157,377 1240,375 1323,374 1407,372 1490,371 1573,370 1657,369 1740,368 1823,367 1907,366 1990,366 2074,365"/>
                <TextEquiv>
                    <Unicode>dorczu gehoret, gehabt hat und die auch seliger gedechtnuzze die hochgebornen fursten, ettwenne kunge zu Beheim, seine eltern durch merklichin sachin willen von dem heiligen</Unicode>
                </TextEquiv>
            </TextLine>
            <TextLine id="r2l7" custom="readingOrder {index:4;}">
                <Coords points="416,443 499,440 583,436 666,433 750,430 834,427 917,425 1001,423 1084,421 1168,419 1252,418 1335,416 1419,415 1502,414 1586,413 1670,412 1753,411 1837,410 1920,409 2004,409 2088,408 2088,378 2004,379 1920,379 1837,380 1753,381 1670,382 1586,383 1502,384 1419,385 1335,386 1252,388 1168,389 1084,391 1001,393 917,395 834,397 750,400 666,403 583,406 499,410 416,413"/>
                <Baseline points="416,433 499,430 583,426 666,423 750,420 834,417 917,415 1001,413 1084,411 1168,409 1252,408 1335,406 1419,405 1502,404 1586,403 1670,402 1753,401 1837,400 1920,399 2004,399 2088,398"/>
                <TextEquiv>
                    <Unicode>reiche behaldin und derworben haben, von widirczemer ungeschicht beyde verbrennet und verlorn sint, daz er domite sein recht nicht beweisen mag, als billich were, </Unicode>
                </TextEquiv>
            </TextLine>
            <TextLine id="r2l8" custom="readingOrder {index:5;} place {offset:152; length:4;}">
                <Coords points="412,480 496,476 581,472 666,469 751,466 836,463 920,461 1005,459 1090,457 1175,454 1260,453 1344,451 1429,450 1514,449 1599,448 1684,447 1768,446 1853,445 1938,444 2023,443 2108,443 2108,413 2023,413 1938,414 1853,415 1768,416 1684,417 1599,418 1514,419 1429,420 1344,421 1260,423 1175,424 1090,427 1005,429 920,431 836,433 751,436 666,439 581,442 496,446 412,450"/>
                <Baseline points="412,470 496,466 581,462 666,459 751,456 836,453 920,451 1005,449 1090,447 1175,444 1260,443 1344,441 1429,440 1514,439 1599,438 1684,437 1768,436 1853,435 1938,434 2023,433 2108,433"/>
                <TextEquiv>
                    <Unicode>doch, sintdemmal, daz uns dieselbe pfantschaft wol kundig ist und wir sulchir geleginheit wol und genczlich undirweisit sein, daz die obgenante stat zu Eger mit dem lande</Unicode>
                </TextEquiv>
            </TextLine>
            <TextLine id="r2l9" custom="readingOrder {index:6;} place {offset:15; length:5;} place {offset:25; length:9;} place {offset:91; length:6;}">
                <Coords points="404,514 489,511 574,508 659,505 745,502 830,499 915,497 1000,494 1086,492 1171,491 1256,489 1341,487 1427,486 1512,484 1597,483 1682,482 1768,481 1853,480 1938,479 2023,478 2109,477 2109,447 2023,448 1938,449 1853,450 1768,451 1682,452 1597,453 1512,454 1427,456 1341,457 1256,459 1171,461 1086,462 1000,464 915,467 830,469 745,472 659,475 574,478 489,481 404,484"/>
                <Baseline points="404,504 489,501 574,498 659,495 745,492 830,489 915,487 1000,484 1086,482 1171,481 1256,479 1341,477 1427,476 1512,474 1597,473 1682,472 1768,471 1853,470 1938,469 2023,468 2109,467"/>
                <TextEquiv>
                    <Unicode>und die vesten Flozz und Parkstein mit allen czugehorungen dem kungriche und der cronen zu Beheim umb viertzig tusent mark lotiges silbers, sechst halben guldin floren¬</Unicode>
                </TextEquiv>
            </TextLine>
            <TextLine id="r2l10" custom="readingOrder {index:7;} place {offset:165; length:3; continued:true;}">
                <Coords points="408,549 492,545 576,543 660,540 744,537 828,535 912,532 997,530 1081,528 1165,526 1249,524 1333,522 1417,521 1501,520 1586,518 1670,517 1754,517 1838,516 1922,516 2006,515 2091,515 2091,485 2006,485 1922,486 1838,486 1754,487 1670,487 1586,488 1501,490 1417,491 1333,492 1249,494 1165,496 1081,498 997,500 912,502 828,505 744,507 660,510 576,513 492,515 408,519"/>
                <Baseline points="408,539 492,535 576,533 660,530 744,527 828,525 912,522 997,520 1081,518 1165,516 1249,514 1333,512 1417,511 1501,510 1586,508 1670,507 1754,507 1838,506 1922,506 2006,505 2091,505"/>
                <TextEquiv>
                    <Unicode>tzer gewicht fur ye die mark czu reyten, zu rechtem pfande, recht und redlichen, von wegen des heiligin reichs versetzit sind, und sein eldirn und vorvarn, kunge zu Be¬</Unicode>
                </TextEquiv>
            </TextLine>
            <TextLine id="r2l11" custom="readingOrder {index:8;} place {offset:0; length:3; continued:true;}">
                <Coords points="412,583 494,581 577,578 660,576 743,573 826,571 909,568 992,566 1075,564 1158,562 1241,560 1323,558 1406,557 1489,555 1572,554 1655,553 1738,552 1821,552 1904,551 1987,551 2070,551 2070,521 1987,521 1904,521 1821,522 1738,522 1655,523 1572,524 1489,525 1406,527 1323,528 1241,530 1158,532 1075,534 992,536 909,538 826,541 743,543 660,546 577,548 494,551 412,553"/>
                <Baseline points="412,573 494,571 577,568 660,566 743,563 826,561 909,558 992,556 1075,554 1158,552 1241,550 1323,548 1406,547 1489,545 1572,544 1655,543 1738,542 1821,542 1904,541 1987,541 2070,541"/>
                <TextEquiv>
                    <Unicode>hem, in gewere und rechtir besitzunge derselbin pfantschefte gewesen sint und er noch ist uf disen hutigen tag, des habin wir angesehin die besunder gnade und</Unicode>
                </TextEquiv>
            </TextLine>
            <TextLine id="r2l12" custom="readingOrder {index:9;}">
                <Coords points="408,616 491,614 575,612 659,610 743,607 827,605 911,603 995,601 1079,599 1163,597 1247,595 1330,594 1414,592 1498,590 1582,589 1666,588 1750,587 1834,586 1918,585 2002,584 2086,584 2086,554 2002,554 1918,555 1834,556 1750,557 1666,558 1582,559 1498,560 1414,562 1330,564 1247,565 1163,567 1079,569 995,571 911,573 827,575 743,577 659,580 575,582 491,584 408,586"/>
                <Baseline points="408,606 491,604 575,602 659,600 743,597 827,595 911,593 995,591 1079,589 1163,587 1247,585 1330,584 1414,582 1498,580 1582,579 1666,578 1750,577 1834,576 1918,575 2002,574 2086,574"/>
                <TextEquiv>
                    <Unicode>den nutczen, fleizz und auch die steticliche arbeyt, domit der obgenante unsir herre, dez heiligin reiches nutz und ere getrewlich undirstandin hat, und habin auch ge¬</Unicode>
                </TextEquiv>
            </TextLine>
            <TextLine id="r2l13" custom="readingOrder {index:10;} place {offset:87; length:5;}">
                <Coords points="413,647 498,646 583,644 668,643 753,641 838,639 923,638 1009,636 1094,634 1179,632 1264,630 1349,629 1434,627 1519,625 1605,624 1690,622 1775,621 1860,620 1945,619 2030,619 2116,618 2116,588 2030,589 1945,589 1860,590 1775,591 1690,592 1605,594 1519,595 1434,597 1349,599 1264,600 1179,602 1094,604 1009,606 923,608 838,609 753,611 668,613 583,614 498,616 413,617"/>
                <Baseline points="413,637 498,636 583,634 668,633 753,631 838,629 923,628 1009,626 1094,624 1179,622 1264,620 1349,619 1434,617 1519,615 1605,614 1690,612 1775,611 1860,610 1945,609 2030,609 2116,608"/>
                <TextEquiv>
                    <Unicode>bruvet die merklichin getrewin dienst, die seine eldern, ettwenne hochgeborne kunge zu Behem, dem obgenanten reich erlichin und nuczlichin offte getan haben, wanne</Unicode>
                </TextEquiv>
            </TextLine>
            <TextLine id="r2l14" custom="readingOrder {index:11;} place {offset:22; length:5;} place {offset:154; length:5;}">
                <Coords points="412,682 497,681 582,680 667,678 752,677 838,675 923,673 1008,671 1093,669 1178,667 1264,665 1349,663 1434,661 1519,659 1604,658 1690,656 1775,655 1860,653 1945,653 2030,652 2116,652 2116,622 2030,622 1945,623 1860,623 1775,625 1690,626 1604,628 1519,629 1434,631 1349,633 1264,635 1178,637 1093,639 1008,641 923,643 838,645 752,647 667,648 582,650 497,651 412,652"/>
                <Baseline points="412,672 497,671 582,670 667,668 752,667 838,665 923,663 1008,661 1093,659 1178,657 1264,655 1349,653 1434,651 1519,649 1604,648 1690,646 1775,645 1860,643 1945,643 2030,642 2116,642"/>
                <TextEquiv>
                    <Unicode>auch das kungriche zu Behem ein edlez und wirdigez gelyet ist der, romischen cronen, so meinen und wollen wir sulchin schaden dez obgenanten kungrichs zu Behem vernuf¬</Unicode>
                </TextEquiv>
            </TextLine>
            <TextLine id="r2l15" custom="readingOrder {index:12;}">
                <Coords points="406,718 491,716 576,714 661,712 746,710 831,708 916,706 1001,705 1086,703 1171,702 1257,701 1342,699 1427,698 1512,697 1597,696 1682,695 1767,694 1852,693 1937,692 2022,691 2108,690 2108,660 2022,661 1937,662 1852,663 1767,664 1682,665 1597,666 1512,667 1427,668 1342,669 1257,671 1171,672 1086,673 1001,675 916,676 831,678 746,680 661,682 576,684 491,686 406,688"/>
                <Baseline points="406,708 491,706 576,704 661,702 746,700 831,698 916,696 1001,695 1086,693 1171,692 1257,691 1342,689 1427,688 1512,687 1597,686 1682,685 1767,684 1852,683 1937,682 2022,681 2108,680"/>
                <TextEquiv>
                    <Unicode>ticlich undirsteen durch die besundire trewe, domit wir, als ein kurfürste dem heiligin reich verbunden sein, uf die rede, daz der obgenante unsir herre daz selbe sein kung¬</Unicode>
                </TextEquiv>
            </TextLine>
            <TextLine id="r2l16" custom="readingOrder {index:13;} place {offset:8; length:5;}">
                <Coords points="406,752 491,750 576,748 661,746 746,744 832,743 917,741 1002,739 1087,738 1172,737 1258,735 1343,734 1428,733 1513,732 1598,731 1684,730 1769,729 1854,728 1939,727 2024,727 2110,726 2110,696 2024,697 1939,697 1854,698 1769,699 1684,700 1598,701 1513,702 1428,703 1343,704 1258,705 1172,707 1087,708 1002,709 917,711 832,713 746,714 661,716 576,718 491,720 406,722"/>
                <Baseline points="406,742 491,740 576,738 661,736 746,734 832,733 917,731 1002,729 1087,728 1172,727 1258,725 1343,724 1428,723 1513,722 1598,721 1684,720 1769,719 1854,718 1939,717 2024,717 2110,716"/>
                <TextEquiv>
                    <Unicode>rich zu Behem, durch sulchin tzweyvel icht beschedigit oder gehindirt werde. So bekennen wir mit wolbedachtem mute und mit rechter wizzen, daz die obgenante stat zu</Unicode>
                </TextEquiv>
            </TextLine>
            <TextLine id="r2l17" custom="readingOrder {index:14;} place {offset:0; length:4;} place {offset:34; length:5;} place {offset:44; length:9;}">
                <Coords points="402,785 487,784 572,782 657,780 742,779 828,777 913,776 998,774 1083,773 1168,771 1254,770 1339,768 1424,767 1509,766 1594,765 1680,764 1765,763 1850,763 1935,763 2020,763 2106,763 2106,733 2020,733 1935,733 1850,733 1765,733 1680,734 1594,735 1509,736 1424,737 1339,738 1254,740 1168,741 1083,743 998,744 913,746 828,747 742,749 657,750 572,752 487,754 402,755"/>
                <Baseline points="402,775 487,774 572,772 657,770 742,769 828,767 913,766 998,764 1083,763 1168,761 1254,760 1339,758 1424,757 1509,756 1594,755 1680,754 1765,753 1850,753 1935,753 2020,753 2106,753"/>
                <TextEquiv>
                    <Unicode>Eger mit dem lande und die vesten Flozz und Parkstein mit merkten, dorfen, mit edlen und unedlen, armen und reichen, kreizzen und allen zugehorungin, die in den ge¬</Unicode>
                </TextEquiv>
            </TextLine>
            <TextLine id="r2l18" custom="readingOrder {index:15;} place {offset:110; length:6;} place {offset:155; length:6;}">
                <Coords points="402,820 487,819 572,818 657,817 742,816 827,815 912,813 997,812 1082,810 1167,809 1253,808 1338,807 1423,805 1508,804 1593,803 1678,803 1763,802 1848,802 1933,801 2018,801 2104,802 2104,772 2018,771 1933,771 1848,772 1763,772 1678,773 1593,773 1508,774 1423,775 1338,777 1253,778 1167,779 1082,780 997,782 912,783 827,785 742,786 657,787 572,788 487,789 402,790"/>
                <Baseline points="402,810 487,809 572,808 657,807 742,806 827,805 912,803 997,802 1082,800 1167,799 1253,798 1338,797 1423,795 1508,794 1593,793 1678,793 1763,792 1848,792 1933,791 2018,791 2104,792"/>
                <TextEquiv>
                    <Unicode>merken derselbin lande und vesten gelegen und gesezzen sint, dez obgenanten unsirs, herren als eines kungs zu Beheim, seiner erbin und nachkumen, kunge zu Beheim, und der cronen</Unicode>
                </TextEquiv>
            </TextLine>
            <TextLine id="r2l19" custom="readingOrder {index:16;}">
                <Coords points="412,853 500,852 588,852 677,851 765,851 853,850 942,849 1030,848 1118,847 1207,846 1295,845 1384,844 1472,843 1560,842 1649,841 1737,839 1825,838 1914,837 2002,836 2091,835 2091,805 2002,806 1914,807 1825,808 1737,809 1649,811 1560,812 1472,813 1384,814 1295,815 1207,816 1118,817 1030,818 942,819 853,820 765,821 677,821 588,822 500,822 412,823"/>
                <Baseline points="412,843 500,842 588,842 677,841 765,841 853,840 942,839 1030,838 1118,837 1207,836 1295,835 1384,834 1472,833 1560,832 1649,831 1737,829 1825,828 1914,827 2002,826 2091,825"/>
                <TextEquiv>
                    <Unicode>dezselbin kungrichs rechte pfantschaft lange gewesen sein und noch sein fur fyertzig tusent mark lotiges silbers sulchis gewichtez, als dovor begriffen ist. Und diesel¬</Unicode>
                </TextEquiv>
            </TextLine>
            <TextLine id="r2l20" custom="readingOrder {index:17;}">
                <Coords points="406,890 490,889 575,888 660,888 745,887 830,886 915,886 999,885 1084,884 1169,884 1254,883 1339,882 1424,881 1509,880 1593,879 1678,878 1763,877 1848,875 1933,874 2018,872 2103,870 2103,840 2018,842 1933,844 1848,845 1763,847 1678,848 1593,849 1509,850 1424,851 1339,852 1254,853 1169,854 1084,854 999,855 915,856 830,856 745,857 660,858 575,858 490,859 406,860"/>
                <Baseline points="406,880 490,879 575,878 660,878 745,877 830,876 915,876 999,875 1084,874 1169,874 1254,873 1339,872 1424,871 1509,870 1593,869 1678,868 1763,867 1848,865 1933,864 2018,862 2103,860"/>
                <TextEquiv>
                    <Unicode>bin pfantschaft bestetigen wir mit rechter wizzen in allir der mazze, als dovor begriffen ist, und gebin dortzu unsire gunst, willen und wort, als ein ertzbischove zu</Unicode>
                </TextEquiv>
            </TextLine>
            <TextLine id="r2l21" custom="readingOrder {index:18;} place {offset:0; length:6;} place {offset:47; length:13;} place {offset:81; length:4;}">
                <Coords points="410,924 494,924 579,924 663,923 748,923 833,923 917,922 1002,921 1087,921 1171,920 1256,919 1341,918 1425,917 1510,916 1595,915 1679,914 1764,913 1849,912 1933,911 2018,910 2103,908 2103,878 2018,880 1933,881 1849,882 1764,883 1679,884 1595,885 1510,886 1425,887 1341,888 1256,889 1171,890 1087,891 1002,891 917,892 833,893 748,893 663,893 579,894 494,894 410,894"/>
                <Baseline points="410,914 494,914 579,914 663,913 748,913 833,913 917,912 1002,911 1087,911 1171,910 1256,909 1341,908 1425,907 1510,906 1595,905 1679,904 1764,903 1849,902 1933,901 2018,900 2103,898"/>
                <TextEquiv>
                    <Unicode>Tryere, der heiligin reichs ertzcanczler durch Welische lant und daz kungrich zu Arle un kurfurste dez heiligen reichs. Mit urkund dicz brives, versigilt mit</Unicode>
                </TextEquiv>
            </TextLine>
            <TextLine id="r2l22" custom="readingOrder {index:19;} place {offset:34; length:6;} date {offset:41; length:125; continued:true;year:0; day:0; month:0;}">
                <Coords points="405,960 489,960 574,960 658,960 743,960 827,960 912,960 996,959 1081,959 1165,958 1250,958 1334,957 1419,956 1503,955 1588,954 1672,952 1757,951 1841,949 1926,947 2010,945 2095,943 2095,913 2010,915 1926,917 1841,919 1757,921 1672,922 1588,924 1503,925 1419,926 1334,927 1250,928 1165,928 1081,929 996,929 912,930 827,930 743,930 658,930 574,930 489,930 405,930"/>
                <Baseline points="405,950 489,950 574,950 658,950 743,950 827,950 912,950 996,949 1081,949 1165,948 1250,948 1334,947 1419,946 1503,945 1588,944 1672,942 1757,941 1841,939 1926,937 2010,935 2095,933"/>
                <TextEquiv>
                    <Unicode>unserm insigel, der gebin ist czu Meincz nach Cristus geburtte dreyczen hundirt jare, dornoch in dem drey und fumfczigsten jare dez nechstin suntags nach dez heiligen</Unicode>
                </TextEquiv>
            </TextLine>
            <TextLine id="r2l23" custom="readingOrder {index:20;} date {offset:0; length:28; continued:true;year:0; day:0; month:0;}">
                <Coords points="412,998 438,998 465,998 492,998 519,998 546,998 573,998 599,998 626,998 653,998 680,998 707,998 734,999 734,969 707,968 680,968 653,968 626,968 599,968 573,968 546,968 519,968 492,968 465,968 438,968 412,968"/>
                <Baseline points="412,988 438,988 465,988 492,988 519,988 546,988 573,988 599,988 626,988 653,988 680,988 707,988 734,989"/>
                <TextEquiv>
                    <Unicode>czwelfboten santh Thomas tag.</Unicode>
                </TextEquiv>
            </TextLine>
            <TextEquiv>
                <Unicode>Wir Baldwin von Gots gnaden erczebischove zu Tryere, des heiligin reichs erczcanczler durch Welische lant und daz kungrich zu Arle, bekennen und tun kunt offenlich
mit disem brive allen den, die in sehent odir horent lesen, alleine die brive dez allirdurchluchtigsten fursten und herren, hern Karls romischem kungs zu allen tzeiten merer
des reichs und kungs zu Beheim, unsirs lieben gnedigen herren, die er ubir seine pfantscheft der stat und des landes zu Eger und der vesten Flozz und Parkstein und waz
dorczu gehoret, gehabt hat und die auch seliger gedechtnuzze die hochgebornen fursten, ettwenne kunge zu Beheim, seine eltern durch merklichin sachin willen von dem heiligen
reiche behaldin und derworben haben, von widirczemer ungeschicht beyde verbrennet und verlorn sint, daz er domite sein recht nicht beweisen mag, als billich were, 
doch, sintdemmal, daz uns dieselbe pfantschaft wol kundig ist und wir sulchir geleginheit wol und genczlich undirweisit sein, daz die obgenante stat zu Eger mit dem lande
und die vesten Flozz und Parkstein mit allen czugehorungen dem kungriche und der cronen zu Beheim umb viertzig tusent mark lotiges silbers, sechst halben guldin floren¬
tzer gewicht fur ye die mark czu reyten, zu rechtem pfande, recht und redlichen, von wegen des heiligin reichs versetzit sind, und sein eldirn und vorvarn, kunge zu Be¬
hem, in gewere und rechtir besitzunge derselbin pfantschefte gewesen sint und er noch ist uf disen hutigen tag, des habin wir angesehin die besunder gnade und
den nutczen, fleizz und auch die steticliche arbeyt, domit der obgenante unsir herre, dez heiligin reiches nutz und ere getrewlich undirstandin hat, und habin auch ge¬
bruvet die merklichin getrewin dienst, die seine eldern, ettwenne hochgeborne kunge zu Behem, dem obgenanten reich erlichin und nuczlichin offte getan haben, wanne
auch das kungriche zu Behem ein edlez und wirdigez gelyet ist der, romischen cronen, so meinen und wollen wir sulchin schaden dez obgenanten kungrichs zu Behem vernuf¬
ticlich undirsteen durch die besundire trewe, domit wir, als ein kurfürste dem heiligin reich verbunden sein, uf die rede, daz der obgenante unsir herre daz selbe sein kung¬
rich zu Behem, durch sulchin tzweyvel icht beschedigit oder gehindirt werde. So bekennen wir mit wolbedachtem mute und mit rechter wizzen, daz die obgenante stat zu
Eger mit dem lande und die vesten Flozz und Parkstein mit merkten, dorfen, mit edlen und unedlen, armen und reichen, kreizzen und allen zugehorungin, die in den ge¬
merken derselbin lande und vesten gelegen und gesezzen sint, dez obgenanten unsirs, herren als eines kungs zu Beheim, seiner erbin und nachkumen, kunge zu Beheim, und der cronen
dezselbin kungrichs rechte pfantschaft lange gewesen sein und noch sein fur fyertzig tusent mark lotiges silbers sulchis gewichtez, als dovor begriffen ist. Und diesel¬
bin pfantschaft bestetigen wir mit rechter wizzen in allir der mazze, als dovor begriffen ist, und gebin dortzu unsire gunst, willen und wort, als ein ertzbischove zu
Tryere, der heiligin reichs ertzcanczler durch Welische lant und daz kungrich zu Arle un kurfurste dez heiligen reichs. Mit urkund dicz brives, versigilt mit
unserm insigel, der gebin ist czu Meincz nach Cristus geburtte dreyczen hundirt jare, dornoch in dem drey und fumfczigsten jare dez nechstin suntags nach dez heiligen
czwelfboten santh Thomas tag.</Unicode>
            </TextEquiv>
        </TextRegion>
    </Page>
</PcGts>
