<?xml version="1.0" encoding="UTF-8" standalone="yes"?>
<PcGts xmlns="http://schema.primaresearch.org/PAGE/gts/pagecontent/2013-07-15" xmlns:xsi="http://www.w3.org/2001/XMLSchema-instance" xsi:schemaLocation="http://schema.primaresearch.org/PAGE/gts/pagecontent/2013-07-15 http://schema.primaresearch.org/PAGE/gts/pagecontent/2013-07-15/pagecontent.xsd">
    <Metadata>
        <Creator>prov=University of Rostock/Institute of Mathematics/CITlab/Tobias Gruening/tobias.gruening@uni-rostock.de:name=/net_tf/LA73_249_0mod360.pb:de.uros.citlab.segmentation.CITlab_LA_ML:v=2.4.2
TRP</Creator>
        <Created>2019-08-29T09:07:34.302+02:00</Created>
        <LastChange>2019-12-03T16:26:34.392+01:00</LastChange>
        <TranskribusMetadata docId="202181" pageId="8448891" pageNr="1" tsid="20268110" status="IN_PROGRESS" userId="48350" imgUrl="https://files.transkribus.eu/Get?id=RZEJCVOMQDQXDOZQJQPSOHCS&amp;fileType=view" xmlUrl="https://files.transkribus.eu/Get?id=FEMFXQDENPYKAGNKYLUKTCWS" imageId="5351032"/>
    </Metadata>
    <Page imageFilename="NA-AZK-Jiri_12241011_205_r.jpg" imageWidth="3000" imageHeight="2307">
        <ReadingOrder>
            <OrderedGroup id="ro_1575392200630" caption="Regions reading order">
                <RegionRefIndexed index="0" regionRef="r1"/>
            </OrderedGroup>
        </ReadingOrder>
        <TextRegion orientation="0.0" id="r1" custom="readingOrder {index:0;}">
            <Coords points="297,176 299,1346 2388,1346 2387,176"/>
            <TextLine id="r1l2" custom="readingOrder {index:0;} person {offset:51; length:33;} person {offset:94; length:25; continued:true;}">
                <Coords points="337,292 409,287 453,287 496,287 540,287 583,287 627,288 670,289 714,289 757,290 801,291 844,291 888,292 931,292 975,292 1018,292 1062,291 1105,290 1149,288 1192,286 2356,288 2356,202 1203,184 1168,183 1115,180 1075,184 1033,184 988,185 948,185 914,184 863,184 812,183 764,183 730,182 685,184 642,182 603,182 580,183 514,184 464,184 415,183 338,182"/>
                <Baseline points="366,274 409,273 453,273 496,273 540,273 583,273 627,274 670,275 714,275 757,276 801,277 844,277 888,278 931,278 975,278 1018,278 1062,277 1105,276 1149,274 1192,272 2354,278"/>
                <TextEquiv>
                    <Unicode>In nomine sancte et individue trinitatis amen. Nos Otacarus, Dei gracia Boemorum rex, dilecte sorori sue Agneti, sancti</Unicode>
                </TextEquiv>
            </TextLine>
            <TextLine id="r1l4" custom="readingOrder {index:1;} person {offset:0; length:39; continued:true;}">
                <Coords points="331,363 431,363 532,364 633,364 733,364 834,365 935,365 1035,366 1136,366 1237,367 1338,367 1438,368 1539,368 1640,368 1740,368 1841,368 1942,368 2042,368 2143,367 2244,367 2345,366 2345,330 2244,331 2143,331 2042,332 1942,332 1841,332 1740,332 1640,332 1539,332 1438,332 1338,331 1237,331 1136,330 1035,330 935,329 834,329 733,328 633,328 532,328 431,327 331,327"/>
                <Baseline points="331,351 431,351 532,352 633,352 733,352 834,353 935,353 1035,354 1136,354 1237,355 1338,355 1438,356 1539,356 1640,356 1740,356 1841,356 1942,356 2042,356 2143,355 2244,355 2345,354"/>
                <TextEquiv>
                    <Unicode>Georgii abbatisse, et monasterio ipsius imperpetuum. Non meretur rex esse nec regis vocari nomine, qui celesti regi suisque celicolis, qui adhuc militant in terra, se ipsum non inpendit</Unicode>
                </TextEquiv>
            </TextLine>
            <TextLine id="r1l6" custom="readingOrder {index:2;} person {offset:121; length:31;} place {offset:146; length:6;}">
                <Coords points="327,444 428,445 530,446 632,447 734,447 836,448 938,448 1040,448 1142,448 1244,448 1346,447 1447,447 1549,447 1651,446 1753,446 1855,446 1957,446 2059,446 2161,446 2263,446 2365,447 2365,417 2263,416 2161,416 2059,416 1957,416 1855,416 1753,416 1651,416 1549,417 1447,417 1346,417 1244,418 1142,418 1040,418 938,418 836,418 734,417 632,417 530,416 428,415 327,414"/>
                <Baseline points="327,434 428,435 530,436 632,437 734,437 836,438 938,438 1040,438 1142,438 1244,438 1346,437 1447,437 1549,437 1651,436 1753,436 1855,436 1957,436 2059,436 2161,436 2263,436 2365,437"/>
                <TextEquiv>
                    <Unicode>largiendo sua et ab aliis collata conservando et libertatem omnimodam tribuendo. Eapropter nos serenissimi patris nostri Wladizlai, quondam regis Boemie, qui magnorum monasteriorum funda¬</Unicode>
                </TextEquiv>
            </TextLine>
            <TextLine id="r1l7" custom="readingOrder {index:3;}">
                <Coords points="2083,480 2139,481 2165,482 2191,483 2218,485 2244,487 2245,486 2243,486 2244,457 2245,457 2244,457 2218,455 2191,453 2165,452 2139,451 2085,450"/>
                <Baseline points="2092,470 2139,471 2165,472 2191,473 2218,475 2244,477 2244,476"/>
                <TextEquiv>
                    <Unicode>non pro amore tuo</Unicode>
                </TextEquiv>
            </TextLine>
            <TextLine id="r1l8" custom="readingOrder {index:4;} place {offset:113; length:55;}">
                <Coords points="307,522 410,524 513,525 616,526 719,527 823,527 926,528 1029,528 1132,529 1235,529 1339,529 1442,529 1545,529 1648,529 1751,529 1855,529 1958,528 2061,528 2164,528 2267,528 2371,528 2371,498 2267,498 2164,498 2061,498 1958,498 1855,499 1751,499 1648,499 1545,499 1442,499 1339,499 1235,499 1132,499 1029,498 926,498 823,497 719,497 616,496 513,495 410,494 307,492"/>
                <Baseline points="307,512 410,514 513,515 616,516 719,517 823,517 926,518 1029,518 1132,519 1235,519 1339,519 1442,519 1545,519 1648,519 1751,519 1855,519 1958,518 2061,518 2164,518 2267,518 2371,518"/>
                <TextEquiv>
                    <Unicode>tor extitit et pius defensor, quantum possumus cum Deo, vestigiis inherentes tibi, soror dilectissima, et per te monasterio tuo sancti Georgii, quod est Prage in castro, pro anime nostre remedio et parentum nostrorum nec</Unicode>
                </TextEquiv>
            </TextLine>
            <TextLine id="r1l10" custom="readingOrder {index:5;} person {offset:44; length:25;} place {offset:56; length:13;}">
                <Coords points="314,606 416,607 519,607 621,608 724,608 827,609 929,609 1032,609 1135,610 1237,610 1340,610 1443,611 1545,611 1648,611 1751,611 1853,612 1956,612 2059,612 2161,612 2264,612 2367,612 2367,569 2264,569 2161,569 2059,569 1956,569 1853,569 1751,568 1648,568 1545,568 1443,568 1340,567 1237,567 1135,567 1032,566 929,566 827,566 724,565 621,565 519,564 416,564 314,563"/>
                <Baseline points="314,592 416,593 519,593 621,594 724,594 827,595 929,595 1032,595 1135,596 1237,596 1340,596 1443,597 1545,597 1648,597 1751,597 1853,598 1956,598 2059,598 2161,598 2264,598 2367,598"/>
                <TextEquiv>
                    <Unicode>hanc in perpetuum concedimus libertatem, ut castellanus Wisegradensis, qui modo est vel qui pro tempore fuerit, exactiones turpes, que vuIgari vocabulo poiezda vocantur, paganorum pocius quam christianorum in villis</Unicode>
                </TextEquiv>
            </TextLine>
            <TextLine id="r1l11" custom="readingOrder {index:6;}">
                <Coords points="317,679 419,679 522,680 625,681 728,682 831,683 934,684 1037,685 1140,686 1243,686 1346,687 1448,688 1551,688 1654,689 1757,689 1860,690 1963,690 2066,690 2169,689 2272,689 2375,688 2375,654 2272,655 2169,655 2066,656 1963,656 1860,656 1757,655 1654,655 1551,654 1448,654 1346,653 1243,652 1140,652 1037,651 934,650 831,649 728,648 625,647 522,646 419,645 317,645"/>
                <Baseline points="317,668 419,668 522,669 625,670 728,671 831,672 934,673 1037,674 1140,675 1243,675 1346,676 1448,677 1551,677 1654,678 1757,678 1860,679 1963,679 2066,679 2169,678 2272,678 2375,677"/>
                <TextEquiv>
                    <Unicode>dicti monasterii, quas in presenti possidet vel in posterum iustis modis poterit adipisci, exigere de cetero non presumat, exceptis duodecim denariis publice monete semel in anno de quolibet manso illarum</Unicode>
                </TextEquiv>
            </TextLine>
            <TextLine id="r1l13" custom="readingOrder {index:7;}">
                <Coords points="313,762 414,763 516,765 618,766 720,767 822,768 924,768 1026,769 1128,769 1230,770 1332,770 1433,770 1535,770 1637,770 1739,770 1841,770 1943,770 2045,770 2147,770 2249,770 2351,769 2351,726 2249,727 2147,727 2045,727 1943,727 1841,727 1739,727 1637,727 1535,727 1433,727 1332,727 1230,727 1128,726 1026,726 924,725 822,725 720,724 618,723 516,722 414,720 313,719"/>
                <Baseline points="313,748 414,749 516,751 618,752 720,753 822,754 924,754 1026,755 1128,755 1230,756 1332,756 1433,756 1535,756 1637,756 1739,756 1841,756 1943,756 2045,756 2147,756 2249,756 2351,755"/>
                <TextEquiv>
                    <Unicode>villarum, que tali vexacione primitus vexabantur. Si quis autem heredum vel successorum nostrorum contra hoc privigilegium ausu temerario venire presumpserit, maledictionem paternam pro benedictione recipiat</Unicode>
                </TextEquiv>
            </TextLine>
            <TextLine id="r1l14" custom="readingOrder {index:8;}">
                <Coords points="314,844 416,846 519,847 622,849 725,850 828,851 930,852 1033,852 1136,853 1239,853 1342,853 1444,853 1547,853 1650,853 1753,853 1856,852 1958,851 2061,851 2164,850 2267,849 2370,848 2370,808 2267,809 2164,810 2061,811 1958,811 1856,812 1753,813 1650,813 1547,813 1444,813 1342,813 1239,813 1136,813 1033,812 930,812 828,811 725,810 622,809 519,807 416,806 314,804"/>
                <Baseline points="314,831 416,833 519,834 622,836 725,837 828,838 930,839 1033,839 1136,840 1239,840 1342,840 1444,840 1547,840 1650,840 1753,840 1856,839 1958,838 2061,838 2164,837 2267,836 2370,835"/>
                <TextEquiv>
                    <Unicode>et ulcioni divine ac iehenne ignibus deputetur. Verum si dictus castellanus hanc concesse Iibertatis paginam diabolo suggerente infregerit, nostre vel successorum nostrorum camere libram auri persol¬</Unicode>
                </TextEquiv>
            </TextLine>
            <TextLine id="r1l17" custom="readingOrder {index:9;} place {offset:68; length:9;}">
                <Coords points="311,926 405,927 500,928 594,929 689,930 784,931 878,932 973,933 1067,934 1162,935 1257,936 1351,937 1446,938 1540,938 1635,939 1730,939 1824,939 1919,939 2013,938 2108,938 2203,937 2203,907 2108,908 2013,908 1919,909 1824,909 1730,909 1635,909 1540,908 1446,908 1351,907 1257,906 1162,905 1067,904 973,903 878,902 784,901 689,900 594,899 500,898 405,897 311,896"/>
                <Baseline points="311,916 405,917 500,918 594,919 689,920 784,921 878,922 973,923 1067,924 1162,925 1257,926 1351,927 1446,928 1540,928 1635,929 1730,929 1824,929 1919,929 2013,928 2108,928 2203,927"/>
                <TextEquiv>
                    <Unicode>vat et amplius nichil iuris habeat in eisdem villis, episcopus vero Pragensis eundem castellanum cogendi ad predicta observanda per censuram ecclesiasticam Iiberam habeat facultatem.</Unicode>
                </TextEquiv>
            </TextLine>
            <TextLine id="r1l18" custom="readingOrder {index:10;} place {offset:19; length:7;} date {offset:27; length:99;year:0; day:0; month:0;} person {offset:141; length:23;}">
                <Coords points="319,1013 421,1015 524,1016 627,1018 730,1019 833,1020 936,1021 1038,1022 1141,1023 1244,1023 1347,1024 1450,1024 1553,1025 1656,1025 1758,1026 1861,1026 1964,1026 2067,1027 2170,1027 2273,1027 2376,1027 2376,984 2273,984 2170,984 2067,984 1964,983 1861,983 1758,983 1656,982 1553,982 1450,981 1347,981 1244,980 1141,980 1038,979 936,978 833,977 730,976 627,975 524,973 421,972 319,970"/>
                <Baseline points="319,999 421,1001 524,1002 627,1004 730,1005 833,1006 936,1007 1038,1008 1141,1009 1244,1009 1347,1010 1450,1010 1553,1011 1656,1011 1758,1012 1861,1012 1964,1012 2067,1013 2170,1013 2273,1013 2376,1013"/>
                <TextEquiv>
                    <Unicode>Actum publice aput Ztragov anno dominice incarnacionis millesimo CCo XXo IIIIo, indictione XIIa, concurrente, Vo idus octobris, pontificatus domini Honorii pape III anno VIIIIo, reg¬</Unicode>
                </TextEquiv>
            </TextLine>
            <TextLine id="r1l19" custom="readingOrder {index:11;} person {offset:6; length:60;} place {offset:49; length:7;} person {offset:126; length:27;} person {offset:155; length:14; continued:true;}">
                <Coords points="303,1103 345,1102 387,1102 429,1102 471,1102 514,1102 556,1102 598,1103 640,1103 682,1104 725,1104 767,1105 809,1106 851,1106 893,1107 936,1107 978,1108 1020,1108 1062,1108 1104,1108 2377,1109 2379,1056 1104,1065 1062,1065 1020,1065 978,1065 936,1064 893,1064 851,1063 809,1063 767,1062 725,1061 682,1061 640,1060 598,1060 556,1059 514,1059 471,1059 429,1059 387,1059 345,1059 303,1060"/>
                <Baseline points="303,1089 345,1088 387,1088 429,1088 471,1088 514,1088 556,1088 598,1089 640,1089 682,1090 725,1090 767,1091 809,1092 851,1092 893,1093 936,1093 978,1094 1020,1094 1062,1094 1104,1094 2377,1100"/>
                <TextEquiv>
                    <Unicode>nante illustrissimo Romanorum imperatore et rege Sicilie Friderico anno IIIIo. Huius rei testes sunt videlicet: filius noster Wladizlaus, marchio Moravie, Arnoldus deca¬</Unicode>
                </TextEquiv>
            </TextLine>
            <TextLine id="r1l21" custom="readingOrder {index:12;} person {offset:0; length:3; continued:true;} person {offset:7; length:24;} place {offset:22; length:9;} person {offset:33; length:13;} person {offset:48; length:15;} person {offset:65; length:14;} person {offset:81; length:13;} person {offset:98; length:24;} person {offset:124; length:20;} person {offset:153; length:30;} place {offset:174; length:9;} person {offset:185; length:22;}">
                <Coords points="299,1180 403,1181 507,1182 612,1183 716,1184 821,1186 925,1187 1029,1188 1134,1190 1238,1191 1343,1192 1447,1193 1551,1194 1656,1195 1760,1195 1865,1195 1969,1194 2073,1193 2178,1192 2282,1190 2387,1188 2387,1145 2282,1147 2178,1149 2073,1150 1969,1151 1865,1152 1760,1152 1656,1152 1551,1151 1447,1150 1343,1149 1238,1148 1134,1147 1029,1145 925,1144 821,1143 716,1141 612,1140 507,1139 403,1138 299,1137"/>
                <Baseline points="299,1166 403,1167 507,1168 612,1169 716,1170 821,1172 925,1173 1029,1174 1134,1176 1238,1177 1343,1178 1447,1179 1551,1180 1656,1181 1760,1181 1865,1181 1969,1180 2073,1179 2178,1178 2282,1176 2387,1174"/>
                <TextEquiv>
                    <Unicode>nus et Orso canonicus Pragenses, dominus Jaros, dominus Budiwoy, dominus Borvta, dominus Vitco et Heinricus filii Witconis, Boguzlaus camerarius noster, Mztidrug castellanus Pragensis, Groznata subcamerarius noster,</Unicode>
                </TextEquiv>
            </TextLine>
            <TextLine id="r1l22" custom="readingOrder {index:13;} person {offset:0; length:4;} person {offset:8; length:42;} place {offset:33; length:6;} person {offset:52; length:31;} place {offset:65; length:6;} person {offset:85; length:22;} person {offset:109; length:8;} person {offset:119; length:8;} person {offset:129; length:9;} person {offset:140; length:7;}">
                <Coords points="306,1261 410,1262 514,1263 618,1264 722,1265 826,1267 930,1269 1034,1271 1138,1273 1242,1275 1346,1276 1450,1278 1554,1279 1658,1280 1762,1280 1866,1280 1970,1279 2074,1278 2178,1276 2282,1272 2386,1268 2386,1225 2282,1229 2178,1233 2074,1235 1970,1236 1866,1237 1762,1237 1658,1237 1554,1236 1450,1235 1346,1233 1242,1232 1138,1230 1034,1228 930,1226 826,1224 722,1222 618,1221 514,1220 410,1219 306,1218"/>
                <Baseline points="306,1247 410,1248 514,1249 618,1250 722,1251 826,1253 930,1255 1034,1257 1138,1259 1242,1261 1346,1262 1450,1264 1554,1265 1658,1266 1762,1266 1866,1266 1970,1265 2074,1264 2178,1262 2282,1258 2386,1254"/>
                <TextEquiv>
                    <Unicode>Wata et Boguzlaus frater eius de Wranov castellani, Boguzlaus de Wranov castellanus, Zawise filius Witconis, Wipertus, Ypolitus, Hermannus, Diuinus et alii quam plures ad hoc testes advocati. Ut autem hec</Unicode>
                </TextEquiv>
            </TextLine>
            <TextLine id="r1l23" custom="readingOrder {index:14;}">
                <Coords points="304,1329 351,1330 399,1331 447,1332 495,1333 542,1334 590,1336 638,1337 686,1338 733,1338 781,1339 829,1340 877,1341 924,1341 972,1342 1020,1343 1068,1344 1115,1344 1163,1345 1211,1346 1259,1346 1259,1303 1211,1303 1163,1302 1115,1301 1068,1301 1020,1300 972,1299 924,1298 877,1298 829,1297 781,1296 733,1295 686,1295 638,1294 590,1293 542,1291 495,1290 447,1289 399,1288 351,1287 304,1286"/>
                <Baseline points="304,1315 351,1316 399,1317 447,1318 495,1319 542,1320 590,1322 638,1323 686,1324 733,1324 781,1325 829,1326 877,1327 924,1327 972,1328 1020,1329 1068,1330 1115,1330 1163,1331 1211,1332 1259,1332"/>
                <TextEquiv>
                    <Unicode>nostra donacio rata sit et firma, hanc paginam nostri sigilli munimine duximus roborandam. </Unicode>
                </TextEquiv>
            </TextLine>
            <TextEquiv>
                <Unicode>In nomine sancte et individue trinitatis amen. Nos Otacarus, Dei gracia Boemorum rex, dilecte sorori sue Agneti, sancti&#xD;
Georgii abbatisse, et monasterio ipsius imperpetuum. Non meretur rex esse nec regis vocari nomine, qui celesti regi suisque celicolis, qui adhuc militant in terra, se ipsum non inpendit&#xD;
largiendo sua et ab aliis collata conservando et libertatem omnimodam tribuendo. Eapropter nos serenissimi patris nostri Wladizlai, quondam regis Boemie, qui magnorum monasteriorum funda¬&#xD;
non pro amore tuo&#xD;
tor extitit et pius defensor, quantum possumus cum Deo, vestigiis inherentes tibi, soror dilectissima, et per te monasterio tuo sancti Georgii, quod est Prage in castro, pro anime nostre remedio et parentum nostrorum nec&#xD;
hanc in perpetuum concedimus libertatem, ut castellanus Wisegradensis, qui modo est vel qui pro tempore fuerit, exactiones turpes, que vuIgari vocabulo poiezda vocantur, paganorum pocius quam christianorum in villis&#xD;
dicti monasterii, quas in presenti possidet vel in posterum iustis modis poterit adipisci, exigere de cetero non presumat, exceptis duodecim denariis publice monete semel in anno de quolibet manso illarum&#xD;
villarum, que tali vexacione primitus vexabantur. Si quis autem heredum vel successorum nostrorum contra hoc privigilegium ausu temerario venire presumpserit, maledictionem paternam pro benedictione recipiat&#xD;
et ulcioni divine ac iehenne ignibus deputetur. Verum si dictus castellanus hanc concesse Iibertatis paginam diabolo suggerente infregerit, nostre vel successorum nostrorum camere libram auri persol¬&#xD;
vat et amplius nichil iuris habeat in eisdem villis, episcopus vero Pragensis eundem castellanum cogendi ad predicta observanda per censuram ecclesiasticam Iiberam habeat facultatem.&#xD;
Actum publice aput Ztragov anno dominice incarnacionis millesimo CCo XXo IIIIo, indictione XIIa, concurrente, Vo idus octobris, pontificatus domini Honorii pape III anno VIIIIo, reg¬&#xD;
nante illustrissimo Romanorum imperatore et rege Sicilie Friderico anno IIIIo. Huius rei testes sunt videlicet: filius noster Wladizlaus, marchio Moravie, Arnoldus deca¬&#xD;
nus et Orso canonicus Pragenses, dominus Jaros, dominus Budiwoy, dominus Borvta, dominus Vitco et Heinricus filii Witconis, Boguzlaus camerarius noster, Mztidrug castellanus Pragensis, Groznata subcamerarius noster,&#xD;
Wata et Boguzlaus frater eius de Wranov castellani, Boguzlaus de Wranov castellanus, Zawise filius Witconis, Wipertus, Ypolitus, Hermannus, Diuinus et alii quam plures ad hoc testes advocati. Ut autem hec&#xD;
nostra donacio rata sit et firma, hanc paginam nostri sigilli munimine duximus roborandam. </Unicode>
            </TextEquiv>
        </TextRegion>
    </Page>
</PcGts>
