<?xml version="1.0" encoding="UTF-8" standalone="yes"?>
<PcGts xmlns="http://schema.primaresearch.org/PAGE/gts/pagecontent/2013-07-15" xmlns:xsi="http://www.w3.org/2001/XMLSchema-instance" xsi:schemaLocation="http://schema.primaresearch.org/PAGE/gts/pagecontent/2013-07-15 http://schema.primaresearch.org/PAGE/gts/pagecontent/2013-07-15/pagecontent.xsd">
    <Metadata>
        <Creator>prov=University of Rostock/Institute of Mathematics/CITlab/Tobias Gruening/tobias.gruening@uni-rostock.de:name=/net_tf/LA73_249_0mod360.pb:de.uros.citlab.segmentation.CITlab_LA_ML:v=2.4.2
TRP</Creator>
        <Created>2019-09-16T16:30:49.645+02:00</Created>
        <LastChange>2019-11-12T16:37:56.081+01:00</LastChange>
        <TranskribusMetadata docId="211753" pageId="9091894" pageNr="1" tsid="19273924" status="IN_PROGRESS" userId="40502" imgUrl="https://files.transkribus.eu/Get?id=BSKJVIVMOVOLYJLDWMFDCVUG&amp;fileType=view" xmlUrl="https://files.transkribus.eu/Get?id=NZALBRODUQXACQLPWJMOMJSY" imageId="5874375"/>
    </Metadata>
    <Page imageFilename="NA-ACK_14390604_01560_M.jpg" imageWidth="3000" imageHeight="2210">
        <ReadingOrder>
            <OrderedGroup id="ro_1575392331194" caption="Regions reading order">
                <RegionRefIndexed index="0" regionRef="r3"/>
                <RegionRefIndexed index="1" regionRef="region_1568644363570_427"/>
            </OrderedGroup>
        </ReadingOrder>
        <TextRegion orientation="0.0" id="r3" custom="readingOrder {index:0;}">
            <Coords points="615,102 595,662 2151,674 2185,133"/>
            <TextLine id="r3l2" custom="readingOrder {index:0;} person {offset:0; length:125; continued:true;} place {offset:34; length:7;} place {offset:49; length:17;} place {offset:68; length:10;} place {offset:80; length:7;} place {offset:89; length:8;} place {offset:99; length:7;} place {offset:107; length:12;}">
                <Coords points="675,431 824,436 863,405 996,410 1061,411 1126,411 1191,412 1257,412 1322,413 1387,414 1452,415 1517,416 1582,417 1647,418 1713,419 1778,420 1843,421 1908,422 1973,423 2038,424 2104,425 2106,376 2054,371 2020,342 1947,334 1865,332 1760,334 1713,389 1647,388 1582,387 1517,386 1460,376 1387,384 1327,372 1257,382 1195,371 1120,350 1061,381 1017,372 931,380 1025,96 653,119"/>
                <Baseline points="801,400 866,400 931,400 996,400 1061,401 1126,401 1191,402 1257,402 1322,403 1387,404 1452,405 1517,406 1582,407 1647,408 1713,409 1778,410 1843,411 1908,412 1973,413 2038,414 2104,415"/>
                <TextEquiv>
                    <Unicode>Wladislaus tercius, Deigracia rex Polonie necnon terrarum Cracovie, Sandomirie, Siradie, Lancicie, Cuyauie Lithwanieque prin¬</Unicode>
                </TextEquiv>
            </TextLine>
            <TextLine id="r3l3" custom="readingOrder {index:1;} person {offset:0; length:62; continued:true;} place {offset:15; length:9;} place {offset:26; length:9;}">
                <Coords points="865,436 926,435 988,434 1050,433 1112,433 1174,434 1236,434 1297,435 1359,436 1421,438 1483,439 1545,440 1607,442 1669,443 1730,445 1792,446 1854,448 1916,449 1978,450 2040,450 2117,451 2117,421 2040,420 1978,420 1916,419 1854,418 1792,416 1730,415 1669,413 1607,412 1545,410 1483,409 1421,408 1359,406 1297,405 1236,404 1174,404 1112,403 1050,403 988,404 926,405 865,406"/>
                <Baseline points="865,426 926,425 988,424 1050,423 1112,423 1174,424 1236,424 1297,425 1359,426 1421,428 1483,429 1545,430 1607,432 1669,433 1730,435 1792,436 1854,438 1916,439 1978,440 2040,440 2102,441"/>
                <TextEquiv>
                    <Unicode>ceps supremus, Pomeranie, Russieque dominus et heres et cetera, significamus tenore presencium, quibus expedit universis presentibus et</Unicode>
                </TextEquiv>
            </TextLine>
            <TextLine id="r3l4" custom="readingOrder {index:2;} person {offset:89; length:35;} place {offset:114; length:10;} person {offset:129; length:8; continued:true;}">
                <Coords points="860,460 936,459 999,458 1061,457 1124,457 1187,457 1249,458 1312,459 1374,460 1437,461 1500,463 1562,464 1625,466 1687,467 1750,469 1813,470 1875,471 1938,472 2000,473 2063,474 2126,474 2126,444 2063,444 2000,443 1938,442 1875,441 1813,440 1750,439 1687,437 1625,436 1562,434 1500,433 1437,431 1374,430 1312,429 1249,428 1187,427 1124,427 1061,427 999,428 936,429 860,430"/>
                <Baseline points="874,451 936,449 999,448 1061,447 1124,447 1187,447 1249,448 1312,449 1374,450 1437,451 1500,453 1562,454 1625,456 1687,457 1750,459 1813,460 1875,461 1938,462 2000,463 2063,464 2126,464"/>
                <TextEquiv>
                    <Unicode>futuris presencium noticiam habituris, quod cum per reverendos in Christo patres dominos Johannem, archiepiscopum Tarentinum, et Johannem,</Unicode>
                </TextEquiv>
            </TextLine>
            <TextLine id="r3l5" custom="readingOrder {index:3;} person {offset:0; length:46; continued:true;} place {offset:9; length:11;} person {offset:79; length:39;}">
                <Coords points="859,488 930,487 992,485 1054,483 1116,483 1178,482 1240,483 1302,483 1364,484 1426,485 1488,486 1550,488 1612,489 1674,491 1736,492 1798,494 1860,495 1922,496 1984,497 2046,498 2109,498 2109,468 2046,468 1984,467 1922,466 1860,465 1798,464 1736,462 1674,461 1612,459 1550,458 1488,456 1426,455 1364,454 1302,453 1240,453 1178,452 1116,453 1054,453 992,455 930,457 859,458"/>
                <Baseline points="868,479 930,477 992,475 1054,473 1116,473 1178,472 1240,473 1302,473 1364,474 1426,475 1488,476 1550,478 1612,479 1674,481 1736,482 1798,484 1860,485 1922,486 1984,487 2046,488 2109,488"/>
                <TextEquiv>
                    <Unicode>episcopum Segniensem, sedis apostolice legatos, auctoritate sanctissimi domini Eugenii, divina providencia pape quarti, inter nos et illustrem</Unicode>
                </TextEquiv>
            </TextLine>
            <TextLine id="r3l6" custom="readingOrder {index:4;} person {offset:18; length:15;} place {offset:67; length:7;}">
                <Coords points="857,514 925,512 987,510 1049,509 1111,508 1173,508 1235,508 1298,508 1360,509 1422,510 1484,512 1546,513 1608,515 1670,516 1733,518 1795,519 1857,520 1919,521 1981,521 2043,521 2106,521 2106,491 2043,491 1981,491 1919,491 1857,490 1795,489 1733,488 1670,486 1608,485 1546,483 1484,482 1422,480 1360,479 1298,478 1235,478 1173,478 1111,478 1049,479 987,480 925,482 857,484"/>
                <Baseline points="863,504 925,502 987,500 1049,499 1111,498 1173,498 1235,498 1298,498 1360,499 1422,500 1484,502 1546,503 1608,505 1670,506 1733,508 1795,509 1857,510 1919,511 1981,511 2043,511 2106,511"/>
                <TextEquiv>
                    <Unicode>principem dominum ducem Kazimirum, germanum nostrum, electum regem Bohemie, ex una et serenissimum principem dominum</Unicode>
                </TextEquiv>
            </TextLine>
            <TextLine id="r3l7" custom="readingOrder {index:5;} person {offset:0; length:46;} place {offset:23; length:7;}">
                <Coords points="848,540 925,538 988,536 1051,535 1114,534 1178,534 1241,534 1304,534 1367,535 1430,536 1494,536 1557,538 1620,539 1683,540 1746,542 1810,543 1873,544 1936,545 1999,546 2062,547 2126,547 2126,517 2062,517 1999,516 1936,515 1873,514 1810,513 1746,512 1683,510 1620,509 1557,508 1494,506 1430,506 1367,505 1304,504 1241,504 1178,504 1114,504 1051,505 988,506 925,508 848,510"/>
                <Baseline points="862,530 925,528 988,526 1051,525 1114,524 1178,524 1241,524 1304,524 1367,525 1430,526 1494,526 1557,528 1620,529 1683,530 1746,532 1810,533 1873,534 1936,535 1999,536 2062,537 2126,537"/>
                <TextEquiv>
                    <Unicode>Albertum, Romanorum et Ungarie regem et cetera, exaltera partibus quedam treuga indicta fuerit, sicut in litteris exinde confectis clarius</Unicode>
                </TextEquiv>
            </TextLine>
            <TextLine id="r3l8" custom="readingOrder {index:6;}">
                <Coords points="865,565 927,563 989,562 1051,561 1114,560 1176,560 1238,559 1300,560 1363,560 1425,561 1487,562 1549,562 1612,564 1674,565 1736,566 1798,567 1861,568 1923,570 1985,571 2047,572 2110,572 2110,542 2047,542 1985,541 1923,540 1861,538 1798,537 1736,536 1674,535 1612,534 1549,532 1487,532 1425,531 1363,530 1300,530 1238,529 1176,530 1114,530 1051,531 989,532 927,533 865,535"/>
                <Baseline points="865,555 927,553 989,552 1051,551 1114,550 1176,550 1238,549 1300,550 1363,550 1425,551 1487,552 1549,552 1612,554 1674,555 1736,556 1798,557 1861,558 1923,560 1985,561 2047,562 2110,562"/>
                <TextEquiv>
                    <Unicode>continetur, cuius quidem tenorem diligenter insperimus, et eam graciam et ratam habentes excerta sciencia approbamus, acceptamus et</Unicode>
                </TextEquiv>
            </TextLine>
            <TextLine id="r3l9" custom="readingOrder {index:7;}">
                <Coords points="865,588 928,587 992,587 1056,587 1120,586 1184,586 1247,587 1311,587 1375,588 1439,588 1503,589 1566,589 1630,590 1694,591 1758,592 1822,593 1885,594 1949,595 2013,596 2077,597 2141,598 2141,568 2077,567 2013,566 1949,565 1885,564 1822,563 1758,562 1694,561 1630,560 1566,559 1503,559 1439,558 1375,558 1311,557 1247,557 1184,556 1120,556 1056,557 992,557 928,557 865,558"/>
                <Baseline points="865,578 928,577 992,577 1056,577 1120,576 1184,576 1247,577 1311,577 1375,578 1439,578 1503,579 1566,579 1630,580 1694,581 1758,582 1822,583 1885,584 1949,585 2013,586 2077,587 2141,588"/>
                <TextEquiv>
                    <Unicode>ratificamus illamque observare et adimplere ac observari et adimpleri facere sine dolo pure simpliciter in omnibus capitulis</Unicode>
                </TextEquiv>
            </TextLine>
            <TextLine id="r3l10" custom="readingOrder {index:8;} place {offset:39; length:8;} date {offset:48; length:78; continued:true;year:0; day:0; month:0;}">
                <Coords points="857,614 921,613 985,612 1049,611 1113,611 1177,611 1241,611 1305,612 1369,613 1433,613 1497,614 1561,615 1625,616 1689,617 1753,618 1817,619 1881,620 1945,620 2009,621 2073,621 2138,621 2138,591 2073,591 2009,591 1945,590 1881,590 1817,589 1753,588 1689,587 1625,586 1561,585 1497,584 1433,583 1369,583 1305,582 1241,581 1177,581 1113,581 1049,581 985,582 921,583 857,584"/>
                <Baseline points="857,604 921,603 985,602 1049,601 1113,601 1177,601 1241,601 1305,602 1369,603 1433,603 1497,604 1561,605 1625,606 1689,607 1753,608 1817,609 1881,610 1945,610 2009,611 2073,611 2138,611"/>
                <TextEquiv>
                    <Unicode>verbo et fide regia promittimus. Datum Cracovie feria quinta ipso die corporis Christi anno eiusdem millesimo quadringentesimo</Unicode>
                </TextEquiv>
            </TextLine>
            <TextLine id="r3l11" custom="readingOrder {index:9;} date {offset:0; length:14; continued:true;year:0; day:0; month:0;}">
                <Coords points="843,643 870,641 898,639 926,638 954,637 982,636 1009,636 1037,636 1065,636 1093,636 1121,636 1148,637 1176,637 1204,637 1232,637 1260,638 1287,637 1315,637 1343,636 1371,635 1399,633 1399,603 1371,605 1343,606 1315,607 1287,607 1260,608 1232,607 1204,607 1176,607 1148,607 1121,606 1093,606 1065,606 1037,606 1009,606 982,606 954,607 926,608 898,609 870,611 843,613"/>
                <Baseline points="843,633 870,631 898,629 926,628 954,627 982,626 1009,626 1037,626 1065,626 1093,626 1121,626 1148,627 1176,627 1204,627 1232,627 1260,628 1287,627 1315,627 1343,626 1371,625 1399,623"/>
                <TextEquiv>
                    <Unicode>tricesimo nono sub nostre sigillo maiestatis.</Unicode>
                </TextEquiv>
            </TextLine>
            <TextEquiv>
                <Unicode>Wladislaus tercius, Deigracia rex Polonie necnon terrarum Cracovie, Sandomirie, Siradie, Lancicie, Cuyauie Lithwanieque prin¬
ceps supremus, Pomeranie, Russieque dominus et heres et cetera, significamus tenore presencium, quibus expedit universis presentibus et
futuris presencium noticiam habituris, quod cum per reverendos in Christo patres dominos Johannem, archiepiscopum Tarentinum, et Johannem,
episcopum Segniensem, sedis apostolice legatos, auctoritate sanctissimi domini Eugenii, divina providencia pape quarti, inter nos et illustrem
principem dominum ducem Kazimirum, germanum nostrum, electum regem Bohemie, ex una et serenissimum principem dominum
Albertum, Romanorum et Ungarie regem et cetera, exaltera partibus quedam treuga indicta fuerit, sicut in litteris exinde confectis clarius
continetur, cuius quidem tenorem diligenter insperimus, et eam graciam et ratam habentes excerta sciencia approbamus, acceptamus et
ratificamus illamque observare et adimplere ac observari et adimpleri facere sine dolo pure simpliciter in omnibus capitulis
verbo et fide regia promittimus. Datum Cracovie feria quinta ipso die corporis Christi anno eiusdem millesimo quadringentesimo
tricesimo nono sub nostre sigillo maiestatis.</Unicode>
            </TextEquiv>
        </TextRegion>
        <TextRegion id="region_1568644363570_427" custom="readingOrder {index:1;}">
            <Coords points="2120,786 1732,786 1732,681 2120,681"/>
            <TextLine id="line_1568644397239_442" custom="readingOrder {index:0;} person {offset:24; length:20; continued:true;} place {offset:36; length:8; continued:true;}">
                <Coords points="1740,671 1883,693 2034,686 2119,686 2123,724 2044,724 1894,724 1738,727"/>
                <Baseline points="1758,717 1894,719 2044,719 2092,719"/>
                <TextEquiv>
                    <Unicode>Ad relacionem magnifici Johannis de Coniecz¬</Unicode>
                </TextEquiv>
            </TextLine>
            <TextLine id="line_1568644406964_447" custom="readingOrder {index:1;} person {offset:0; length:32; continued:true;} place {offset:0; length:5; continued:true;}">
                <Coords points="1776,705 1907,703 2044,700 2077,700 2077,750 2044,750 1908,753 1777,755"/>
                <Baseline points="1777,750 1908,748 2044,745 2077,745"/>
                <TextEquiv>
                    <Unicode>polie, regni Polonie cancellarii.</Unicode>
                </TextEquiv>
            </TextLine>
            <TextEquiv>
                <Unicode>Ad relacionem magnifici Johannis de Coniecz¬&#xD;
polie, regni Polonie cancellarii.</Unicode>
            </TextEquiv>
        </TextRegion>
    </Page>
</PcGts>
