<?xml version="1.0" encoding="UTF-8" standalone="yes"?>
<PcGts xmlns="http://schema.primaresearch.org/PAGE/gts/pagecontent/2013-07-15" xmlns:xsi="http://www.w3.org/2001/XMLSchema-instance" xsi:schemaLocation="http://schema.primaresearch.org/PAGE/gts/pagecontent/2013-07-15 http://schema.primaresearch.org/PAGE/gts/pagecontent/2013-07-15/pagecontent.xsd">
    <Metadata>
        <Creator>prov=University of Rostock/Institute of Mathematics/CITlab/Tobias Gruening/tobias.gruening@uni-rostock.de:name=/net_tf/LA73_249_0mod360.pb:de.uros.citlab.segmentation.CITlab_LA_ML:v=2.4.2
TRP</Creator>
        <Created>2019-08-27T16:51:28.009+02:00</Created>
        <LastChange>2019-11-25T11:37:30.913+01:00</LastChange>
        <TranskribusMetadata docId="201371" pageId="8401932" pageNr="1" tsid="19835156" status="IN_PROGRESS" userId="40502" imgUrl="https://files.transkribus.eu/Get?id=VGUVBMYHHANTOLRGCSHPSTGR&amp;fileType=view" xmlUrl="https://files.transkribus.eu/Get?id=RFINHVNCGAOPWSQLUNTUOYVR" imageId="5308543"/>
    </Metadata>
    <Page imageFilename="NA-ACK_13290509_00138_r.jpg" imageWidth="10909" imageHeight="9362">
        <ReadingOrder>
            <OrderedGroup id="ro_1575392273591" caption="Regions reading order">
                <RegionRefIndexed index="0" regionRef="r1"/>
            </OrderedGroup>
        </ReadingOrder>
        <TextRegion orientation="0.0" id="r1" custom="readingOrder {index:0;}">
            <Coords points="1375,488 1386,3233 5822,3233 5778,488"/>
            <TextLine id="r1l1" custom="readingOrder {index:0;} person {offset:123; length:44; continued:true;} place {offset:148; length:6;} place {offset:158; length:9;}">
                <Coords points="1497,1580 1685,1586 1685,804 2269,804 2463,801 2657,798 2851,795 3045,793 3239,791 3433,789 3627,787 3820,786 4014,786 4208,786 4402,786 4596,786 4790,787 4984,788 5178,790 5372,792 5573,793 5578,671 5373,659 5185,654 4985,665 4802,659 4591,659 4403,665 4220,676 4020,671 3832,665 3637,665 3454,665 3238,671 3050,665 2844,665 2673,671 2495,665 2273,671 2085,665 1852,665 1502,659"/>
                <Baseline points="1602,804 1881,797 2075,792 2269,789 2463,786 2657,783 2851,780 3045,778 3239,776 3433,774 3627,772 3820,771 4014,771 4208,771 4402,771 4596,771 4790,772 4984,773 5178,775 5372,777 5566,779"/>
                <TextEquiv>
                    <Unicode>In nomine Domini amen. Noverint universi tam presentes quam posteri notitiam presentium aut copiam habituri, quod quia nos Henricus, Dei gracia dux Slezie et Glogovie </Unicode>
                </TextEquiv>
            </TextLine>
            <TextLine id="r1l2" custom="readingOrder {index:1;} person {offset:0; length:21; continued:true;} place {offset:11; length:10;} person {offset:90; length:58;} place {offset:99; length:6;} place {offset:109; length:7;} place {offset:126; length:14;}">
                <Coords points="1672,887 1866,883 2060,878 2254,874 2449,871 2643,868 2837,865 3032,862 3226,860 3420,859 3615,857 3809,856 4003,855 4197,855 4392,855 4586,856 4780,857 4975,859 5169,860 5363,863 5558,866 5558,820 5363,817 5169,814 4975,813 4780,811 4586,810 4392,809 4197,809 4003,809 3809,810 3615,811 3420,813 3226,814 3032,816 2837,819 2643,822 2449,825 2254,828 2060,832 1866,837 1672,841"/>
                <Baseline points="1672,872 1866,868 2060,863 2254,859 2449,856 2643,853 2837,850 3032,847 3226,845 3420,844 3615,842 3809,841 4003,840 4197,840 4392,840 4586,841 4780,842 4975,844 5169,845 5363,848 5558,851"/>
                <TextEquiv>
                    <Unicode>ac dominus Saganensis, ob specialis amoris affectum, quem erga magnifici principis domini Johannis Boemie et Polonie regis ac Lucemburgensis comitis, domini nostri karissimi, geri¬</Unicode>
                </TextEquiv>
            </TextLine>
            <TextLine id="r1l3" custom="readingOrder {index:2;}">
                <Coords points="1682,951 1875,947 2069,944 2263,940 2456,937 2650,934 2844,931 3037,929 3231,927 3425,924 3619,923 3812,922 4006,921 4200,921 4393,921 4587,922 4781,924 4974,926 5168,929 5362,932 5556,936 5556,891 5362,887 5168,884 4974,881 4781,879 4587,877 4393,876 4200,876 4006,876 3812,877 3619,878 3425,879 3231,882 3037,884 2844,886 2650,889 2456,892 2263,895 2069,899 1875,902 1682,906"/>
                <Baseline points="1682,936 1875,932 2069,929 2263,925 2456,922 2650,919 2844,916 3037,914 3231,912 3425,909 3619,908 3812,907 4006,906 4200,906 4393,906 4587,907 4781,909 4974,911 5168,914 5362,917 5556,921"/>
                <TextEquiv>
                    <Unicode>mus celsitudinem, habito nobiscum amicis quoque ac fidelibus nostris consilio diligenti ac deliberacione matura, accedentibus etiam favore et consensu eorundem expressis ad sub¬</Unicode>
                </TextEquiv>
            </TextLine>
            <TextLine id="r1l4" custom="readingOrder {index:3;}">
                <Coords points="1680,1012 1872,1009 2065,1007 2258,1004 2450,1002 2643,999 2836,997 3028,994 3221,992 3414,990 3607,988 3799,987 3992,986 4185,986 4377,986 4570,987 4763,988 4955,991 5148,994 5341,998 5534,1002 5534,957 5341,953 5148,949 4955,946 4763,943 4570,942 4377,941 4185,941 3992,941 3799,942 3607,943 3414,945 3221,947 3028,949 2836,952 2643,954 2450,957 2258,959 2065,962 1872,964 1680,967"/>
                <Baseline points="1680,997 1872,994 2065,992 2258,989 2450,987 2643,984 2836,982 3028,979 3221,977 3414,975 3607,973 3799,972 3992,971 4185,971 4377,971 4570,972 4763,973 4955,976 5148,979 5341,983 5534,987"/>
                <TextEquiv>
                    <Unicode>scripta, bonum in hoc nostrum principaliter, consequenter autem fidelium, terrarum, civitatum, hominum et bonorum nostrorum omnium infrascriptorum commodum statumque in antea paci¬</Unicode>
                </TextEquiv>
            </TextLine>
            <TextLine id="r1l5" custom="readingOrder {index:4;} place {offset:76; length:6;} place {offset:106; length:6;}">
                <Coords points="1712,1080 1904,1076 2096,1073 2288,1069 2480,1066 2673,1064 2865,1061 3057,1058 3249,1057 3441,1055 3634,1054 3826,1053 4018,1053 4210,1053 4402,1053 4595,1054 4787,1056 4979,1058 5171,1061 5363,1064 5556,1068 5556,1022 5363,1018 5171,1015 4979,1012 4787,1010 4595,1008 4402,1007 4210,1007 4018,1007 3826,1007 3634,1008 3441,1009 3249,1011 3057,1012 2865,1015 2673,1018 2480,1020 2288,1023 2096,1027 1904,1030 1712,1034"/>
                <Baseline points="1712,1065 1904,1061 2096,1058 2288,1054 2480,1051 2673,1049 2865,1046 3057,1043 3249,1042 3441,1040 3634,1039 3826,1038 4018,1038 4210,1038 4402,1038 4595,1039 4787,1041 4979,1043 5171,1046 5363,1049 5556,1053"/>
                <TextEquiv>
                    <Unicode>ficum perpendentes, princeps et vasallus suus, heredum, successorum suorum, Boemie regum, ac ipsius regni Boemie in perpetuum fieri et fore decrevimus, omnia et singula </Unicode>
                </TextEquiv>
            </TextLine>
            <TextLine id="r1l6" custom="readingOrder {index:5;}">
                <Coords points="1701,1156 1894,1150 2088,1145 2281,1140 2475,1136 2668,1132 2862,1129 3055,1126 3249,1124 3442,1123 3636,1122 3829,1121 4023,1121 4216,1122 4410,1123 4603,1125 4797,1127 4990,1130 5184,1133 5377,1137 5571,1142 5571,1096 5377,1091 5184,1087 4990,1084 4797,1081 4603,1079 4410,1077 4216,1076 4023,1075 3829,1075 3636,1076 3442,1077 3249,1078 3055,1080 2862,1083 2668,1086 2475,1090 2281,1094 2088,1099 1894,1104 1701,1110"/>
                <Baseline points="1701,1141 1894,1135 2088,1130 2281,1125 2475,1121 2668,1117 2862,1114 3055,1111 3249,1109 3442,1108 3636,1107 3829,1106 4023,1106 4216,1107 4410,1108 4603,1110 4797,1112 4990,1115 5184,1118 5377,1122 5571,1127"/>
                <TextEquiv>
                    <Unicode>bona nostra sub eisdem libertatibus et iuribus, quibus a predecessoribus nostris ad nos pervenisse noscuntur, omnesque terras nostras, quas ad presens possidemus vel possidebimus </Unicode>
                </TextEquiv>
            </TextLine>
            <TextLine id="r1l7" custom="readingOrder {index:6;} place {offset:62; length:5;} place {offset:131; length:6;} place {offset:149; length:9;} place {offset:160; length:7;}">
                <Coords points="1694,1233 1887,1224 2081,1216 2275,1209 2469,1203 2663,1198 2857,1193 3051,1190 3245,1188 3439,1186 3633,1185 3826,1184 4020,1185 4214,1185 4408,1187 4602,1189 4796,1192 4990,1195 5184,1198 5378,1202 5572,1206 5572,1163 5378,1159 5184,1155 4990,1152 4796,1149 4602,1146 4408,1144 4214,1142 4020,1142 3826,1141 3633,1142 3439,1143 3245,1145 3051,1147 2857,1150 2663,1155 2469,1160 2275,1166 2081,1173 1887,1181 1694,1190"/>
                <Baseline points="1694,1219 1887,1210 2081,1202 2275,1195 2469,1189 2663,1184 2857,1179 3051,1176 3245,1174 3439,1172 3633,1171 3826,1170 4020,1171 4214,1171 4408,1173 4602,1175 4796,1178 4990,1181 5184,1184 5378,1188 5572,1192"/>
                <TextEquiv>
                    <Unicode>quocumque tytulo in futuro, tam citra quam ultra fluvium, qui Odera dicitur, cum civitatibus et castris eis adiacentibus ac aliis, Sagano videlicet, Vreinstat, Sprotaw, </Unicode>
                </TextEquiv>
            </TextLine>
            <TextLine id="r1l8" custom="readingOrder {index:7;} place {offset:0; length:11;} place {offset:13; length:7;} place {offset:22; length:9;} place {offset:33; length:11;} place {offset:46; length:7;} place {offset:55; length:4;} place {offset:61; length:11;} place {offset:74; length:8;} place {offset:84; length:8;} place {offset:94; length:6;} place {offset:102; length:7;} place {offset:111; length:10;} place {offset:123; length:8;} place {offset:133; length:13;} place {offset:148; length:5;}">
                <Coords points="1694,1312 1887,1302 2080,1292 2273,1284 2467,1276 2660,1270 2853,1264 3047,1259 3240,1255 3433,1252 3627,1250 3820,1247 4013,1247 4206,1246 4400,1247 4593,1248 4786,1250 4980,1252 5173,1256 5366,1259 5560,1264 5560,1221 5366,1216 5173,1213 4980,1209 4786,1207 4593,1205 4400,1204 4206,1203 4013,1204 3820,1204 3627,1207 3433,1209 3240,1212 3047,1216 2853,1221 2660,1227 2467,1233 2273,1241 2080,1249 1887,1259 1694,1269"/>
                <Baseline points="1694,1298 1887,1288 2080,1278 2273,1270 2467,1262 2660,1256 2853,1250 3047,1245 3240,1241 3433,1238 3627,1236 3820,1233 4013,1233 4206,1232 4400,1233 4593,1234 4786,1236 4980,1238 5173,1242 5366,1245 5560,1250"/>
                <TextEquiv>
                    <Unicode>Grunemberch, Krozzen, Nuenburch ,Vartemberch, Malnicz, Pusa, Pobirsberch, Czulchow, Swibosin, Lubnaw, Butnicz, Bentschicz, Kopanicz, Brandatendorf, Netka, </Unicode>
                </TextEquiv>
            </TextLine>
            <TextLine id="r1l9" custom="readingOrder {index:8;} place {offset:0; length:9;} place {offset:11; length:7;} place {offset:20; length:8;} place {offset:30; length:9;}">
                <Coords points="1705,1371 1899,1364 2093,1356 2287,1351 2481,1344 2675,1339 2869,1334 3063,1329 3257,1325 3451,1322 3645,1319 3839,1317 4033,1315 4227,1314 4421,1313 4615,1314 4809,1314 5003,1316 5197,1318 5391,1321 5586,1324 5586,1278 5391,1275 5197,1272 5003,1270 4809,1268 4615,1268 4421,1267 4227,1268 4033,1269 3839,1271 3645,1273 3451,1276 3257,1279 3063,1283 2869,1288 2675,1293 2481,1298 2287,1305 2093,1310 1899,1318 1705,1325"/>
                <Baseline points="1705,1356 1899,1349 2093,1341 2287,1336 2481,1329 2675,1324 2869,1319 3063,1314 3257,1310 3451,1307 3645,1304 3839,1302 4033,1300 4227,1299 4421,1298 4615,1299 4809,1299 5003,1301 5197,1303 5391,1306 5586,1309"/>
                <TextEquiv>
                    <Unicode>Babinmost, Premund, Prsibiow, Trebechow cum ceteris fortaliciis et municionibus nostris, omnibus appendiis, dominiis, opidis, villis, allodiis, feudis, feudalibus nobilibus </Unicode>
                </TextEquiv>
            </TextLine>
            <TextLine id="r1l10" custom="readingOrder {index:9;} place {offset:172; length:6;}">
                <Coords points="1719,1438 1909,1430 2099,1423 2290,1417 2480,1410 2670,1404 2861,1399 3051,1394 3241,1390 3432,1386 3622,1383 3812,1381 4003,1379 4193,1378 4383,1378 4574,1378 4764,1379 4954,1381 5145,1384 5335,1388 5526,1392 5526,1346 5335,1342 5145,1338 4954,1335 4764,1333 4574,1332 4383,1332 4193,1332 4003,1333 3812,1335 3622,1337 3432,1340 3241,1344 3051,1348 2861,1353 2670,1358 2480,1364 2290,1371 2099,1377 1909,1384 1719,1392"/>
                <Baseline points="1719,1423 1909,1415 2099,1408 2290,1402 2480,1395 2670,1389 2861,1384 3051,1379 3241,1375 3432,1371 3622,1368 3812,1366 4003,1364 4193,1363 4383,1363 4574,1363 4764,1364 4954,1366 5145,1369 5335,1373 5526,1377"/>
                <TextEquiv>
                    <Unicode>et plebeiis, iuribus, redditibus, proventibus et utilitatibus earundem, quocumque vocentur nomine vel in quibuscumque consistant, nostro, heredum et successorum nostrorum, Slezie </Unicode>
                </TextEquiv>
            </TextLine>
            <TextLine id="r1l11" custom="readingOrder {index:10;} place {offset:3; length:8;} place {offset:31; length:11;}">
                <Coords points="1723,1513 1914,1504 2105,1496 2297,1487 2488,1480 2679,1474 2871,1468 3062,1463 3253,1458 3445,1455 3636,1451 3827,1449 4019,1447 4210,1445 4401,1444 4593,1444 4784,1444 4975,1445 5167,1446 5358,1448 5550,1450 5550,1404 5358,1402 5167,1400 4975,1399 4784,1398 4593,1398 4401,1398 4210,1399 4019,1401 3827,1403 3636,1405 3445,1409 3253,1412 3062,1417 2871,1422 2679,1428 2488,1434 2297,1441 2105,1450 1914,1458 1723,1467"/>
                <Baseline points="1723,1498 1914,1489 2105,1481 2297,1472 2488,1465 2679,1459 2871,1453 3062,1448 3253,1443 3445,1440 3636,1436 3827,1434 4019,1432 4210,1430 4401,1429 4593,1429 4784,1429 4975,1430 5167,1431 5358,1433 5550,1435"/>
                <TextEquiv>
                    <Unicode>et Glogovie ducum ac dominorum Saganensium, nomine in regis ipsius manibus sponte et libere resignantes ab eo in feudum recepimus perpetuum factoque sibi </Unicode>
                </TextEquiv>
            </TextLine>
            <TextLine id="r1l12" custom="readingOrder {index:11;}">
                <Coords points="1708,1592 1898,1580 2089,1569 2279,1559 2470,1551 2661,1544 2851,1537 3042,1532 3233,1527 3423,1524 3614,1521 3805,1519 3995,1518 4186,1516 4377,1516 4567,1516 4758,1516 4949,1516 5139,1516 5330,1517 5521,1518 5521,1472 5330,1471 5139,1470 4949,1470 4758,1470 4567,1470 4377,1470 4186,1470 3995,1472 3805,1473 3614,1475 3423,1478 3233,1481 3042,1486 2851,1491 2661,1498 2470,1505 2279,1513 2089,1523 1898,1534 1708,1546"/>
                <Baseline points="1708,1577 1898,1565 2089,1554 2279,1544 2470,1536 2661,1529 2851,1522 3042,1517 3233,1512 3423,1509 3614,1506 3805,1504 3995,1503 4186,1501 4377,1501 4567,1501 4758,1501 4949,1501 5139,1501 5330,1502 5521,1503"/>
                <TextEquiv>
                    <Unicode>per nos fidelitatis debite homagio, prestito corporali nihilominus iuramento, ipsi regi, heredibus et successoribus suis predictis tamquam veris dominis nostris velut princeps </Unicode>
                </TextEquiv>
            </TextLine>
            <TextLine id="r1l13" custom="readingOrder {index:12;} place {offset:27; length:6;}">
                <Coords points="1710,1666 1901,1655 2093,1645 2284,1636 2476,1628 2667,1621 2859,1615 3050,1609 3242,1603 3433,1598 3625,1595 3816,1591 4008,1589 4199,1587 4391,1585 4582,1585 4774,1584 4965,1584 5157,1585 5348,1586 5540,1587 5540,1541 5348,1540 5157,1539 4965,1538 4774,1538 4582,1539 4391,1539 4199,1541 4008,1543 3816,1545 3625,1549 3433,1552 3242,1557 3050,1563 2859,1569 2667,1575 2476,1582 2284,1590 2093,1599 1901,1609 1710,1620"/>
                <Baseline points="1710,1651 1901,1640 2093,1630 2284,1621 2476,1613 2667,1606 2859,1600 3050,1594 3242,1588 3433,1583 3625,1580 3816,1576 4008,1574 4199,1572 4391,1570 4582,1570 4774,1569 4965,1569 5157,1570 5348,1571 5540,1572"/>
                <TextEquiv>
                    <Unicode>et vasallus eorum regnique Boemie antedicti parere deinceps promisimus et intendere in eisdem et contra quemlibet principem et hominem ipsos pro viribus fideliter adiu¬</Unicode>
                </TextEquiv>
            </TextLine>
            <TextLine id="r1l14" custom="readingOrder {index:13;}">
                <Coords points="1720,1730 1907,1720 2095,1711 2282,1703 2470,1695 2657,1688 2845,1682 3032,1676 3220,1670 3407,1666 3595,1662 3782,1659 3970,1657 4157,1655 4345,1653 4532,1653 4720,1653 4907,1653 5095,1654 5282,1655 5470,1658 5470,1615 5282,1612 5095,1611 4907,1610 4720,1610 4532,1610 4345,1610 4157,1612 3970,1614 3782,1616 3595,1619 3407,1623 3220,1627 3032,1633 2845,1639 2657,1645 2470,1652 2282,1660 2095,1668 1907,1677 1720,1687"/>
                <Baseline points="1720,1716 1907,1706 2095,1697 2282,1689 2470,1681 2657,1674 2845,1668 3032,1662 3220,1656 3407,1652 3595,1648 3782,1645 3970,1643 4157,1641 4345,1639 4532,1639 4720,1639 4907,1639 5095,1640 5282,1641 5470,1644"/>
                <TextEquiv>
                    <Unicode>vare, reservata nobis edificandi ac instaurandi munitiones novas in terris nostris et bonis premissis et destruendi veteres, ubicumque et quandocumque nobis videbitur pro </Unicode>
                </TextEquiv>
            </TextLine>
            <TextLine id="r1l15" custom="readingOrder {index:14;}">
                <Coords points="1716,1790 1907,1783 2098,1776 2289,1769 2480,1763 2671,1756 2862,1750 3053,1745 3244,1740 3435,1735 3626,1731 3817,1726 4008,1723 4199,1720 4390,1718 4581,1716 4772,1715 4963,1715 5154,1715 5345,1716 5536,1718 5536,1675 5345,1673 5154,1672 4963,1672 4772,1672 4581,1673 4390,1675 4199,1677 4008,1680 3817,1683 3626,1688 3435,1692 3244,1697 3053,1702 2862,1707 2671,1713 2480,1720 2289,1726 2098,1733 1907,1740 1716,1747"/>
                <Baseline points="1716,1776 1907,1769 2098,1762 2289,1755 2480,1749 2671,1742 2862,1736 3053,1731 3244,1726 3435,1721 3626,1717 3817,1712 4008,1709 4199,1706 4390,1704 4581,1702 4772,1701 4963,1701 5154,1701 5345,1702 5536,1704"/>
                <TextEquiv>
                    <Unicode>nostro, terrarum predictarum et hominum nostrorum comodo expedire libera facultate, volentes et firmiter statuentes, ut, si forte nos, heredes aut successores nostri sublati de </Unicode>
                </TextEquiv>
            </TextLine>
            <TextLine id="r1l16" custom="readingOrder {index:15;}">
                <Coords points="1712,1852 1900,1849 2089,1845 2278,1840 2467,1835 2656,1829 2845,1823 3034,1817 3223,1811 3412,1805 3601,1800 3789,1795 3978,1790 4167,1786 4356,1783 4545,1781 4734,1781 4923,1781 5112,1784 5301,1787 5490,1793 5490,1748 5301,1742 5112,1739 4923,1736 4734,1736 4545,1736 4356,1738 4167,1741 3978,1745 3789,1750 3601,1755 3412,1760 3223,1766 3034,1772 2845,1778 2656,1784 2467,1790 2278,1795 2089,1800 1900,1804 1712,1807"/>
                <Baseline points="1712,1837 1900,1834 2089,1830 2278,1825 2467,1820 2656,1814 2845,1808 3034,1802 3223,1796 3412,1790 3601,1785 3789,1780 3978,1775 4167,1771 4356,1768 4545,1766 4734,1766 4923,1766 5112,1769 5301,1772 5490,1778"/>
                <TextEquiv>
                    <Unicode>medio fuerimus heredibus legitimis et presertim masculis non relictis, extunc iam dicta bona nostra, terre, civitates et opida cum omnibus pertinentiis suis, ut </Unicode>
                </TextEquiv>
            </TextLine>
            <TextLine id="r1l17" custom="readingOrder {index:16;} person {offset:53; length:73;} place {offset:87; length:6;} place {offset:97; length:8;} place {offset:117; length:9;} person {offset:139; length:35; continued:true;} place {offset:155; length:6;} place {offset:165; length:8;}">
                <Coords points="1709,1912 1900,1911 2091,1909 2283,1907 2474,1903 2666,1898 2857,1892 3049,1887 3240,1881 3432,1876 3623,1869 3814,1864 4006,1859 4197,1856 4389,1853 4580,1851 4772,1851 4963,1852 5155,1854 5346,1859 5538,1866 5538,1827 5346,1820 5155,1815 4963,1813 4772,1812 4580,1812 4389,1814 4197,1817 4006,1820 3814,1825 3623,1830 3432,1837 3240,1842 3049,1848 2857,1853 2666,1859 2474,1864 2283,1868 2091,1870 1900,1872 1709,1873"/>
                <Baseline points="1709,1899 1900,1898 2091,1896 2283,1894 2474,1890 2666,1885 2857,1879 3049,1874 3240,1868 3432,1863 3623,1856 3814,1851 4006,1846 4197,1843 4389,1840 4580,1838 4772,1838 4963,1839 5155,1841 5346,1846 5538,1853"/>
                <TextEquiv>
                    <Unicode>predicitur, ad fratres nostros, principes illustres, dominum Conradum videlicet, ducem Slezie et Glogovie et dominum Olsnensem, ac dominum Iohannem, ducem Slezie et Glogovie </Unicode>
                </TextEquiv>
            </TextLine>
            <TextLine id="r1l18" custom="readingOrder {index:17;} person {offset:0; length:19; continued:true;} place {offset:11; length:8;} place {offset:138; length:6;}">
                <Coords points="1709,1980 1900,1979 2091,1978 2282,1976 2473,1972 2664,1968 2855,1963 3046,1958 3237,1953 3428,1946 3619,1941 3810,1936 4001,1931 4192,1926 4383,1922 4574,1919 4765,1917 4956,1916 5147,1916 5338,1918 5529,1921 5529,1879 5338,1876 5147,1874 4956,1874 4765,1875 4574,1877 4383,1880 4192,1884 4001,1889 3810,1894 3619,1899 3428,1904 3237,1911 3046,1916 2855,1921 2664,1926 2473,1930 2282,1934 2091,1936 1900,1937 1709,1938"/>
                <Baseline points="1709,1966 1900,1965 2091,1964 2282,1962 2473,1958 2664,1954 2855,1949 3046,1944 3237,1939 3428,1932 3619,1927 3810,1922 4001,1917 4192,1912 4383,1908 4574,1905 4765,1903 4956,1902 5147,1902 5338,1904 5529,1907"/>
                <TextEquiv>
                    <Unicode>ac dominum Stynavie, heredesque masculos, dumtaxat si quos reliquerint, si autem nullos post se masculos legitimos reliquerint, ad regnum Boemie predictum </Unicode>
                </TextEquiv>
            </TextLine>
            <TextLine id="r1l19" custom="readingOrder {index:18;}">
                <Coords points="1703,2055 1896,2050 2089,2045 2282,2040 2476,2034 2669,2029 2862,2024 3056,2019 3249,2015 3442,2009 3636,2005 3829,2001 4022,1998 4215,1995 4409,1992 4602,1990 4795,1989 4989,1988 5182,1987 5375,1988 5569,1989 5569,1944 5375,1943 5182,1942 4989,1943 4795,1944 4602,1945 4409,1947 4215,1950 4022,1953 3829,1956 3636,1960 3442,1964 3249,1970 3056,1974 2862,1979 2669,1984 2476,1989 2282,1995 2089,2000 1896,2005 1703,2010"/>
                <Baseline points="1703,2040 1896,2035 2089,2030 2282,2025 2476,2019 2669,2014 2862,2009 3056,2004 3249,2000 3442,1994 3636,1990 3829,1986 4022,1983 4215,1980 4409,1977 4602,1975 4795,1974 4989,1973 5182,1972 5375,1973 5569,1974"/>
                <TextEquiv>
                    <Unicode>libere et hereditarie debebant pertinere, hoc tamen addiciendum duximus nominatim, quod si nos ipsi, heredes vel successores nostri prefati cum clericis, civibus, rusti¬</Unicode>
                </TextEquiv>
            </TextLine>
            <TextLine id="r1l20" custom="readingOrder {index:19;}">
                <Coords points="1704,2131 1896,2123 2088,2115 2281,2108 2473,2102 2666,2095 2858,2090 3051,2085 3243,2080 3436,2075 3628,2071 3820,2068 4013,2065 4205,2062 4398,2060 4590,2058 4783,2057 4975,2056 5168,2056 5360,2056 5553,2056 5553,2010 5360,2010 5168,2010 4975,2010 4783,2011 4590,2012 4398,2014 4205,2016 4013,2019 3820,2022 3628,2025 3436,2029 3243,2034 3051,2039 2858,2044 2666,2049 2473,2056 2281,2062 2088,2069 1896,2077 1704,2085"/>
                <Baseline points="1704,2116 1896,2108 2088,2100 2281,2093 2473,2087 2666,2080 2858,2075 3051,2070 3243,2065 3436,2060 3628,2056 3820,2053 4013,2050 4205,2047 4398,2045 4590,2043 4783,2042 4975,2041 5168,2041 5360,2041 5553,2041"/>
                <TextEquiv>
                    <Unicode>cis vel iudeis nostris aliquid cause, questionis aut iudicii instauraverimus, de hiis et huiusmodi rex, heredes et successores sui predicti nobis, heredibus vel successoribus </Unicode>
                </TextEquiv>
            </TextLine>
            <TextLine id="r1l21" custom="readingOrder {index:20;}">
                <Coords points="1712,2196 1902,2188 2093,2181 2284,2175 2475,2169 2666,2163 2857,2159 3047,2155 3238,2151 3429,2148 3620,2145 3811,2143 4002,2140 4193,2138 4383,2136 4574,2134 4765,2131 4956,2129 5147,2126 5338,2124 5529,2120 5529,2074 5338,2078 5147,2080 4956,2083 4765,2085 4574,2088 4383,2090 4193,2092 4002,2094 3811,2097 3620,2099 3429,2102 3238,2105 3047,2109 2857,2113 2666,2117 2475,2123 2284,2129 2093,2135 1902,2142 1712,2150"/>
                <Baseline points="1712,2181 1902,2173 2093,2166 2284,2160 2475,2154 2666,2148 2857,2144 3047,2140 3238,2136 3429,2133 3620,2130 3811,2128 4002,2125 4193,2123 4383,2121 4574,2119 4765,2116 4956,2114 5147,2111 5338,2109 5529,2105"/>
                <TextEquiv>
                    <Unicode>nostris superstitibus intromittere se non debeant modo quovis, si vero nobiles vel fideles terrarum nostrarum suprascriptarum debitam per nos, heredes vel successores nostros </Unicode>
                </TextEquiv>
            </TextLine>
            <TextLine id="r1l22" custom="readingOrder {index:21;}">
                <Coords points="1730,2270 1919,2262 2108,2253 2298,2246 2487,2240 2677,2234 2866,2229 3055,2224 3245,2220 3434,2216 3624,2212 3813,2209 4002,2206 4192,2204 4381,2202 4571,2200 4760,2198 4949,2197 5139,2196 5328,2195 5518,2194 5518,2148 5328,2149 5139,2150 4949,2151 4760,2152 4571,2154 4381,2156 4192,2158 4002,2160 3813,2163 3624,2166 3434,2170 3245,2174 3055,2178 2866,2183 2677,2188 2487,2194 2298,2200 2108,2207 1919,2216 1730,2224"/>
                <Baseline points="1730,2255 1919,2247 2108,2238 2298,2231 2487,2225 2677,2219 2866,2214 3055,2209 3245,2205 3434,2201 3624,2197 3813,2194 4002,2191 4192,2189 4381,2187 4571,2185 4760,2183 4949,2182 5139,2181 5328,2180 5518,2179"/>
                <TextEquiv>
                    <Unicode>de suis questionibus aut causis nobis motis, de quibus iuxta literarum regalium datarum nobis continentiam secundum fidelium nostrorum sentenciam et dictamen </Unicode>
                </TextEquiv>
            </TextLine>
            <TextLine id="r1l23" custom="readingOrder {index:22;}">
                <Coords points="1727,2335 1919,2331 2111,2326 2304,2321 2496,2315 2688,2310 2881,2305 3073,2299 3265,2295 3458,2290 3650,2286 3842,2282 4035,2280 4227,2277 4419,2276 4612,2276 4804,2277 4996,2278 5189,2282 5381,2286 5574,2293 5574,2247 5381,2240 5189,2236 4996,2232 4804,2231 4612,2230 4419,2230 4227,2231 4035,2234 3842,2236 3650,2240 3458,2244 3265,2249 3073,2253 2881,2259 2688,2264 2496,2269 2304,2275 2111,2280 1919,2285 1727,2289"/>
                <Baseline points="1727,2320 1919,2316 2111,2311 2304,2306 2496,2300 2688,2295 2881,2290 3073,2284 3265,2280 3458,2275 3650,2271 3842,2267 4035,2265 4227,2262 4419,2261 4612,2261 4804,2262 4996,2263 5189,2267 5381,2271 5574,2278"/>
                <TextEquiv>
                    <Unicode>subire tenemur et facere iudicium, assequi non possint iusticiam, regem, heredes et successores suos pernotatos adire poterunt libere querelas ipsorum proponere et defectus, </Unicode>
                </TextEquiv>
            </TextLine>
            <TextLine id="r1l24" custom="readingOrder {index:23;} place {offset:114; length:6;} place {offset:140; length:6;} place {offset:159; length:7;}">
                <Coords points="1747,2401 1938,2399 2129,2396 2320,2392 2512,2388 2703,2383 2894,2377 3085,2371 3277,2365 3468,2359 3659,2353 3850,2349 4042,2345 4233,2342 4424,2340 4615,2340 4807,2341 4998,2344 5189,2349 5380,2357 5572,2367 5572,2325 5380,2315 5189,2307 4998,2302 4807,2299 4615,2298 4424,2298 4233,2300 4042,2303 3850,2307 3659,2311 3468,2317 3277,2323 3085,2329 2894,2335 2703,2341 2512,2346 2320,2350 2129,2354 1938,2357 1747,2359"/>
                <Baseline points="1747,2387 1938,2385 2129,2382 2320,2378 2512,2374 2703,2369 2894,2363 3085,2357 3277,2351 3468,2345 3659,2339 3850,2335 4042,2331 4233,2328 4424,2326 4615,2326 4807,2327 4998,2330 5189,2335 5380,2343 5572,2353"/>
                <TextEquiv>
                    <Unicode>nosque heredes et successores nostri predicti citati ibidem coram rege videlicet heredibus et successoribus suis, Boemie regibus, ubicumque Boemie fuerint aut Polonie, coram altero </Unicode>
                </TextEquiv>
            </TextLine>
            <TextLine id="r1l25" custom="readingOrder {index:24;} place {offset:70; length:14;}">
                <Coords points="1733,2475 1925,2471 2117,2467 2310,2463 2502,2457 2695,2453 2887,2447 3079,2441 3272,2436 3464,2430 3657,2425 3849,2420 4041,2417 4234,2414 4426,2411 4619,2410 4811,2410 5003,2411 5196,2413 5388,2417 5581,2423 5581,2381 5388,2375 5196,2371 5003,2369 4811,2368 4619,2368 4426,2369 4234,2372 4041,2375 3849,2378 3657,2383 3464,2388 3272,2394 3079,2399 2887,2405 2695,2411 2502,2415 2310,2421 2117,2425 1925,2429 1733,2433"/>
                <Baseline points="1733,2461 1925,2457 2117,2453 2310,2449 2502,2443 2695,2439 2887,2433 3079,2427 3272,2422 3464,2416 3657,2411 3849,2406 4041,2403 4234,2400 4426,2397 4619,2396 4811,2396 5003,2397 5196,2399 5388,2403 5581,2409"/>
                <TextEquiv>
                    <Unicode>vero principe per eos ad hoc iudice deputato sisti tenebimur in terra Wratizlaviensi dumtaxat iudicio facere et subire de nobis, heredibus vel successoribus nostris conqueren¬</Unicode>
                </TextEquiv>
            </TextLine>
            <TextLine id="r1l26" custom="readingOrder {index:25;}">
                <Coords points="1745,2542 1935,2537 2125,2531 2316,2527 2506,2523 2697,2519 2887,2515 3077,2511 3268,2508 3458,2505 3649,2502 3839,2500 4029,2497 4220,2495 4410,2493 4601,2491 4791,2489 4981,2488 5172,2486 5362,2485 5553,2484 5553,2438 5362,2439 5172,2440 4981,2442 4791,2443 4601,2445 4410,2447 4220,2449 4029,2451 3839,2454 3649,2456 3458,2459 3268,2462 3077,2465 2887,2469 2697,2473 2506,2477 2316,2481 2125,2485 1935,2491 1745,2496"/>
                <Baseline points="1745,2527 1935,2522 2125,2516 2316,2512 2506,2508 2697,2504 2887,2500 3077,2496 3268,2493 3458,2490 3649,2487 3839,2485 4029,2482 4220,2480 4410,2478 4601,2476 4791,2474 4981,2473 5172,2471 5362,2470 5553,2469"/>
                <TextEquiv>
                    <Unicode>tibus quibuslibet iusticie complementum, illud insuper specifice decrevimus exprimendum, quod si fortasse nos, heredes vel successores nostros gravatos inopia, de¬</Unicode>
                </TextEquiv>
            </TextLine>
            <TextLine id="r1l27" custom="readingOrder {index:26;}">
                <Coords points="1719,2611 1908,2606 2098,2601 2288,2596 2478,2591 2667,2587 2857,2582 3047,2578 3237,2574 3426,2571 3616,2567 3806,2565 3996,2562 4185,2560 4375,2558 4565,2557 4755,2556 4944,2555 5134,2555 5324,2555 5514,2555 5514,2509 5324,2509 5134,2509 4944,2509 4755,2510 4565,2511 4375,2512 4185,2514 3996,2516 3806,2519 3616,2521 3426,2525 3237,2528 3047,2532 2857,2536 2667,2541 2478,2545 2288,2550 2098,2555 1908,2560 1719,2565"/>
                <Baseline points="1719,2596 1908,2591 2098,2586 2288,2581 2478,2576 2667,2572 2857,2567 3047,2563 3237,2559 3426,2556 3616,2552 3806,2550 3996,2547 4185,2545 4375,2543 4565,2542 4755,2541 4944,2540 5134,2540 5324,2540 5514,2540"/>
                <TextEquiv>
                    <Unicode>bitis aut alia causa rationabili aliqua territorii et dominii aliquanti de nostris vendere aut obligare continget munitionem principi nobis equali aut etiam </Unicode>
                </TextEquiv>
            </TextLine>
            <TextLine id="r1l28" custom="readingOrder {index:27;} place {offset:57; length:6;}">
                <Coords points="1741,2675 1931,2669 2121,2663 2311,2658 2501,2653 2692,2649 2882,2644 3072,2641 3262,2637 3452,2634 3643,2631 3833,2629 4023,2627 4213,2625 4403,2623 4594,2622 4784,2621 4974,2621 5164,2620 5354,2620 5545,2620 5545,2577 5354,2577 5164,2577 4974,2578 4784,2578 4594,2579 4403,2580 4213,2582 4023,2584 3833,2586 3643,2588 3452,2591 3262,2594 3072,2598 2882,2601 2692,2606 2501,2610 2311,2615 2121,2620 1931,2626 1741,2632"/>
                <Baseline points="1741,2661 1931,2655 2121,2649 2311,2644 2501,2639 2692,2635 2882,2630 3072,2627 3262,2623 3452,2620 3643,2617 3833,2615 4023,2613 4213,2611 4403,2609 4594,2608 4784,2607 4974,2607 5164,2606 5354,2606 5545,2606"/>
                <TextEquiv>
                    <Unicode>territorium non habentem seu dominium, alteri ipsi regno Boemie competenti, munitionem eandem, sive dominium habeat et territorium sive non, vendendam </Unicode>
                </TextEquiv>
            </TextLine>
            <TextLine id="r1l29" custom="readingOrder {index:28;}">
                <Coords points="1759,2737 1948,2731 2138,2725 2328,2720 2517,2715 2707,2710 2897,2707 3086,2703 3276,2700 3466,2697 3656,2694 3845,2692 4035,2689 4225,2688 4414,2686 4604,2684 4794,2683 4983,2681 5173,2680 5363,2679 5553,2678 5553,2635 5363,2636 5173,2637 4983,2638 4794,2640 4604,2641 4414,2643 4225,2645 4035,2646 3845,2649 3656,2651 3466,2654 3276,2657 3086,2660 2897,2664 2707,2667 2517,2672 2328,2677 2138,2682 1948,2688 1759,2694"/>
                <Baseline points="1759,2723 1948,2717 2138,2711 2328,2706 2517,2701 2707,2696 2897,2693 3086,2689 3276,2686 3466,2683 3656,2680 3845,2678 4035,2675 4225,2674 4414,2672 4604,2670 4794,2669 4983,2667 5173,2666 5363,2665 5553,2664"/>
                <TextEquiv>
                    <Unicode>vel obligandam ipsis regi, heredibus et successoribus suis exhibere pre ceteris debeamus, qui si ipsam emere vel in pignore recipere noluerint, princeps ipse munitionem </Unicode>
                </TextEquiv>
            </TextLine>
            <TextLine id="r1l30" custom="readingOrder {index:29;}">
                <Coords points="1742,2808 1931,2801 2121,2794 2311,2788 2501,2783 2690,2779 2880,2775 3070,2772 3260,2769 3449,2766 3639,2764 3829,2761 4019,2759 4208,2757 4398,2755 4588,2752 4778,2749 4967,2746 5157,2743 5347,2739 5537,2735 5537,2689 5347,2693 5157,2697 4967,2700 4778,2703 4588,2706 4398,2709 4208,2711 4019,2713 3829,2715 3639,2718 3449,2720 3260,2723 3070,2726 2880,2729 2690,2733 2501,2737 2311,2742 2121,2748 1931,2755 1742,2762"/>
                <Baseline points="1742,2793 1931,2786 2121,2779 2311,2773 2501,2768 2690,2764 2880,2760 3070,2757 3260,2754 3449,2751 3639,2749 3829,2746 4019,2744 4208,2742 4398,2740 4588,2737 4778,2734 4967,2731 5157,2728 5347,2724 5537,2720"/>
                <TextEquiv>
                    <Unicode>predictam, territorium videlicet habentem, emens aut pignore tenens in feudum ipsam recipere tenebitur ab eisdem ipsisque tamquam veris suis dominis parere, </Unicode>
                </TextEquiv>
            </TextLine>
            <TextLine id="r1l31" custom="readingOrder {index:30;}">
                <Coords points="1741,2878 1931,2869 2122,2860 2313,2853 2504,2847 2695,2843 2885,2839 3076,2836 3267,2834 3458,2832 3649,2831 3839,2831 4030,2830 4221,2829 4412,2829 4603,2828 4793,2827 4984,2825 5175,2823 5366,2820 5557,2816 5557,2771 5366,2775 5175,2778 4984,2780 4793,2782 4603,2783 4412,2784 4221,2784 4030,2785 3839,2786 3649,2786 3458,2787 3267,2789 3076,2791 2885,2794 2695,2798 2504,2802 2313,2808 2122,2815 1931,2824 1741,2833"/>
                <Baseline points="1741,2863 1931,2854 2122,2845 2313,2838 2504,2832 2695,2828 2885,2824 3076,2821 3267,2819 3458,2817 3649,2816 3839,2816 4030,2815 4221,2814 4412,2814 4603,2813 4793,2812 4984,2810 5175,2808 5366,2805 5557,2801"/>
                <TextEquiv>
                    <Unicode>servire, intendere de eadem; alter vero non princeps emens vel pignore tenens munitionem nostram, ut predicitur, territorium aut dominium non haben¬</Unicode>
                </TextEquiv>
            </TextLine>
            <TextLine id="r1l32" custom="readingOrder {index:31;}">
                <Coords points="1751,2941 1940,2934 2129,2927 2319,2921 2508,2916 2697,2911 2887,2906 3076,2903 3265,2899 3455,2897 3644,2895 3833,2893 4023,2892 4212,2891 4401,2891 4591,2891 4780,2891 4969,2892 5159,2894 5348,2896 5538,2898 5538,2853 5348,2851 5159,2849 4969,2847 4780,2846 4591,2846 4401,2846 4212,2846 4023,2847 3833,2848 3644,2850 3455,2852 3265,2854 3076,2858 2887,2861 2697,2866 2508,2871 2319,2876 2129,2882 1940,2889 1751,2896"/>
                <Baseline points="1751,2926 1940,2919 2129,2912 2319,2906 2508,2901 2697,2896 2887,2891 3076,2888 3265,2884 3455,2882 3644,2880 3833,2878 4023,2877 4212,2876 4401,2876 4591,2876 4780,2876 4969,2877 5159,2879 5348,2881 5538,2883"/>
                <TextEquiv>
                    <Unicode>tem a nobis, heredibus et successoribus nostris eam in feudum recipere tenebitur, hoc adiecto, quod rex, heredes aut successores sui antedicti municiones supradictas pro </Unicode>
                </TextEquiv>
            </TextLine>
            <TextLine id="r1l33" custom="readingOrder {index:32;}">
                <Coords points="1765,3004 1955,3000 2145,2995 2336,2991 2526,2986 2716,2982 2907,2977 3097,2973 3287,2969 3478,2966 3668,2963 3858,2961 4049,2959 4239,2957 4429,2956 4620,2956 4810,2957 5000,2958 5191,2960 5381,2963 5572,2967 5572,2921 5381,2917 5191,2914 5000,2912 4810,2911 4620,2910 4429,2910 4239,2911 4049,2913 3858,2915 3668,2917 3478,2920 3287,2923 3097,2927 2907,2931 2716,2936 2526,2940 2336,2945 2145,2949 1955,2954 1765,2958"/>
                <Baseline points="1765,2989 1955,2985 2145,2980 2336,2976 2526,2971 2716,2967 2907,2962 3097,2958 3287,2954 3478,2951 3668,2948 3858,2946 4049,2944 4239,2942 4429,2941 4620,2941 4810,2942 5000,2943 5191,2945 5381,2948 5572,2952"/>
                <TextEquiv>
                    <Unicode>summa eadem, in qua obligate fuerint vel vendite, redimere valeant, quando velint. Illud etiam nolimus preterire, quod si rex, heredes vel succes¬</Unicode>
                </TextEquiv>
            </TextLine>
            <TextLine id="r1l34" custom="readingOrder {index:33;} place {offset:111; length:7;} place {offset:123; length:8;}">
                <Coords points="1773,3068 1962,3067 2151,3066 2341,3064 2530,3061 2719,3057 2909,3053 3098,3050 3287,3046 3477,3042 3666,3038 3855,3035 4045,3032 4234,3029 4423,3027 4613,3026 4802,3026 4991,3026 5181,3028 5370,3032 5560,3036 5560,2990 5370,2986 5181,2982 4991,2980 4802,2980 4613,2980 4423,2981 4234,2983 4045,2986 3855,2989 3666,2992 3477,2996 3287,3000 3098,3004 2909,3007 2719,3011 2530,3015 2341,3018 2151,3020 1962,3021 1773,3022"/>
                <Baseline points="1773,3053 1962,3052 2151,3051 2341,3049 2530,3046 2719,3042 2909,3038 3098,3035 3287,3031 3477,3027 3666,3023 3855,3020 4045,3017 4234,3014 4423,3012 4613,3011 4802,3011 4991,3011 5181,3013 5370,3017 5560,3021"/>
                <TextEquiv>
                    <Unicode>sores sui sepedicti nos, heredes aut successores nostros pro prestando ipsis per nos adiutorio ad partes extra Boemiam aut Poloniam evocaverint alienas, conveni¬</Unicode>
                </TextEquiv>
            </TextLine>
            <TextLine id="r1l35" custom="readingOrder {index:34;}">
                <Coords points="1753,3137 1955,3137 2157,3135 2359,3133 2561,3130 2763,3126 2965,3122 3167,3118 3369,3113 3571,3108 3773,3105 3975,3100 4177,3097 4379,3094 4581,3091 4783,3090 4985,3090 5187,3091 5389,3093 5592,3096 5592,3050 5389,3047 5187,3045 4985,3044 4783,3044 4581,3045 4379,3048 4177,3051 3975,3054 3773,3059 3571,3062 3369,3067 3167,3072 2965,3076 2763,3080 2561,3084 2359,3087 2157,3089 1955,3091 1753,3091"/>
                <Baseline points="1753,3122 1955,3122 2157,3120 2359,3118 2561,3115 2763,3111 2965,3107 3167,3103 3369,3098 3571,3093 3773,3090 3975,3085 4177,3082 4379,3079 4581,3076 4783,3075 4985,3075 5187,3076 5389,3078 5592,3081"/>
                <TextEquiv>
                    <Unicode>enciam nobis debitam, ne servitiis nimiis et importabilibus pregravemur, facere teneantur. In quorum omnium testimonium presentes fidei iussimus litteras sigilli</Unicode>
                </TextEquiv>
            </TextLine>
            <TextLine id="r1l36" custom="readingOrder {index:35;} place {offset:41; length:11;} date {offset:54; length:97;year:0; day:0; month:0;}">
                <Coords points="1755,3201 1949,3200 2144,3199 2339,3197 2533,3194 2728,3192 2923,3189 3117,3186 3312,3183 3507,3180 3702,3177 3896,3173 4091,3170 4286,3167 4480,3164 4675,3161 4870,3158 5064,3155 5259,3153 5454,3151 5649,3150 5649,3104 5454,3105 5259,3107 5064,3109 4870,3112 4675,3115 4480,3118 4286,3121 4091,3124 3896,3127 3702,3131 3507,3134 3312,3137 3117,3140 2923,3143 2728,3146 2533,3148 2339,3151 2144,3153 1949,3154 1755,3155"/>
                <Baseline points="1755,3186 1949,3185 2144,3184 2339,3182 2533,3179 2728,3177 2923,3174 3117,3171 3312,3168 3507,3165 3702,3162 3896,3158 4091,3155 4286,3152 4480,3149 4675,3146 4870,3143 5064,3140 5259,3138 5454,3136 5649,3135"/>
                <TextEquiv>
                    <Unicode>nostri robore communitas. Datum et actum Wratizlavie, feria tercia post dominicam Misericordia Domini anno eiusdem millesimo trecentesimo vicesimo nono.</Unicode>
                </TextEquiv>
            </TextLine>
            <TextEquiv>
                <Unicode>In nomine Domini amen. Noverint universi tam presentes quam posteri notitiam presentium aut copiam habituri, quod quia nos Henricus, Dei gracia dux Slezie et Glogovie 
ac dominus Saganensis, ob specialis amoris affectum, quem erga magnifici principis domini Johannis Boemie et Polonie regis ac Lucemburgensis comitis, domini nostri karissimi, geri¬
mus celsitudinem, habito nobiscum amicis quoque ac fidelibus nostris consilio diligenti ac deliberacione matura, accedentibus etiam favore et consensu eorundem expressis ad sub¬
scripta, bonum in hoc nostrum principaliter, consequenter autem fidelium, terrarum, civitatum, hominum et bonorum nostrorum omnium infrascriptorum commodum statumque in antea paci¬
ficum perpendentes, princeps et vasallus suus, heredum, successorum suorum, Boemie regum, ac ipsius regni Boemie in perpetuum fieri et fore decrevimus, omnia et singula 
bona nostra sub eisdem libertatibus et iuribus, quibus a predecessoribus nostris ad nos pervenisse noscuntur, omnesque terras nostras, quas ad presens possidemus vel possidebimus 
quocumque tytulo in futuro, tam citra quam ultra fluvium, qui Odera dicitur, cum civitatibus et castris eis adiacentibus ac aliis, Sagano videlicet, Vreinstat, Sprotaw, 
Grunemberch, Krozzen, Nuenburch ,Vartemberch, Malnicz, Pusa, Pobirsberch, Czulchow, Swibosin, Lubnaw, Butnicz, Bentschicz, Kopanicz, Brandatendorf, Netka, 
Babinmost, Premund, Prsibiow, Trebechow cum ceteris fortaliciis et municionibus nostris, omnibus appendiis, dominiis, opidis, villis, allodiis, feudis, feudalibus nobilibus 
et plebeiis, iuribus, redditibus, proventibus et utilitatibus earundem, quocumque vocentur nomine vel in quibuscumque consistant, nostro, heredum et successorum nostrorum, Slezie 
et Glogovie ducum ac dominorum Saganensium, nomine in regis ipsius manibus sponte et libere resignantes ab eo in feudum recepimus perpetuum factoque sibi 
per nos fidelitatis debite homagio, prestito corporali nihilominus iuramento, ipsi regi, heredibus et successoribus suis predictis tamquam veris dominis nostris velut princeps 
et vasallus eorum regnique Boemie antedicti parere deinceps promisimus et intendere in eisdem et contra quemlibet principem et hominem ipsos pro viribus fideliter adiu¬
vare, reservata nobis edificandi ac instaurandi munitiones novas in terris nostris et bonis premissis et destruendi veteres, ubicumque et quandocumque nobis videbitur pro 
nostro, terrarum predictarum et hominum nostrorum comodo expedire libera facultate, volentes et firmiter statuentes, ut, si forte nos, heredes aut successores nostri sublati de 
medio fuerimus heredibus legitimis et presertim masculis non relictis, extunc iam dicta bona nostra, terre, civitates et opida cum omnibus pertinentiis suis, ut 
predicitur, ad fratres nostros, principes illustres, dominum Conradum videlicet, ducem Slezie et Glogovie et dominum Olsnensem, ac dominum Iohannem, ducem Slezie et Glogovie 
ac dominum Stynavie, heredesque masculos, dumtaxat si quos reliquerint, si autem nullos post se masculos legitimos reliquerint, ad regnum Boemie predictum 
libere et hereditarie debebant pertinere, hoc tamen addiciendum duximus nominatim, quod si nos ipsi, heredes vel successores nostri prefati cum clericis, civibus, rusti¬
cis vel iudeis nostris aliquid cause, questionis aut iudicii instauraverimus, de hiis et huiusmodi rex, heredes et successores sui predicti nobis, heredibus vel successoribus 
nostris superstitibus intromittere se non debeant modo quovis, si vero nobiles vel fideles terrarum nostrarum suprascriptarum debitam per nos, heredes vel successores nostros 
de suis questionibus aut causis nobis motis, de quibus iuxta literarum regalium datarum nobis continentiam secundum fidelium nostrorum sentenciam et dictamen 
subire tenemur et facere iudicium, assequi non possint iusticiam, regem, heredes et successores suos pernotatos adire poterunt libere querelas ipsorum proponere et defectus, 
nosque heredes et successores nostri predicti citati ibidem coram rege videlicet heredibus et successoribus suis, Boemie regibus, ubicumque Boemie fuerint aut Polonie, coram altero 
vero principe per eos ad hoc iudice deputato sisti tenebimur in terra Wratizlaviensi dumtaxat iudicio facere et subire de nobis, heredibus vel successoribus nostris conqueren¬
tibus quibuslibet iusticie complementum, illud insuper specifice decrevimus exprimendum, quod si fortasse nos, heredes vel successores nostros gravatos inopia, de¬
bitis aut alia causa rationabili aliqua territorii et dominii aliquanti de nostris vendere aut obligare continget munitionem principi nobis equali aut etiam 
territorium non habentem seu dominium, alteri ipsi regno Boemie competenti, munitionem eandem, sive dominium habeat et territorium sive non, vendendam 
vel obligandam ipsis regi, heredibus et successoribus suis exhibere pre ceteris debeamus, qui si ipsam emere vel in pignore recipere noluerint, princeps ipse munitionem 
predictam, territorium videlicet habentem, emens aut pignore tenens in feudum ipsam recipere tenebitur ab eisdem ipsisque tamquam veris suis dominis parere, 
servire, intendere de eadem; alter vero non princeps emens vel pignore tenens munitionem nostram, ut predicitur, territorium aut dominium non haben¬
tem a nobis, heredibus et successoribus nostris eam in feudum recipere tenebitur, hoc adiecto, quod rex, heredes aut successores sui antedicti municiones supradictas pro 
summa eadem, in qua obligate fuerint vel vendite, redimere valeant, quando velint. Illud etiam nolimus preterire, quod si rex, heredes vel succes¬
sores sui sepedicti nos, heredes aut successores nostros pro prestando ipsis per nos adiutorio ad partes extra Boemiam aut Poloniam evocaverint alienas, conveni¬
enciam nobis debitam, ne servitiis nimiis et importabilibus pregravemur, facere teneantur. In quorum omnium testimonium presentes fidei iussimus litteras sigilli
nostri robore communitas. Datum et actum Wratizlavie, feria tercia post dominicam Misericordia Domini anno eiusdem millesimo trecentesimo vicesimo nono.</Unicode>
            </TextEquiv>
        </TextRegion>
    </Page>
</PcGts>
