<?xml version="1.0" encoding="UTF-8" standalone="yes"?>
<PcGts xmlns="http://schema.primaresearch.org/PAGE/gts/pagecontent/2013-07-15" xmlns:xsi="http://www.w3.org/2001/XMLSchema-instance" xsi:schemaLocation="http://schema.primaresearch.org/PAGE/gts/pagecontent/2013-07-15 http://schema.primaresearch.org/PAGE/gts/pagecontent/2013-07-15/pagecontent.xsd">
    <Metadata>
        <Creator>TRP</Creator>
        <Created>2019-09-18T15:26:23.891+02:00</Created>
        <LastChange>2019-09-18T15:26:23.891+02:00</LastChange>
        <TranskribusMetadata docId="212858" pageId="9135621" pageNr="2" tsid="15650005" status="NEW" userId="40502" imgUrl="https://files.transkribus.eu/Get?id=ATSYXNAWDEZDMDQTXITICLSN&amp;fileType=view" xmlUrl="https://files.transkribus.eu/Get?id=UWDGPYYWBVLMSTJKPBMAJNID" imageId="5899705"/>
    </Metadata>
    <Page imageFilename="NA-ACK_14540306_01588_r.jpg" imageWidth="9518" imageHeight="7336"/>
</PcGts>
