<?xml version="1.0" encoding="UTF-8" standalone="yes"?>
<PcGts xmlns="http://schema.primaresearch.org/PAGE/gts/pagecontent/2013-07-15" xmlns:xsi="http://www.w3.org/2001/XMLSchema-instance" xsi:schemaLocation="http://schema.primaresearch.org/PAGE/gts/pagecontent/2013-07-15 http://schema.primaresearch.org/PAGE/gts/pagecontent/2013-07-15/pagecontent.xsd">
    <Metadata>
        <Creator>TRP</Creator>
        <Created>2019-07-24T16:14:10.777+02:00</Created>
        <LastChange>2019-07-24T16:14:10.777+02:00</LastChange>
        <TranskribusMetadata docId="187506" pageId="7458392" pageNr="2" tsid="13101911" status="NEW" userId="36516" imgUrl="https://files.transkribus.eu/Get?id=YVPNNYHVISRUNBAVLBFNUMXE&amp;fileType=view" xmlUrl="https://files.transkribus.eu/Get?id=SMICVUYEOWCESYTZPUWPCKLL" imageId="4480889"/>
    </Metadata>
    <Page imageFilename="NA-ACK_13120727_00070_v.jpg" imageWidth="6562" imageHeight="4610"/>
</PcGts>
