<?xml version="1.0" encoding="UTF-8" standalone="yes"?>
<PcGts xmlns="http://schema.primaresearch.org/PAGE/gts/pagecontent/2013-07-15" xmlns:xsi="http://www.w3.org/2001/XMLSchema-instance" xsi:schemaLocation="http://schema.primaresearch.org/PAGE/gts/pagecontent/2013-07-15 http://schema.primaresearch.org/PAGE/gts/pagecontent/2013-07-15/pagecontent.xsd">
    <Metadata>
        <Creator>TRP</Creator>
        <Created>2019-07-24T16:12:53.945+02:00</Created>
        <LastChange>2019-07-24T16:12:53.945+02:00</LastChange>
        <TranskribusMetadata docId="187503" pageId="7458388" pageNr="2" tsid="13101898" status="NEW" userId="36516" imgUrl="https://files.transkribus.eu/Get?id=HPLYGDQVFJBWOLTUJWTOCVMB&amp;fileType=view" xmlUrl="https://files.transkribus.eu/Get?id=PFKWMVNFPXHKQGUHDIZCUKTF" imageId="4480885"/>
    </Metadata>
    <Page imageFilename="NA-ACK_13110616_00066_v.jpg" imageWidth="7015" imageHeight="4400"/>
</PcGts>
