<?xml version="1.0" encoding="UTF-8" standalone="yes"?>
<PcGts xmlns="http://schema.primaresearch.org/PAGE/gts/pagecontent/2013-07-15" xmlns:xsi="http://www.w3.org/2001/XMLSchema-instance" xsi:schemaLocation="http://schema.primaresearch.org/PAGE/gts/pagecontent/2013-07-15 http://schema.primaresearch.org/PAGE/gts/pagecontent/2013-07-15/pagecontent.xsd">
    <Metadata>
        <Creator>prov=University of Rostock/Institute of Mathematics/CITlab/Tobias Gruening/tobias.gruening@uni-rostock.de:name=/net_tf/LA73_249_0mod360.pb:de.uros.citlab.segmentation.CITlab_LA_ML:v=2.3.1
TRP</Creator>
        <Created>2019-07-23T13:29:51.373+02:00</Created>
        <LastChange>2019-11-21T16:50:47.127+01:00</LastChange>
        <TranskribusMetadata docId="186934" pageId="7444642" pageNr="1" tsid="19705559" status="IN_PROGRESS" userId="38723" imgUrl="https://files.transkribus.eu/Get?id=WOZMQLGRKWIPKWFDATSOZMRL&amp;fileType=view" xmlUrl="https://files.transkribus.eu/Get?id=TUZOZLZDBDAXKNQAILCMXJUO" imageId="4470972"/>
    </Metadata>
    <Page imageFilename="NA-ACK_13510916_00374_r.jpg" imageWidth="8886" imageHeight="5819">
        <ReadingOrder>
            <OrderedGroup id="ro_1575392099990" caption="Regions reading order">
                <RegionRefIndexed index="0" regionRef="r1"/>
            </OrderedGroup>
        </ReadingOrder>
        <TextRegion orientation="0.0" id="r1" custom="readingOrder {index:0;}">
            <Coords points="722,361 727,3182 5798,3182 5798,347"/>
            <TextLine id="r1l2" custom="readingOrder {index:0;} person {offset:4; length:148; continued:true;} place {offset:42; length:11;} place {offset:61; length:7;} place {offset:136; length:4;}">
                <Coords points="755,853 1347,835 1375,834 1403,831 5553,798 5565,640 1415,673 1327,679 1327,390 746,390"/>
                <Baseline points="1353,811 1381,812 1409,811 1437,808 1465,805"/>
                <TextEquiv>
                    <Unicode>Wir Ludowig von Gots genaden marggrafe ze Brandenburg und ze Lusiczz, des Heiligen Romischen reichs oberster kamrer, pfallenczgrafe bey Reyn, herczog in</Unicode>
                </TextEquiv>
            </TextLine>
            <TextLine id="r1l3" custom="readingOrder {index:1;} person {offset:0; length:100; continued:true;} place {offset:0; length:6;} place {offset:14; length:7;} place {offset:31; length:5;} place {offset:44; length:5;} place {offset:63; length:9;} place {offset:74; length:5;} place {offset:81; length:7;} place {offset:93; length:7;}">
                <Coords points="1197,904 1508,915 1718,913 1927,912 2137,911 2347,911 2556,911 2766,910 2975,910 3185,911 3395,911 3604,911 3814,912 4023,912 4233,913 4443,914 4652,914 4862,915 5071,915 5281,916 5581,910 5581,841 5281,847 5071,846 4862,846 4652,845 4443,845 4233,844 4023,843 3814,843 3604,842 3395,842 3185,842 2975,841 2766,841 2556,842 2347,842 2137,842 1927,843 1718,844 1508,846 1197,835"/>
                <Baseline points="1299,893 1508,892 1718,890 1927,889 2137,888 2347,888 2556,888 2766,887 2975,887 3185,888 3395,888 3604,888 3814,889 4023,889 4233,890 4443,891 4652,891 4862,892 5071,892 5281,893 5491,893"/>
                <TextEquiv>
                    <Unicode>Peyern und in Kernten, graf ze Tirol und ze Gortz und vogt der Gotshuser, Agley, Triende und Brihsen, veriehen und tun kunt offenlichen mit disem brief</Unicode>
                </TextEquiv>
            </TextLine>
            <TextLine id="r1l4" custom="readingOrder {index:2;} person {offset:85; length:74; continued:true;} place {offset:113; length:5;}">
                <Coords points="1267,986 1689,998 1895,998 2101,998 2306,998 2512,998 2718,999 2923,999 3129,999 3335,1000 3541,1000 3746,1001 3952,1002 4158,1002 4363,1003 4569,1004 4775,1005 4980,1006 5186,1007 5392,1008 5598,1009 5598,942 5392,941 5186,940 4980,939 4775,938 4569,937 4363,936 4158,935 3952,935 3746,934 3541,933 3335,933 3129,932 2923,932 2718,932 2512,931 2306,931 2101,931 1895,931 1689,931 1267,919"/>
                <Baseline points="1484,976 1689,976 1895,976 2101,976 2306,976 2512,976 2718,977 2923,977 3129,977 3335,978 3541,978 3746,979 3952,980 4158,980 4363,981 4569,982 4775,983 4980,984 5186,985 5392,986 5598,987"/>
                <TextEquiv>
                    <Unicode>allen den, die in sehent, hörent oder lesent, wan der hochgeboren furst und herre her Rudolf, pfallentzgraf  bey Reyne, des Heiligen Romischen reichs oberster </Unicode>
                </TextEquiv>
            </TextLine>
            <TextLine id="r1l5" custom="readingOrder {index:3;} person {offset:0; length:33; continued:true;} place {offset:27; length:6;} person {offset:105; length:53; continued:true;}">
                <Coords points="1224,1096 1481,1088 1697,1090 1913,1091 2128,1092 2344,1093 2560,1094 2775,1095 2991,1096 3207,1097 3423,1098 3638,1098 3854,1099 4070,1100 4285,1100 4501,1101 4717,1101 4932,1102 5148,1102 5364,1102 5613,1099 5613,1032 5364,1035 5148,1035 4932,1035 4717,1034 4501,1034 4285,1033 4070,1033 3854,1032 3638,1031 3423,1031 3207,1030 2991,1029 2775,1028 2560,1027 2344,1026 2128,1025 1913,1024 1697,1023 1481,1021 1224,1029"/>
                <Baseline points="1266,1065 1481,1066 1697,1068 1913,1069 2128,1070 2344,1071 2560,1072 2775,1073 2991,1074 3207,1075 3423,1076 3638,1076 3854,1077 4070,1078 4285,1078 4501,1079 4717,1079 4932,1080 5148,1080 5364,1080 5580,1081"/>
                <TextEquiv>
                    <Unicode>truchtsezze und herczog in Beyern, unser lieber vetter, dem allerdurchluhtigsten fursten und herren hern Karln, romischem kung, ze allen ziten merer des richs</Unicode>
                </TextEquiv>
            </TextLine>
            <TextLine id="r1l6" custom="readingOrder {index:4;} person {offset:0; length:18; continued:true;} place {offset:12; length:6;} person {offset:103; length:25;}">
                <Coords points="1214,1176 1506,1179 1719,1181 1932,1183 2145,1185 2358,1187 2570,1189 2783,1191 2996,1192 3209,1193 3422,1194 3634,1195 3847,1196 4060,1196 4273,1197 4486,1197 4698,1198 4911,1198 5124,1198 5337,1198 5550,1198 5550,1129 5337,1129 5124,1129 4911,1129 4698,1129 4486,1128 4273,1128 4060,1127 3847,1127 3634,1126 3422,1125 3209,1124 2996,1123 2783,1122 2570,1120 2358,1118 2145,1116 1932,1114 1719,1112 1506,1110 1214,1107"/>
                <Baseline points="1294,1153 1506,1156 1719,1158 1932,1160 2145,1162 2358,1164 2570,1166 2783,1168 2996,1169 3209,1170 3422,1171 3634,1172 3847,1173 4060,1173 4273,1174 4486,1174 4698,1175 4911,1175 5124,1175 5337,1175 5550,1175"/>
                <TextEquiv>
                    <Unicode>und kung ze Peheim, unserm lieben gnedigen herren, und der durchluhtigsten furstinne und frawen frawen Annan, romischen kunginne, unserer lieben</Unicode>
                </TextEquiv>
            </TextLine>
            <TextLine id="r1l7" custom="readingOrder {index:5;}">
                <Coords points="1255,1274 1470,1276 1685,1277 1901,1279 2116,1280 2332,1282 2547,1284 2763,1286 2978,1288 3194,1289 3409,1291 3624,1293 3840,1295 4055,1296 4271,1298 4486,1299 4702,1300 4917,1301 5133,1302 5348,1303 5564,1303 5564,1234 5348,1234 5133,1233 4917,1232 4702,1231 4486,1230 4271,1229 4055,1227 3840,1226 3624,1224 3409,1222 3194,1220 2978,1219 2763,1217 2547,1215 2332,1213 2116,1211 1901,1210 1685,1208 1470,1207 1255,1205"/>
                <Baseline points="1255,1251 1470,1253 1685,1254 1901,1256 2116,1257 2332,1259 2547,1261 2763,1263 2978,1265 3194,1266 3409,1268 3624,1270 3840,1272 4055,1273 4271,1275 4486,1276 4702,1277 4917,1278 5133,1279 5348,1280 5564,1280"/>
                <TextEquiv>
                    <Unicode>frawen und mumen, seiner elichen wirttinne, und ir beider kinden und erben, es sein sune oder töhter, alle seiniu lande, herscheft, vesten und leut</Unicode>
                </TextEquiv>
            </TextLine>
            <TextLine id="r1l8" custom="readingOrder {index:6;} place {offset:7; length:9;} place {offset:24; length:6;}">
                <Coords points="1246,1367 1498,1370 1709,1373 1920,1375 2131,1377 2343,1379 2554,1381 2765,1383 2976,1384 3187,1386 3399,1387 3610,1388 3821,1390 4032,1391 4243,1392 4455,1393 4666,1395 4877,1396 5088,1398 5299,1400 5511,1402 5511,1333 5299,1331 5088,1329 4877,1327 4666,1326 4455,1324 4243,1323 4032,1322 3821,1321 3610,1319 3399,1318 3187,1317 2976,1315 2765,1314 2554,1312 2343,1310 2131,1308 1920,1306 1709,1304 1498,1301 1246,1298"/>
                <Baseline points="1287,1344 1498,1347 1709,1350 1920,1352 2131,1354 2343,1356 2554,1358 2765,1360 2976,1361 3187,1363 3399,1364 3610,1365 3821,1367 4032,1368 4243,1369 4455,1370 4666,1372 4877,1373 5088,1375 5299,1377 5511,1379"/>
                <TextEquiv>
                    <Unicode>in der Pfallentz und in Peyern, und wo die gelegen sind, und all sein pfantschefte, von wem er die ynnehat und alles, daz er furbas noch gewinnet,</Unicode>
                </TextEquiv>
            </TextLine>
            <TextLine id="r1l9" custom="readingOrder {index:7;}">
                <Coords points="1265,1457 1477,1460 1690,1463 1903,1465 2116,1468 2329,1471 2542,1474 2755,1477 2968,1480 3181,1482 3394,1484 3606,1486 3819,1488 4032,1490 4245,1491 4458,1492 4671,1493 4884,1493 5097,1493 5310,1493 5523,1492 5523,1423 5310,1424 5097,1424 4884,1424 4671,1424 4458,1423 4245,1422 4032,1421 3819,1419 3606,1417 3394,1415 3181,1413 2968,1411 2755,1408 2542,1405 2329,1402 2116,1399 1903,1396 1690,1394 1477,1391 1265,1388"/>
                <Baseline points="1265,1434 1477,1437 1690,1440 1903,1442 2116,1445 2329,1448 2542,1451 2755,1454 2968,1457 3181,1459 3394,1461 3606,1463 3819,1465 4032,1467 4245,1468 4458,1469 4671,1470 4884,1470 5097,1470 5310,1470 5523,1469"/>
                <TextEquiv>
                    <Unicode>mit gutem willen, aufgereichet und gegeben hat, und wir uns mit bedahtem mute fur uns, unser erben und nahkomen allez rehten ansprache</Unicode>
                </TextEquiv>
            </TextLine>
            <TextLine id="r1l10" custom="readingOrder {index:8;} place {offset:133; length:4;}">
                <Coords points="1285,1556 1496,1557 1707,1558 1918,1560 2129,1562 2340,1565 2551,1568 2762,1571 2973,1574 3184,1578 3395,1581 3606,1584 3817,1586 4028,1588 4239,1589 4450,1589 4661,1589 4872,1587 5083,1584 5294,1580 5505,1575 5505,1506 5294,1511 5083,1515 4872,1518 4661,1520 4450,1520 4239,1520 4028,1519 3817,1517 3606,1515 3395,1512 3184,1509 2973,1505 2762,1502 2551,1499 2340,1496 2129,1493 1918,1491 1707,1489 1496,1488 1285,1487"/>
                <Baseline points="1285,1533 1496,1534 1707,1535 1918,1537 2129,1539 2340,1542 2551,1545 2762,1548 2973,1551 3184,1555 3395,1558 3606,1561 3817,1563 4028,1565 4239,1566 4450,1566 4661,1566 4872,1564 5083,1561 5294,1557 5505,1552"/>
                <TextEquiv>
                    <Unicode>und anredunge, die wir darzu in dhein weis haben und gehaben möhten, verzigen haben, uzgenomen den rehten, die ein pfallentzgraf bey Reyn</Unicode>
                </TextEquiv>
            </TextLine>
            <TextLine id="r1l11" custom="readingOrder {index:9;}">
                <Coords points="1257,1620 1672,1656 1871,1658 2069,1659 2268,1662 2467,1664 2665,1666 2864,1669 3062,1671 3261,1674 3460,1676 3658,1678 3857,1680 4055,1682 4254,1683 4453,1683 4651,1684 4850,1683 5048,1681 5247,1679 5530,1664 5530,1595 5247,1610 5048,1612 4850,1614 4651,1615 4453,1614 4254,1614 4055,1613 3857,1611 3658,1609 3460,1607 3261,1605 3062,1602 2864,1600 2665,1597 2467,1595 2268,1593 2069,1590 1871,1589 1672,1587 1257,1551"/>
                <Baseline points="1474,1633 1672,1633 1871,1635 2069,1636 2268,1639 2467,1641 2665,1643 2864,1646 3062,1648 3261,1651 3460,1653 3658,1655 3857,1657 4055,1659 4254,1660 4453,1660 4651,1661 4850,1660 5048,1658 5247,1656 5446,1653"/>
                <TextEquiv>
                    <Unicode>hat und haben sol an der wal und kur eins romischen kungs eins kunftigen keysers und andern eren und wirdichheiten, die zu den vorgenanten</Unicode>
                </TextEquiv>
            </TextLine>
            <TextLine id="r1l12" custom="readingOrder {index:10;} place {offset:0; length:9;} place {offset:79; length:9;}">
                <Coords points="1216,1767 1534,1768 1743,1769 1952,1771 2161,1772 2370,1773 2578,1774 2787,1776 2996,1777 3205,1778 3414,1778 3622,1779 3831,1779 4040,1779 4249,1778 4458,1777 4666,1776 4875,1774 5084,1771 5293,1768 5538,1764 5538,1695 5293,1699 5084,1702 4875,1705 4666,1707 4458,1708 4249,1709 4040,1710 3831,1710 3622,1710 3414,1709 3205,1709 2996,1708 2787,1707 2578,1705 2370,1704 2161,1703 1952,1702 1743,1700 1534,1699 1216,1698"/>
                <Baseline points="1326,1744 1534,1745 1743,1746 1952,1748 2161,1749 2370,1750 2578,1751 2787,1753 2996,1754 3205,1755 3414,1755 3622,1756 3831,1756 4040,1756 4249,1755 4458,1754 4666,1753 4875,1751 5084,1748 5293,1745 5502,1741"/>
                <TextEquiv>
                    <Unicode>Pfallentz und kur gehörent, und den graffscheften und manscheften, die von der Pfallentz und kur ze lehen rurent, die bey uns und unsern </Unicode>
                </TextEquiv>
            </TextLine>
            <TextLine id="r1l13" custom="readingOrder {index:11;}">
                <Coords points="1292,1871 1524,1870 1732,1869 1941,1869 2149,1870 2358,1871 2566,1871 2774,1872 2983,1873 3191,1874 3400,1875 3608,1876 3816,1877 4025,1877 4233,1877 4442,1876 4650,1875 4858,1873 5067,1871 5275,1868 5533,1864 5533,1795 5275,1799 5067,1802 4858,1804 4650,1806 4442,1807 4233,1808 4025,1808 3816,1808 3608,1807 3400,1806 3191,1805 2983,1804 2774,1803 2566,1802 2358,1802 2149,1801 1941,1800 1732,1800 1524,1801 1292,1802"/>
                <Baseline points="1316,1848 1524,1847 1732,1846 1941,1846 2149,1847 2358,1848 2566,1848 2774,1849 2983,1850 3191,1851 3400,1852 3608,1853 3816,1854 4025,1854 4233,1854 4442,1853 4650,1852 4858,1850 5067,1848 5275,1845 5484,1841"/>
                <TextEquiv>
                    <Unicode>erben ewiglichen beleiben sulen, als in briefen, die wir dem obgenanten unserm herren daruber geben haben, volchomenlicher geschriben und begriffen ist,</Unicode>
                </TextEquiv>
            </TextLine>
            <TextLine id="r1l14" custom="readingOrder {index:12;} person {offset:130; length:5;} sic {offset:144; length:9;}">
                <Coords points="1114,1968 1432,1969 1646,1970 1860,1971 2074,1972 2288,1973 2502,1973 2717,1974 2931,1975 3145,1975 3359,1975 3573,1975 3787,1975 4001,1974 4216,1974 4430,1972 4644,1971 4858,1969 5072,1967 5286,1964 5652,1961 5652,1892 5286,1895 5072,1898 4858,1900 4644,1902 4430,1903 4216,1905 4001,1905 3787,1906 3573,1906 3359,1906 3145,1906 2931,1906 2717,1905 2502,1904 2288,1904 2074,1903 1860,1902 1646,1901 1432,1888 1114,1887"/>
                <Baseline points="1309,1945 1523,1946 1737,1947 1951,1948 2165,1949 2379,1950 2593,1950 2808,1951 3022,1952 3236,1952 3450,1952 3664,1952 3878,1952 4092,1951 4307,1951 4521,1949 4735,1948 4949,1946 5163,1944 5377,1941 5592,1938"/>
                <TextEquiv>
                    <Unicode>da von geloben wir fur uns, unser erben und nahkomen, ewiglichen mit guten trewen one geverde dem obgenanten unserm herren frawen Annan, seiner wirttinnn,</Unicode>
                </TextEquiv>
            </TextLine>
            <TextLine id="r1l15" custom="readingOrder {index:13;} place {offset:57; length:9;} place {offset:74; length:6;} person {offset:129; length:14;}">
                <Coords points="1309,2065 1519,2066 1730,2067 1941,2068 2152,2069 2363,2070 2574,2071 2785,2071 2996,2072 3207,2072 3418,2073 3628,2073 3839,2073 4050,2073 4261,2072 4472,2072 4683,2071 4894,2070 5105,2069 5316,2067 5527,2065 5527,1996 5316,1998 5105,2000 4894,2001 4683,2002 4472,2003 4261,2003 4050,2004 3839,2004 3628,2004 3418,2004 3207,2003 2996,2003 2785,2002 2574,2002 2363,2001 2152,2000 1941,1999 1730,1998 1519,1997 1309,1996"/>
                <Baseline points="1309,2042 1519,2043 1730,2044 1941,2045 2152,2046 2363,2047 2574,2048 2785,2048 2996,2049 3207,2049 3418,2050 3628,2050 3839,2050 4050,2050 4261,2049 4472,2049 4683,2048 4894,2047 5105,2046 5316,2044 5527,2042"/>
                <TextEquiv>
                    <Unicode>iren erben und nahchomen an den obgenanten landen in der Pfallentz und ze Peyern, wer daz es ze schulden, quaem daz der obgenant herczog Rudolf, unser</Unicode>
                </TextEquiv>
            </TextLine>
            <TextLine id="r1l16" custom="readingOrder {index:14;} place {offset:54; length:9;} place {offset:68; length:6;}">
                <Coords points="1315,2158 1523,2160 1731,2162 1939,2163 2147,2165 2355,2167 2563,2168 2771,2169 2979,2170 3187,2171 3395,2172 3603,2172 3811,2173 4019,2173 4227,2173 4435,2173 4643,2172 4851,2171 5059,2170 5267,2169 5475,2167 5475,2098 5267,2100 5059,2101 4851,2102 4643,2103 4435,2104 4227,2104 4019,2104 3811,2104 3603,2103 3395,2103 3187,2102 2979,2101 2771,2100 2563,2099 2355,2098 2147,2096 1939,2094 1731,2093 1523,2091 1315,2089"/>
                <Baseline points="1315,2135 1523,2137 1731,2139 1939,2140 2147,2142 2355,2144 2563,2145 2771,2146 2979,2147 3187,2148 3395,2149 3603,2149 3811,2150 4019,2150 4227,2150 4435,2150 4643,2149 4851,2148 5059,2147 5267,2146 5475,2144"/>
                <TextEquiv>
                    <Unicode>vetter, abgienge, und daz si der obgenanten lande der Pfallentz und Peyern gewaltig wurden, und die eingenemen, daz wir danne aus den selben</Unicode>
                </TextEquiv>
            </TextLine>
            <TextLine id="r1l18" custom="readingOrder {index:15;} person {offset:93; length:5;}">
                <Coords points="1304,2239 2163,2262 2339,2262 2515,2262 2690,2262 2866,2263 3042,2263 3217,2264 3393,2265 3569,2266 3745,2267 3920,2268 4096,2269 4272,2269 4447,2269 4623,2269 4799,2269 4974,2268 5150,2266 5326,2264 5502,2262 5502,2195 5326,2197 5150,2199 4974,2201 4799,2202 4623,2202 4447,2202 4272,2202 4096,2202 3920,2201 3745,2200 3569,2199 3393,2198 3217,2197 3042,2196 2866,2196 2690,2195 2515,2195 2339,2195 2163,2195 1304,2172"/>
                <Baseline points="1988,2241 2163,2240 2339,2240 2515,2240 2690,2240 2866,2241 3042,2241 3217,2242 3393,2243 3569,2244 3745,2245 3920,2246 4096,2247 4272,2247 4447,2247 4623,2247 4799,2247 4974,2246 5150,2244 5326,2242 5502,2240"/>
                <TextEquiv>
                    <Unicode>unsern vorgenanten landen und von der selben lande wegen dem obgenanten unserm herren frawen Annan, seiner wirttinne, iren erben und nahchomen in iren</Unicode>
                </TextEquiv>
            </TextLine>
            <TextLine id="r1l19" custom="readingOrder {index:16;} place {offset:46; length:9;} place {offset:63; length:6;}">
                <Coords points="1279,2343 1705,2353 1909,2352 2113,2352 2317,2352 2520,2353 2724,2354 2928,2355 3132,2356 3335,2358 3539,2359 3743,2360 3947,2361 4150,2361 4354,2362 4558,2361 4762,2360 4965,2359 5169,2356 5373,2353 5577,2348 5577,2282 5373,2287 5169,2290 4965,2293 4762,2294 4558,2295 4354,2296 4150,2295 3947,2295 3743,2294 3539,2293 3335,2292 3132,2290 2928,2289 2724,2288 2520,2287 2317,2286 2113,2286 1909,2286 1705,2287 1279,2277"/>
                <Baseline points="1502,2333 1705,2331 1909,2330 2113,2330 2317,2330 2520,2331 2724,2332 2928,2333 3132,2334 3335,2336 3539,2337 3743,2338 3947,2339 4150,2339 4354,2340 4558,2339 4762,2338 4965,2337 5169,2334 5373,2331 5577,2326"/>
                <TextEquiv>
                    <Unicode>landen, lauten und herscheften, die si in der Pfallentz und ze Beyern haben bei allen rehten und guten, gewonheiten, do bey wir, den obgenanten unsern vettern,</Unicode>
                </TextEquiv>
            </TextLine>
            <TextLine id="r1l20" custom="readingOrder {index:17;} person {offset:8; length:8;}">
                <Coords points="1245,2428 1606,2445 1816,2445 2026,2445 2237,2446 2447,2447 2657,2448 2868,2450 3078,2451 3288,2452 3499,2454 3709,2455 3919,2455 4129,2456 4340,2455 4550,2454 4760,2453 4971,2450 5181,2447 5391,2442 5602,2437 5602,2370 5391,2375 5181,2380 4971,2383 4760,2386 4550,2387 4340,2388 4129,2389 3919,2388 3709,2388 3499,2387 3288,2385 3078,2384 2868,2383 2657,2381 2447,2380 2237,2379 2026,2378 1816,2378 1606,2378 1245,2361"/>
                <Baseline points="1396,2424 1606,2423 1816,2423 2026,2423 2237,2424 2447,2425 2657,2426 2868,2428 3078,2429 3288,2430 3499,2432 3709,2433 3919,2433 4129,2434 4340,2433 4550,2432 4760,2431 4971,2428 5181,2425 5391,2420 5602,2415"/>
                <TextEquiv>
                    <Unicode>herczog Rudolfen gelazzen haben, und in den er bey uns untz an disiu zeit gesezzen ist, ewichlichen lazzen wellen, und si zu den selben rehten und gewonheiten</Unicode>
                </TextEquiv>
            </TextLine>
            <TextLine id="r1l21" custom="readingOrder {index:18;} place {offset:106; length:9;} place {offset:123; length:6;}">
                <Coords points="1293,2543 1556,2537 1765,2539 1975,2540 2184,2542 2393,2544 2603,2545 2812,2547 3021,2548 3231,2550 3440,2551 3649,2551 3859,2552 4068,2552 4277,2551 4487,2550 4696,2548 4905,2545 5115,2541 5324,2537 5534,2531 5534,2465 5324,2471 5115,2475 4905,2479 4696,2482 4487,2484 4277,2485 4068,2486 3859,2486 3649,2485 3440,2485 3231,2484 3021,2482 2812,2481 2603,2479 2393,2478 2184,2476 1975,2474 1765,2473 1556,2471 1293,2477"/>
                <Baseline points="1347,2515 1556,2515 1765,2517 1975,2518 2184,2520 2393,2522 2603,2523 2812,2525 3021,2526 3231,2528 3440,2529 3649,2529 3859,2530 4068,2530 4277,2529 4487,2528 4696,2526 4905,2523 5115,2519 5324,2515 5534,2509"/>
                <TextEquiv>
                    <Unicode>getrewlich und frewntlichen schirmen und behalten, waer auch daz zwischen unsern obgenanten landen in der Pfallentz und ze Peyern amptluten, mannen und</Unicode>
                </TextEquiv>
            </TextLine>
            <TextLine id="r1l22" custom="readingOrder {index:19;}">
                <Coords points="1300,2619 1512,2623 1725,2626 1938,2629 2151,2632 2364,2635 2577,2637 2790,2639 3003,2641 3216,2642 3429,2643 3641,2644 3854,2644 4067,2643 4280,2642 4493,2640 4706,2638 4919,2634 5132,2631 5345,2626 5558,2620 5558,2554 5345,2560 5132,2565 4919,2568 4706,2572 4493,2574 4280,2576 4067,2577 3854,2578 3641,2578 3429,2577 3216,2576 3003,2575 2790,2573 2577,2571 2364,2569 2151,2566 1938,2563 1725,2560 1512,2557 1300,2553"/>
                <Baseline points="1300,2597 1512,2601 1725,2604 1938,2607 2151,2610 2364,2613 2577,2615 2790,2617 3003,2619 3216,2620 3429,2621 3641,2622 3854,2622 4067,2621 4280,2620 4493,2618 4706,2616 4919,2612 5132,2609 5345,2604 5558,2598"/>
                <TextEquiv>
                    <Unicode>dienern beidenseiten dheinerley auflauffe oder zweyung erstunden, und man die selben mit frewntschaft nicht versunen möhte, die sol man mit dem </Unicode>
                </TextEquiv>
            </TextLine>
            <TextLine id="r1l23" custom="readingOrder {index:20;} place {offset:54; length:9;} place {offset:71; length:6;}">
                <Coords points="1259,2721 1611,2723 1820,2724 2029,2726 2238,2728 2447,2730 2655,2732 2864,2734 3073,2736 3282,2738 3491,2739 3699,2740 3908,2741 4117,2741 4326,2740 4535,2739 4743,2738 4952,2735 5161,2732 5370,2727 5579,2721 5579,2652 5370,2658 5161,2663 4952,2666 4743,2669 4535,2670 4326,2671 4117,2672 3908,2672 3699,2671 3491,2670 3282,2669 3073,2667 2864,2665 2655,2663 2447,2661 2238,2659 2029,2657 1820,2655 1611,2654 1259,2652"/>
                <Baseline points="1403,2698 1611,2700 1820,2701 2029,2703 2238,2705 2447,2707 2655,2709 2864,2711 3073,2713 3282,2715 3491,2716 3699,2717 3908,2718 4117,2718 4326,2717 4535,2716 4743,2715 4952,2712 5161,2709 5370,2704 5579,2698"/>
                <TextEquiv>
                    <Unicode>rehten auztragen, als in den obgenanten landen in der Pfallentz und ze Peyern von alter reht und gewonlich gewesen ist. Mit urchunde des briefs, </Unicode>
                </TextEquiv>
            </TextLine>
            <TextLine id="r1l24" custom="readingOrder {index:21;} place {offset:17; length:7;} date {offset:25; length:107;year:0; day:0; month:0;}">
                <Coords points="1243,2789 1854,2820 2045,2822 2236,2824 2427,2826 2619,2829 2810,2831 3001,2834 3192,2836 3383,2838 3575,2840 3766,2841 3957,2843 4148,2843 4339,2843 4531,2843 4722,2842 4913,2840 5104,2837 5295,2833 5487,2829 5487,2760 5295,2764 5104,2768 4913,2771 4722,2773 4531,2774 4339,2774 4148,2774 3957,2774 3766,2772 3575,2771 3383,2769 3192,2767 3001,2765 2810,2762 2619,2760 2427,2757 2236,2755 2045,2753 1854,2751 1243,2720"/>
                <Baseline points="1663,2796 1854,2797 2045,2799 2236,2801 2427,2803 2619,2806 2810,2808 3001,2811 3192,2813 3383,2815 3575,2817 3766,2818 3957,2820 4148,2820 4339,2820 4531,2820 4722,2819 4913,2817 5104,2814 5295,2810 5487,2806"/>
                <TextEquiv>
                    <Unicode>der geben ist ze Dresden nah Gots geburtt drivzehen hundert iar und in dem eynen und fünfzigsten iar an vreytag vor sant Matheus tag.   </Unicode>
                </TextEquiv>
            </TextLine>
            <TextEquiv>
                <Unicode>Wir Ludowig von Gots genaden marggrafe ze Brandenburg und ze Lusiczz, des Heiligen Romischen reichs oberster kamrer, pfallenczgrafe bey Reyn, herczog in&#xD;
Peyern und in Kernten, graf ze Tirol und ze Gortz und vogt der Gotshuser, Agley, Triende und Brihsen, veriehen und tun kunt offenlichen mit disem brief&#xD;
allen den, die in sehent, hörent oder lesent, wan der hochgeboren furst und herre her Rudolf, pfallentzgraf  bey Reyne, des Heiligen Romischen reichs oberster &#xD;
truchtsezze und herczog in Beyern, unser lieber vetter, dem allerdurchluhtigsten fursten und herren hern Karln, romischem kung, ze allen ziten merer des richs&#xD;
und kung ze Peheim, unserm lieben gnedigen herren, und der durchluhtigsten furstinne und frawen frawen Annan, romischen kunginne, unserer lieben&#xD;
frawen und mumen, seiner elichen wirttinne, und ir beider kinden und erben, es sein sune oder töhter, alle seiniu lande, herscheft, vesten und leut&#xD;
in der Pfallentz und in Peyern, und wo die gelegen sind, und all sein pfantschefte, von wem er die ynnehat und alles, daz er furbas noch gewinnet,&#xD;
mit gutem willen, aufgereichet und gegeben hat, und wir uns mit bedahtem mute fur uns, unser erben und nahkomen allez rehten ansprache&#xD;
und anredunge, die wir darzu in dhein weis haben und gehaben möhten, verzigen haben, uzgenomen den rehten, die ein pfallentzgraf bey Reyn&#xD;
hat und haben sol an der wal und kur eins romischen kungs eins kunftigen keysers und andern eren und wirdichheiten, die zu den vorgenanten&#xD;
Pfallentz und kur gehörent, und den graffscheften und manscheften, die von der Pfallentz und kur ze lehen rurent, die bey uns und unsern &#xD;
erben ewiglichen beleiben sulen, als in briefen, die wir dem obgenanten unserm herren daruber geben haben, volchomenlicher geschriben und begriffen ist,&#xD;
da von geloben wir fur uns, unser erben und nahkomen, ewiglichen mit guten trewen one geverde dem obgenanten unserm herren frawen Annan, seiner wirttinnn,&#xD;
iren erben und nahchomen an den obgenanten landen in der Pfallentz und ze Peyern, wer daz es ze schulden, quaem daz der obgenant herczog Rudolf, unser&#xD;
vetter, abgienge, und daz si der obgenanten lande der Pfallentz und Peyern gewaltig wurden, und die eingenemen, daz wir danne aus den selben&#xD;
unsern vorgenanten landen und von der selben lande wegen dem obgenanten unserm herren frawen Annan, seiner wirttinne, iren erben und nahchomen in iren&#xD;
landen, lauten und herscheften, die si in der Pfallentz und ze Beyern haben bei allen rehten und guten, gewonheiten, do bey wir, den obgenanten unsern vettern,&#xD;
herczog Rudolfen gelazzen haben, und in den er bey uns untz an disiu zeit gesezzen ist, ewichlichen lazzen wellen, und si zu den selben rehten und gewonheiten&#xD;
getrewlich und frewntlichen schirmen und behalten, waer auch daz zwischen unsern obgenanten landen in der Pfallentz und ze Peyern amptluten, mannen und&#xD;
dienern beidenseiten dheinerley auflauffe oder zweyung erstunden, und man die selben mit frewntschaft nicht versunen möhte, die sol man mit dem &#xD;
rehten auztragen, als in den obgenanten landen in der Pfallentz und ze Peyern von alter reht und gewonlich gewesen ist. Mit urchunde des briefs, &#xD;
der geben ist ze Dresden nah Gots geburtt drivzehen hundert iar und in dem eynen und fünfzigsten iar an vreytag vor sant Matheus tag.   </Unicode>
            </TextEquiv>
        </TextRegion>
    </Page>
</PcGts>
