<?xml version="1.0" encoding="UTF-8" standalone="yes"?>
<PcGts xmlns="http://schema.primaresearch.org/PAGE/gts/pagecontent/2013-07-15" xmlns:xsi="http://www.w3.org/2001/XMLSchema-instance" xsi:schemaLocation="http://schema.primaresearch.org/PAGE/gts/pagecontent/2013-07-15 http://schema.primaresearch.org/PAGE/gts/pagecontent/2013-07-15/pagecontent.xsd">
    <Metadata>
        <Creator>TRP</Creator>
        <Created>2019-08-09T21:16:56.942+02:00</Created>
        <LastChange>2019-08-09T21:16:56.942+02:00</LastChange>
        <TranskribusMetadata docId="193821" pageId="7643138" pageNr="3" tsid="13519523" status="NEW" userId="38723" imgUrl="https://files.transkribus.eu/Get?id=HCQUBVBUQXDHMKFYQAZJPWZH&amp;fileType=view" xmlUrl="https://files.transkribus.eu/Get?id=RJVGFVKXFVAEEAOFYJRYGDZL" imageId="4626768"/>
    </Metadata>
    <Page imageFilename="s173.jpg" imageWidth="800" imageHeight="1159"/>
</PcGts>
