<?xml version="1.0" encoding="UTF-8" standalone="yes"?>
<PcGts xmlns="http://schema.primaresearch.org/PAGE/gts/pagecontent/2013-07-15" xmlns:xsi="http://www.w3.org/2001/XMLSchema-instance" xsi:schemaLocation="http://schema.primaresearch.org/PAGE/gts/pagecontent/2013-07-15 http://schema.primaresearch.org/PAGE/gts/pagecontent/2013-07-15/pagecontent.xsd">
    <Metadata>
        <Creator>TRP</Creator>
        <Created>2019-07-23T16:28:55.770+02:00</Created>
        <LastChange>2019-07-23T16:28:55.770+02:00</LastChange>
        <TranskribusMetadata docId="187004" pageId="7447927" pageNr="2" tsid="13078081" status="NEW" userId="36516" imgUrl="https://files.transkribus.eu/Get?id=RSFHJRNRKGUPIZLFCFMTUHRU&amp;fileType=view" xmlUrl="https://files.transkribus.eu/Get?id=XDUVBPXGDPUDISYOHNVNMDPR" imageId="4473051"/>
    </Metadata>
    <Page imageFilename="NA-ACK_13110616_00065_v.jpg" imageWidth="6650" imageHeight="4782"/>
</PcGts>
