<?xml version="1.0" encoding="UTF-8" standalone="yes"?>
<PcGts xmlns="http://schema.primaresearch.org/PAGE/gts/pagecontent/2013-07-15" xmlns:xsi="http://www.w3.org/2001/XMLSchema-instance" xsi:schemaLocation="http://schema.primaresearch.org/PAGE/gts/pagecontent/2013-07-15 http://schema.primaresearch.org/PAGE/gts/pagecontent/2013-07-15/pagecontent.xsd">
    <Metadata>
        <Creator>prov=University of Rostock/Institute of Mathematics/CITlab/Tobias Gruening/tobias.gruening@uni-rostock.de:name=/net_tf/LA73_249_0mod360.pb:de.uros.citlab.segmentation.CITlab_LA_ML:v=2.3.1
TRP</Creator>
        <Created>2019-07-29T11:52:28.456+02:00</Created>
        <LastChange>2019-11-14T15:54:15.770+01:00</LastChange>
        <TranskribusMetadata docId="189240" pageId="7488524" pageNr="1" tsid="19379677" status="IN_PROGRESS" userId="38723" imgUrl="https://files.transkribus.eu/Get?id=XHPWZXDBXDMCPWPHCDZSTFBJ&amp;fileType=view" xmlUrl="https://files.transkribus.eu/Get?id=ISZGYRCAHISANTSYOHYOLPXO" imageId="4502983"/>
    </Metadata>
    <Page imageFilename="NA_ACK_338_13500216_r.JPG" imageWidth="5077" imageHeight="3866">
        <ReadingOrder>
            <OrderedGroup id="ro_1575392267039" caption="Regions reading order">
                <RegionRefIndexed index="0" regionRef="r1"/>
            </OrderedGroup>
        </ReadingOrder>
        <TextRegion orientation="0.0" id="r1" custom="readingOrder {index:0;}">
            <Coords points="564,213 584,1689 3754,1608 3778,209"/>
            <TextLine id="r1l4" custom="readingOrder {index:0;} person {offset:4; length:155; continued:true;} place {offset:39; length:11;} place {offset:55; length:10;} place {offset:73; length:6;} place {offset:143; length:3;}">
                <Coords points="633,420 788,423 943,425 1098,425 1253,426 1408,426 1563,425 1718,424 1873,423 2028,422 2183,421 2338,421 2493,420 2648,420 2803,421 2958,422 3113,424 3268,426 3423,430 3578,435 3733,441 3733,392 3578,386 3423,381 3268,377 3113,375 2958,373 2803,372 2648,371 2493,371 2338,372 2183,372 2028,373 1873,374 1718,375 1563,376 1408,377 1253,377 1098,376 861,332 832,214 629,217"/>
                <Baseline points="633,404 788,407 943,409 1098,409 1253,410 1408,410 1563,409 1718,408 1873,407 2028,406 2183,405 2338,405 2493,404 2648,404 2803,405 2958,406 3113,408 3268,410 3423,414 3578,419 3733,425"/>
                <TextEquiv>
                    <Unicode>Wir Ludwig von Gots gnaden marggraf ze Brandenburg, ze Landesperg und ze Lusitz, des heiligen Romischen richs oberster kamrer, phalentzgraf by Ryn, hertzog in </Unicode>
                </TextEquiv>
            </TextLine>
            <TextLine id="r1l5" custom="readingOrder {index:1;} person {offset:0; length:101; continued:true;} place {offset:0; length:8;} place {offset:16; length:7;} place {offset:33; length:5;} place {offset:46; length:5;} place {offset:65; length:9;} place {offset:76; length:5;} place {offset:83; length:6;} place {offset:94; length:7;}">
                <Coords points="747,491 896,489 1046,487 1196,485 1346,484 1496,482 1646,481 1795,480 1945,480 2095,479 2245,479 2395,479 2545,480 2695,480 2844,482 2994,483 3144,485 3294,487 3444,490 3594,493 3744,496 3744,453 3594,450 3444,447 3294,444 3144,442 2994,440 2844,439 2695,437 2545,437 2395,436 2245,436 2095,436 1945,437 1795,437 1646,438 1496,439 1346,441 1196,442 1046,444 896,446 747,448"/>
                <Baseline points="747,477 896,475 1046,473 1196,471 1346,470 1496,468 1646,467 1795,466 1945,466 2095,465 2245,465 2395,465 2545,466 2695,466 2844,468 2994,469 3144,471 3294,473 3444,476 3594,479 3744,482"/>
                <TextEquiv>
                    <Unicode>Beygeren und in Kernden, graf zu Tyrol und ze Gortz und vogt der Gotshuser, Agley, Trient und Brihsen, vergebyn offenlich mit disem brief allen, die in sehent oder </Unicode>
                </TextEquiv>
            </TextLine>
            <TextLine id="r1l6" custom="readingOrder {index:2;} person {offset:77; length:74;} place {offset:145; length:6;}">
                <Coords points="749,551 896,548 1044,546 1191,544 1339,542 1487,540 1634,539 1782,538 1929,537 2077,536 2225,536 2372,536 2520,536 2667,537 2815,538 2963,540 3110,542 3258,544 3405,547 3553,550 3701,553 3701,510 3553,507 3405,504 3258,501 3110,499 2963,497 2815,495 2667,494 2520,493 2372,493 2225,493 2077,493 1929,494 1782,495 1634,496 1487,497 1339,499 1191,501 1044,503 896,505 749,508"/>
                <Baseline points="749,537 896,534 1044,532 1191,530 1339,528 1487,526 1634,525 1782,524 1929,523 2077,522 2225,522 2372,522 2520,522 2667,523 2815,524 2963,526 3110,528 3258,530 3405,533 3553,536 3701,539"/>
                <TextEquiv>
                    <Unicode>horent lesen, wann der allerdurhlutigste furste und unser gnediger herre her Karel, Romischer kunig, ze allen ziten merer des richs und kunig ze Beheim, uns gelobt </Unicode>
                </TextEquiv>
            </TextLine>
            <TextLine id="r1l7" custom="readingOrder {index:3;}">
                <Coords points="739,620 886,615 1033,611 1180,607 1327,604 1474,601 1621,599 1768,597 1915,595 2062,594 2209,593 2356,593 2503,593 2650,594 2797,595 2944,597 3091,599 3238,602 3385,605 3532,609 3679,613 3679,564 3532,560 3385,556 3238,553 3091,550 2944,548 2797,546 2650,545 2503,544 2356,544 2209,544 2062,545 1915,546 1768,548 1621,550 1474,552 1327,555 1180,558 1033,562 886,566 739,571"/>
                <Baseline points="739,604 886,599 1033,595 1180,591 1327,588 1474,585 1621,583 1768,581 1915,579 2062,578 2209,577 2356,577 2503,577 2650,578 2797,579 2944,581 3091,583 3238,586 3385,589 3532,593 3679,597"/>
                <TextEquiv>
                    <Unicode>und zu den heiligen gesworen hat, daz er by namen zwischen hie und sant Michels tag, der schierst kunftig ist, dar zu allen sinen vliz tun sol mit gantzen trewen, daz wir </Unicode>
                </TextEquiv>
            </TextLine>
            <TextLine id="r1l8" custom="readingOrder {index:4;}">
                <Coords points="755,678 902,672 1050,667 1197,663 1345,659 1493,656 1640,653 1788,651 1935,649 2083,648 2231,648 2378,647 2526,648 2673,649 2821,650 2969,652 3116,655 3264,658 3411,661 3559,666 3728,673 3731,618 3559,624 3411,619 3264,616 3116,613 2969,610 2821,608 2673,607 2526,606 2378,605 2231,606 2083,606 1935,607 1788,609 1640,611 1493,614 1345,617 1197,621 1050,625 902,630 755,636"/>
                <Baseline points="755,664 902,658 1050,653 1197,649 1345,645 1493,642 1640,639 1788,637 1935,635 2083,634 2231,634 2378,633 2526,634 2673,635 2821,636 2969,638 3116,641 3264,644 3411,647 3559,652 3707,656"/>
                <TextEquiv>
                    <Unicode>und unser bruder, die sich des erkennen wellen, unser lant lute und alle zugehorung geystlich und wertlichen uz dem geistlichen banne komen und versunet werden </Unicode>
                </TextEquiv>
            </TextLine>
            <TextLine id="r1l9" custom="readingOrder {index:5;}">
                <Coords points="745,740 893,733 1042,728 1191,722 1339,718 1488,714 1637,711 1785,709 1934,707 2083,706 2232,705 2380,705 2529,705 2678,706 2826,708 2975,710 3124,712 3272,715 3421,718 3570,722 3743,733 3743,681 3570,680 3421,676 3272,673 3124,670 2975,668 2826,666 2678,664 2529,663 2380,663 2232,663 2083,664 1934,665 1785,667 1637,669 1488,672 1339,676 1191,680 1042,686 893,691 745,698"/>
                <Baseline points="745,726 893,719 1042,714 1191,708 1339,704 1488,700 1637,697 1785,695 1934,693 2083,692 2232,691 2380,691 2529,691 2678,692 2826,694 2975,696 3124,698 3272,701 3421,704 3570,708 3719,711"/>
                <TextEquiv>
                    <Unicode>mit der heyligen kirchen, und sol sich dar zu getriwlichen und ane geverde arbeyten als ob es sin eygen ding were. Und ob es vor sant Michels tag, der schierst kumpt, </Unicode>
                </TextEquiv>
            </TextLine>
            <TextLine id="r1l10" custom="readingOrder {index:6;}">
                <Coords points="748,803 897,797 1046,790 1195,785 1344,780 1493,776 1642,772 1791,768 1940,766 2089,764 2238,762 2387,762 2536,762 2685,763 2834,765 2983,767 3132,771 3281,775 3430,780 3579,786 3757,805 3763,747 3579,744 3430,738 3281,733 3132,729 2983,725 2834,723 2685,721 2536,720 2387,720 2238,720 2089,722 1940,724 1791,726 1642,730 1493,734 1344,738 1195,743 1046,748 897,755 748,761"/>
                <Baseline points="748,789 897,783 1046,776 1195,771 1344,766 1493,762 1642,758 1791,754 1940,752 2089,750 2238,748 2387,748 2536,748 2685,749 2834,751 2983,753 3132,757 3281,761 3430,766 3579,772 3728,779"/>
                <TextEquiv>
                    <Unicode>niht endes gehaben moht, und wir, unser bruder, die sich erkennen wolten, unser lant, lute und undertanen, geystlich und wertlichen von dem obgenanten banne niht </Unicode>
                </TextEquiv>
            </TextLine>
            <TextLine id="r1l11" custom="readingOrder {index:7;}">
                <Coords points="751,864 899,858 1048,851 1197,845 1346,840 1495,835 1643,831 1792,828 1941,825 2090,823 2239,821 2387,821 2536,821 2685,822 2834,824 2983,826 3131,829 3280,834 3429,840 3578,846 3748,848 3757,805 3578,804 3429,798 3280,792 3131,787 2983,784 2834,782 2685,780 2536,779 2387,779 2239,779 2090,781 1941,783 1792,786 1643,789 1495,793 1346,798 1197,803 1048,809 899,816 751,822"/>
                <Baseline points="751,850 899,844 1048,837 1197,831 1346,826 1495,821 1643,817 1792,814 1941,811 2090,809 2239,807 2387,807 2536,807 2685,808 2834,810 2983,812 3131,815 3280,820 3429,826 3578,832 3727,839"/>
                <TextEquiv>
                    <Unicode>enbunden wurden, dennoch sol der obgenant unser herre der kunig allweg nach der vorgenanten frist sinen vlizz triwe und arbeyt ane geverd, dar zu tun, so er schierst mag untz </Unicode>
                </TextEquiv>
            </TextLine>
            <TextLine id="r1l12" custom="readingOrder {index:8;}">
                <Coords points="741,931 889,924 1037,916 1185,910 1334,903 1482,898 1630,893 1779,890 1927,887 2075,884 2224,883 2372,882 2520,882 2668,883 2817,884 2965,887 3113,890 3262,894 3410,898 3558,904 3743,919 3740,851 3558,855 3410,849 3262,845 3113,841 2965,838 2817,835 2668,834 2520,833 2372,833 2224,834 2075,835 1927,838 1779,841 1630,844 1482,849 1334,854 1185,861 1037,867 889,875 741,882"/>
                <Baseline points="741,915 889,908 1037,900 1185,894 1334,887 1482,882 1630,877 1779,874 1927,871 2075,868 2224,867 2372,866 2520,866 2668,867 2817,868 2965,871 3113,874 3262,878 3410,882 3558,888 3707,894"/>
                <TextEquiv>
                    <Unicode>an die zit, daz wir unser bruder, die sich des erkennen wellen, unser lant und lut als vorgeschriben ist von dem obgenanten banne gentzlich enbunden werden. Es were </Unicode>
                </TextEquiv>
            </TextLine>
            <TextLine id="r1l13" custom="readingOrder {index:9;}">
                <Coords points="752,991 900,983 1049,976 1198,969 1347,963 1495,958 1644,953 1793,949 1942,946 2090,944 2239,942 2388,942 2537,942 2685,943 2834,944 2983,947 3132,950 3280,955 3429,960 3578,966 3746,980 3743,934 3578,921 3429,915 3280,910 3132,905 2983,902 2834,899 2685,898 2537,897 2388,897 2239,897 2090,899 1942,901 1793,904 1644,908 1495,913 1347,918 1198,924 1049,931 900,938 752,946"/>
                <Baseline points="752,976 900,968 1049,961 1198,954 1347,948 1495,943 1644,938 1793,934 1942,931 2090,929 2239,927 2388,927 2537,927 2685,928 2834,929 2983,932 3132,935 3280,940 3429,945 3578,951 3727,958"/>
                <TextEquiv>
                    <Unicode>denn, daz wir unser procuratorium und die maht und gewalt, die wir dem vorgenanten unserm herren, dem kunige dar uber geben haben, wider ruften kuntlich und mit unsers </Unicode>
                </TextEquiv>
            </TextLine>
            <TextLine id="r1l14" custom="readingOrder {index:10;}">
                <Coords points="750,1053 898,1044 1046,1037 1194,1030 1343,1024 1491,1018 1639,1014 1787,1010 1936,1007 2084,1004 2232,1003 2380,1002 2529,1002 2677,1003 2825,1004 2973,1007 3122,1010 3270,1015 3418,1020 3566,1026 3766,1037 3763,982 3566,983 3418,977 3270,972 3122,967 2973,964 2825,961 2677,960 2529,959 2380,959 2232,960 2084,961 1936,964 1787,967 1639,971 1491,975 1343,981 1194,987 1046,994 898,1001 750,1010"/>
                <Baseline points="750,1039 898,1030 1046,1023 1194,1016 1343,1010 1491,1004 1639,1000 1787,996 1936,993 2084,990 2232,989 2380,988 2529,988 2677,989 2825,990 2973,993 3122,996 3270,1001 3418,1006 3566,1012 3715,1020"/>
                <TextEquiv>
                    <Unicode>selben wizzen ane geverd, darumb geloben wir dem vorgenanten unserm herren, dem Romischen kunig mit guten trewen ane geverde und mit gesworem eyde, den wir dar uber zu </Unicode>
                </TextEquiv>
            </TextLine>
            <TextLine id="r1l15" custom="readingOrder {index:11;}">
                <Coords points="755,1114 901,1106 1048,1099 1195,1091 1342,1086 1489,1080 1635,1075 1782,1071 1929,1068 2076,1065 2223,1063 2369,1062 2516,1062 2663,1062 2810,1064 2957,1066 3103,1069 3250,1074 3397,1079 3544,1085 3740,1094 3737,1040 3544,1042 3397,1036 3250,1031 3103,1026 2957,1023 2810,1021 2663,1019 2516,1019 2369,1019 2223,1020 2076,1022 1929,1025 1782,1028 1635,1032 1489,1037 1342,1043 1195,1048 1048,1056 901,1063 755,1071"/>
                <Baseline points="755,1100 901,1092 1048,1085 1195,1077 1342,1072 1489,1066 1635,1061 1782,1057 1929,1054 2076,1051 2223,1049 2369,1048 2516,1048 2663,1048 2810,1050 2957,1052 3103,1055 3250,1060 3397,1065 3544,1071 3691,1079"/>
                <TextEquiv>
                    <Unicode>den heyligen getan haben, wer daz sache, daz sulches procuratorium, daz wir dem obgenanten unserm herren dem kunig geben haben, gebrechsam und unvolkomen, wer daz wir im </Unicode>
                </TextEquiv>
            </TextLine>
            <TextLine id="r1l16" custom="readingOrder {index:12;}">
                <Coords points="753,1177 899,1168 1045,1161 1191,1153 1337,1146 1483,1141 1629,1135 1775,1131 1921,1127 2067,1124 2214,1122 2360,1121 2506,1121 2652,1121 2798,1122 2944,1125 3090,1128 3236,1132 3382,1137 3528,1143 3711,1157 3725,1103 3528,1100 3382,1094 3236,1089 3090,1085 2944,1082 2798,1079 2652,1078 2506,1078 2360,1078 2214,1079 2067,1081 1921,1084 1775,1088 1629,1092 1483,1098 1337,1103 1191,1110 1045,1118 899,1125 753,1134"/>
                <Baseline points="753,1163 899,1154 1045,1147 1191,1139 1337,1132 1483,1127 1629,1121 1775,1117 1921,1113 2067,1110 2214,1108 2360,1107 2506,1107 2652,1107 2798,1108 2944,1111 3090,1114 3236,1118 3382,1123 3528,1129 3675,1137"/>
                <TextEquiv>
                    <Unicode>ein anders dar uber geben sullen und wellen, daz volkomen sy nach rat solcher lute, die sich dar uf versten zu furderung der vorgenanten sache, und geloben mit guten </Unicode>
                </TextEquiv>
            </TextLine>
            <TextLine id="r1l17" custom="readingOrder {index:13;}">
                <Coords points="752,1239 898,1231 1044,1222 1190,1215 1336,1209 1483,1203 1629,1197 1775,1193 1921,1189 2067,1186 2214,1184 2360,1182 2506,1182 2652,1182 2798,1184 2945,1186 3091,1190 3237,1194 3383,1199 3529,1206 3760,1223 3763,1166 3529,1166 3383,1159 3237,1154 3091,1150 2945,1146 2798,1144 2652,1142 2506,1142 2360,1142 2214,1144 2067,1146 1921,1149 1775,1153 1629,1157 1483,1163 1336,1169 1190,1175 1044,1182 898,1191 752,1199"/>
                <Baseline points="752,1226 898,1218 1044,1209 1190,1202 1336,1196 1483,1190 1629,1184 1775,1180 1921,1176 2067,1173 2214,1171 2360,1169 2506,1169 2652,1169 2798,1171 2945,1173 3091,1177 3237,1181 3383,1186 3529,1193 3676,1201"/>
                <TextEquiv>
                    <Unicode>trewen ane geverde mit dem vorgenanten gesworen eyde, daz wir daz selb procuratorium, daz erst oder daz ander welhes volkomen wirt, niht wider ruffen wellen noch sulen zwi¬</Unicode>
                </TextEquiv>
            </TextLine>
            <TextLine id="r1l18" custom="readingOrder {index:14;}">
                <Coords points="756,1299 901,1290 1047,1282 1193,1275 1339,1268 1485,1262 1631,1257 1776,1253 1922,1249 2068,1246 2214,1244 2360,1243 2506,1242 2652,1243 2797,1244 2943,1246 3089,1249 3235,1253 3381,1257 3527,1263 3746,1281 3763,1218 3527,1223 3381,1217 3235,1213 3089,1209 2943,1206 2797,1204 2652,1203 2506,1202 2360,1203 2214,1204 2068,1206 1922,1209 1776,1213 1631,1217 1485,1222 1339,1228 1193,1235 1047,1242 901,1250 756,1259"/>
                <Baseline points="756,1286 901,1277 1047,1269 1193,1262 1339,1255 1485,1249 1631,1244 1776,1240 1922,1236 2068,1233 2214,1231 2360,1230 2506,1229 2652,1230 2797,1231 2943,1233 3089,1236 3235,1240 3381,1244 3527,1250 3673,1257"/>
                <TextEquiv>
                    <Unicode>schen hie und sant Martins tag, der schierst kunftig ist und ob wir daz selb procuratorium mit unser selbes wizzenschaft uf den selben sant Martins tag oder dar nach niht </Unicode>
                </TextEquiv>
            </TextLine>
            <TextLine id="r1l19" custom="readingOrder {index:15;}">
                <Coords points="768,1361 913,1351 1058,1342 1204,1334 1349,1327 1494,1320 1640,1315 1785,1311 1930,1307 2076,1304 2221,1302 2366,1301 2512,1301 2657,1302 2802,1303 2948,1305 3093,1308 3238,1312 3384,1316 3529,1321 3763,1338 3766,1275 3529,1279 3384,1274 3238,1270 3093,1266 2948,1263 2802,1261 2657,1260 2512,1259 2366,1259 2221,1260 2076,1262 1930,1265 1785,1269 1640,1273 1494,1278 1349,1285 1204,1292 1058,1300 913,1309 768,1319"/>
                <Baseline points="768,1347 913,1337 1058,1328 1204,1320 1349,1313 1494,1306 1640,1301 1785,1297 1930,1293 2076,1290 2221,1288 2366,1287 2512,1287 2657,1288 2802,1289 2948,1291 3093,1294 3238,1298 3384,1302 3529,1307 3675,1313"/>
                <TextEquiv>
                    <Unicode>wider ruftin, so sol uns dar nach umb daz procuratorium und ban unser egenanter herre der Romische kunig gelicher wise und mit den selben verbuntnuzze und gelubden, besorgen </Unicode>
                </TextEquiv>
            </TextLine>
            <TextLine id="r1l20" custom="readingOrder {index:16;}">
                <Coords points="760,1423 904,1412 1049,1401 1194,1393 1338,1385 1483,1378 1628,1373 1772,1369 1917,1365 2062,1363 2207,1361 2351,1360 2496,1360 2641,1361 2785,1363 2930,1365 3075,1368 3219,1371 3364,1375 3509,1380 3700,1390 3711,1338 3509,1338 3364,1333 3219,1329 3075,1326 2930,1323 2785,1321 2641,1319 2496,1318 2351,1318 2207,1319 2062,1321 1917,1323 1772,1327 1628,1331 1483,1336 1338,1343 1194,1351 1049,1359 904,1370 760,1381"/>
                <Baseline points="760,1409 904,1398 1049,1387 1194,1379 1338,1371 1483,1364 1628,1359 1772,1355 1917,1351 2062,1349 2207,1347 2351,1346 2496,1346 2641,1347 2785,1349 2930,1351 3075,1354 3219,1357 3364,1361 3509,1366 3654,1371"/>
                <TextEquiv>
                    <Unicode>als in sinem brief und auch in dem entscheide brief dar umb stet geschriben, und die vorgenanten gelubde tun wir in allen den verbuntnuzze und under allen den penen, als in </Unicode>
                </TextEquiv>
            </TextLine>
            <TextLine id="r1l21" custom="readingOrder {index:17;} person {offset:48; length:58;} place {offset:77; length:3;} place {offset:98; length:8;}">
                <Coords points="762,1480 898,1469 1034,1461 1170,1453 1306,1446 1442,1440 1578,1434 1715,1430 1851,1427 1987,1424 2123,1423 2259,1422 2395,1421 2531,1422 2668,1423 2804,1424 2940,1427 3076,1429 3212,1433 3348,1437 3722,1459 3726,1391 3348,1395 3212,1391 3076,1387 2940,1385 2804,1382 2668,1381 2531,1380 2395,1379 2259,1380 2123,1381 1987,1382 1851,1385 1715,1388 1578,1392 1442,1398 1306,1404 1170,1411 1034,1419 898,1427 762,1438"/>
                <Baseline points="762,1466 898,1455 1034,1447 1170,1439 1306,1432 1442,1426 1578,1420 1715,1416 1851,1413 1987,1410 2123,1409 2259,1408 2395,1407 2531,1408 2668,1409 2804,1410 2940,1413 3076,1415 3212,1419 3348,1423 3725,1438"/>
                <TextEquiv>
                    <Unicode>briefen des hohgebornen fursten und herren hern Ruprehtes, phalentzgraven by Ryn und hertzogen in Beygeren, unsers lieben vetteren, geschriben stet, dar inne er uns beydensyt, beide </Unicode>
                </TextEquiv>
            </TextLine>
            <TextLine id="r1l23" custom="readingOrder {index:18;}">
                <Coords points="746,1540 1012,1517 1393,1498 2148,1480 2237,1479 2326,1479 2414,1479 2503,1479 2591,1480 2680,1481 2769,1482 2857,1484 2946,1486 3034,1489 3123,1491 3212,1493 3300,1496 3389,1499 3477,1502 3566,1505 3723,1501 3720,1456 3566,1465 3477,1462 3389,1459 3300,1456 3212,1453 3123,1451 3034,1449 2946,1446 2857,1444 2769,1442 2680,1441 2591,1440 2503,1439 2414,1439 2326,1439 2237,1439 2148,1440 1945,1432 1463,1448 731,1482"/>
                <Baseline points="735,1536 1971,1470 2060,1469 2148,1467 2237,1466 2326,1466 2414,1466 2503,1466 2591,1467 2680,1468 2769,1469 2857,1471 2946,1473 3034,1476 3123,1478 3212,1480 3300,1483 3389,1486 3477,1489 3566,1492 3655,1495"/>
                <TextEquiv>
                    <Unicode>reht und minne gesprochen hat, wann wir by den selben entscheide briefen belieben wellen und sullen und meynen, daz sie by allen iren kreften beliben, sulen, und daz in </Unicode>
                </TextEquiv>
            </TextLine>
            <TextLine id="r1l28" custom="readingOrder {index:19;} place {offset:97; length:8;} date {offset:127; length:37; continued:true;}">
                <Coords points="768,1605 803,1604 838,1602 874,1599 909,1597 944,1595 980,1592 1015,1589 1050,1586 1086,1583 1121,1579 1156,1576 1192,1573 1227,1570 1262,1567 1864,1537 2557,1527 2833,1535 3275,1552 3487,1560 3704,1570 3712,1509 3420,1494 3211,1494 3032,1491 2718,1489 2552,1486 2450,1491 2347,1483 2120,1486 1859,1483 1665,1491 1471,1486 1136,1517 1015,1546 980,1549 944,1552 909,1554 874,1556 838,1559 803,1561 768,1562"/>
                <Baseline points="768,1591 803,1590 838,1588 874,1585 909,1583 944,1581 980,1578 1015,1575 1050,1572 1086,1569 1121,1565 1156,1562 1192,1559 1227,1556 1262,1553 1298,1551 1486,1550 1770,1542 2547,1527 2877,1536 3703,1559"/>
                <TextEquiv>
                    <Unicode>dise gegenwertiger brief cheinen schaden sulle bringen. Mit urkund ditz briefs, der geben ist ze Budessin under unserm insigel nach Kristes geburt dreuzehenhundert </Unicode>
                </TextEquiv>
            </TextLine>
            <TextLine id="r1l30" custom="readingOrder {index:20;} date {offset:0; length:94; continued:true;}">
                <Coords points="764,1672 789,1670 814,1668 839,1665 864,1664 889,1661 914,1659 940,1657 965,1654 990,1653 1015,1651 1040,1649 1065,1647 1091,1645 1116,1643 1560,1616 1785,1609 2378,1609 2600,1598 2756,1598 2754,1545 2513,1545 2117,1540 1721,1542 1300,1563 1175,1570 1091,1600 1065,1602 1040,1604 1015,1606 990,1608 965,1609 940,1612 914,1614 889,1616 864,1619 839,1620 814,1623 789,1625 764,1627"/>
                <Baseline points="764,1657 789,1655 814,1653 839,1650 864,1649 889,1646 914,1644 940,1642 965,1639 990,1638 1015,1636 1040,1634 1065,1632 1053,1628 1065,1625 1452,1613 1681,1599 1885,1599 2556,1593 2739,1602"/>
                <TextEquiv>
                    <Unicode>iar und in dem funftzigisten iar an dinstag nach dem sunntag als man singet daz ampt Invocavit.</Unicode>
                </TextEquiv>
            </TextLine>
            <TextEquiv>
                <Unicode>Wir Ludwig von Gots gnaden marggraf ze Brandenburg, ze Landesperg und ze Lusitz, des heiligen Romischen richs oberster kamrer, phalentzgraf by Ryn, hertzog in &#xD;
Beygeren und in Kernden, graf zu Tyrol und ze Gortz und vogt der Gotshuser, Agley, Trient und Brihsen, vergebyn offenlich mit disem brief allen, die in sehent oder &#xD;
horent lesen, wann der allerdurhlutigste furste und unser gnediger herre her Karel, Romischer kunig, ze allen ziten merer des richs und kunig ze Beheim, uns gelobt &#xD;
und zu den heiligen gesworen hat, daz er by namen zwischen hie und sant Michels tag, der schierst kunftig ist, dar zu allen sinen vliz tun sol mit gantzen trewen, daz wir &#xD;
und unser bruder, die sich des erkennen wellen, unser lant lute und alle zugehorung geystlich und wertlichen uz dem geistlichen banne komen und versunet werden &#xD;
mit der heyligen kirchen, und sol sich dar zu getriwlichen und ane geverde arbeyten als ob es sin eygen ding were. Und ob es vor sant Michels tag, der schierst kumpt, &#xD;
niht endes gehaben moht, und wir, unser bruder, die sich erkennen wolten, unser lant, lute und undertanen, geystlich und wertlichen von dem obgenanten banne niht &#xD;
enbunden wurden, dennoch sol der obgenant unser herre der kunig allweg nach der vorgenanten frist sinen vlizz triwe und arbeyt ane geverd, dar zu tun, so er schierst mag untz &#xD;
an die zit, daz wir unser bruder, die sich des erkennen wellen, unser lant und lut als vorgeschriben ist von dem obgenanten banne gentzlich enbunden werden. Es were &#xD;
denn, daz wir unser procuratorium und die maht und gewalt, die wir dem vorgenanten unserm herren, dem kunige dar uber geben haben, wider ruften kuntlich und mit unsers &#xD;
selben wizzen ane geverd, darumb geloben wir dem vorgenanten unserm herren, dem Romischen kunig mit guten trewen ane geverde und mit gesworem eyde, den wir dar uber zu &#xD;
den heyligen getan haben, wer daz sache, daz sulches procuratorium, daz wir dem obgenanten unserm herren dem kunig geben haben, gebrechsam und unvolkomen, wer daz wir im &#xD;
ein anders dar uber geben sullen und wellen, daz volkomen sy nach rat solcher lute, die sich dar uf versten zu furderung der vorgenanten sache, und geloben mit guten &#xD;
trewen ane geverde mit dem vorgenanten gesworen eyde, daz wir daz selb procuratorium, daz erst oder daz ander welhes volkomen wirt, niht wider ruffen wellen noch sulen zwi¬&#xD;
schen hie und sant Martins tag, der schierst kunftig ist und ob wir daz selb procuratorium mit unser selbes wizzenschaft uf den selben sant Martins tag oder dar nach niht &#xD;
wider ruftin, so sol uns dar nach umb daz procuratorium und ban unser egenanter herre der Romische kunig gelicher wise und mit den selben verbuntnuzze und gelubden, besorgen &#xD;
als in sinem brief und auch in dem entscheide brief dar umb stet geschriben, und die vorgenanten gelubde tun wir in allen den verbuntnuzze und under allen den penen, als in &#xD;
briefen des hohgebornen fursten und herren hern Ruprehtes, phalentzgraven by Ryn und hertzogen in Beygeren, unsers lieben vetteren, geschriben stet, dar inne er uns beydensyt, beide &#xD;
reht und minne gesprochen hat, wann wir by den selben entscheide briefen belieben wellen und sullen und meynen, daz sie by allen iren kreften beliben, sulen, und daz in &#xD;
dise gegenwertiger brief cheinen schaden sulle bringen. Mit urkund ditz briefs, der geben ist ze Budessin under unserm insigel nach Kristes geburt dreuzehenhundert &#xD;
iar und in dem funftzigisten iar an dinstag nach dem sunntag als man singet daz ampt Invocavit.</Unicode>
            </TextEquiv>
        </TextRegion>
    </Page>
</PcGts>
