<?xml version="1.0" encoding="UTF-8" standalone="yes"?>
<trpDocMetadata>
    <docId>190074</docId>
    <title>ACK_443_I</title>
    <uploadTimestamp>1564562359115</uploadTimestamp>
    <scriptType>HANDWRITTEN</scriptType>
    <uploader>marketa.hrdlickova@nacr.cz</uploader>
    <uploaderId>40502</uploaderId>
    <nrOfPages>1</nrOfPages>
    <pageId>7517802</pageId>
    <url>https://files.transkribus.eu/Get?id=VHJCSGRRQXYSXBXDOAPNIUKO&amp;fileType=view</url>
    <thumbUrl>https://files.transkribus.eu/Get?id=VHJCSGRRQXYSXBXDOAPNIUKO&amp;fileType=thumb</thumbUrl>
    <externalId>NA</externalId>
    <authority>NA</authority>
    <language>German</language>
    <status>0</status>
    <fimgStoreColl>TrpDoc_DEA_190074</fimgStoreColl>
    <origDocId>0</origDocId>
    <collectionList>
        <colList>
            <colId>44923</colId>
            <colName>NACR - German charters</colName>
            <description>created by katerina.zenklova@nacr.cz</description>
            <crowdsourcing>false</crowdsourcing>
            <elearning>false</elearning>
            <nrOfDocuments>0</nrOfDocuments>
        </colList>
    </collectionList>
</trpDocMetadata>
