<?xml version="1.0" encoding="UTF-8" standalone="yes"?>
<PcGts xmlns="http://schema.primaresearch.org/PAGE/gts/pagecontent/2013-07-15" xmlns:xsi="http://www.w3.org/2001/XMLSchema-instance" xsi:schemaLocation="http://schema.primaresearch.org/PAGE/gts/pagecontent/2013-07-15 http://schema.primaresearch.org/PAGE/gts/pagecontent/2013-07-15/pagecontent.xsd">
    <Metadata>
        <Creator>TRP</Creator>
        <Created>2019-06-05T14:28:34.660+02:00</Created>
        <LastChange>2019-06-05T14:28:34.660+02:00</LastChange>
        <TranskribusMetadata docId="169934" pageId="6426611" pageNr="2" tsid="10832105" status="NEW" userId="36516" imgUrl="https://files.transkribus.eu/Get?id=OOSJOBQBDRCBYUFBDJIXZUFN&amp;fileType=view" xmlUrl="https://files.transkribus.eu/Get?id=SCQQTXCQBTGHIWZJWUHRROAW" imageId="3818697"/>
    </Metadata>
    <Page imageFilename="NA-ACK_14060507_01402_v.jpg" imageWidth="6950" imageHeight="5435"/>
</PcGts>
