<?xml version="1.0" encoding="UTF-8" standalone="yes"?>
<trpDocMetadata>
    <docId>146408</docId>
    <title>AZK_Plasy_705_H_I</title>
    <uploadTimestamp>1554907258498</uploadTimestamp>
    <scriptType>HANDWRITTEN</scriptType>
    <uploader>firely@prolight.cz</uploader>
    <uploaderId>36516</uploaderId>
    <nrOfPages>1</nrOfPages>
    <pageId>5442350</pageId>
    <url>https://files.transkribus.eu/Get?id=CKLGESRRRQLRKNWFVOOLQZFG&amp;fileType=view</url>
    <thumbUrl>https://files.transkribus.eu/Get?id=CKLGESRRRQLRKNWFVOOLQZFG&amp;fileType=thumb</thumbUrl>
    <externalId>NA</externalId>
    <authority>NA</authority>
    <language>Czech</language>
    <status>0</status>
    <fimgStoreColl>TrpDoc_DEA_146408</fimgStoreColl>
    <origDocId>0</origDocId>
    <collectionList>
        <colList>
            <colId>44924</colId>
            <colName>NACR - Czech charters</colName>
            <description>created by katerina.zenklova@nacr.cz</description>
            <crowdsourcing>false</crowdsourcing>
            <elearning>false</elearning>
            <nrOfDocuments>0</nrOfDocuments>
        </colList>
        <colList>
            <colId>38330</colId>
            <colName>AZK_czech</colName>
            <description>created by firely@prolight.cz</description>
            <crowdsourcing>false</crowdsourcing>
            <elearning>false</elearning>
            <nrOfDocuments>0</nrOfDocuments>
        </colList>
    </collectionList>
</trpDocMetadata>
