<?xml version="1.0" encoding="UTF-8" standalone="yes"?>
<PcGts xmlns="http://schema.primaresearch.org/PAGE/gts/pagecontent/2013-07-15" xmlns:xsi="http://www.w3.org/2001/XMLSchema-instance" xsi:schemaLocation="http://schema.primaresearch.org/PAGE/gts/pagecontent/2013-07-15 http://schema.primaresearch.org/PAGE/gts/pagecontent/2013-07-15/pagecontent.xsd">
    <Metadata>
        <Creator>prov=University of Rostock/Institute of Mathematics/CITlab/Tobias Gruening/tobias.gruening@uni-rostock.de:name=/net_tf/LA73_249_0mod360.pb:de.uros.citlab.segmentation.CITlab_LA_ML:v=2.3.1
TRP</Creator>
        <Created>2019-07-24T14:38:20.849+02:00</Created>
        <LastChange>2019-11-15T13:26:04.545+01:00</LastChange>
        <TranskribusMetadata docId="187439" pageId="7457045" pageNr="1" tsid="19404014" status="IN_PROGRESS" userId="38723" imgUrl="https://files.transkribus.eu/Get?id=ICDXEFSAWCYBRPFGWIMZXKVH&amp;fileType=view" xmlUrl="https://files.transkribus.eu/Get?id=MTHXGUZFJIOASBGHKJSLKOOZ" imageId="4479776"/>
    </Metadata>
    <Page imageFilename="NA-ACK_13490217_00327_r.jpg" imageWidth="5571" imageHeight="6080">
        <ReadingOrder>
            <OrderedGroup id="ro_1575392113292" caption="Regions reading order">
                <RegionRefIndexed index="0" regionRef="r1"/>
                <RegionRefIndexed index="1" regionRef="region_1563972456459_32"/>
            </OrderedGroup>
        </ReadingOrder>
        <TextRegion orientation="0.0" id="r1" custom="readingOrder {index:0;}">
            <Coords points="303,196 304,3009 4034,3016 4033,183"/>
            <TextLine id="r1l1" custom="readingOrder {index:0;} person {offset:4; length:18;} person {offset:27; length:41;} place {offset:61; length:7;}">
                <Coords points="352,467 507,460 750,457 998,473 1177,472 1356,471 1535,470 1714,469 1893,467 2072,466 2252,464 2431,463 2610,461 2789,460 2968,459 3147,458 3326,458 3505,458 3684,459 3863,460 4043,462 4043,404 3863,402 3684,401 3505,400 3326,400 3147,400 2968,401 2789,402 2610,403 2431,405 2252,406 2072,408 1893,409 1714,411 1535,412 1356,413 1177,414 998,415 520,395 529,227 355,227"/>
                <Baseline points="436,450 615,451 794,451 973,451 1152,450 1331,449 1510,448 1689,447 1868,445 2047,444 2227,442 2406,441 2585,439 2764,438 2943,437 3122,436 3301,436 3480,436 3659,437 3838,438 4018,440"/>
                <TextEquiv>
                    <Unicode>Wir Rudolph der Junger und Otte von Gots gnaden herczogen ze Sachsen veriehen und tun kunt offenlich mit disem brief allen den, di in sehen, horen odir lesen, wenn </Unicode>
                </TextEquiv>
            </TextLine>
            <TextLine id="r1l2" custom="readingOrder {index:1;} person {offset:64; length:73;} place {offset:131; length:6;}">
                <Coords points="412,520 590,523 769,526 947,527 1126,528 1304,528 1483,528 1661,527 1840,526 2018,525 2197,523 2375,522 2554,520 2732,519 2911,517 3089,516 3268,516 3446,515 3625,516 3803,516 3982,518 3982,473 3803,471 3625,471 3446,470 3268,471 3089,471 2911,472 2732,474 2554,475 2375,477 2197,478 2018,480 1840,481 1661,482 1483,483 1304,483 1126,483 947,482 769,481 590,478 412,475"/>
                <Baseline points="412,505 590,508 769,511 947,512 1126,513 1304,513 1483,513 1661,512 1840,511 2018,510 2197,508 2375,507 2554,505 2732,504 2911,502 3089,501 3268,501 3446,500 3625,501 3803,501 3982,503"/>
                <TextEquiv>
                    <Unicode>der allirdurchleuchtigster furste und unsir genediger herre her KarI, Romischer kung, ze allen zeiten merer des reichs und kung ze Beheim, von den erwirdigen </Unicode>
                </TextEquiv>
            </TextLine>
            <TextLine id="r1l3" custom="readingOrder {index:2;} person {offset:24; length:30;} place {offset:49; length:5;} person {offset:60; length:29;} place {offset:84; length:5;} person {offset:96; length:27;} place {offset:119; length:4;} person {offset:146; length:16; continued:true;}">
                <Coords points="418,589 596,590 774,590 952,590 1130,590 1308,590 1486,589 1665,588 1843,587 2021,586 2199,585 2377,584 2555,583 2733,582 2912,581 3090,581 3268,580 3446,580 3624,580 3802,580 3981,581 3981,536 3802,535 3624,535 3446,535 3268,535 3090,536 2912,536 2733,537 2555,538 2377,539 2199,540 2021,541 1843,542 1665,543 1486,544 1308,545 1130,545 952,545 774,545 596,545 418,544"/>
                <Baseline points="418,574 596,575 774,575 952,575 1130,575 1308,575 1486,574 1665,573 1843,572 2021,571 2199,570 2377,569 2555,568 2733,567 2912,566 3090,566 3268,565 3446,565 3624,565 3802,565 3981,566"/>
                <TextEquiv>
                    <Unicode>fursten und herren hern Baldewin, erczbischof ze Trier, her Gerlach, erczbischof ze Gencz, hern Walram, erczbisehof ze Coln, und den hochgebornen fursten hern Jo¬</Unicode>
                </TextEquiv>
            </TextLine>
            <TextLine id="r1l4" custom="readingOrder {index:3;} person {offset:0; length:51; continued:true;} place {offset:45; length:6;} person {offset:58; length:30;} place {offset:81; length:7;} person {offset:130; length:36; continued:true;} place {offset:153; length:12;}">
                <Coords points="427,663 604,662 781,661 958,660 1135,659 1312,658 1489,657 1666,655 1843,655 2020,654 2198,653 2375,652 2552,652 2729,651 2906,651 3083,651 3260,652 3437,653 3614,654 3791,655 3969,657 3969,608 3791,606 3614,605 3437,604 3260,603 3083,602 2906,602 2729,602 2552,603 2375,603 2198,604 2020,605 1843,606 1666,606 1489,608 1312,609 1135,610 958,611 781,612 604,613 427,614"/>
                <Baseline points="427,647 604,646 781,645 958,644 1135,643 1312,642 1489,641 1666,639 1843,639 2020,638 2198,637 2375,636 2552,636 2729,635 2906,635 3083,635 3260,636 3437,637 3614,638 3791,639 3969,641"/>
                <TextEquiv>
                    <Unicode>hansen seliger gedechtnuzz, ettwenn kunge ze Beheim, hern Rudolphe, herczogen ze Sachsen, unserm lieben herren und vater und hern Woldmar, marggraven ze Brandemburch </Unicode>
                </TextEquiv>
            </TextLine>
            <TextLine id="r1l5" custom="readingOrder {index:4;} person {offset:0; length:16; continued:true;} place {offset:7; length:9;}">
                <Coords points="405,731 583,730 761,730 939,729 1118,728 1296,727 1474,726 1652,724 1831,723 2009,722 2187,721 2365,720 2544,719 2722,718 2900,718 3078,718 3257,719 3435,720 3613,721 3791,723 3970,726 3970,681 3791,678 3613,676 3435,675 3257,674 3078,673 2900,673 2722,673 2544,674 2365,675 2187,676 2009,677 1831,678 1652,679 1474,681 1296,682 1118,683 939,684 761,685 583,685 405,686"/>
                <Baseline points="405,716 583,715 761,715 939,714 1118,713 1296,712 1474,711 1652,709 1831,708 2009,707 2187,706 2365,705 2544,704 2722,703 2900,703 3078,703 3257,704 3435,705 3613,706 3791,708 3970,711"/>
                <TextEquiv>
                    <Unicode>und ze Landsperg, unserm lieben oheim, ze Romischem kunge recht und redlich und eynmuticlichen irwelt und irkoren ist, dorumb verbinden wir uns, unsir erben </Unicode>
                </TextEquiv>
            </TextLine>
            <TextLine id="r1l6" custom="readingOrder {index:5;} place {offset:27; length:7;} place {offset:102; length:6;} place {offset:133; length:6;}">
                <Coords points="406,802 584,801 763,800 941,799 1120,798 1299,797 1477,796 1656,795 1835,794 2013,793 2192,792 2371,791 2549,790 2728,789 2907,789 3085,788 3264,788 3443,787 3621,787 3800,787 3979,787 3979,742 3800,742 3621,742 3443,742 3264,743 3085,743 2907,744 2728,744 2549,745 2371,746 2192,747 2013,748 1835,749 1656,750 1477,751 1299,752 1120,753 941,754 763,755 584,756 406,757"/>
                <Baseline points="406,787 584,786 763,785 941,784 1120,783 1299,782 1477,781 1656,780 1835,779 2013,778 2192,777 2371,776 2549,775 2728,774 2907,774 3085,773 3264,773 3443,772 3621,772 3800,772 3979,772"/>
                <TextEquiv>
                    <Unicode>und nochkomen herczogen ze Sachsen mit dem vorgenanten unserm herren dem Romischen kunge und kunge ze Beheim, als mit eynem kunge ze Beheim und des </Unicode>
                </TextEquiv>
            </TextLine>
            <TextLine id="r1l7" custom="readingOrder {index:6;} place {offset:75; length:6;}">
                <Coords points="396,876 577,874 759,872 941,871 1123,869 1305,868 1487,866 1668,864 1850,863 2032,862 2214,861 2396,860 2578,859 2760,858 2941,858 3123,858 3305,858 3487,859 3669,859 3851,861 4033,862 4033,813 3851,812 3669,810 3487,810 3305,809 3123,809 2941,809 2760,809 2578,810 2396,811 2214,812 2032,813 1850,814 1668,815 1487,817 1305,819 1123,820 941,822 759,823 577,825 396,827"/>
                <Baseline points="396,860 577,858 759,856 941,855 1123,853 1305,852 1487,850 1668,848 1850,847 2032,846 2214,845 2396,844 2578,843 2760,842 2941,842 3123,842 3305,842 3487,843 3669,843 3851,845 4033,846"/>
                <TextEquiv>
                    <Unicode>reichs kurfursten, seinen erben und nochkomen an der selben kur, kungen ze Beheim, und mit den vorgenanten erwirdigen kurfursten und herren, geistlichen </Unicode>
                </TextEquiv>
            </TextLine>
            <TextLine id="r1l8" custom="readingOrder {index:7;}">
                <Coords points="415,942 593,941 771,939 949,938 1127,936 1306,934 1484,933 1662,931 1840,930 2018,928 2197,927 2375,926 2553,925 2731,925 2909,924 3088,924 3266,925 3444,926 3622,927 3800,929 3979,932 3979,883 3800,880 3622,878 3444,877 3266,876 3088,875 2909,875 2731,876 2553,876 2375,877 2197,878 2018,879 1840,881 1662,882 1484,884 1306,885 1127,887 949,889 771,890 593,892 415,893"/>
                <Baseline points="415,926 593,925 771,923 949,922 1127,920 1306,918 1484,917 1662,915 1840,914 2018,912 2197,911 2375,910 2553,909 2731,909 2909,908 3088,908 3266,909 3444,910 3622,911 3800,913 3979,916"/>
                <TextEquiv>
                    <Unicode>und werltlichen, und mit allen andern fursten, graven, vreyen herren und steten, di dem vorgenanten unserm herren, dem Romischen kunge gehorsam und </Unicode>
                </TextEquiv>
            </TextLine>
            <TextLine id="r1l9" custom="readingOrder {index:8;}">
                <Coords points="402,1019 580,1014 759,1010 937,1006 1116,1004 1295,1002 1473,1001 1652,1001 1831,1001 2009,1001 2188,1002 2367,1003 2545,1004 2724,1005 2903,1006 3081,1006 3260,1006 3439,1006 3617,1006 3796,1004 3996,1000 3996,950 3796,953 3617,955 3439,955 3260,955 3081,955 2903,955 2724,954 2545,953 2367,952 2188,951 2009,950 1831,950 1652,950 1473,950 1295,951 1116,953 937,955 759,959 580,963 402,968"/>
                <Baseline points="402,1002 580,997 759,993 937,989 1116,987 1295,985 1473,984 1652,984 1831,984 2009,984 2188,985 2367,986 2545,987 2724,988 2903,989 3081,989 3260,989 3439,989 3617,989 3796,987 3975,985"/>
                <TextEquiv>
                    <Unicode>undirtenyg sein, und di in dem selben verbuntnuzz sten und bleiben wellen und geloben mit guten trewen on geverd an eydes stat, das wir mit den vor¬</Unicode>
                </TextEquiv>
            </TextLine>
            <TextLine id="r1l10" custom="readingOrder {index:9;}">
                <Coords points="423,1096 603,1091 783,1088 963,1085 1144,1083 1324,1080 1504,1079 1685,1077 1865,1077 2045,1076 2226,1076 2406,1075 2586,1075 2766,1076 2947,1076 3127,1076 3307,1076 3488,1076 3668,1077 3848,1077 4029,1076 4029,1018 3848,1019 3668,1019 3488,1018 3307,1018 3127,1018 2947,1018 2766,1018 2586,1017 2406,1017 2226,1018 2045,1018 1865,1019 1685,1019 1504,1021 1324,1022 1144,1025 963,1027 783,1030 603,1033 423,1038"/>
                <Baseline points="423,1077 603,1072 783,1069 963,1066 1144,1064 1324,1061 1504,1060 1685,1058 1865,1058 2045,1057 2226,1057 2406,1056 2586,1056 2766,1057 2947,1057 3127,1057 3307,1057 3488,1057 3668,1058 3848,1058 4029,1057"/>
                <TextEquiv>
                    <Unicode>genanten fursten und si mit uns, dem vorgenanten unserm herren dem Romischen kunge und unsir yttlicher dem andern umb des vorgenanten Romischen reichs </Unicode>
                </TextEquiv>
            </TextLine>
            <TextLine id="r1l11" custom="readingOrder {index:10;}">
                <Coords points="409,1158 589,1155 770,1154 950,1151 1131,1149 1311,1148 1492,1146 1672,1144 1853,1142 2033,1141 2214,1140 2394,1139 2575,1138 2755,1137 2936,1136 3116,1136 3297,1136 3477,1136 3658,1136 3838,1137 4019,1138 4019,1092 3838,1091 3658,1090 3477,1090 3297,1090 3116,1090 2936,1090 2755,1091 2575,1092 2394,1093 2214,1094 2033,1095 1853,1096 1672,1098 1492,1100 1311,1102 1131,1103 950,1105 770,1108 589,1109 409,1112"/>
                <Baseline points="409,1143 589,1140 770,1139 950,1136 1131,1134 1311,1133 1492,1131 1672,1129 1853,1127 2033,1126 2214,1125 2394,1124 2575,1123 2755,1122 2936,1121 3116,1121 3297,1121 3477,1121 3658,1121 3838,1122 4019,1123"/>
                <TextEquiv>
                    <Unicode>und unsir kurfurstlichen recht, ere und wirde ze beherten und ze behalden, beholfen und beraten sein wollen, mit leib und mit gut und mit allir </Unicode>
                </TextEquiv>
            </TextLine>
            <TextLine id="r1l12" custom="readingOrder {index:11;} person {offset:52; length:32;} place {offset:73; length:11;}">
                <Coords points="407,1222 585,1222 763,1222 941,1221 1119,1220 1297,1219 1475,1218 1653,1217 1831,1216 2009,1214 2187,1213 2365,1212 2543,1211 2721,1210 2899,1209 3077,1208 3255,1208 3433,1208 3611,1208 3789,1209 3968,1210 3968,1164 3789,1163 3611,1162 3433,1162 3255,1162 3077,1162 2899,1163 2721,1164 2543,1165 2365,1166 2187,1167 2009,1168 1831,1170 1653,1171 1475,1172 1297,1173 1119,1174 941,1175 763,1176 585,1176 407,1176"/>
                <Baseline points="407,1207 585,1207 763,1207 941,1206 1119,1205 1297,1204 1475,1203 1653,1202 1831,1201 2009,1199 2187,1198 2365,1197 2543,1196 2721,1195 2899,1194 3077,1193 3255,1193 3433,1193 3611,1193 3789,1194 3968,1195"/>
                <TextEquiv>
                    <Unicode>macht widir allirmenngleich und sundirlichen, widir graven Guntheren von Swarczburch, der sieh des reichs vrevellichen, und ze unrecht widir </Unicode>
                </TextEquiv>
            </TextLine>
            <TextLine id="r1l13" custom="readingOrder {index:12;} place {offset:52; length:4;}">
                <Coords points="396,1293 574,1292 752,1291 930,1290 1108,1289 1286,1288 1464,1287 1643,1286 1821,1285 1999,1284 2177,1284 2355,1283 2533,1282 2711,1281 2890,1281 3068,1280 3246,1279 3424,1279 3602,1278 3780,1278 3959,1277 3959,1229 3780,1230 3602,1230 3424,1231 3246,1231 3068,1232 2890,1233 2711,1233 2533,1234 2355,1235 2177,1236 1999,1236 1821,1237 1643,1238 1464,1239 1286,1240 1108,1241 930,1242 752,1243 574,1244 396,1245"/>
                <Baseline points="396,1277 574,1276 752,1275 930,1274 1108,1273 1286,1272 1464,1271 1643,1270 1821,1269 1999,1268 2177,1268 2355,1267 2533,1266 2711,1265 2890,1265 3068,1264 3246,1263 3424,1263 3602,1262 3780,1262 3959,1261"/>
                <TextEquiv>
                    <Unicode>unsirn herren den vorgenanten und widir den stul ze Rome, widir unsir und des reichs recht angenomen hat und annymet, und widir alle</Unicode>
                </TextEquiv>
            </TextLine>
            <TextLine id="r1l14" custom="readingOrder {index:13;} person {offset:73; length:23;}">
                <Coords points="424,1375 601,1370 779,1367 956,1364 1134,1362 1311,1360 1489,1359 1666,1358 1844,1357 2021,1356 2199,1356 2377,1356 2554,1356 2732,1356 2909,1356 3087,1356 3264,1356 3442,1355 3619,1354 3797,1353 3975,1352 3975,1294 3797,1295 3619,1296 3442,1297 3264,1298 3087,1298 2909,1298 2732,1298 2554,1298 2377,1298 2199,1298 2021,1298 1844,1299 1666,1300 1489,1301 1311,1302 1134,1304 956,1306 779,1309 601,1312 424,1317"/>
                <Baseline points="424,1356 601,1351 779,1348 956,1345 1134,1343 1311,1341 1489,1340 1666,1339 1844,1338 2021,1337 2199,1337 2377,1337 2554,1337 2732,1337 2909,1337 3087,1337 3264,1337 3442,1336 3619,1335 3797,1334 3975,1333"/>
                <TextEquiv>
                    <Unicode>sein helfer und gunner, di er hat odir noch gewinnen mag unsir herre her KarI, der Romische kung, sei lebende odir tod, wann wir des billich </Unicode>
                </TextEquiv>
            </TextLine>
            <TextLine id="r1l15" custom="readingOrder {index:14;} place {offset:93; length:7;}">
                <Coords points="405,1446 582,1444 759,1442 936,1441 1114,1439 1291,1438 1468,1436 1646,1435 1823,1433 2000,1432 2178,1430 2355,1429 2532,1428 2709,1427 2887,1426 3064,1425 3241,1424 3419,1423 3596,1422 3773,1421 3951,1421 3951,1369 3773,1369 3596,1370 3419,1371 3241,1372 3064,1373 2887,1374 2709,1375 2532,1376 2355,1377 2178,1378 2000,1380 1823,1381 1646,1383 1468,1384 1291,1386 1114,1387 936,1389 759,1390 582,1392 405,1394"/>
                <Baseline points="405,1429 582,1427 759,1425 936,1424 1114,1422 1291,1421 1468,1419 1646,1418 1823,1416 2000,1415 2178,1413 2355,1412 2532,1411 2709,1410 2887,1409 3064,1408 3241,1407 3419,1406 3596,1405 3773,1404 3951,1404"/>
                <TextEquiv>
                    <Unicode>und ze rechte ze tun pflichtig sein, also und wir der stymmen und der kur, di eyn herezog ze Sachsen hat an der wal eyns Romischen kunges von or-</Unicode>
                </TextEquiv>
            </TextLine>
            <TextLine id="r1l16" custom="readingOrder {index:15;} person {offset:97; length:30;} place {offset:120; length:7;}">
                <Coords points="404,1522 584,1518 765,1515 946,1512 1126,1510 1307,1508 1488,1507 1668,1506 1849,1505 2030,1504 2211,1503 2391,1503 2572,1502 2753,1501 2933,1500 3114,1499 3295,1497 3475,1495 3656,1492 3837,1489 4018,1485 4018,1433 3837,1437 3656,1440 3475,1443 3295,1445 3114,1447 2933,1448 2753,1449 2572,1450 2391,1451 2211,1451 2030,1452 1849,1453 1668,1454 1488,1455 1307,1456 1126,1458 946,1460 765,1463 584,1466 404,1470"/>
                <Baseline points="404,1505 584,1501 765,1498 946,1495 1126,1493 1307,1491 1488,1490 1668,1489 1849,1488 2030,1487 2211,1486 2391,1486 2572,1485 2753,1484 2933,1483 3114,1482 3295,1480 3475,1478 3656,1475 3837,1472 4018,1468"/>
                <TextEquiv>
                    <Unicode>dinlichen und rechtem anevalle, wartende sein noch tode des hochgebornen fursten und herren hern Rudolphs, herczogen ze Sachsen, unsirs lieben vetter </Unicode>
                </TextEquiv>
            </TextLine>
            <TextLine id="r1l17" custom="readingOrder {index:16;}">
                <Coords points="420,1596 590,1591 760,1587 931,1584 1101,1581 1271,1580 1442,1578 1612,1578 1782,1577 1953,1577 2123,1577 2293,1576 2464,1576 2634,1576 2804,1575 2975,1574 3145,1573 3315,1571 3486,1569 3656,1566 3827,1561 3827,1512 3656,1517 3486,1520 3315,1522 3145,1524 2975,1525 2804,1526 2634,1527 2464,1527 2293,1527 2123,1528 1953,1528 1782,1528 1612,1529 1442,1529 1271,1531 1101,1532 931,1535 760,1538 590,1542 420,1547"/>
                <Baseline points="420,1580 590,1575 760,1571 931,1568 1101,1565 1271,1564 1442,1562 1612,1562 1782,1561 1953,1561 2123,1561 2293,1560 2464,1560 2634,1560 2804,1559 2975,1558 3145,1557 3315,1555 3486,1553 3656,1550 3827,1545"/>
                <TextEquiv>
                    <Unicode>des vorgenanten, den Got geruche ze behuten und bynamen geloben wir mit den vorgenanten kurfursten und andern fursten, graven, herren und steten </Unicode>
                </TextEquiv>
            </TextLine>
            <TextLine id="r1l18" custom="readingOrder {index:17;} person {offset:54; length:14;}">
                <Coords points="414,1663 587,1658 761,1655 935,1652 1109,1649 1283,1648 1457,1647 1630,1646 1804,1646 1978,1646 2152,1646 2326,1646 2500,1646 2674,1646 2847,1646 3021,1645 3195,1644 3369,1642 3543,1639 3717,1636 3891,1631 3891,1582 3717,1587 3543,1590 3369,1593 3195,1595 3021,1596 2847,1597 2674,1597 2500,1597 2326,1597 2152,1597 1978,1597 1804,1597 1630,1597 1457,1598 1283,1599 1109,1600 935,1603 761,1606 587,1609 414,1614"/>
                <Baseline points="414,1647 587,1642 761,1639 935,1636 1109,1633 1283,1632 1457,1631 1630,1630 1804,1630 1978,1630 2152,1630 2326,1630 2500,1630 2674,1630 2847,1630 3021,1629 3195,1628 3369,1626 3543,1623 3717,1620 3891,1615"/>
                <TextEquiv>
                    <Unicode>als vorgeschriben stet, das wir weder den vorgenanten graven Gunther, noch nymand andirs, wi er genant sei, er sei geboren odir wurde geboren </Unicode>
                </TextEquiv>
            </TextLine>
            <TextLine id="r1l19" custom="readingOrder {index:18;}">
                <Coords points="409,1733 588,1730 767,1728 946,1726 1126,1723 1305,1722 1484,1720 1664,1718 1843,1716 2022,1715 2202,1714 2381,1712 2560,1711 2739,1710 2919,1709 3098,1708 3277,1707 3457,1705 3636,1704 3815,1703 3995,1701 3995,1653 3815,1655 3636,1656 3457,1657 3277,1659 3098,1660 2919,1661 2739,1662 2560,1663 2381,1664 2202,1666 2022,1667 1843,1668 1664,1670 1484,1672 1305,1674 1126,1675 946,1678 767,1680 588,1682 409,1685"/>
                <Baseline points="409,1717 588,1714 767,1712 946,1710 1126,1707 1305,1706 1484,1704 1664,1702 1843,1700 2022,1699 2202,1698 2381,1696 2560,1695 2739,1694 2919,1693 3098,1692 3277,1691 3457,1689 3636,1688 3815,1687 3995,1685"/>
                <TextEquiv>
                    <Unicode>bei unsirs vorgenanten herren leben und widir in der sich des reichs angenomen hat odir annymet ouf gerukt ist odir ouf gerukt wirt </Unicode>
                </TextEquiv>
            </TextLine>
            <TextLine id="r1l20" custom="readingOrder {index:19;}">
                <Coords points="463,1794 639,1793 816,1792 993,1791 1170,1790 1347,1789 1524,1788 1700,1786 1877,1785 2054,1784 2231,1782 2408,1780 2585,1779 2762,1777 2938,1776 3115,1774 3292,1773 3469,1771 3646,1769 3823,1768 4000,1766 4000,1718 3823,1720 3646,1721 3469,1723 3292,1725 3115,1726 2938,1728 2762,1729 2585,1731 2408,1732 2231,1734 2054,1736 1877,1737 1700,1738 1524,1740 1347,1741 1170,1742 993,1743 816,1744 639,1745 463,1746"/>
                <Baseline points="463,1778 639,1777 816,1776 993,1775 1170,1774 1347,1773 1524,1772 1700,1770 1877,1769 2054,1768 2231,1766 2408,1764 2585,1763 2762,1761 2938,1760 3115,1758 3292,1757 3469,1755 3646,1753 3823,1752 4000,1750"/>
                <TextEquiv>
                    <Unicode>unsir vorgenante herre, sei lebende odir tod, odir wi er sust von dem reiche hezze des Got nicht enwelle eynen Romischen kung halden wellen </Unicode>
                </TextEquiv>
            </TextLine>
            <TextLine id="r1l21" custom="readingOrder {index:20;}">
                <Coords points="397,1861 575,1861 754,1860 933,1860 1111,1859 1290,1858 1469,1857 1647,1856 1826,1854 2005,1853 2184,1852 2362,1850 2541,1849 2720,1847 2898,1845 3077,1844 3256,1842 3434,1840 3613,1838 3792,1837 3971,1835 3971,1787 3792,1789 3613,1790 3434,1792 3256,1794 3077,1796 2898,1797 2720,1799 2541,1801 2362,1802 2184,1804 2005,1805 1826,1806 1647,1808 1469,1809 1290,1810 1111,1811 933,1812 754,1812 575,1813 397,1813"/>
                <Baseline points="397,1845 575,1845 754,1844 933,1844 1111,1843 1290,1842 1469,1841 1647,1840 1826,1838 2005,1837 2184,1836 2362,1834 2541,1833 2720,1831 2898,1829 3077,1828 3256,1826 3434,1824 3613,1822 3792,1821 3971,1819"/>
                <TextEquiv>
                    <Unicode>noch sullen, noch in zu dem reich newnis kiesen odir unsir kur an in wenden, ob es ze schulden kumpt ouch geloben wir, wer das ymand ey¬</Unicode>
                </TextEquiv>
            </TextLine>
            <TextLine id="r1l22" custom="readingOrder {index:21;} person {offset:40; length:14;}">
                <Coords points="413,1932 590,1931 767,1929 944,1928 1121,1927 1298,1925 1475,1924 1653,1922 1830,1921 2007,1920 2184,1918 2361,1917 2538,1916 2715,1915 2893,1914 3070,1913 3247,1912 3424,1911 3601,1911 3778,1911 3956,1910 3956,1862 3778,1863 3601,1863 3424,1863 3247,1864 3070,1865 2893,1866 2715,1867 2538,1868 2361,1869 2184,1870 2007,1872 1830,1873 1653,1874 1475,1876 1298,1877 1121,1879 944,1880 767,1881 590,1883 413,1884"/>
                <Baseline points="413,1916 590,1915 767,1913 944,1912 1121,1911 1298,1909 1475,1908 1653,1906 1830,1905 2007,1904 2184,1902 2361,1901 2538,1900 2715,1899 2893,1898 3070,1897 3247,1896 3424,1895 3601,1895 3778,1895 3956,1894"/>
                <TextEquiv>
                    <Unicode>ner odir mer wenn eyner dem vorgenanten graven Gunther odir eynem andirn, der zu kunge ouf gerukket wurde behulfen weren </Unicode>
                </TextEquiv>
            </TextLine>
            <TextLine id="r1l23" custom="readingOrder {index:22;}">
                <Coords points="413,2009 589,2007 766,2004 943,2002 1120,2001 1297,1999 1473,1998 1650,1997 1827,1996 2004,1995 2181,1995 2357,1994 2534,1993 2711,1993 2888,1992 3065,1991 3241,1990 3418,1989 3595,1988 3772,1987 3949,1986 3949,1935 3772,1936 3595,1937 3418,1938 3241,1939 3065,1940 2888,1941 2711,1942 2534,1942 2357,1943 2181,1944 2004,1944 1827,1945 1650,1946 1473,1947 1297,1948 1120,1950 943,1951 766,1953 589,1956 413,1958"/>
                <Baseline points="413,1992 589,1990 766,1987 943,1985 1120,1984 1297,1982 1473,1981 1650,1980 1827,1979 2004,1978 2181,1978 2357,1977 2534,1976 2711,1976 2888,1975 3065,1974 3241,1973 3418,1972 3595,1971 3772,1970 3949,1969"/>
                <TextEquiv>
                    <Unicode>und in eynen kung halden, und im helfen welden, das wir des und derselben offembar vynde sein wellen, und uns mit denselben nymmer </Unicode>
                </TextEquiv>
            </TextLine>
            <TextLine id="r1l24" custom="readingOrder {index:23;}">
                <Coords points="417,2078 594,2078 771,2077 949,2077 1126,2076 1304,2076 1481,2076 1658,2076 1836,2076 2013,2075 2191,2075 2368,2075 2545,2075 2723,2075 2900,2075 3078,2075 3255,2075 3432,2075 3610,2074 3787,2074 3965,2074 3965,2023 3787,2023 3610,2023 3432,2024 3255,2024 3078,2024 2900,2024 2723,2024 2545,2024 2368,2024 2191,2024 2013,2024 1836,2025 1658,2025 1481,2025 1304,2025 1126,2025 949,2026 771,2026 594,2027 417,2027"/>
                <Baseline points="417,2061 594,2061 771,2060 949,2060 1126,2059 1304,2059 1481,2059 1658,2059 1836,2059 2013,2058 2191,2058 2368,2058 2545,2058 2723,2058 2900,2058 3078,2058 3255,2058 3432,2058 3610,2057 3787,2057 3965,2057"/>
                <TextEquiv>
                    <Unicode>verrichten noch sunen, es sei denne, das si den selben oufgerukkten kung allirsachen begeben und bei uns geloben vesticlich ze bleiben, dornoch geloben </Unicode>
                </TextEquiv>
            </TextLine>
            <TextLine id="r1l25" custom="readingOrder {index:24;}">
                <Coords points="427,2154 603,2154 779,2153 956,2153 1132,2153 1309,2153 1485,2153 1661,2153 1838,2153 2014,2153 2191,2153 2367,2153 2543,2153 2720,2153 2896,2153 3073,2153 3249,2152 3425,2152 3602,2151 3778,2150 3955,2149 3955,2097 3778,2098 3602,2099 3425,2100 3249,2100 3073,2101 2896,2101 2720,2101 2543,2101 2367,2101 2191,2101 2014,2101 1838,2101 1661,2101 1485,2101 1309,2101 1132,2101 956,2101 779,2101 603,2102 427,2102"/>
                <Baseline points="427,2137 603,2137 779,2136 956,2136 1132,2136 1309,2136 1485,2136 1661,2136 1838,2136 2014,2136 2191,2136 2367,2136 2543,2136 2720,2136 2896,2136 3073,2136 3249,2135 3425,2135 3602,2134 3778,2133 3955,2132"/>
                <TextEquiv>
                    <Unicode>wir mit guten trewen an eydes stat, als vorgeschriben stet, das wir in dise verbuntnuzz eyde und gelubde bringen und nemen, wellen alle </Unicode>
                </TextEquiv>
            </TextLine>
            <TextLine id="r1l26" custom="readingOrder {index:25;}">
                <Coords points="426,2229 603,2227 780,2226 957,2225 1135,2225 1312,2224 1489,2224 1667,2224 1844,2223 2021,2224 2199,2224 2376,2224 2553,2225 2730,2226 2908,2226 3085,2227 3262,2229 3440,2230 3617,2232 3794,2233 3972,2235 3972,2184 3794,2182 3617,2181 3440,2179 3262,2178 3085,2176 2908,2175 2730,2175 2553,2174 2376,2173 2199,2173 2021,2173 1844,2172 1667,2173 1489,2173 1312,2173 1135,2174 957,2174 780,2175 603,2176 426,2178"/>
                <Baseline points="426,2212 603,2210 780,2209 957,2208 1135,2208 1312,2207 1489,2207 1667,2207 1844,2206 2021,2207 2199,2207 2376,2207 2553,2208 2730,2209 2908,2209 3085,2210 3262,2212 3440,2213 3617,2215 3794,2216 3972,2218"/>
                <TextEquiv>
                    <Unicode>di fursten, bischove stifte, capitel, graven, herren, vreyen, dynstmann, stete und andir leute, so wir allirmeist mugen, di alle dise vorge¬</Unicode>
                </TextEquiv>
            </TextLine>
            <TextLine id="r1l27" custom="readingOrder {index:26;}">
                <Coords points="432,2300 608,2299 785,2299 961,2299 1138,2300 1315,2300 1491,2301 1668,2302 1844,2303 2021,2304 2198,2305 2374,2307 2551,2308 2727,2310 2904,2311 3081,2313 3257,2315 3434,2316 3610,2318 3787,2320 3964,2321 3964,2269 3787,2268 3610,2266 3434,2264 3257,2263 3081,2261 2904,2259 2727,2258 2551,2256 2374,2255 2198,2253 2021,2252 1844,2251 1668,2250 1491,2249 1315,2248 1138,2248 961,2247 785,2247 608,2247 432,2248"/>
                <Baseline points="432,2283 608,2282 785,2282 961,2282 1138,2283 1315,2283 1491,2284 1668,2285 1844,2286 2021,2287 2198,2288 2374,2290 2551,2291 2727,2293 2904,2294 3081,2296 3257,2298 3434,2299 3610,2301 3787,2303 3964,2304"/>
                <TextEquiv>
                    <Unicode>nanten stukke sweren, sicheren und geloben sullen, gancz stete und unczubrochen ze behalden und dorumb ze geben ir sundirlichen </Unicode>
                </TextEquiv>
            </TextLine>
            <TextLine id="r1l28" custom="readingOrder {index:27;} place {offset:73; length:7;}">
                <Coords points="437,2391 613,2389 789,2388 965,2388 1142,2387 1318,2388 1494,2388 1670,2389 1847,2390 2023,2391 2199,2392 2375,2394 2552,2396 2728,2397 2904,2399 3080,2401 3257,2403 3433,2404 3609,2406 3785,2408 3962,2409 3962,2351 3785,2350 3609,2348 3433,2346 3257,2345 3080,2343 2904,2341 2728,2339 2552,2338 2375,2336 2199,2334 2023,2333 1847,2332 1670,2331 1494,2330 1318,2330 1142,2329 965,2330 789,2330 613,2331 437,2333"/>
                <Baseline points="437,2372 613,2370 789,2369 965,2369 1142,2368 1318,2369 1494,2369 1670,2370 1847,2371 2023,2372 2199,2373 2375,2375 2552,2377 2728,2378 2904,2380 3080,2382 3257,2384 3433,2385 3609,2387 3785,2389 3962,2390"/>
                <TextEquiv>
                    <Unicode>briefe ouch geloben, wir fur uns, unsir erben und nochkomen herczogen ze Sachsen mit guten trewen an eydes stat, das wir alle </Unicode>
                </TextEquiv>
            </TextLine>
            <TextLine id="r1l29" custom="readingOrder {index:28;}">
                <Coords points="423,2472 599,2472 776,2472 952,2472 1129,2472 1305,2473 1482,2473 1658,2474 1835,2475 2011,2476 2188,2478 2365,2479 2541,2480 2718,2482 2894,2483 3071,2484 3247,2486 3424,2487 3600,2488 3777,2489 3954,2489 3954,2431 3777,2431 3600,2430 3424,2429 3247,2428 3071,2426 2894,2425 2718,2424 2541,2422 2365,2421 2188,2420 2011,2418 1835,2417 1658,2416 1482,2415 1305,2415 1129,2414 952,2414 776,2414 599,2414 423,2414"/>
                <Baseline points="423,2453 599,2453 776,2453 952,2453 1129,2453 1305,2454 1482,2454 1658,2455 1835,2456 2011,2457 2188,2459 2365,2460 2541,2461 2718,2463 2894,2464 3071,2465 3247,2467 3424,2468 3600,2469 3777,2470 3954,2470"/>
                <TextEquiv>
                    <Unicode>di vorgenanten stukke in allir meynung als vorgeschriben stet gancz und unverrukket haben und halden wellen, und do wi-</Unicode>
                </TextEquiv>
            </TextLine>
            <TextLine id="r1l30" custom="readingOrder {index:29;}">
                <Coords points="430,2563 606,2562 783,2562 959,2562 1136,2563 1312,2564 1489,2566 1665,2567 1842,2569 2018,2571 2195,2573 2371,2575 2548,2576 2724,2578 2901,2579 3077,2580 3254,2581 3430,2582 3607,2581 3783,2581 3960,2580 3960,2522 3783,2523 3607,2523 3430,2524 3254,2523 3077,2522 2901,2521 2724,2520 2548,2518 2371,2517 2195,2515 2018,2513 1842,2511 1665,2509 1489,2508 1312,2506 1136,2505 959,2504 783,2504 606,2504 430,2505"/>
                <Baseline points="430,2544 606,2543 783,2543 959,2543 1136,2544 1312,2545 1489,2547 1665,2548 1842,2550 2018,2552 2195,2554 2371,2556 2548,2557 2724,2559 2901,2560 3077,2561 3254,2562 3430,2563 3607,2562 3783,2562 3960,2561"/>
                <TextEquiv>
                    <Unicode>dir nicht ze tun, noch do widir ze komen heymelichen odir offembar in dheynenweis. Mit urchund dicz briefs, der versigilt </Unicode>
                </TextEquiv>
            </TextLine>
            <TextLine id="r1l31" custom="readingOrder {index:30;} person {offset:32; length:42;} place {offset:67; length:7;} person {offset:94; length:12;}">
                <Coords points="445,2649 623,2649 801,2650 979,2651 1158,2652 1336,2654 1514,2656 1692,2658 1871,2661 2049,2664 2227,2667 2405,2669 2584,2672 2762,2674 2940,2677 3118,2678 3297,2680 3475,2681 3653,2681 3831,2681 4010,2681 4010,2623 3831,2623 3653,2623 3475,2623 3297,2622 3118,2620 2940,2619 2762,2616 2584,2614 2405,2611 2227,2609 2049,2606 1871,2603 1692,2600 1514,2598 1336,2596 1158,2594 979,2593 801,2592 623,2591 445,2591"/>
                <Baseline points="445,2630 623,2630 801,2631 979,2632 1158,2633 1336,2635 1514,2637 1692,2639 1871,2642 2049,2645 2227,2648 2405,2650 2584,2653 2762,2655 2940,2658 3118,2659 3297,2661 3475,2662 3653,2662 3831,2662 4010,2662"/>
                <TextEquiv>
                    <Unicode>ist mit unsirm, des vorgenanten Rudolphs des Jungern, herczogen ze Sachsen, ingesigil und wir herczog Otte der egenante, </Unicode>
                </TextEquiv>
            </TextLine>
            <TextLine id="r1l32" custom="readingOrder {index:31;}">
                <Coords points="440,2727 616,2730 792,2733 968,2736 1144,2740 1320,2743 1496,2747 1672,2750 1848,2754 2024,2757 2200,2761 2376,2764 2552,2767 2728,2770 2904,2772 3080,2775 3256,2776 3432,2778 3608,2778 3784,2779 3960,2778 3960,2720 3784,2721 3608,2720 3432,2720 3256,2718 3080,2717 2904,2714 2728,2712 2552,2709 2376,2706 2200,2703 2024,2699 1848,2696 1672,2692 1496,2689 1320,2685 1144,2682 968,2678 792,2675 616,2672 440,2669"/>
                <Baseline points="440,2708 616,2711 792,2714 968,2717 1144,2721 1320,2724 1496,2728 1672,2731 1848,2735 2024,2738 2200,2742 2376,2745 2552,2748 2728,2751 2904,2753 3080,2756 3256,2757 3432,2759 3608,2759 3784,2760 3960,2759"/>
                <TextEquiv>
                    <Unicode>wann wir eygens ingesigils ze disem mal nicht enhaben, so veriehe wir alle dise vorgenante rede undir dem inge¬</Unicode>
                </TextEquiv>
            </TextLine>
            <TextLine id="r1l33" custom="readingOrder {index:32;} person {offset:6; length:18;} place {offset:67; length:16;} date {offset:85; length:29; continued:true;year:0; day:0; month:0;}">
                <Coords points="450,2821 625,2825 800,2829 975,2832 1150,2836 1325,2839 1500,2842 1675,2845 1850,2848 2025,2851 2201,2854 2376,2857 2551,2859 2726,2862 2901,2864 3076,2866 3251,2868 3426,2870 3601,2871 3776,2872 3952,2874 3952,2816 3776,2814 3601,2813 3426,2812 3251,2810 3076,2808 2901,2806 2726,2804 2551,2801 2376,2799 2201,2796 2025,2793 1850,2790 1675,2787 1500,2784 1325,2781 1150,2778 975,2774 800,2771 625,2767 450,2763"/>
                <Baseline points="450,2802 625,2806 800,2810 975,2813 1150,2817 1325,2820 1500,2823 1675,2826 1850,2829 2025,2832 2201,2835 2376,2838 2551,2840 2726,2843 2901,2845 3076,2847 3251,2849 3426,2851 3601,2852 3776,2853 3952,2855"/>
                <TextEquiv>
                    <Unicode>sigil herczogen Rudolphs, unsirs brudirs des vorgenanten. Geben ze Coln an dem Reyn, do man czalte noch Cristus ge¬</Unicode>
                </TextEquiv>
            </TextLine>
            <TextLine id="r1l34" custom="readingOrder {index:33;} date {offset:0; length:95; continued:true;year:0; day:0; month:0;}">
                <Coords points="452,2927 612,2931 773,2934 934,2938 1095,2940 1256,2942 1417,2944 1578,2946 1739,2947 1900,2948 2061,2950 2221,2951 2382,2952 2543,2953 2704,2955 2865,2956 3026,2959 3187,2961 3348,2964 3509,2967 3670,2971 3670,2913 3509,2909 3348,2906 3187,2903 3026,2901 2865,2898 2704,2897 2543,2895 2382,2894 2221,2893 2061,2892 1900,2890 1739,2889 1578,2888 1417,2886 1256,2884 1095,2882 934,2880 773,2876 612,2873 452,2869"/>
                <Baseline points="452,2908 612,2912 773,2915 934,2919 1095,2921 1256,2923 1417,2925 1578,2927 1739,2928 1900,2929 2061,2931 2221,2932 2382,2933 2543,2934 2704,2936 2865,2937 3026,2940 3187,2942 3348,2945 3509,2948 3670,2952"/>
                <TextEquiv>
                    <Unicode>burth drewczenhundirt und newn und fierczig jar an dem nehisten dinstag noch sand Valentyns tag.</Unicode>
                </TextEquiv>
            </TextLine>
            <TextEquiv>
                <Unicode>Wir Rudolph der Junger und Otte von Gots gnaden herczogen ze Sachsen veriehen und tun kunt offenlich mit disem brief allen den, di in sehen, horen odir lesen, wenn &#xD;
der allirdurchleuchtigster furste und unsir genediger herre her KarI, Romischer kung, ze allen zeiten merer des reichs und kung ze Beheim, von den erwirdigen &#xD;
fursten und herren hern Baldewin, erczbischof ze Trier, her Gerlach, erczbischof ze Gencz, hern Walram, erczbisehof ze Coln, und den hochgebornen fursten hern Jo¬&#xD;
hansen seliger gedechtnuzz, ettwenn kunge ze Beheim, hern Rudolphe, herczogen ze Sachsen, unserm lieben herren und vater und hern Woldmar, marggraven ze Brandemburch &#xD;
und ze Landsperg, unserm lieben oheim, ze Romischem kunge recht und redlich und eynmuticlichen irwelt und irkoren ist, dorumb verbinden wir uns, unsir erben &#xD;
und nochkomen herczogen ze Sachsen mit dem vorgenanten unserm herren dem Romischen kunge und kunge ze Beheim, als mit eynem kunge ze Beheim und des &#xD;
reichs kurfursten, seinen erben und nochkomen an der selben kur, kungen ze Beheim, und mit den vorgenanten erwirdigen kurfursten und herren, geistlichen &#xD;
und werltlichen, und mit allen andern fursten, graven, vreyen herren und steten, di dem vorgenanten unserm herren, dem Romischen kunge gehorsam und &#xD;
undirtenyg sein, und di in dem selben verbuntnuzz sten und bleiben wellen und geloben mit guten trewen on geverd an eydes stat, das wir mit den vor¬&#xD;
genanten fursten und si mit uns, dem vorgenanten unserm herren dem Romischen kunge und unsir yttlicher dem andern umb des vorgenanten Romischen reichs &#xD;
und unsir kurfurstlichen recht, ere und wirde ze beherten und ze behalden, beholfen und beraten sein wollen, mit leib und mit gut und mit allir &#xD;
macht widir allirmenngleich und sundirlichen, widir graven Guntheren von Swarczburch, der sieh des reichs vrevellichen, und ze unrecht widir &#xD;
unsirn herren den vorgenanten und widir den stul ze Rome, widir unsir und des reichs recht angenomen hat und annymet, und widir alle&#xD;
sein helfer und gunner, di er hat odir noch gewinnen mag unsir herre her KarI, der Romische kung, sei lebende odir tod, wann wir des billich &#xD;
und ze rechte ze tun pflichtig sein, also und wir der stymmen und der kur, di eyn herezog ze Sachsen hat an der wal eyns Romischen kunges von or-&#xD;
dinlichen und rechtem anevalle, wartende sein noch tode des hochgebornen fursten und herren hern Rudolphs, herczogen ze Sachsen, unsirs lieben vetter &#xD;
des vorgenanten, den Got geruche ze behuten und bynamen geloben wir mit den vorgenanten kurfursten und andern fursten, graven, herren und steten &#xD;
als vorgeschriben stet, das wir weder den vorgenanten graven Gunther, noch nymand andirs, wi er genant sei, er sei geboren odir wurde geboren &#xD;
bei unsirs vorgenanten herren leben und widir in der sich des reichs angenomen hat odir annymet ouf gerukt ist odir ouf gerukt wirt &#xD;
unsir vorgenante herre, sei lebende odir tod, odir wi er sust von dem reiche hezze des Got nicht enwelle eynen Romischen kung halden wellen &#xD;
noch sullen, noch in zu dem reich newnis kiesen odir unsir kur an in wenden, ob es ze schulden kumpt ouch geloben wir, wer das ymand ey¬&#xD;
ner odir mer wenn eyner dem vorgenanten graven Gunther odir eynem andirn, der zu kunge ouf gerukket wurde behulfen weren &#xD;
und in eynen kung halden, und im helfen welden, das wir des und derselben offembar vynde sein wellen, und uns mit denselben nymmer &#xD;
verrichten noch sunen, es sei denne, das si den selben oufgerukkten kung allirsachen begeben und bei uns geloben vesticlich ze bleiben, dornoch geloben &#xD;
wir mit guten trewen an eydes stat, als vorgeschriben stet, das wir in dise verbuntnuzz eyde und gelubde bringen und nemen, wellen alle &#xD;
di fursten, bischove stifte, capitel, graven, herren, vreyen, dynstmann, stete und andir leute, so wir allirmeist mugen, di alle dise vorge¬&#xD;
nanten stukke sweren, sicheren und geloben sullen, gancz stete und unczubrochen ze behalden und dorumb ze geben ir sundirlichen &#xD;
briefe ouch geloben, wir fur uns, unsir erben und nochkomen herczogen ze Sachsen mit guten trewen an eydes stat, das wir alle &#xD;
di vorgenanten stukke in allir meynung als vorgeschriben stet gancz und unverrukket haben und halden wellen, und do wi-&#xD;
dir nicht ze tun, noch do widir ze komen heymelichen odir offembar in dheynenweis. Mit urchund dicz briefs, der versigilt &#xD;
ist mit unsirm, des vorgenanten Rudolphs des Jungern, herczogen ze Sachsen, ingesigil und wir herczog Otte der egenante, &#xD;
wann wir eygens ingesigils ze disem mal nicht enhaben, so veriehe wir alle dise vorgenante rede undir dem inge¬&#xD;
sigil herczogen Rudolphs, unsirs brudirs des vorgenanten. Geben ze Coln an dem Reyn, do man czalte noch Cristus ge¬&#xD;
burth drewczenhundirt und newn und fierczig jar an dem nehisten dinstag noch sand Valentyns tag.</Unicode>
            </TextEquiv>
        </TextRegion>
        <TextRegion id="region_1563972456459_32" custom="readingOrder {index:1;}">
            <Coords points="3950,3447 3574,3447 3574,3260 3950,3260"/>
            <TextLine id="line_1563972464829_35" custom="readingOrder {index:0;}">
                <Coords points="3651,3389 3912,3396 3898,3298 3647,3298"/>
                <TextEquiv>
                    <Unicode>domino regi</Unicode>
                </TextEquiv>
            </TextLine>
            <TextEquiv>
                <Unicode>domino regi</Unicode>
            </TextEquiv>
        </TextRegion>
    </Page>
</PcGts>
