<?xml version="1.0" encoding="UTF-8" standalone="yes"?>
<PcGts xmlns="http://schema.primaresearch.org/PAGE/gts/pagecontent/2013-07-15" xmlns:xsi="http://www.w3.org/2001/XMLSchema-instance" xsi:schemaLocation="http://schema.primaresearch.org/PAGE/gts/pagecontent/2013-07-15 http://schema.primaresearch.org/PAGE/gts/pagecontent/2013-07-15/pagecontent.xsd">
    <Metadata>
        <Creator>prov=University of Rostock/Institute of Mathematics/CITlab/Tobias Gruening/tobias.gruening@uni-rostock.de:name=/net_tf/LA73_249_0mod360.pb:de.uros.citlab.segmentation.CITlab_LA_ML:v=2.4.2
TRP</Creator>
        <Created>2019-08-29T13:46:24.636+02:00</Created>
        <LastChange>2019-11-26T13:24:30.305+01:00</LastChange>
        <TranskribusMetadata docId="202317" pageId="8467348" pageNr="1" tsid="19870682" status="IN_PROGRESS" userId="48350" imgUrl="https://files.transkribus.eu/Get?id=DYKNZURQEVXKABHJDWNHGSQC&amp;fileType=view" xmlUrl="https://files.transkribus.eu/Get?id=PFWXLUSGQALMGICYOWMGVJEO" imageId="5351682"/>
    </Metadata>
    <Page imageFilename="NA-AZK-Plasy_1192-119306~11920699_586_r.jpg" imageWidth="3000" imageHeight="2438">
        <ReadingOrder>
            <OrderedGroup id="ro_1575392204769" caption="Regions reading order">
                <RegionRefIndexed index="0" regionRef="r1"/>
            </OrderedGroup>
        </ReadingOrder>
        <TextRegion orientation="0.0" id="r1" custom="readingOrder {index:0;}">
            <Coords points="311,276 312,1357 2204,1357 2203,295"/>
            <TextLine id="r1l1" custom="readingOrder {index:0;} person {offset:69; length:9;} person {offset:103; length:4; continued:true;}">
                <Coords points="324,382 416,386 508,389 600,392 693,395 785,397 877,399 969,401 1062,403 1154,405 1246,406 1338,408 1431,410 1523,411 1615,413 1707,415 1800,418 1892,420 1984,423 2076,426 2169,429 2169,372 2076,369 1987,316 1894,325 1807,320 1717,312 1639,302 1533,297 1442,293 1355,318 1251,308 1157,308 1075,293 996,289 892,287 799,285 705,287 612,284 523,285 428,287 328,284"/>
                <Baseline points="324,363 416,367 508,370 600,373 693,376 785,378 877,380 969,382 1062,384 1154,386 1246,387 1338,389 1431,391 1523,392 1615,394 1707,396 1800,399 1892,401 1984,404 2076,407 2169,410"/>
                <TextEquiv>
                    <Unicode>+ Universis tam presentibus quam posteris nostris significamus, quod Dietlebus hereditatem fratris sui Gum¬</Unicode>
                </TextEquiv>
            </TextLine>
            <TextLine id="r1l2" custom="readingOrder {index:1;} person {offset:0; length:5; continued:true;}">
                <Coords points="333,481 424,482 516,484 607,486 699,488 790,490 882,493 973,495 1065,498 1156,501 1248,504 1339,507 1431,510 1522,513 1614,517 1705,520 1797,524 1888,528 1980,532 2071,536 2163,540 2163,483 2071,479 1980,475 1888,471 1797,467 1705,463 1614,460 1522,456 1431,453 1339,450 1248,447 1156,444 1065,441 973,438 882,436 790,433 699,431 607,429 516,427 424,425 333,424"/>
                <Baseline points="333,462 424,463 516,465 607,467 699,469 790,471 882,474 973,476 1065,479 1156,482 1248,485 1339,488 1431,491 1522,494 1614,498 1705,501 1797,505 1888,509 1980,513 2071,517 2163,521"/>
                <TextEquiv>
                    <Unicode>boldi nobis pro remedio anime sue collatam potestative abstulit. De hoc vero malo resipiscens,</Unicode>
                </TextEquiv>
            </TextLine>
            <TextLine id="r1l3" custom="readingOrder {index:2;}">
                <Coords points="328,578 424,581 521,585 618,588 715,591 811,594 908,597 1005,600 1102,603 1199,607 1295,610 1392,613 1489,616 1586,620 1683,623 1779,627 1876,631 1973,635 2070,639 2167,643 2167,586 2070,582 1973,578 1876,574 1779,570 1683,566 1586,563 1489,559 1392,556 1295,553 1199,550 1102,546 1005,543 908,540 811,537 715,534 618,531 521,528 424,524 328,521"/>
                <Baseline points="328,559 424,562 521,566 618,569 715,572 811,575 908,578 1005,581 1102,584 1199,588 1295,591 1392,594 1489,597 1586,601 1683,604 1779,608 1876,612 1973,616 2070,620 2167,624"/>
                <TextEquiv>
                    <Unicode>quasi concambium faciendo, pro hac hereditate alias tres villas tam pro anima sua quam fratris</Unicode>
                </TextEquiv>
            </TextLine>
            <TextLine id="r1l4" custom="readingOrder {index:3;} person {offset:12; length:9;} place {offset:47; length:4;} place {offset:86; length:9;}">
                <Coords points="312,676 406,679 501,683 595,686 690,689 785,692 879,695 974,698 1068,701 1163,705 1258,708 1352,712 1447,715 1541,719 1636,723 1731,726 1825,730 1920,734 2014,738 2109,743 2204,747 2204,714 2109,710 2014,705 1920,701 1825,697 1731,693 1636,690 1541,686 1447,682 1352,679 1258,675 1163,672 1068,668 974,665 879,662 785,659 690,656 595,653 501,650 406,646 312,643"/>
                <Baseline points="312,665 406,668 501,672 595,675 690,678 785,681 879,684 974,687 1068,690 1163,694 1258,697 1352,701 1447,704 1541,708 1636,712 1731,715 1825,719 1920,723 2014,727 2109,732 2204,736"/>
                <TextEquiv>
                    <Unicode>prenominati Covmboldi ecclesie sancte Marie in Plaz contulit, quorum nomina sunt hec: Strasisce,</Unicode>
                </TextEquiv>
            </TextLine>
            <TextLine id="r1l6" custom="readingOrder {index:4;} place {offset:0; length:8;} place {offset:10; length:3;} place {offset:15; length:8;}">
                <Coords points="1365,769 1410,775 1438,776 1466,776 1493,775 1521,774 1549,773 1821,769 1818,734 1551,726 1528,720 1496,731 1471,737 1441,722 1408,726 1356,732"/>
                <Baseline points="1383,763 1410,765 1438,766 1466,766 1493,765 1521,764 1549,763 1813,763"/>
                <TextEquiv>
                    <Unicode>Dubrawiz, Bor, Mladatiz,</Unicode>
                </TextEquiv>
            </TextLine>
            <TextLine id="r1l7" custom="readingOrder {index:5;} place {offset:0; length:8;} place {offset:10; length:9;} person {offset:52; length:8;}">
                <Coords points="318,782 411,784 504,787 598,789 691,792 784,795 878,797 971,800 1064,802 1158,805 1251,808 1344,811 1438,814 1531,818 1624,821 1718,825 1811,829 1904,833 1998,837 2091,842 2185,847 2185,817 2091,812 1998,807 1904,803 1811,799 1718,795 1624,791 1531,788 1438,784 1344,781 1251,778 1158,775 1064,772 971,770 878,767 784,765 691,762 598,759 504,757 411,754 318,752"/>
                <Baseline points="318,772 411,774 504,777 598,779 691,782 784,785 878,787 971,790 1064,792 1158,795 1251,798 1344,801 1438,804 1531,808 1624,811 1718,815 1811,819 1904,823 1998,827 2091,832 2185,837"/>
                <TextEquiv>
                    <Unicode>Cedilice, Scernogat. Sed et alias villas patris sui Cumboldi pro remedio anime sue ecclesie eidem traditas</Unicode>
                </TextEquiv>
            </TextLine>
            <TextLine id="r1l8" custom="readingOrder {index:6;} person {offset:42; length:8;}">
                <Coords points="316,889 410,893 504,897 598,901 692,905 786,908 880,911 975,914 1069,917 1163,920 1257,924 1351,927 1445,930 1539,933 1634,937 1728,941 1822,945 1916,949 2010,953 2104,958 2199,963 2199,906 2104,901 2010,896 1916,892 1822,888 1728,884 1634,880 1539,876 1445,873 1351,870 1257,867 1163,863 1069,860 975,857 880,854 786,851 692,848 598,844 504,840 410,836 316,832"/>
                <Baseline points="316,870 410,874 504,878 598,882 692,886 786,889 880,892 975,895 1069,898 1163,901 1257,905 1351,908 1445,911 1539,914 1634,918 1728,922 1822,926 1916,930 2010,934 2104,939 2199,944"/>
                <TextEquiv>
                    <Unicode>nec non ad dimidiam araturam fratris eius Covnonis et molendinum in pace pro anima sua habere permisit.</Unicode>
                </TextEquiv>
            </TextLine>
            <TextLine id="r1l9" custom="readingOrder {index:7;} person {offset:26; length:21;} place {offset:39; length:8;} person {offset:49; length:14;} person {offset:65; length:7;} person {offset:80; length:4;} person {offset:86; length:8;}">
                <Coords points="328,1000 421,1002 514,1005 607,1007 701,1009 794,1011 887,1013 980,1015 1074,1017 1167,1019 1260,1021 1353,1023 1447,1026 1540,1028 1633,1031 1726,1034 1820,1038 1913,1042 2006,1046 2099,1050 2193,1056 2193,999 2099,993 2006,989 1913,985 1820,981 1726,977 1633,974 1540,971 1447,969 1353,966 1260,964 1167,962 1074,960 980,958 887,956 794,954 701,952 607,950 514,948 421,945 328,943"/>
                <Baseline points="328,981 421,983 514,986 607,988 701,990 794,992 887,994 980,996 1074,998 1167,1000 1260,1002 1353,1004 1447,1007 1540,1009 1633,1012 1726,1015 1820,1019 1913,1023 2006,1027 2099,1031 2193,1037"/>
                <TextEquiv>
                    <Unicode>Huius rei testes sunt hi: Primuzil dux Boemorum, Iohannes iudex, Lvtebor filius Smil, Troianus,</Unicode>
                </TextEquiv>
            </TextLine>
            <TextLine id="r1l10" custom="readingOrder {index:8;} person {offset:0; length:8;} person {offset:10; length:3;} person {offset:15; length:7;} person {offset:24; length:5;} person {offset:31; length:7;} person {offset:40; length:8;} person {offset:56; length:7;} person {offset:65; length:8;} person {offset:75; length:12; continued:true;}">
                <Coords points="320,1106 413,1108 506,1109 599,1111 693,1113 786,1115 879,1117 972,1119 1066,1121 1159,1124 1252,1126 1345,1129 1439,1132 1532,1135 1625,1139 1718,1142 1812,1146 1905,1149 1998,1153 2091,1157 2185,1161 2185,1104 2091,1100 1998,1096 1905,1092 1812,1089 1718,1085 1625,1082 1532,1078 1439,1075 1345,1072 1252,1069 1159,1067 1066,1064 972,1062 879,1060 786,1058 693,1056 599,1054 506,1052 413,1051 320,1049"/>
                <Baseline points="320,1087 413,1089 506,1090 599,1092 693,1094 786,1096 879,1098 972,1100 1066,1102 1159,1105 1252,1107 1345,1110 1439,1113 1532,1116 1625,1120 1718,1123 1812,1127 1905,1130 1998,1134 2091,1138 2185,1142"/>
                <TextEquiv>
                    <Unicode>Damganus, Bun, Norberc, Suest, Lvdewic, Cunradus filius Protiue, Lvtwinus, Rapoto nota¬</Unicode>
                </TextEquiv>
            </TextLine>
            <TextLine id="r1l11" custom="readingOrder {index:9;} person {offset:0; length:4; continued:true;} person {offset:6; length:21;} person {offset:29; length:5;} person {offset:36; length:7;} person {offset:45; length:7;} person {offset:54; length:7;} person {offset:63; length:8;} person {offset:79; length:9;}">
                <Coords points="320,1203 410,1207 500,1210 591,1214 681,1217 772,1221 862,1224 952,1227 1043,1231 1133,1234 1224,1238 1314,1241 1404,1245 1495,1248 1585,1251 1676,1255 1766,1258 1856,1262 1947,1266 2037,1270 2128,1274 2128,1217 2037,1213 1947,1209 1856,1205 1766,1201 1676,1198 1585,1194 1495,1191 1404,1188 1314,1184 1224,1181 1133,1177 1043,1174 952,1170 862,1167 772,1164 681,1160 591,1157 500,1153 410,1150 320,1146"/>
                <Baseline points="320,1184 410,1188 500,1191 591,1195 681,1198 772,1202 862,1205 952,1208 1043,1212 1133,1215 1224,1219 1314,1222 1404,1226 1495,1229 1585,1232 1676,1236 1766,1239 1856,1243 1947,1247 2037,1251 2128,1255"/>
                <TextEquiv>
                    <Unicode>rius, Adelbertus capellanus, Buche, Pridota, Bohedaz, Radozte, Cunradus filius Gothescal,</Unicode>
                </TextEquiv>
            </TextLine>
            <TextLine id="r1l12" custom="readingOrder {index:10;} person {offset:0; length:7;} person {offset:23; length:6;} person {offset:31; length:8;} person {offset:43; length:12;}">
                <Coords points="324,1316 387,1317 451,1319 514,1320 578,1321 641,1323 705,1324 768,1326 832,1328 895,1329 959,1331 1022,1333 1086,1335 1149,1337 1213,1340 1276,1342 1340,1345 1403,1348 1467,1351 1530,1354 1594,1357 1594,1300 1530,1297 1467,1294 1403,1291 1340,1288 1276,1285 1213,1283 1149,1280 1086,1278 1022,1276 959,1274 895,1272 832,1271 768,1269 705,1267 641,1266 578,1264 514,1263 451,1262 387,1260 324,1259"/>
                <Baseline points="324,1297 387,1298 451,1300 514,1301 578,1302 641,1304 705,1305 768,1307 832,1309 895,1310 959,1312 1022,1314 1086,1316 1149,1318 1213,1321 1276,1323 1340,1326 1403,1329 1467,1332 1530,1335 1594,1338"/>
                <TextEquiv>
                    <Unicode>Clvsene cum fratre suo Baviar, Dluhemil et Petrus miles eorum. </Unicode>
                </TextEquiv>
            </TextLine>
            <TextEquiv>
                <Unicode>+ Universis tam presentibus quam posteris nostris significamus, quod Dietlebus hereditatem fratris sui Gum¬&#xD;
boldi nobis pro remedio anime sue collatam potestative abstulit. De hoc vero malo resipiscens,&#xD;
quasi concambium faciendo, pro hac hereditate alias tres villas tam pro anima sua quam fratris&#xD;
prenominati Covmboldi ecclesie sancte Marie in Plaz contulit, quorum nomina sunt hec: Strasisce,&#xD;
Dubrawiz, Bor, Mladatiz,&#xD;
Cedilice, Scernogat. Sed et alias villas patris sui Cumboldi pro remedio anime sue ecclesie eidem traditas&#xD;
nec non ad dimidiam araturam fratris eius Covnonis et molendinum in pace pro anima sua habere permisit.&#xD;
Huius rei testes sunt hi: Primuzil dux Boemorum, Iohannes iudex, Lvtebor filius Smil, Troianus,&#xD;
Damganus, Bun, Norberc, Suest, Lvdewic, Cunradus filius Protiue, Lvtwinus, Rapoto nota¬&#xD;
rius, Adelbertus capellanus, Buche, Pridota, Bohedaz, Radozte, Cunradus filius Gothescal,&#xD;
Clvsene cum fratre suo Baviar, Dluhemil et Petrus miles eorum. </Unicode>
            </TextEquiv>
        </TextRegion>
    </Page>
</PcGts>
