<?xml version="1.0" encoding="UTF-8" standalone="yes"?>
<PcGts xmlns="http://schema.primaresearch.org/PAGE/gts/pagecontent/2013-07-15" xmlns:xsi="http://www.w3.org/2001/XMLSchema-instance" xsi:schemaLocation="http://schema.primaresearch.org/PAGE/gts/pagecontent/2013-07-15 http://schema.primaresearch.org/PAGE/gts/pagecontent/2013-07-15/pagecontent.xsd">
    <Metadata>
        <Creator>prov=University of Rostock/Institute of Mathematics/CITlab/Tobias Gruening/tobias.gruening@uni-rostock.de:name=/net_tf/LA73_249_0mod360.pb:de.uros.citlab.segmentation.CITlab_LA_ML:v=2.3.1
TRP</Creator>
        <Created>2019-08-02T09:14:29.946+02:00</Created>
        <LastChange>2019-11-29T12:23:29.213+01:00</LastChange>
        <TranskribusMetadata docId="190860" pageId="7551858" pageNr="1" tsid="20050173" status="IN_PROGRESS" userId="38723" imgUrl="https://files.transkribus.eu/Get?id=XCFJIOHHPBIYGKSJGQLFCOZH&amp;fileType=view" xmlUrl="https://files.transkribus.eu/Get?id=DUQVJHGBBAPSCBBJCUROEXAV" imageId="4552736"/>
    </Metadata>
    <Page imageFilename="NA-ACK_13530704_00403_r.jpg" imageWidth="11292" imageHeight="6500">
        <ReadingOrder>
            <OrderedGroup id="ro_1575392397386" caption="Regions reading order">
                <RegionRefIndexed index="0" regionRef="r1"/>
            </OrderedGroup>
        </ReadingOrder>
        <TextRegion orientation="0.0" id="r1" custom="readingOrder {index:0;}">
            <Coords points="2371,544 2371,3892 9119,3892 9119,544"/>
            <TextLine id="r1l1" custom="readingOrder {index:0;} place {offset:70; length:10;}">
                <Coords points="2399,677 3051,669 3357,663 3663,659 3969,657 4275,657 4581,657 4887,659 5193,661 5499,664 5805,666 6110,669 6416,671 6722,672 7028,672 7334,671 7640,669 7946,664 8252,658 8558,650 8864,638 8864,587 8558,599 8252,607 7946,613 7640,618 7334,620 7028,621 6722,621 6416,620 6110,618 5805,615 5499,613 5193,610 4887,608 4581,606 4275,606 3969,606 3663,608 3357,612 3051,618 2399,626"/>
                <Baseline points="2746,660 3051,652 3357,646 3663,642 3969,640 4275,640 4581,640 4887,642 5193,644 5499,647 5805,649 6110,652 6416,654 6722,655 7028,655 7334,654 7640,652 7946,647 8252,641 8558,633 8864,621"/>
                <TextEquiv>
                    <Unicode>Wir der burgermeister, ratlute unde di burger gemeinlich der stat czu Rychenbach bekennen unde tun kunt offinllich mit desim brife allen den, di in sehen adir horen lesin, wann der hochgeborne furste und herre her</Unicode>
                </TextEquiv>
            </TextLine>
            <TextLine id="r1l2" custom="readingOrder {index:1;} person {offset:0; length:87;} place {offset:20; length:7;} place {offset:42; length:11;} place {offset:60; length:8;} place {offset:82; length:5;}">
                <Coords points="2436,726 4966,728 5177,730 5388,732 5598,734 5809,736 6020,737 6230,738 6441,739 6652,740 6863,740 7073,739 7284,739 7495,738 7705,736 7916,734 8127,731 8337,727 8548,723 8759,718 8970,713 8970,662 8759,667 8548,672 8337,676 8127,680 7916,683 7705,685 7495,687 7284,688 7073,688 6863,689 6652,689 6441,688 6230,687 6020,686 5809,685 5598,683 5388,681 5177,679 4966,677 2436,675"/>
                <Baseline points="4756,709 4966,711 5177,713 5388,715 5598,717 5809,719 6020,720 6230,721 6441,722 6652,723 6863,723 7073,722 7284,722 7495,721 7705,719 7916,717 8127,714 8337,710 8548,706 8759,701 8970,696"/>
                <TextEquiv>
                    <Unicode>Bolke, herczoge von Slezien und herre czu Furstenberg, czur Swidnicz unde czu dem Jawor, unser lieber genediger herre, mit wolbedachtem mute unde mit rate seiner getruwen manne angeschen hat di besundere</Unicode>
                </TextEquiv>
            </TextLine>
            <TextLine id="r1l4" custom="readingOrder {index:2;} person {offset:116; length:22;}">
                <Coords points="2430,822 3093,808 3389,803 3685,799 3980,797 4276,796 4572,796 4867,797 5163,798 5459,800 5755,802 6050,804 6346,806 6642,807 6937,808 7233,808 7529,807 7824,805 8120,802 8416,798 9062,777 9062,729 8416,750 8120,754 7824,757 7529,759 7233,760 6937,760 6642,759 6346,758 6050,756 5755,754 5459,752 5163,750 4867,749 4572,748 4276,748 3980,749 3685,751 3389,755 3093,760 2430,774"/>
                <Baseline points="2798,798 3093,792 3389,787 3685,783 3980,781 4276,780 4572,780 4867,781 5163,782 5459,784 5755,786 6050,788 6346,790 6642,791 6937,792 7233,792 7529,791 7824,789 8120,786 8416,782 8712,775"/>
                <TextEquiv>
                    <Unicode>fruntschaft unde liebe und ouch di sundirliche truwe do mite er di allirdurchluchtigste furstinne unde frawe frawen Anna Romische kunginne czu allen cziten mererinne des richs und kunginne czu Behem etwenne seliger ge¬</Unicode>
                </TextEquiv>
            </TextLine>
            <TextLine id="r1l5" custom="readingOrder {index:3;} person {offset:21; length:10;}">
                <Coords points="2403,883 4006,864 4248,863 4490,863 4732,863 4974,864 5216,865 5457,866 5699,868 5941,869 6183,871 6425,872 6667,873 6909,873 7150,874 7392,873 7634,872 7876,871 8118,869 8360,865 9123,840 9123,791 8360,816 8118,820 7876,822 7634,823 7392,824 7150,825 6909,824 6667,824 6425,823 6183,822 5941,820 5699,819 5457,817 5216,816 4974,815 4732,814 4490,814 4248,814 4006,815 2403,834"/>
                <Baseline points="3765,849 4006,848 4248,847 4490,847 4732,847 4974,848 5216,849 5457,850 5699,852 5941,853 6183,855 6425,856 6667,857 6909,857 7150,858 7392,857 7634,856 7876,855 8118,853 8360,849 8602,845"/>
                <TextEquiv>
                    <Unicode>dechtnisse herczogen Heinrichis unsers herren sines brudir tochtir unser genedge frawe begriffen hat und van angeborner gute stetetlichen meinet und hat ir der obgenanten unser frawen und ires leibes erben beides geslechts</Unicode>
                </TextEquiv>
            </TextLine>
            <TextLine id="r1l7" custom="readingOrder {index:4;} person {offset:62; length:20;} place {offset:130; length:5;} place {offset:201; length:8;}">
                <Coords points="2440,970 3024,962 3336,952 3648,943 3960,938 4272,934 4584,933 4896,932 5208,932 5520,934 5832,936 6144,937 6456,939 6768,941 7080,942 7392,941 7704,940 8016,937 8328,932 8640,925 8952,915 8952,866 8640,876 8328,883 8016,888 7704,891 7392,892 7080,893 6768,892 6456,890 6144,888 5832,887 5520,885 5208,883 4896,883 4584,884 4272,885 3960,889 3648,894 3336,903 3024,913 2440,921"/>
                <Baseline points="2712,960 3024,946 3336,936 3648,927 3960,922 4272,918 4584,917 4896,916 5208,916 5520,918 5832,920 6144,921 6456,923 6768,925 7080,926 7392,925 7704,924 8016,921 8328,916 8640,909 8952,899"/>
                <TextEquiv>
                    <Unicode>di sie mit dem allirdurchluchtigstem fursten unde herren hern Karl Romischem kunge czu allen cziten merer des richs und kunge czu Behem gewinnet alle seine furstentum herczogtum und herschefte czu der Swidnicz und</Unicode>
                </TextEquiv>
            </TextLine>
            <TextLine id="r1l8" custom="readingOrder {index:5;} place {offset:7; length:5;} person {offset:200; length:14; continued:true;}">
                <Coords points="2458,1051 3038,1036 3346,1025 3654,1016 3962,1010 4271,1006 4579,1003 4887,1002 5195,1003 5503,1004 5812,1006 6120,1007 6428,1010 6736,1011 7044,1012 7353,1013 7661,1012 7969,1009 8277,1005 8585,998 9020,980 9020,929 8585,947 8277,954 7969,958 7661,961 7353,962 7044,961 6736,960 6428,959 6120,956 5812,955 5503,953 5195,952 4887,951 4579,952 4271,955 3962,959 3654,965 3346,974 3038,985 2458,1000"/>
                <Baseline points="2730,1034 3038,1019 3346,1008 3654,999 3962,993 4271,989 4579,986 4887,985 5195,986 5503,987 5812,989 6120,990 6428,993 6736,994 7044,995 7353,996 7661,995 7969,992 8277,988 8585,981 8894,972"/>
                <TextEquiv>
                    <Unicode>zu dem Jawor mit allen andern steten festen und czugehorungen verschriben und vermache in alle der mazze als in seiner furstenlichen brifen da nach begriffen und beschreben ist in semlichem luthe wir Bolke van Gots</Unicode>
                </TextEquiv>
            </TextLine>
            <TextLine id="r1l9" custom="readingOrder {index:6;} person {offset:0; length:84; continued:true;} place {offset:20; length:7;} place {offset:38; length:11;} place {offset:58; length:8;} place {offset:79; length:5;}">
                <Coords points="2458,1133 3046,1111 3361,1097 3675,1087 3990,1079 4305,1075 4619,1072 4934,1071 5249,1071 5563,1073 5878,1075 6193,1078 6507,1080 6822,1082 7137,1084 7451,1084 7766,1083 8081,1080 8395,1075 8710,1066 9025,1055 9025,1004 8710,1015 8395,1024 8081,1029 7766,1032 7451,1033 7137,1033 6822,1031 6507,1029 6193,1027 5878,1024 5563,1022 5249,1020 4934,1020 4619,1021 4305,1024 3990,1028 3675,1036 3361,1046 3046,1060 2458,1082"/>
                <Baseline points="2732,1111 3046,1094 3361,1080 3675,1070 3990,1062 4305,1058 4619,1055 4934,1054 5249,1054 5563,1056 5878,1058 6193,1061 6507,1063 6822,1065 7137,1067 7451,1067 7766,1066 8081,1063 8395,1058 8710,1049 9025,1038"/>
                <TextEquiv>
                    <Unicode>gnaden herczoge van Slezien herre czu Furstenberg czu der Swidnicz und czu dem Jawor bekennen unde tun kunt offinlich mit desin brife allen den di in sehen adir horen lesen das wir haben angeschen di sunderliche</Unicode>
                </TextEquiv>
            </TextLine>
            <TextLine id="r1l10" custom="readingOrder {index:7;} person {offset:78; length:22;} place {offset:149; length:5;}">
                <Coords points="2443,1205 3052,1188 3364,1174 3676,1163 3988,1155 4300,1148 4612,1145 4924,1142 5236,1142 5548,1142 5861,1144 6173,1146 6485,1148 6797,1150 7109,1152 7421,1153 7733,1153 8045,1151 8357,1148 8669,1144 8982,1136 8982,1085 8669,1093 8357,1097 8045,1100 7733,1102 7421,1102 7109,1101 6797,1099 6485,1097 6173,1095 5861,1093 5548,1091 5236,1091 4924,1091 4612,1094 4300,1097 3988,1104 3676,1112 3364,1123 3052,1137 2443,1154"/>
                <Baseline points="2740,1188 3052,1171 3364,1157 3676,1146 3988,1138 4300,1131 4612,1128 4924,1125 5236,1125 5548,1125 5861,1127 6173,1129 6485,1131 6797,1133 7109,1135 7421,1136 7733,1136 8045,1134 8357,1131 8669,1127 8982,1119"/>
                <TextEquiv>
                    <Unicode>gnade unde frantliche gunst des allirdurchluchtigsten fursten unde heren hern Karls Romischen kungis czu allen cziten merer des richs und kungis czu Behem unsirs lieben genedigen herren die her uns und unsern ge¬</Unicode>
                </TextEquiv>
            </TextLine>
            <TextLine id="r1l11" custom="readingOrder {index:8;} person {offset:125; length:50;} place {offset:170; length:5;}">
                <Coords points="2435,1288 2874,1269 3198,1254 3522,1242 3846,1232 4170,1225 4494,1220 4818,1216 5142,1214 5466,1214 5790,1214 6114,1215 6438,1217 6762,1219 7086,1220 7410,1222 7734,1222 8058,1222 8382,1220 8706,1217 9030,1212 9030,1161 8706,1166 8382,1169 8058,1171 7734,1171 7410,1171 7086,1169 6762,1168 6438,1166 6114,1164 5790,1163 5466,1163 5142,1163 4818,1165 4494,1169 4170,1174 3846,1181 3522,1191 3198,1203 2874,1218 2435,1237"/>
                <Baseline points="2550,1271 2874,1252 3198,1237 3522,1225 3846,1215 4170,1208 4494,1203 4818,1199 5142,1197 5466,1197 5790,1197 6114,1198 6438,1200 6762,1202 7086,1203 7410,1205 7734,1205 8058,1205 8382,1203 8706,1200 9030,1195"/>
                <TextEquiv>
                    <Unicode>schlechte bewiset hat mit der konschaft der geschehen ist czwischen e man eyme teil unde der durchluchtigen furstinne frawen Annen der Romischen kunginne und kunginne zu Behem unsir lieben frawen und mumen etwenne</Unicode>
                </TextEquiv>
            </TextLine>
            <TextLine id="r1l12" custom="readingOrder {index:9;} place {offset:177; length:5;}">
                <Coords points="2492,1365 2817,1347 3143,1331 3468,1318 3794,1308 4120,1299 4445,1293 4771,1289 5096,1286 5422,1285 5748,1284 6073,1285 6399,1286 6724,1287 7050,1288 7376,1290 7701,1290 8027,1290 8352,1290 8678,1288 9004,1285 9004,1234 8678,1237 8352,1239 8027,1239 7701,1239 7376,1239 7050,1237 6724,1236 6399,1235 6073,1234 5748,1233 5422,1234 5096,1235 4771,1238 4445,1242 4120,1248 3794,1257 3468,1267 3143,1280 2817,1296 2492,1314"/>
                <Baseline points="2492,1348 2817,1330 3143,1314 3468,1301 3794,1291 4120,1282 4445,1276 4771,1272 5096,1269 5422,1268 5748,1267 6073,1268 6399,1269 6724,1270 7050,1271 7376,1273 7701,1273 8027,1273 8352,1273 8678,1271 9004,1268"/>
                <TextEquiv>
                    <Unicode>herczogen heinvichts seligen unsirs brudir tochtir an dem andern unde darumb geben machen und verschriebn wir der obgenante unsir lieben frawen und mumen als einer kunginne czu Behem und eres leibes erben di sie mit dem</Unicode>
                </TextEquiv>
            </TextLine>
            <TextLine id="r1l13" custom="readingOrder {index:10;} place {offset:98; length:8;} place {offset:119; length:5;} place {offset:141; length:8;} place {offset:150; length:7;} place {offset:158; length:4;} place {offset:174; length:10;} place {offset:185; length:6;} place {offset:192; length:5;} place {offset:198; length:10;}">
                <Coords points="2431,1441 2820,1421 3146,1405 3472,1390 3798,1380 4124,1371 4450,1364 4776,1360 5102,1357 5428,1355 5754,1355 6080,1355 6406,1356 6732,1358 7058,1359 7384,1361 7710,1362 8036,1363 8362,1363 8688,1362 9103,1350 9103,1299 8688,1311 8362,1312 8036,1312 7710,1311 7384,1310 7058,1308 6732,1307 6406,1305 6080,1304 5754,1304 5428,1304 5102,1306 4776,1309 4450,1313 4124,1320 3798,1329 3472,1339 3146,1354 2820,1370 2431,1390"/>
                <Baseline points="2494,1424 2820,1404 3146,1388 3472,1373 3798,1363 4124,1354 4450,1347 4776,1343 5102,1340 5428,1338 5754,1338 6080,1338 6406,1339 6732,1341 7058,1342 7384,1344 7710,1345 8036,1346 8362,1346 8688,1345 9014,1342"/>
                <TextEquiv>
                    <Unicode>obgenanten unsirm heren dem kunge haben wirdet unser herczogetum furstentum und herschaft czu der Swidnicz und czu dem Jawor mit den stetten Swidnicz Stregom Hayn landishute Ruchenbach Nympcz Jawor Laweinberg</Unicode>
                </TextEquiv>
            </TextLine>
            <TextLine id="r1l14" custom="readingOrder {index:11;} place {offset:0; length:8;} place {offset:9; length:8;} place {offset:22; length:8;} place {offset:58; length:12;} place {offset:71; length:11;} place {offset:83; length:3;} place {offset:87; length:7;} place {offset:95; length:11;} place {offset:107; length:9;} place {offset:121; length:8;}">
                <Coords points="2431,1484 5281,1418 5481,1418 5681,1419 5882,1421 6082,1422 6282,1424 6482,1426 6683,1428 6883,1429 7083,1431 7283,1433 7484,1434 7684,1435 7884,1435 8084,1435 8285,1434 8485,1433 8685,1431 8885,1427 9086,1424 9086,1375 8885,1378 8685,1382 8485,1384 8285,1385 8084,1386 7884,1386 7684,1386 7484,1385 7283,1384 7083,1382 6883,1380 6683,1379 6482,1377 6282,1375 6082,1373 5882,1372 5681,1370 5481,1369 5281,1369 2431,1435"/>
                <Baseline points="5081,1402 5281,1402 5481,1402 5681,1403 5882,1405 6082,1406 6282,1408 6482,1410 6683,1412 6883,1413 7083,1415 7283,1417 7484,1418 7684,1419 7884,1419 8084,1419 8285,1418 8485,1417 8685,1415 8885,1411 9086,1408"/>
                <TextEquiv>
                    <Unicode>Hirsperg Bunczlau und Czoboten mit den festen und merkten Griffinstein Griffinberg Len Cchonov Kliczchdorf Hornsperg und Kinsperg mit alle mannen manschaften lehen lenhenscheften verlehenten guten gerichten Czol¬</Unicode>
                </TextEquiv>
            </TextLine>
            <TextLine id="r1l16" custom="readingOrder {index:12;}">
                <Coords points="2375,1564 5945,1494 6107,1495 6268,1496 6430,1497 6591,1498 6753,1499 6914,1501 7076,1502 7237,1504 7399,1505 7560,1506 7722,1507 7883,1507 8045,1507 8206,1507 8368,1506 8529,1505 8691,1503 8852,1500 9014,1497 9014,1446 8852,1449 8691,1452 8529,1454 8368,1455 8206,1456 8045,1456 7883,1456 7722,1456 7560,1455 7399,1454 7237,1453 7076,1451 6914,1450 6753,1448 6591,1447 6430,1446 6268,1445 6107,1444 5945,1443 2375,1513"/>
                <Baseline points="5784,1476 5945,1477 6107,1478 6268,1479 6430,1480 6591,1481 6753,1482 6914,1484 7076,1485 7237,1487 7399,1488 7560,1489 7722,1490 7883,1490 8045,1490 8206,1490 8368,1489 8529,1488 8691,1486 8852,1483 9014,1480"/>
                <TextEquiv>
                    <Unicode>len muntczen cinden gulden kreizzen wichpilden kirthlehen pfrimden und Gots gaben welden puschen bergen glichten wazzern wazzirslouften molen wesin weiden geieyde vogihveide rechten nüczten gewohnheiten</Unicode>
                </TextEquiv>
            </TextLine>
            <TextLine id="r1l18" custom="readingOrder {index:13;}">
                <Coords points="2409,1638 3477,1625 3766,1609 4055,1596 4344,1586 4634,1578 4923,1572 5212,1568 5501,1565 5790,1564 6080,1564 6369,1566 6658,1567 6947,1569 7236,1572 7526,1574 7815,1576 8104,1578 8393,1579 8682,1579 8972,1578 8972,1529 8682,1530 8393,1530 8104,1529 7815,1527 7526,1525 7236,1523 6947,1520 6658,1518 6369,1517 6080,1515 5790,1515 5501,1516 5212,1519 4923,1523 4634,1529 4344,1537 4055,1547 3766,1560 3477,1576 2409,1589"/>
                <Baseline points="3188,1628 3477,1609 3766,1593 4055,1580 4344,1570 4634,1562 4923,1556 5212,1552 5501,1549 5790,1548 6080,1548 6369,1550 6658,1551 6947,1553 7236,1556 7526,1558 7815,1560 8104,1562 8393,1563 8682,1563 8972,1562"/>
                <TextEquiv>
                    <Unicode>und allen czugehorungen wi man di gennenen mag mit sunderlichen wocten wichtiznicht vszunemen in allir der mazze als wir is yczunt haben und her nach mit rechte czu uns brengen mochten insulebiv bescheidenheit bei das</Unicode>
                </TextEquiv>
            </TextLine>
            <TextLine id="r1l20" custom="readingOrder {index:14;}">
                <Coords points="2504,1742 2829,1723 3155,1706 3481,1691 3807,1678 4133,1667 4459,1658 4785,1652 5111,1646 5437,1642 5763,1639 6088,1637 6414,1637 6740,1637 7066,1639 7392,1641 7718,1643 8044,1646 8370,1649 8696,1652 9022,1656 9022,1607 8696,1603 8370,1600 8044,1597 7718,1594 7392,1592 7066,1590 6740,1588 6414,1588 6088,1588 5763,1590 5437,1593 5111,1597 4785,1603 4459,1609 4133,1618 3807,1629 3481,1642 3155,1657 2829,1674 2504,1693"/>
                <Baseline points="2504,1726 2829,1707 3155,1690 3481,1675 3807,1662 4133,1651 4459,1642 4785,1636 5111,1630 5437,1626 5763,1623 6088,1621 6414,1621 6740,1621 7066,1623 7392,1625 7718,1627 8044,1630 8370,1633 8696,1636 9022,1640"/>
                <TextEquiv>
                    <Unicode>sache das eir van Gots verhenknisse also verscheiden das wir eliche leibes erben mannes geslechte hinder uns nicht lazsen das dann di obgnante unsir genedige frawe und liebe mume und wes leibes erben di sie mit unsirm her</Unicode>
                </TextEquiv>
            </TextLine>
            <TextLine id="r1l21" custom="readingOrder {index:15;} place {offset:105; length:4;} place {offset:110; length:5;}">
                <Coords points="2450,1816 2778,1798 3106,1781 3434,1767 3763,1755 4091,1744 4419,1734 4748,1726 5076,1720 5404,1714 5733,1710 6061,1708 6389,1706 6717,1706 7046,1706 7374,1708 7702,1710 8031,1713 8359,1716 8687,1720 9016,1725 9016,1677 8687,1672 8359,1668 8031,1665 7702,1662 7374,1660 7046,1658 6717,1658 6389,1658 6061,1660 5733,1662 5404,1666 5076,1672 4748,1678 4419,1686 4091,1696 3763,1707 3434,1719 3106,1733 2778,1750 2450,1768"/>
                <Baseline points="2450,1800 2778,1782 3106,1765 3434,1751 3763,1739 4091,1728 4419,1718 4748,1710 5076,1704 5404,1698 5733,1694 6061,1692 6389,1690 6717,1690 7046,1690 7374,1692 7702,1694 8031,1697 8359,1700 8687,1704 9016,1709"/>
                <TextEquiv>
                    <Unicode>von dem kunge haben wirdt als do vor geschrieben stet di selben unsere herczogetum furstentum herschefte Lant Lüthe und aller andir czugehorunge als do vor beschrieben ist erben und besiczen sal genczlichen ungehindert unde do</Unicode>
                </TextEquiv>
            </TextLine>
            <TextLine id="r1l22" custom="readingOrder {index:16;} person {offset:117; length:7;} place {offset:206; length:4;}">
                <Coords points="2444,1882 2773,1866 3103,1851 3433,1838 3763,1825 4093,1815 4422,1806 4752,1798 5082,1791 5412,1786 5742,1781 6071,1779 6401,1776 6731,1775 7061,1775 7391,1776 7720,1778 8050,1781 8380,1785 8710,1789 9040,1794 9040,1746 8710,1741 8380,1737 8050,1733 7720,1730 7391,1728 7061,1727 6731,1727 6401,1728 6071,1731 5742,1733 5412,1738 5082,1743 4752,1750 4422,1758 4093,1767 3763,1777 3433,1790 3103,1803 2773,1818 2444,1834"/>
                <Baseline points="2444,1866 2773,1850 3103,1835 3433,1822 3763,1809 4093,1799 4422,1790 4752,1782 5082,1775 5412,1770 5742,1765 6071,1763 6401,1760 6731,1759 7061,1759 7391,1760 7720,1762 8050,1765 8380,1769 8710,1773 9040,1778"/>
                <TextEquiv>
                    <Unicode>mite tun und laszen nach freir willekur als mit irem rechten erbe unschedelich doch der hochgebornn furstinne frawen Agnisen unsir elichen wirtinne in irme liebgedinge wenn si alle di vorgenante furstentum Lant und herschefte</Unicode>
                </TextEquiv>
            </TextLine>
            <TextLine id="r1l23" custom="readingOrder {index:17;}">
                <Coords points="2456,1944 2786,1930 3116,1917 3447,1904 3777,1894 4108,1884 4438,1876 4768,1868 5099,1861 5429,1855 5760,1851 6090,1847 6420,1845 6751,1844 7081,1844 7412,1844 7742,1846 8072,1849 8403,1853 8733,1859 9064,1865 9064,1820 8733,1814 8403,1808 8072,1804 7742,1801 7412,1799 7081,1799 6751,1799 6420,1800 6090,1802 5760,1806 5429,1810 5099,1816 4768,1823 4438,1831 4108,1839 3777,1849 3447,1859 3116,1872 2786,1885 2456,1899"/>
                <Baseline points="2456,1929 2786,1915 3116,1902 3447,1889 3777,1879 4108,1869 4438,1861 4768,1853 5099,1846 5429,1840 5760,1836 6090,1832 6420,1830 6751,1829 7081,1829 7412,1829 7742,1831 8072,1834 8403,1838 8733,1844 9064,1850"/>
                <TextEquiv>
                    <Unicode>mit allen nüczten haben und besiczten sal nur czu iren lebtagen were abir das wir mit gnaden Gots eliche leibes erben mames geslechte gewunnen so sullen di selben unsir erben der obgenanten unsir frawen und mumen und ires leibes</Unicode>
                </TextEquiv>
            </TextLine>
            <TextLine id="r1l24" custom="readingOrder {index:18;} place {offset:132; length:9;} place {offset:146; length:8;}">
                <Coords points="2452,2016 2782,2002 3112,1988 3442,1976 3772,1965 4103,1954 4433,1946 4763,1937 5093,1931 5423,1925 5754,1920 6084,1917 6414,1914 6744,1912 7074,1911 7405,1912 7735,1913 8065,1915 8395,1918 8725,1922 9056,1926 9056,1881 8725,1877 8395,1873 8065,1870 7735,1868 7405,1867 7074,1866 6744,1867 6414,1869 6084,1872 5754,1875 5423,1880 5093,1886 4763,1892 4433,1901 4103,1909 3772,1920 3442,1931 3112,1943 2782,1957 2452,1971"/>
                <Baseline points="2452,2001 2782,1987 3112,1973 3442,1961 3772,1950 4103,1939 4433,1931 4763,1922 5093,1916 5423,1910 5754,1905 6084,1902 6414,1899 6744,1897 7074,1896 7405,1897 7735,1898 8065,1900 8395,1903 8725,1907 9056,1911"/>
                <TextEquiv>
                    <Unicode>erben absie nicht were czehentusent schog grazzir pfenninge pregischer münczte mit gereitem gelde berichten und bezahlen adn festen Lewinberg und Bunczlaw mit iren wicgpilden festen rechten nuczten und zugehorunge</Unicode>
                </TextEquiv>
            </TextLine>
            <TextLine id="r1l25" custom="readingOrder {index:19;}">
                <Coords points="2454,2090 2785,2075 3116,2061 3447,2048 3779,2036 4110,2025 4441,2015 4773,2006 5104,1999 5435,1992 5767,1986 6098,1982 6429,1978 6760,1976 7092,1974 7423,1974 7754,1975 8086,1977 8417,1980 8748,1984 9080,1989 9080,1950 8748,1945 8417,1941 8086,1938 7754,1936 7423,1935 7092,1935 6760,1937 6429,1939 6098,1943 5767,1947 5435,1953 5104,1960 4773,1967 4441,1976 4110,1986 3779,1997 3447,2009 3116,2022 2785,2036 2454,2051"/>
                <Baseline points="2454,2077 2785,2062 3116,2048 3447,2035 3779,2023 4110,2012 4441,2002 4773,1993 5104,1986 5435,1979 5767,1973 6098,1969 6429,1965 6760,1963 7092,1961 7423,1961 7754,1962 8086,1964 8417,1967 8748,1971 9080,1976"/>
                <TextEquiv>
                    <Unicode>czu rechten pfande seczten als lange uncz das sie di obgenanten czehentusent schog genczlich berichten und beczalen unde da mite sulte denne di selben unsir erben bei den vorgenante unsern furstentum herscheften und landen unge</Unicode>
                </TextEquiv>
            </TextLine>
            <TextLine id="r1l27" custom="readingOrder {index:20;}">
                <Coords points="2427,2176 2887,2156 3176,2144 3466,2132 3755,2120 4045,2109 4334,2098 4623,2088 4913,2078 5202,2070 5492,2063 5781,2056 6070,2051 6360,2047 6649,2045 6939,2044 7228,2046 7517,2049 7807,2054 8096,2062 9154,2052 9154,2001 8096,2011 7807,2003 7517,1998 7228,1995 6939,1993 6649,1994 6360,1996 6070,2000 5781,2005 5492,2012 5202,2019 4913,2027 4623,2037 4334,2047 4045,2058 3755,2069 3466,2081 3176,2093 2887,2105 2427,2125"/>
                <Baseline points="2598,2150 2887,2139 3176,2127 3466,2115 3755,2103 4045,2092 4334,2081 4623,2071 4913,2061 5202,2053 5492,2046 5781,2039 6070,2034 6360,2030 6649,2028 6939,2027 7228,2029 7517,2032 7807,2037 8096,2045 8386,2055"/>
                <TextEquiv>
                    <Unicode>hindert bleiben were ouch das wir eliche leibes erben mames geslechte nicht hetten und doch tochtir liezzen so sullen di obgenanten unsir liebe genedige frawe adir ires leibes erben di si mit unsirm heren dem kunge gewinnet ytlicher</Unicode>
                </TextEquiv>
            </TextLine>
            <TextLine id="r1l29" custom="readingOrder {index:21;}">
                <Coords points="2430,2233 2765,2222 3100,2210 3435,2200 3771,2188 4106,2178 4441,2168 4777,2159 5112,2150 5447,2142 5783,2135 6118,2130 6453,2126 6788,2123 7124,2121 7459,2121 7794,2123 8130,2127 8465,2133 8800,2140 9136,2150 9136,2099 8800,2089 8465,2082 8130,2076 7794,2072 7459,2070 7124,2070 6788,2072 6453,2075 6118,2079 5783,2084 5447,2091 5112,2099 4777,2108 4441,2117 4106,2127 3771,2137 3435,2149 3100,2159 2765,2171 2430,2182"/>
                <Baseline points="2430,2216 2765,2205 3100,2193 3435,2183 3771,2171 4106,2161 4441,2151 4777,2142 5112,2133 5447,2125 5783,2118 6118,2113 6453,2109 6788,2106 7124,2104 7459,2104 7794,2106 8130,2110 8465,2116 8800,2123 9136,2133"/>
                <TextEquiv>
                    <Unicode>unsir tochtir czehentusent schog grozzer pfenninge geben und si bestaten noch rechten gewohnheit als gebornenr fursten kinder ouch haben wir gelobt und geteidinget bei das sache das di obgenante unsir eliche wirtinne unsirn tot</Unicode>
                </TextEquiv>
            </TextLine>
            <TextLine id="r1l30" custom="readingOrder {index:22;}">
                <Coords points="2460,2303 2791,2294 3122,2285 3453,2276 3784,2266 4115,2256 4446,2247 4777,2238 5108,2229 5439,2220 5770,2213 6101,2207 6432,2201 6763,2197 7094,2194 7425,2193 7756,2194 8087,2197 8418,2202 8749,2209 9080,2218 9080,2170 8749,2161 8418,2154 8087,2149 7756,2146 7425,2145 7094,2146 6763,2149 6432,2153 6101,2159 5770,2165 5439,2172 5108,2181 4777,2190 4446,2199 4115,2208 3784,2218 3453,2228 3122,2237 2791,2246 2460,2255"/>
                <Baseline points="2460,2287 2791,2278 3122,2269 3453,2260 3784,2250 4115,2240 4446,2231 4777,2222 5108,2213 5439,2204 5770,2197 6101,2191 6432,2185 6763,2181 7094,2178 7425,2177 7756,2178 8087,2181 8418,2186 8749,2193 9080,2202"/>
                <TextEquiv>
                    <Unicode>gelebte das si danne nach der czit unsirs todis keynen burggranen pfleger adir amptman auf festen hüsern in steten adir in landen verkeren adir verwandiln sol es si danne das sie einen bedirman der do glich gut und gewizz</Unicode>
                </TextEquiv>
            </TextLine>
            <TextLine id="r1l31" custom="readingOrder {index:23;}">
                <Coords points="2436,2377 2768,2371 3101,2362 3434,2354 3767,2345 4100,2334 4433,2324 4766,2314 5099,2303 5432,2294 5765,2286 6097,2277 6430,2271 6763,2265 7096,2261 7429,2259 7762,2259 8095,2262 8428,2266 8761,2274 9094,2285 9094,2237 8761,2226 8428,2218 8095,2214 7762,2211 7429,2211 7096,2213 6763,2217 6430,2223 6097,2229 5765,2238 5432,2246 5099,2255 4766,2266 4433,2276 4100,2286 3767,2297 3434,2306 3101,2314 2768,2323 2436,2329"/>
                <Baseline points="2436,2361 2768,2355 3101,2346 3434,2338 3767,2329 4100,2318 4433,2308 4766,2298 5099,2287 5432,2278 5765,2270 6097,2261 6430,2255 6763,2249 7096,2245 7429,2243 7762,2243 8095,2246 8428,2250 8761,2258 9094,2269"/>
                <TextEquiv>
                    <Unicode>sei dem ersten an sein stat seczte an dem der obgenanten unsir frawen adir iren erben moge billich genugen unde das der selbe czu vor sich aller gelubde eyde und truwen verbuuben habe der obgennante unsir frawen der kuniginne adir iren</Unicode>
                </TextEquiv>
            </TextLine>
            <TextLine id="r1l32" custom="readingOrder {index:24;}">
                <Coords points="2424,2446 2756,2442 3088,2435 3420,2428 3752,2420 4084,2410 4416,2401 4748,2391 5080,2381 5412,2371 5744,2362 6076,2353 6408,2346 6740,2340 7072,2335 7404,2332 7736,2331 8068,2333 8400,2336 8732,2343 9064,2353 9064,2302 8732,2292 8400,2285 8068,2282 7736,2280 7404,2281 7072,2284 6740,2289 6408,2295 6076,2302 5744,2311 5412,2320 5080,2330 4748,2340 4416,2350 4084,2359 3752,2369 3420,2377 3088,2384 2756,2391 2424,2395"/>
                <Baseline points="2424,2429 2756,2425 3088,2418 3420,2411 3752,2403 4084,2393 4416,2384 4748,2374 5080,2364 5412,2354 5744,2345 6076,2336 6408,2329 6740,2323 7072,2318 7404,2315 7736,2314 8068,2316 8400,2319 8732,2326 9064,2336"/>
                <TextEquiv>
                    <Unicode>erben gelech seinem vorfaren an des stat her gesecztet wirdet were ouch das di obgennante unsir genedige frawe und liebe mume wartende des obgenanten annen alles c wanne sie ingewer meme also sturbe das si leibes erben mit dem</Unicode>
                </TextEquiv>
            </TextLine>
            <TextLine id="r1l33" custom="readingOrder {index:25;}">
                <Coords points="2486,2527 2817,2520 3148,2512 3480,2503 3811,2493 4143,2483 4474,2473 4805,2462 5137,2451 5468,2441 5800,2431 6131,2422 6462,2415 6794,2409 7125,2404 7457,2401 7788,2401 8119,2402 8451,2406 8782,2413 9114,2423 9114,2372 8782,2362 8451,2355 8119,2351 7788,2350 7457,2350 7125,2353 6794,2358 6462,2364 6131,2371 5800,2380 5468,2390 5137,2400 4805,2411 4474,2422 4143,2432 3811,2442 3480,2452 3148,2461 2817,2469 2486,2476"/>
                <Baseline points="2486,2510 2817,2503 3148,2495 3480,2486 3811,2476 4143,2466 4474,2456 4805,2445 5137,2434 5468,2424 5800,2414 6131,2405 6462,2398 6794,2392 7125,2387 7457,2384 7788,2384 8119,2385 8451,2389 8782,2396 9114,2406"/>
                <TextEquiv>
                    <Unicode>obgennante unsirm heren nicht gewinne so sullen alle man ritter knechte burggewinnen burger und alle lantfezzen allir der obgenannten eyde und gelubde ledig sein doch insulcher bescheidenheit das dem obgennanten unsirm heren dem</Unicode>
                </TextEquiv>
            </TextLine>
            <TextLine id="r1l34" custom="readingOrder {index:26;}">
                <Coords points="2416,2599 2747,2592 3079,2584 3411,2575 3743,2565 4075,2553 4407,2543 4739,2532 5071,2521 5403,2510 5735,2501 6066,2492 6398,2484 6730,2478 7062,2473 7394,2469 7726,2468 8058,2469 8390,2473 8722,2479 9054,2488 9054,2439 8722,2430 8390,2424 8058,2420 7726,2419 7394,2420 7062,2424 6730,2429 6398,2435 6066,2443 5735,2452 5403,2461 5071,2472 4739,2483 4407,2494 4075,2504 3743,2516 3411,2526 3079,2535 2747,2543 2416,2550"/>
                <Baseline points="2416,2583 2747,2576 3079,2568 3411,2559 3743,2549 4075,2537 4407,2527 4739,2516 5071,2505 5403,2494 5735,2485 6066,2476 6398,2468 6730,2462 7062,2457 7394,2453 7726,2452 8058,2453 8390,2457 8722,2463 9054,2472"/>
                <TextEquiv>
                    <Unicode>kunge und seinen erben das obgenante egelt und heinnsteur der obgenanten czehentusent schog genallen sal adir mit pfande gesichurt wenden in alle der mazse als do vor begrissin ist das sy do mite tun und lazsen nach</Unicode>
                </TextEquiv>
            </TextLine>
            <TextLine id="r1l35" custom="readingOrder {index:27;}">
                <Coords points="2408,2673 2740,2665 3073,2656 3406,2646 3739,2635 4072,2625 4405,2614 4738,2603 5071,2592 5404,2582 5737,2572 6069,2563 6402,2555 6735,2548 7068,2543 7401,2540 7734,2538 8067,2538 8400,2541 8733,2545 9066,2553 9066,2505 8733,2497 8400,2493 8067,2490 7734,2490 7401,2492 7068,2495 6735,2500 6402,2507 6069,2515 5737,2524 5404,2534 5071,2544 4738,2555 4405,2566 4072,2577 3739,2587 3406,2598 3073,2608 2740,2617 2408,2625"/>
                <Baseline points="2408,2657 2740,2649 3073,2640 3406,2630 3739,2619 4072,2609 4405,2598 4738,2587 5071,2576 5404,2566 5737,2556 6069,2547 6402,2539 6735,2532 7068,2527 7401,2524 7734,2522 8067,2522 8400,2525 8733,2529 9066,2537"/>
                <TextEquiv>
                    <Unicode>freir willekur unde das geben wenn si wollen were ouch das si obgenante unsir genedige frawe und liebe mume den obgenanten unsirn heren den kunig obir lebte unde eynen andirn man neme an unsern dank</Unicode>
                </TextEquiv>
            </TextLine>
            <TextLine id="r1l36" custom="readingOrder {index:28;}">
                <Coords points="2333,2732 5597,2645 5781,2642 5966,2638 6150,2634 6335,2632 6519,2628 6703,2625 6888,2622 7072,2619 7257,2616 7441,2614 7625,2612 7810,2611 7994,2609 8179,2609 8363,2609 8547,2610 8732,2611 8916,2613 9101,2615 9101,2567 8916,2565 8732,2563 8547,2562 8363,2561 8179,2561 7994,2561 7810,2563 7625,2564 7441,2566 7257,2568 7072,2571 6888,2574 6703,2577 6519,2580 6335,2584 6150,2586 5966,2590 5781,2594 5597,2597 2333,2684"/>
                <Baseline points="5413,2632 5597,2629 5781,2626 5966,2622 6150,2618 6335,2616 6519,2612 6703,2609 6888,2606 7072,2603 7257,2600 7441,2598 7625,2596 7810,2595 7994,2593 8179,2593 8363,2593 8547,2594 8732,2595 8916,2597 9101,2599"/>
                <TextEquiv>
                    <Unicode>unde willen so sullen beide si und der man und alle kint si sy mi tein gewinnet in den obgenanten unsir furstentum und herscheften nichtes haben ouch ist gerech und geteidingt das si obgenante insir frawe di kun¬</Unicode>
                </TextEquiv>
            </TextLine>
            <TextLine id="r1l38" custom="readingOrder {index:29;}">
                <Coords points="2383,2815 3188,2810 3499,2796 3810,2783 4120,2772 4431,2760 4742,2749 5052,2739 5363,2729 5674,2720 5985,2713 6295,2705 6606,2699 6917,2693 7227,2689 7538,2685 7849,2683 8159,2681 8470,2681 8781,2681 9092,2683 9092,2632 8781,2630 8470,2630 8159,2630 7849,2632 7538,2634 7227,2638 6917,2642 6606,2648 6295,2654 5985,2662 5674,2669 5363,2678 5052,2688 4742,2698 4431,2709 4120,2721 3810,2732 3499,2745 3188,2759 2383,2764"/>
                <Baseline points="2878,2806 3188,2793 3499,2779 3810,2766 4120,2755 4431,2743 4742,2732 5052,2722 5363,2712 5674,2703 5985,2696 6295,2688 6606,2682 6917,2676 7227,2672 7538,2668 7849,2666 8159,2664 8470,2664 8781,2664 9092,2666"/>
                <TextEquiv>
                    <Unicode>ginne und unsir liebe mume noch ymand van iren wegen uns unsir erben mannes geslechte umb keynirlei erbeteil adir umb keine adir sache anreden adir ansprechen sullen andirs wenn do vor geschriben ist ouch</Unicode>
                </TextEquiv>
            </TextLine>
            <TextLine id="r1l39" custom="readingOrder {index:30;}">
                <Coords points="2398,2909 2733,2896 3068,2884 3403,2871 3738,2859 4074,2846 4409,2834 4744,2823 5079,2811 5414,2800 5750,2790 6085,2781 6420,2773 6755,2766 7090,2760 7426,2755 7761,2752 8096,2750 8431,2750 8766,2751 9102,2754 9102,2703 8766,2700 8431,2699 8096,2699 7761,2701 7426,2704 7090,2709 6755,2715 6420,2722 6085,2730 5750,2739 5414,2749 5079,2760 4744,2772 4409,2783 4074,2795 3738,2808 3403,2820 3068,2833 2733,2845 2398,2858"/>
                <Baseline points="2398,2892 2733,2879 3068,2867 3403,2854 3738,2842 4074,2829 4409,2817 4744,2806 5079,2794 5414,2783 5750,2773 6085,2764 6420,2756 6755,2749 7090,2743 7426,2738 7761,2735 8096,2733 8431,2733 8766,2734 9102,2737"/>
                <TextEquiv>
                    <Unicode>meyne und wollen wir sei das sache das uns chaftege not antreten wirdet umb gefengnisse krick adir andir geschichte unsir adir unsir mame ere adir liep czu lozsen das wir denn der selben unsir firstentum</Unicode>
                </TextEquiv>
            </TextLine>
            <TextLine id="r1l41" custom="readingOrder {index:31;} place {offset:9; length:4;}">
                <Coords points="2406,2982 2735,2969 3064,2955 3393,2942 3722,2929 4051,2916 4380,2905 4709,2892 5038,2881 5367,2870 5697,2860 6026,2851 6355,2843 6684,2835 7013,2829 7342,2824 7671,2820 8000,2817 8329,2816 8658,2817 8988,2819 8988,2773 8658,2771 8329,2770 8000,2771 7671,2774 7342,2778 7013,2783 6684,2789 6355,2797 6026,2805 5697,2814 5367,2824 5038,2835 4709,2846 4380,2859 4051,2870 3722,2883 3393,2896 3064,2909 2735,2923 2406,2936"/>
                <Baseline points="2406,2967 2735,2954 3064,2940 3393,2927 3722,2914 4051,2901 4380,2890 4709,2877 5038,2866 5367,2855 5697,2845 6026,2836 6355,2828 6684,2820 7013,2814 7342,2809 7671,2805 8000,2802 8329,2801 8658,2802 8988,2804"/>
                <TextEquiv>
                    <Unicode>lant und Lute gewaldig sein czu tun und czu lazsen doch in guten trewen und an alle geverde vor noch sint dem mal das uns der obgenante genedig herre mit sulchen synen gnaden gunstlich und fruntlich begrif</Unicode>
                </TextEquiv>
            </TextLine>
            <TextLine id="r1l42" custom="readingOrder {index:32;}">
                <Coords points="2342,3039 4053,2999 4313,2984 4572,2971 4832,2959 5091,2949 5351,2940 5610,2931 5870,2924 6129,2918 6389,2912 6649,2907 6908,2903 7168,2899 7427,2896 7687,2894 7946,2891 8206,2889 8465,2886 8725,2884 9125,2882 9125,2836 8725,2838 8465,2840 8206,2843 7946,2845 7687,2848 7427,2850 7168,2853 6908,2857 6649,2861 6389,2866 6129,2872 5870,2878 5610,2885 5351,2894 5091,2903 4832,2913 4572,2925 4313,2938 4053,2953 2342,2993"/>
                <Baseline points="3794,3000 4053,2984 4313,2969 4572,2956 4832,2944 5091,2934 5351,2925 5610,2916 5870,2909 6129,2903 6389,2897 6649,2892 6908,2888 7168,2884 7427,2881 7687,2879 7946,2876 8206,2874 8465,2871 8725,2869 8985,2867"/>
                <TextEquiv>
                    <Unicode>sein hat so geloben und wollen wir im mit guten truwen an geverde beistendig und behulsin sin wedir allimeeneglich nimande vsczumemen und in mymmir undir wegen vzu lozsen mit liebe noch mit gute und alle seine</Unicode>
                </TextEquiv>
            </TextLine>
            <TextLine id="r1l43" custom="readingOrder {index:33;}">
                <Coords points="2321,3112 2947,3113 3266,3100 3585,3088 3905,3075 4224,3062 4543,3050 4863,3038 5182,3027 5501,3015 5821,3004 6140,2995 6459,2987 6778,2978 7098,2972 7417,2966 7736,2962 8056,2960 8375,2958 8694,2959 9014,2961 9014,2910 8694,2908 8375,2907 8056,2909 7736,2911 7417,2915 7098,2921 6778,2927 6459,2936 6140,2944 5821,2953 5501,2964 5182,2976 4863,2987 4543,2999 4224,3011 3905,3024 3585,3037 3266,3049 2947,3062 2321,3061"/>
                <Baseline points="2628,3109 2947,3096 3266,3083 3585,3071 3905,3058 4224,3045 4543,3033 4863,3021 5182,3010 5501,2998 5821,2987 6140,2978 6459,2970 6778,2961 7098,2955 7417,2949 7736,2945 8056,2943 8375,2941 8694,2942 9014,2944"/>
                <TextEquiv>
                    <Unicode>viende sullen unsir viende sin und meynen und wollen ouch keyne sine wedirsachen adir viende Cristen juden adir heyden in unsern landen husen hofen halden adir vorteidingen di wedir das recht sin und recht nicht</Unicode>
                </TextEquiv>
            </TextLine>
            <TextLine id="r1l46" custom="readingOrder {index:34;}">
                <Coords points="2349,3195 2897,3191 3223,3179 3548,3165 3874,3153 4200,3139 4525,3127 4851,3114 5177,3102 5502,3090 5828,3079 6154,3068 6479,3058 6805,3049 7131,3042 7456,3035 7782,3030 8108,3026 8433,3023 8759,3023 9085,3024 9085,2973 8759,2972 8433,2972 8108,2975 7782,2979 7456,2984 7131,2991 6805,2998 6479,3007 6154,3017 5828,3028 5502,3039 5177,3051 4851,3063 4525,3076 4200,3088 3874,3102 3548,3114 3223,3128 2897,3140 2349,3144"/>
                <Baseline points="2572,3186 2897,3174 3223,3162 3548,3148 3874,3136 4200,3122 4525,3110 4851,3097 5177,3085 5502,3073 5828,3062 6154,3051 6479,3041 6805,3032 7131,3025 7456,3018 7782,3013 8108,3009 8433,3006 8759,3006 9085,3007"/>
                <TextEquiv>
                    <Unicode>tun wollen di gunnen wir im und synen amptlüten das si di selben angriffin und rechtnertugen sullen und mogen wo si der bekomen in alle unsern herscheften und landen mit urkunde dizz brifes versegilt mit un¬</Unicode>
                </TextEquiv>
            </TextLine>
            <TextLine id="r1l47" custom="readingOrder {index:35;} place {offset:47; length:8;} date {offset:56; length:144;year:0; day:0; month:0;}">
                <Coords points="2307,3268 3209,3256 3518,3244 3827,3231 4137,3219 4446,3206 4755,3193 5064,3181 5374,3169 5683,3158 5992,3147 6301,3136 6611,3127 6920,3119 7229,3111 7538,3106 7848,3101 8157,3098 8466,3096 8775,3096 9085,3097 9085,3051 8775,3050 8466,3050 8157,3052 7848,3055 7538,3060 7229,3065 6920,3073 6611,3081 6301,3090 5992,3101 5683,3112 5374,3123 5064,3135 4755,3147 4446,3160 4137,3173 3827,3185 3518,3198 3209,3210 2307,3222"/>
                <Baseline points="2900,3253 3209,3241 3518,3229 3827,3216 4137,3204 4446,3191 4755,3178 5064,3166 5374,3154 5683,3143 5992,3132 6301,3121 6611,3112 6920,3104 7229,3096 7538,3091 7848,3086 8157,3083 8466,3081 8775,3081 9085,3082"/>
                <TextEquiv>
                    <Unicode>sirm grozsen ingesigil der gegeben ist czu der Swidnicz nach Crists geburt dricenhundirt in dem dryumdfunfzigsten jare an der nesten mitwoche noch sente Petir und Pauwils tage der heiligen czwelfboten do van</Unicode>
                </TextEquiv>
            </TextLine>
            <TextLine id="r1l48" custom="readingOrder {index:36;} person {offset:67; length:6;}">
                <Coords points="2361,3345 2945,3342 3269,3329 3593,3316 3916,3302 4240,3289 4564,3275 4887,3262 5211,3248 5535,3235 5859,3223 6182,3212 6506,3201 6830,3191 7153,3182 7477,3174 7801,3168 8124,3164 8448,3161 8772,3160 9204,3161 9204,3115 8772,3114 8448,3115 8124,3118 7801,3122 7477,3128 7153,3136 6830,3145 6506,3155 6182,3166 5859,3177 5535,3189 5211,3202 4887,3216 4564,3229 4240,3243 3916,3256 3593,3270 3269,3283 2945,3296 2361,3299"/>
                <Baseline points="2622,3339 2945,3327 3269,3314 3593,3301 3916,3287 4240,3274 4564,3260 4887,3247 5211,3233 5535,3220 5859,3208 6182,3197 6506,3186 6830,3176 7153,3167 7477,3159 7801,3153 8124,3149 8448,3146 8772,3145 9096,3146"/>
                <TextEquiv>
                    <Unicode>durch sunderlichen gebot des obgenanten fursten und heren herczoge Bolken unsirs lieben genedigen heren der uns das geboten und geheisen hat mit lewendir stymme und in offinbar kegemuortikeit syner edlen getriwen</Unicode>
                </TextEquiv>
            </TextLine>
            <TextLine id="r1l49" custom="readingOrder {index:37;} place {offset:195; length:5;}">
                <Coords points="2270,3414 6042,3298 6202,3291 6363,3285 6523,3280 6684,3274 6844,3269 7005,3264 7165,3259 7326,3254 7486,3251 7646,3246 7807,3242 7967,3239 8128,3235 8288,3232 8449,3229 8609,3227 8770,3224 8930,3222 9181,3220 9181,3177 8930,3179 8770,3181 8609,3184 8449,3186 8288,3189 8128,3192 7967,3196 7807,3199 7646,3203 7486,3208 7326,3211 7165,3216 7005,3221 6844,3226 6684,3231 6523,3237 6363,3242 6202,3248 6042,3255 2270,3371"/>
                <Baseline points="5882,3290 6042,3284 6202,3277 6363,3271 6523,3266 6684,3260 6844,3255 7005,3250 7165,3245 7326,3240 7486,3237 7646,3232 7807,3228 7967,3225 8128,3221 8288,3218 8449,3215 8609,3213 8770,3210 8930,3208 9091,3206"/>
                <TextEquiv>
                    <Unicode>manne so haben wir mit wolbedochtem mute mit worte gunft wissen und willen der ganczen gemeynschaft allir unsir miteburg der obgenanten allirdurchtigsten furstinne der Romischen kunginne und czu Behem frawe</Unicode>
                </TextEquiv>
            </TextLine>
            <TextLine id="r1l50" custom="readingOrder {index:38;} person {offset:0; length:5;} person {offset:100; length:4;}">
                <Coords points="2326,3488 6142,3373 6289,3369 6437,3364 6584,3359 6732,3354 6879,3349 7027,3344 7174,3339 7322,3333 7469,3329 7616,3323 7764,3320 7911,3315 8059,3311 8206,3307 8354,3304 8501,3301 8649,3299 8796,3297 9159,3285 9159,3234 8796,3246 8649,3248 8501,3250 8354,3253 8206,3256 8059,3260 7911,3264 7764,3269 7616,3272 7469,3278 7322,3282 7174,3288 7027,3293 6879,3298 6732,3303 6584,3308 6437,3313 6289,3318 6142,3322 2326,3437"/>
                <Baseline points="5995,3361 6142,3356 6289,3352 6437,3347 6584,3342 6732,3337 6879,3332 7027,3327 7174,3322 7322,3316 7469,3312 7616,3306 7764,3303 7911,3298 8059,3294 8206,3290 8354,3287 8501,3284 8649,3282 8796,3280 8944,3278"/>
                <TextEquiv>
                    <Unicode>Annan unsir genedigen frawen und iren leibes erben di si mit dem obgenanten fursten und heren kunig Karl wem elichen wirthe gewinnet gehuldit gelobt und gesworn hulden geloben und swern das wir wenn is czu sulchen schulden ko¬</Unicode>
                </TextEquiv>
            </TextLine>
            <TextLine id="r1l52" custom="readingOrder {index:39;} person {offset:56; length:6;}">
                <Coords points="2350,3556 6159,3446 6313,3441 6467,3436 6621,3430 6775,3425 6929,3420 7083,3415 7237,3409 7391,3404 7545,3399 7699,3394 7853,3389 8007,3385 8161,3380 8315,3376 8469,3372 8623,3368 8777,3365 8931,3362 9086,3360 9086,3309 8931,3311 8777,3314 8623,3317 8469,3321 8315,3325 8161,3329 8007,3334 7853,3338 7699,3343 7545,3348 7391,3353 7237,3358 7083,3364 6929,3369 6775,3374 6621,3379 6467,3385 6313,3390 6159,3395 2350,3505"/>
                <Baseline points="6005,3434 6159,3429 6313,3424 6467,3419 6621,3413 6775,3408 6929,3403 7083,3398 7237,3392 7391,3387 7545,3382 7699,3377 7853,3372 8007,3368 8161,3363 8315,3359 8469,3355 8623,3351 8777,3348 8931,3345 9086,3343"/>
                <TextEquiv>
                    <Unicode>met als do vor geschriben stet in unsirs heren herczoge Bolken brife i rund den selben ires leibes erben  wenn si mit hulfe Gots di gewinnet getruwe gehorsam wartende und undirtenig sin wollen als unsir naturlichir ind angebor¬</Unicode>
                </TextEquiv>
            </TextLine>
            <TextLine id="r1l54" custom="readingOrder {index:40;} person {offset:120; length:6;}">
                <Coords points="2285,3641 6147,3518 6299,3512 6450,3505 6602,3500 6753,3494 6905,3489 7056,3483 7208,3478 7359,3473 7511,3468 7663,3462 7814,3458 7966,3453 8117,3448 8269,3443 8420,3439 8572,3434 8723,3429 8875,3424 9122,3420 9122,3371 8875,3375 8723,3380 8572,3385 8420,3390 8269,3394 8117,3399 7966,3404 7814,3409 7663,3413 7511,3419 7359,3424 7208,3429 7056,3434 6905,3440 6753,3445 6602,3451 6450,3456 6299,3463 6147,3469 2285,3592"/>
                <Baseline points="5996,3508 6147,3502 6299,3496 6450,3489 6602,3484 6753,3478 6905,3473 7056,3467 7208,3462 7359,3457 7511,3452 7663,3446 7814,3442 7966,3437 8117,3432 8269,3427 8420,3423 8572,3418 8723,3413 8875,3408 9027,3404"/>
                <TextEquiv>
                    <Unicode>ner herschaft in allen den punkten meynnuge und artikiln und in allir der mazze als des obgenanten unsirs heren herczog Bolken brife sprechen usgenomen doch den artikil der czu dem leisten in dem selben brife stet umb di hulfe</Unicode>
                </TextEquiv>
            </TextLine>
            <TextLine id="r1l58" custom="readingOrder {index:41;} person {offset:29; length:4;} person {offset:64; length:5;}">
                <Coords points="2289,3694 6138,3589 6248,3585 6359,3582 6469,3579 6580,3575 6690,3571 6801,3566 6911,3562 7022,3558 7132,3553 7242,3550 7353,3545 7463,3542 7574,3537 7684,3533 7795,3530 7905,3526 8016,3523 8126,3520 9223,3478 9223,3427 8126,3469 8016,3472 7905,3475 7795,3479 7684,3482 7574,3486 7463,3491 7353,3494 7242,3499 7132,3502 7022,3507 6911,3511 6801,3515 6690,3520 6580,3524 6469,3528 6359,3531 6248,3534 6138,3538 2289,3643"/>
                <Baseline points="6028,3574 6138,3572 6248,3568 6359,3565 6469,3562 6580,3558 6690,3554 6801,3549 6911,3545 7022,3541 7132,3536 7242,3533 7353,3528 7463,3525 7574,3520 7684,3516 7795,3513 7905,3509 8016,3506 8126,3503 8237,3501"/>
                <TextEquiv>
                    <Unicode>di beide der obgenante kunig Karl und ouch unsir herre herczoge Bolke ein andir tuhen und leisten sullen wann uns di selben gelubde nicht anegen und czu den andern unsern sachen da auf wir gehuldit und gesworn haben nicht geho¬</Unicode>
                </TextEquiv>
            </TextLine>
            <TextLine id="r1l61" custom="readingOrder {index:42;} place {offset:86; length:8;} date {offset:95; length:122; continued:true;year:0; day:0; month:0;}">
                <Coords points="2347,3769 6091,3667 6197,3664 6303,3660 6410,3656 6516,3652 6622,3647 6728,3644 6835,3639 6941,3636 7047,3632 7153,3628 7260,3624 7366,3620 7472,3616 7578,3612 7685,3609 7791,3605 7897,3602 8003,3599 9120,3540 9120,3489 8003,3548 7897,3551 7791,3554 7685,3558 7578,3561 7472,3565 7366,3569 7260,3573 7153,3577 7047,3581 6941,3585 6835,3588 6728,3593 6622,3596 6516,3601 6410,3605 6303,3609 6197,3613 6091,3616 2347,3718"/>
                <Baseline points="5985,3654 6091,3650 6197,3647 6303,3643 6410,3639 6516,3635 6622,3630 6728,3627 6835,3622 6941,3619 7047,3615 7153,3611 7260,3607 7366,3603 7472,3599 7578,3595 7685,3592 7791,3588 7897,3585 8003,3582 8110,3579"/>
                <TextEquiv>
                    <Unicode>ret mit urkunde dis brifes versegilt mit insir stat ingesigil der gegebin ist czu der Swidnicz nach Crists geburt driczenhundirt unde dar noch in dem dryunfunfczigsten jare des nehsten samstages nach sente Petirs unde</Unicode>
                </TextEquiv>
            </TextLine>
            <TextLine id="r1l64" custom="readingOrder {index:43;} date {offset:0; length:37; continued:true;year:0; day:0; month:0;}">
                <Coords points="2274,3858 2552,3863 2603,3861 2654,3860 2705,3858 2756,3857 2807,3855 2857,3854 2908,3852 2959,3851 3010,3849 3061,3848 3112,3846 3163,3844 3213,3842 3264,3840 3315,3838 3366,3836 3417,3833 3468,3830 3519,3827 3519,3778 3468,3781 3417,3784 3366,3787 3315,3789 3264,3791 3213,3793 3163,3795 3112,3797 3061,3799 3010,3800 2959,3802 2908,3803 2857,3805 2807,3806 2756,3808 2705,3809 2654,3811 2603,3812 2552,3814 2274,3809"/>
                <Baseline points="2502,3849 2552,3847 2603,3845 2654,3844 2705,3842 2756,3841 2807,3839 2857,3838 2908,3836 2959,3835 3010,3833 3061,3832 3112,3830 3163,3828 3213,3826 3264,3824 3315,3822 3366,3820 3417,3817 3468,3814 3519,3811"/>
                <TextEquiv>
                    <Unicode>Pauwils tage der heiligen czwelfboten</Unicode>
                </TextEquiv>
            </TextLine>
            <TextEquiv>
                <Unicode>Wir der burgermeister, ratlute unde di burger gemeinlich der stat czu Rychenbach bekennen unde tun kunt offinllich mit desim brife allen den, di in sehen adir horen lesin, wann der hochgeborne furste und herre her&#xD;
Bolke, herczoge von Slezien und herre czu Furstenberg, czur Swidnicz unde czu dem Jawor, unser lieber genediger herre, mit wolbedachtem mute unde mit rate seiner getruwen manne angeschen hat di besundere&#xD;
fruntschaft unde liebe und ouch di sundirliche truwe do mite er di allirdurchluchtigste furstinne unde frawe frawen Anna Romische kunginne czu allen cziten mererinne des richs und kunginne czu Behem etwenne seliger ge¬&#xD;
dechtnisse herczogen Heinrichis unsers herren sines brudir tochtir unser genedge frawe begriffen hat und van angeborner gute stetetlichen meinet und hat ir der obgenanten unser frawen und ires leibes erben beides geslechts&#xD;
di sie mit dem allirdurchluchtigstem fursten unde herren hern Karl Romischem kunge czu allen cziten merer des richs und kunge czu Behem gewinnet alle seine furstentum herczogtum und herschefte czu der Swidnicz und&#xD;
zu dem Jawor mit allen andern steten festen und czugehorungen verschriben und vermache in alle der mazze als in seiner furstenlichen brifen da nach begriffen und beschreben ist in semlichem luthe wir Bolke van Gots&#xD;
gnaden herczoge van Slezien herre czu Furstenberg czu der Swidnicz und czu dem Jawor bekennen unde tun kunt offinlich mit desin brife allen den di in sehen adir horen lesen das wir haben angeschen di sunderliche&#xD;
gnade unde frantliche gunst des allirdurchluchtigsten fursten unde heren hern Karls Romischen kungis czu allen cziten merer des richs und kungis czu Behem unsirs lieben genedigen herren die her uns und unsern ge¬&#xD;
schlechte bewiset hat mit der konschaft der geschehen ist czwischen e man eyme teil unde der durchluchtigen furstinne frawen Annen der Romischen kunginne und kunginne zu Behem unsir lieben frawen und mumen etwenne&#xD;
herczogen heinvichts seligen unsirs brudir tochtir an dem andern unde darumb geben machen und verschriebn wir der obgenante unsir lieben frawen und mumen als einer kunginne czu Behem und eres leibes erben di sie mit dem&#xD;
obgenanten unsirm heren dem kunge haben wirdet unser herczogetum furstentum und herschaft czu der Swidnicz und czu dem Jawor mit den stetten Swidnicz Stregom Hayn landishute Ruchenbach Nympcz Jawor Laweinberg&#xD;
Hirsperg Bunczlau und Czoboten mit den festen und merkten Griffinstein Griffinberg Len Cchonov Kliczchdorf Hornsperg und Kinsperg mit alle mannen manschaften lehen lenhenscheften verlehenten guten gerichten Czol¬&#xD;
len muntczen cinden gulden kreizzen wichpilden kirthlehen pfrimden und Gots gaben welden puschen bergen glichten wazzern wazzirslouften molen wesin weiden geieyde vogihveide rechten nüczten gewohnheiten&#xD;
und allen czugehorungen wi man di gennenen mag mit sunderlichen wocten wichtiznicht vszunemen in allir der mazze als wir is yczunt haben und her nach mit rechte czu uns brengen mochten insulebiv bescheidenheit bei das&#xD;
sache das eir van Gots verhenknisse also verscheiden das wir eliche leibes erben mannes geslechte hinder uns nicht lazsen das dann di obgnante unsir genedige frawe und liebe mume und wes leibes erben di sie mit unsirm her&#xD;
von dem kunge haben wirdt als do vor geschrieben stet di selben unsere herczogetum furstentum herschefte Lant Lüthe und aller andir czugehorunge als do vor beschrieben ist erben und besiczen sal genczlichen ungehindert unde do&#xD;
mite tun und laszen nach freir willekur als mit irem rechten erbe unschedelich doch der hochgebornn furstinne frawen Agnisen unsir elichen wirtinne in irme liebgedinge wenn si alle di vorgenante furstentum Lant und herschefte&#xD;
mit allen nüczten haben und besiczten sal nur czu iren lebtagen were abir das wir mit gnaden Gots eliche leibes erben mames geslechte gewunnen so sullen di selben unsir erben der obgenanten unsir frawen und mumen und ires leibes&#xD;
erben absie nicht were czehentusent schog grazzir pfenninge pregischer münczte mit gereitem gelde berichten und bezahlen adn festen Lewinberg und Bunczlaw mit iren wicgpilden festen rechten nuczten und zugehorunge&#xD;
czu rechten pfande seczten als lange uncz das sie di obgenanten czehentusent schog genczlich berichten und beczalen unde da mite sulte denne di selben unsir erben bei den vorgenante unsern furstentum herscheften und landen unge&#xD;
hindert bleiben were ouch das wir eliche leibes erben mames geslechte nicht hetten und doch tochtir liezzen so sullen di obgenanten unsir liebe genedige frawe adir ires leibes erben di si mit unsirm heren dem kunge gewinnet ytlicher&#xD;
unsir tochtir czehentusent schog grozzer pfenninge geben und si bestaten noch rechten gewohnheit als gebornenr fursten kinder ouch haben wir gelobt und geteidinget bei das sache das di obgenante unsir eliche wirtinne unsirn tot&#xD;
gelebte das si danne nach der czit unsirs todis keynen burggranen pfleger adir amptman auf festen hüsern in steten adir in landen verkeren adir verwandiln sol es si danne das sie einen bedirman der do glich gut und gewizz&#xD;
sei dem ersten an sein stat seczte an dem der obgenanten unsir frawen adir iren erben moge billich genugen unde das der selbe czu vor sich aller gelubde eyde und truwen verbuuben habe der obgennante unsir frawen der kuniginne adir iren&#xD;
erben gelech seinem vorfaren an des stat her gesecztet wirdet were ouch das di obgennante unsir genedige frawe und liebe mume wartende des obgenanten annen alles c wanne sie ingewer meme also sturbe das si leibes erben mit dem&#xD;
obgennante unsirm heren nicht gewinne so sullen alle man ritter knechte burggewinnen burger und alle lantfezzen allir der obgenannten eyde und gelubde ledig sein doch insulcher bescheidenheit das dem obgennanten unsirm heren dem&#xD;
kunge und seinen erben das obgenante egelt und heinnsteur der obgenanten czehentusent schog genallen sal adir mit pfande gesichurt wenden in alle der mazse als do vor begrissin ist das sy do mite tun und lazsen nach&#xD;
freir willekur unde das geben wenn si wollen were ouch das si obgenante unsir genedige frawe und liebe mume den obgenanten unsirn heren den kunig obir lebte unde eynen andirn man neme an unsern dank&#xD;
unde willen so sullen beide si und der man und alle kint si sy mi tein gewinnet in den obgenanten unsir furstentum und herscheften nichtes haben ouch ist gerech und geteidingt das si obgenante insir frawe di kun¬&#xD;
ginne und unsir liebe mume noch ymand van iren wegen uns unsir erben mannes geslechte umb keynirlei erbeteil adir umb keine adir sache anreden adir ansprechen sullen andirs wenn do vor geschriben ist ouch&#xD;
meyne und wollen wir sei das sache das uns chaftege not antreten wirdet umb gefengnisse krick adir andir geschichte unsir adir unsir mame ere adir liep czu lozsen das wir denn der selben unsir firstentum&#xD;
lant und Lute gewaldig sein czu tun und czu lazsen doch in guten trewen und an alle geverde vor noch sint dem mal das uns der obgenante genedig herre mit sulchen synen gnaden gunstlich und fruntlich begrif&#xD;
sein hat so geloben und wollen wir im mit guten truwen an geverde beistendig und behulsin sin wedir allimeeneglich nimande vsczumemen und in mymmir undir wegen vzu lozsen mit liebe noch mit gute und alle seine&#xD;
viende sullen unsir viende sin und meynen und wollen ouch keyne sine wedirsachen adir viende Cristen juden adir heyden in unsern landen husen hofen halden adir vorteidingen di wedir das recht sin und recht nicht&#xD;
tun wollen di gunnen wir im und synen amptlüten das si di selben angriffin und rechtnertugen sullen und mogen wo si der bekomen in alle unsern herscheften und landen mit urkunde dizz brifes versegilt mit un¬&#xD;
sirm grozsen ingesigil der gegeben ist czu der Swidnicz nach Crists geburt dricenhundirt in dem dryumdfunfzigsten jare an der nesten mitwoche noch sente Petir und Pauwils tage der heiligen czwelfboten do van&#xD;
durch sunderlichen gebot des obgenanten fursten und heren herczoge Bolken unsirs lieben genedigen heren der uns das geboten und geheisen hat mit lewendir stymme und in offinbar kegemuortikeit syner edlen getriwen&#xD;
manne so haben wir mit wolbedochtem mute mit worte gunft wissen und willen der ganczen gemeynschaft allir unsir miteburg der obgenanten allirdurchtigsten furstinne der Romischen kunginne und czu Behem frawe&#xD;
Annan unsir genedigen frawen und iren leibes erben di si mit dem obgenanten fursten und heren kunig Karl wem elichen wirthe gewinnet gehuldit gelobt und gesworn hulden geloben und swern das wir wenn is czu sulchen schulden ko¬&#xD;
met als do vor geschriben stet in unsirs heren herczoge Bolken brife i rund den selben ires leibes erben  wenn si mit hulfe Gots di gewinnet getruwe gehorsam wartende und undirtenig sin wollen als unsir naturlichir ind angebor¬&#xD;
ner herschaft in allen den punkten meynnuge und artikiln und in allir der mazze als des obgenanten unsirs heren herczog Bolken brife sprechen usgenomen doch den artikil der czu dem leisten in dem selben brife stet umb di hulfe&#xD;
di beide der obgenante kunig Karl und ouch unsir herre herczoge Bolke ein andir tuhen und leisten sullen wann uns di selben gelubde nicht anegen und czu den andern unsern sachen da auf wir gehuldit und gesworn haben nicht geho¬&#xD;
ret mit urkunde dis brifes versegilt mit insir stat ingesigil der gegebin ist czu der Swidnicz nach Crists geburt driczenhundirt unde dar noch in dem dryunfunfczigsten jare des nehsten samstages nach sente Petirs unde&#xD;
Pauwils tage der heiligen czwelfboten</Unicode>
            </TextEquiv>
        </TextRegion>
    </Page>
</PcGts>
