<?xml version="1.0" encoding="UTF-8" standalone="yes"?>
<PcGts xmlns="http://schema.primaresearch.org/PAGE/gts/pagecontent/2013-07-15" xmlns:xsi="http://www.w3.org/2001/XMLSchema-instance" xsi:schemaLocation="http://schema.primaresearch.org/PAGE/gts/pagecontent/2013-07-15 http://schema.primaresearch.org/PAGE/gts/pagecontent/2013-07-15/pagecontent.xsd">
    <Metadata>
        <Creator>TRP</Creator>
        <Created>2019-06-05T14:21:48.073+02:00</Created>
        <LastChange>2019-06-05T14:21:48.073+02:00</LastChange>
        <TranskribusMetadata docId="169913" pageId="6426525" pageNr="2" tsid="10831862" status="NEW" userId="36516" imgUrl="https://files.transkribus.eu/Get?id=UMOFALSLEHUGOATGYZSDFKDA&amp;fileType=view" xmlUrl="https://files.transkribus.eu/Get?id=WYOYHZZNCMKOCBPZZCITZMSY" imageId="3818619"/>
    </Metadata>
    <Page imageFilename="NA-ACK_13960606_01315_v.jpg" imageWidth="7938" imageHeight="4525"/>
</PcGts>
