<?xml version="1.0" encoding="UTF-8" standalone="yes"?>
<PcGts xmlns="http://schema.primaresearch.org/PAGE/gts/pagecontent/2013-07-15" xmlns:xsi="http://www.w3.org/2001/XMLSchema-instance" xsi:schemaLocation="http://schema.primaresearch.org/PAGE/gts/pagecontent/2013-07-15 http://schema.primaresearch.org/PAGE/gts/pagecontent/2013-07-15/pagecontent.xsd">
    <Metadata>
        <Creator>prov=University of Rostock/Institute of Mathematics/CITlab/Tobias Gruening/tobias.gruening@uni-rostock.de:name=/net_tf/LA73_249_0mod360.pb:de.uros.citlab.segmentation.CITlab_LA_ML:v=2.4.2
TRP</Creator>
        <Created>2019-09-18T13:56:41.475+02:00</Created>
        <LastChange>2019-11-12T16:46:16.192+01:00</LastChange>
        <TranskribusMetadata docId="212812" pageId="9133704" pageNr="1" tsid="19274273" status="IN_PROGRESS" userId="40502" imgUrl="https://files.transkribus.eu/Get?id=DCIGGKHKDUCTYLOBAYKFXJWH&amp;fileType=view" xmlUrl="https://files.transkribus.eu/Get?id=HXVUMGNNCRFTUVHJEXEZNNJL" imageId="5898628"/>
    </Metadata>
    <Page imageFilename="NA-ACK_14540306_01589_M.jpg" imageWidth="3000" imageHeight="2365">
        <ReadingOrder>
            <OrderedGroup id="ro_1575392287398" caption="Regions reading order">
                <RegionRefIndexed index="0" regionRef="r1"/>
            </OrderedGroup>
        </ReadingOrder>
        <TextRegion orientation="0.0" id="r1" custom="readingOrder {index:0;}">
            <Coords points="529,103 523,1085 2208,1087 2214,105"/>
            <TextLine id="r1l2" custom="readingOrder {index:0;} person {offset:4; length:9;} person {offset:110; length:24; continued:true;} place {offset:130; length:4; continued:true;}">
                <Coords points="640,410 698,411 756,411 815,411 873,412 932,412 990,412 1048,412 1107,411 1165,411 1224,411 1282,411 1340,411 1399,411 1457,411 1516,412 1574,412 1632,413 1691,415 1749,416 2216,419 2225,165 1748,132 1693,364 1632,383 1583,367 1522,365 1455,365 1399,381 1340,381 1240,367 1185,356 1201,237 1188,238 1113,215 1079,218 1055,212 1027,210 936,185 912,150 824,106 505,100"/>
                <Baseline points="640,400 698,401 756,401 815,401 873,402 932,402 990,402 1048,402 1107,401 1165,401 1224,401 1282,401 1340,401 1399,401 1457,401 1516,402 1576,407 1630,406 1691,405 1749,406 2197,421"/>
                <TextEquiv>
                    <Unicode>Nos Elizabeth, quondam serenissimi principis, domini et genitoris nostri carissimi, dive reminiscencie domini Alberti, romanorum, Hun¬</Unicode>
                </TextEquiv>
            </TextLine>
            <TextLine id="r1l5" custom="readingOrder {index:1;} person {offset:0; length:75; continued:true;} place {offset:0; length:5; continued:true;} place {offset:7; length:7;} place {offset:38; length:7;} place {offset:58; length:7;} place {offset:100; length:7;} place {offset:122; length:9;}">
                <Coords points="703,439 798,438 872,436 946,435 1020,435 1094,434 1168,434 1241,435 1315,435 1389,436 1463,437 1537,438 1611,439 1685,441 1758,442 1832,443 1906,445 1980,446 2054,448 2128,449 2202,451 2202,421 2128,419 2054,418 1980,416 1906,415 1832,413 1758,412 1685,411 1611,409 1537,408 1463,407 1389,406 1315,405 1241,405 1168,404 1094,404 1020,405 946,405 872,406 798,408 703,409"/>
                <Baseline points="725,429 798,428 872,426 946,425 1020,425 1094,424 1168,424 1241,425 1315,425 1389,426 1463,427 1537,428 1611,429 1685,431 1758,432 1832,433 1906,435 1980,436 2054,438 2128,439 2202,441"/>
                <TextEquiv>
                    <Unicode>garie, Bohemie et cetera regis, ducis Austrie, marchionis Moravie et cetera, nata, Deigracia regina Polonie, magnaducissa Lithwanie et cetera, recognoscimus pro nobis heredi¬</Unicode>
                </TextEquiv>
            </TextLine>
            <TextLine id="r1l6" custom="readingOrder {index:2;}">
                <Coords points="725,464 798,463 872,462 946,461 1020,461 1093,461 1167,461 1241,461 1315,461 1388,462 1462,463 1536,464 1610,465 1683,466 1757,468 1831,469 1905,471 1978,473 2052,475 2126,477 2200,478 2200,448 2126,447 2052,445 1978,443 1905,441 1831,439 1757,438 1683,436 1610,435 1536,434 1462,433 1388,432 1315,431 1241,431 1167,431 1093,431 1020,431 946,431 872,432 798,433 725,434"/>
                <Baseline points="725,454 798,453 872,452 946,451 1020,451 1093,451 1167,451 1241,451 1315,451 1388,452 1462,453 1536,454 1610,455 1683,456 1757,458 1831,459 1905,461 1978,463 2052,465 2126,467 2200,468"/>
                <TextEquiv>
                    <Unicode>bus et successoribus posteritate nostris tenore presencium significantes, quibus expedit universis, quod quemadmodum illustrissimus princeps, dominus ac </Unicode>
                </TextEquiv>
            </TextLine>
            <TextLine id="r1l7" custom="readingOrder {index:3;} person {offset:0; length:103;} place {offset:11; length:8;} place {offset:21; length:7;} place {offset:30; length:8;} place {offset:40; length:7;} place {offset:67; length:7;} place {offset:86; length:7;}">
                <Coords points="720,491 805,490 879,489 953,489 1027,488 1101,488 1174,487 1248,487 1322,488 1396,488 1470,489 1543,489 1617,491 1691,492 1765,493 1839,495 1912,497 1986,500 2060,502 2134,505 2208,508 2208,478 2134,475 2060,472 1986,470 1912,467 1839,465 1765,463 1691,462 1617,461 1543,459 1470,459 1396,458 1322,458 1248,457 1174,457 1101,458 1027,458 953,459 879,459 805,460 720,461"/>
                <Baseline points="732,481 805,480 879,479 953,479 1027,478 1101,478 1174,477 1248,477 1322,478 1396,478 1470,479 1543,479 1617,481 1691,482 1765,483 1839,485 1912,487 1986,490 2060,492 2134,495 2208,498"/>
                <TextEquiv>
                    <Unicode>Ladislaus, Hungarie, Bohemie, Dalmacie, Croacie et cetera rex, dux Austrie marchioque Moravie et cetera, dominus et germanus noster carissimus, matura inter se deliberacione pre¬</Unicode>
                </TextEquiv>
            </TextLine>
            <TextLine id="r1l8" custom="readingOrder {index:4;} place {offset:115; length:14;} place {offset:133; length:15;}">
                <Coords points="719,520 802,518 876,517 950,516 1024,515 1098,514 1172,514 1246,514 1320,514 1394,514 1468,515 1542,516 1616,517 1690,518 1764,520 1838,522 1912,523 1986,526 2060,528 2134,531 2208,534 2208,504 2134,501 2060,498 1986,496 1912,493 1838,492 1764,490 1690,488 1616,487 1542,486 1468,485 1394,484 1320,484 1246,484 1172,484 1098,484 1024,485 950,486 876,487 802,488 719,490"/>
                <Baseline points="728,510 802,508 876,507 950,506 1024,505 1098,504 1172,504 1246,504 1320,504 1394,504 1468,505 1542,506 1616,507 1690,508 1764,510 1838,512 1912,513 1986,516 2060,518 2134,521 2208,524"/>
                <TextEquiv>
                    <Unicode>habita pluriumque adhoc principum suorum ecclesiasticorum et temporalium, prelatorum, comitum, militum et procerum regni Hungarie et ducatus Austrie, </Unicode>
                </TextEquiv>
            </TextLine>
            <TextLine id="r1l9" custom="readingOrder {index:5;} person {offset:103; length:46; continued:true;} place {offset:118; length:7;} place {offset:144; length:5; continued:true;}">
                <Coords points="723,548 796,546 870,545 944,543 1018,542 1091,541 1165,541 1239,541 1313,541 1386,541 1460,542 1534,543 1608,544 1681,545 1755,547 1829,549 1903,550 1976,552 2050,554 2124,557 2198,559 2198,529 2124,527 2050,524 1976,522 1903,520 1829,519 1755,517 1681,515 1608,514 1534,513 1460,512 1386,511 1313,511 1239,511 1165,511 1091,511 1018,512 944,513 870,515 796,516 723,518"/>
                <Baseline points="723,538 796,536 870,535 944,533 1018,532 1091,531 1165,531 1239,531 1313,531 1386,531 1460,532 1534,533 1608,534 1681,535 1755,537 1829,539 1903,540 1976,542 2050,544 2124,547 2198,549"/>
                <TextEquiv>
                    <Unicode>nonnullorum aliorum subditorum et fidelium suorum accedente consilio nos illustrissimo principi domino Kazimiro, regi Polonie, supremo principi Lith¬</Unicode>
                </TextEquiv>
            </TextLine>
            <TextLine id="r1l10" custom="readingOrder {index:6;} person {offset:0; length:32; continued:true;} place {offset:0; length:5; continued:true;} place {offset:16; length:6;}">
                <Coords points="729,576 802,573 876,571 949,569 1023,567 1097,567 1170,566 1244,566 1318,567 1391,567 1465,568 1539,570 1612,571 1686,573 1760,575 1833,576 1907,578 1981,580 2054,582 2128,583 2202,585 2202,555 2128,553 2054,552 1981,550 1907,548 1833,546 1760,545 1686,543 1612,541 1539,540 1465,538 1391,537 1318,537 1244,536 1170,536 1097,537 1023,537 949,539 876,541 802,543 729,546"/>
                <Baseline points="729,566 802,563 876,561 949,559 1023,557 1097,557 1170,556 1244,556 1318,557 1391,557 1465,558 1539,560 1612,561 1686,563 1760,565 1833,566 1907,568 1981,570 2054,572 2128,573 2202,575"/>
                <TextEquiv>
                    <Unicode>wanie et heredi Russie et cetera, domino et conthorali nostro carissimo, desponsaverit et nuptui tradiderit sueque dileccioni et nobis pro dote sub certis ter¬</Unicode>
                </TextEquiv>
            </TextLine>
            <TextLine id="r1l11" custom="readingOrder {index:7;} place {offset:106; length:7;} place {offset:127; length:6;}">
                <Coords points="723,603 796,601 870,598 944,596 1018,594 1092,593 1166,593 1239,593 1313,593 1387,594 1461,595 1535,596 1609,597 1683,599 1756,600 1830,602 1904,604 1978,605 2052,607 2126,609 2209,610 2209,580 2126,579 2052,577 1978,575 1904,574 1830,572 1756,570 1683,569 1609,567 1535,566 1461,565 1387,564 1313,563 1239,563 1166,563 1092,563 1018,564 944,566 870,568 796,571 723,573"/>
                <Baseline points="723,593 796,591 870,588 944,586 1018,584 1092,583 1166,583 1239,583 1313,583 1387,584 1461,585 1535,586 1609,587 1683,589 1756,590 1830,592 1904,594 1978,595 2052,597 2126,599 2200,600"/>
                <TextEquiv>
                    <Unicode>minis dare promiserit et se astrinxerit centum milia florenorum pro eo et nos exaduerso omni juri ducatus Austrie sub et supra Anasum ceterorumque</Unicode>
                </TextEquiv>
            </TextLine>
            <TextLine id="r1l12" custom="readingOrder {index:8;} place {offset:20; length:6;} place {offset:28; length:9;} place {offset:41; length:8;} place {offset:61; length:7;}">
                <Coords points="721,628 794,626 868,624 942,622 1016,621 1089,620 1163,620 1237,619 1311,619 1384,620 1458,620 1532,621 1606,622 1679,624 1753,625 1827,627 1901,630 1974,632 2048,634 2122,636 2196,639 2196,609 2122,606 2048,604 1974,602 1901,600 1827,597 1753,595 1679,594 1606,592 1532,591 1458,590 1384,590 1311,589 1237,589 1163,590 1089,590 1016,591 942,592 868,594 794,596 721,598"/>
                <Baseline points="721,618 794,616 868,614 942,612 1016,611 1089,610 1163,610 1237,609 1311,609 1384,610 1458,610 1532,611 1606,612 1679,614 1753,615 1827,617 1901,620 1974,622 2048,624 2122,626 2196,629"/>
                <TextEquiv>
                    <Unicode>ducatuum, videlicet Stirie, Carinthie et Carniole, comitatus Tirolis aliorumque ducatuum et dominiorum, civitatum, castrorum et posessionum ad eosdem</Unicode>
                </TextEquiv>
            </TextLine>
            <TextLine id="r1l13" custom="readingOrder {index:9;} place {offset:59; length:4;} place {offset:95; length:6;} place {offset:112; length:4;} place {offset:121; length:7;}">
                <Coords points="711,655 802,652 875,650 949,648 1022,647 1096,646 1169,646 1243,646 1316,646 1390,646 1463,647 1536,648 1610,649 1683,651 1757,653 1830,654 1904,657 1977,659 2051,662 2124,665 2198,667 2198,637 2124,635 2051,632 1977,629 1904,627 1830,624 1757,623 1683,621 1610,619 1536,618 1463,617 1390,616 1316,616 1243,616 1169,616 1096,616 1022,617 949,618 875,620 802,622 711,625"/>
                <Baseline points="729,645 802,642 875,640 949,638 1022,637 1096,636 1169,636 1243,636 1316,636 1390,636 1463,637 1536,638 1610,639 1683,641 1757,643 1830,644 1904,647 1977,649 2051,652 2124,655 2198,657"/>
                <TextEquiv>
                    <Unicode>spectancium quocumque nomine vocitatorum tam cittra montes Arll et feren, quam ultra eosdem in Sweuia, partibus Reni vel Elsacie existentes, hac¬</Unicode>
                </TextEquiv>
            </TextLine>
            <TextLine id="r1l14" custom="readingOrder {index:10;} place {offset:45; length:7;} person {offset:143; length:9; continued:true;}">
                <Coords points="719,682 801,679 874,678 947,676 1020,675 1093,673 1166,673 1238,672 1311,672 1384,672 1457,673 1530,673 1603,674 1676,676 1748,678 1821,680 1894,682 1967,685 2040,688 2113,692 2186,695 2186,665 2113,662 2040,658 1967,655 1894,652 1821,650 1748,648 1676,646 1603,644 1530,643 1457,643 1384,642 1311,642 1238,642 1166,643 1093,643 1020,645 947,646 874,648 801,649 719,652"/>
                <Baseline points="729,672 801,669 874,668 947,666 1020,665 1093,663 1166,663 1238,662 1311,662 1384,662 1457,663 1530,663 1603,664 1676,666 1748,668 1821,670 1894,672 1967,675 2040,678 2113,682 2186,685"/>
                <TextEquiv>
                    <Unicode>tenus ad nos devolutorum vel in quibuscumque Almanie partibus imposterum ad nos devoluendorum, erga dictum dominum et germanum nostrum dominum Ladislaum</Unicode>
                </TextEquiv>
            </TextLine>
            <TextLine id="r1l15" custom="readingOrder {index:11;} person {offset:0; length:28; continued:true;} place {offset:21; length:7;} place {offset:92; length:7;}">
                <Coords points="730,707 803,706 876,704 949,702 1022,701 1095,700 1168,699 1241,699 1314,698 1387,698 1460,698 1533,699 1606,700 1679,701 1752,703 1825,706 1898,708 1971,711 2044,715 2117,719 2191,724 2191,694 2117,689 2044,685 1971,681 1898,678 1825,676 1752,673 1679,671 1606,670 1533,669 1460,668 1387,668 1314,668 1241,669 1168,669 1095,670 1022,671 949,672 876,674 803,676 730,677"/>
                <Baseline points="730,697 803,696 876,694 949,692 1022,691 1095,690 1168,689 1241,689 1314,688 1387,688 1460,688 1533,689 1606,690 1679,691 1752,693 1825,696 1898,698 1971,701 2044,705 2117,709 2191,714"/>
                <TextEquiv>
                    <Unicode>regem, tamquam ducem Austrie aut eo non existente neque heredes masculos, sed ipsum ducatum Austrie intestatum aut alias non alienatum post se re¬</Unicode>
                </TextEquiv>
            </TextLine>
            <TextLine id="r1l16" custom="readingOrder {index:12;} person {offset:58; length:83;} place {offset:116; length:7;} place {offset:125; length:6;}">
                <Coords points="720,735 793,734 866,733 939,731 1012,730 1085,729 1158,728 1231,727 1304,726 1377,726 1450,726 1523,726 1596,726 1669,727 1742,729 1815,730 1888,733 1961,736 2034,740 2107,744 2197,749 2197,719 2107,714 2034,710 1961,706 1888,703 1815,700 1742,699 1669,697 1596,696 1523,696 1450,696 1377,696 1304,696 1231,697 1158,698 1085,699 1012,700 939,701 866,703 793,704 720,705"/>
                <Baseline points="720,725 793,724 866,723 939,721 1012,720 1085,719 1158,718 1231,717 1304,716 1377,716 1450,716 1523,716 1596,716 1669,717 1742,719 1815,720 1888,723 1961,726 2034,730 2107,734 2180,740"/>
                <TextEquiv>
                    <Unicode>linquentem, extunc erga serenissimum principem et dominum Fredericum, romanorum imperatorem, semper augustum, ducem Austrie, Stirie et cetera, ac illustres</Unicode>
                </TextEquiv>
            </TextLine>
            <TextLine id="r1l17" custom="readingOrder {index:13;} person {offset:10; length:8;} person {offset:22; length:11;}">
                <Coords points="718,762 790,761 863,760 936,758 1008,757 1081,756 1154,755 1226,754 1299,753 1372,753 1445,753 1517,753 1590,753 1663,754 1735,755 1808,757 1881,759 1953,762 2026,765 2099,769 2172,774 2172,744 2099,739 2026,735 1953,732 1881,729 1808,727 1735,725 1663,724 1590,723 1517,723 1445,723 1372,723 1299,723 1226,724 1154,725 1081,726 1008,727 936,728 863,730 790,731 718,732"/>
                <Baseline points="718,752 790,751 863,750 936,748 1008,747 1081,746 1154,745 1226,744 1299,743 1372,743 1445,743 1517,743 1590,743 1663,744 1735,745 1808,747 1881,749 1953,752 2026,755 2099,759 2172,764"/>
                <TextEquiv>
                    <Unicode>principes Albertum et Sigismundum, similiter duces pretactorum ducatuum, patruos nostros, et omnes eorum heredes et posteros nominis de domo</Unicode>
                </TextEquiv>
            </TextLine>
            <TextLine id="r1l18" custom="readingOrder {index:14;}">
                <Coords points="706,791 780,789 855,787 930,785 1005,784 1080,783 1154,782 1229,781 1304,781 1379,780 1454,780 1528,781 1603,781 1678,782 1753,784 1828,786 1902,788 1977,790 2052,793 2127,797 2202,801 2202,771 2127,767 2052,763 1977,760 1902,758 1828,756 1753,754 1678,752 1603,751 1528,751 1454,750 1379,750 1304,751 1229,751 1154,752 1080,753 1005,754 930,755 855,757 780,759 706,761"/>
                <Baseline points="706,781 780,779 855,777 930,775 1005,774 1080,773 1154,772 1229,771 1304,771 1379,770 1454,770 1528,771 1603,771 1678,772 1753,774 1828,776 1902,778 1977,780 2052,783 2127,787 2202,791"/>
                <TextEquiv>
                    <Unicode>Austrie masculini sexus duntaxat omniumque bonorum et rerum mobilium, clenodiorum argenteariorum sive iocalium quorumcumque nullo dempto, que pro</Unicode>
                </TextEquiv>
            </TextLine>
            <TextLine id="r1l19" custom="readingOrder {index:15;}">
                <Coords points="713,817 786,815 860,813 934,812 1008,810 1081,809 1155,808 1229,807 1303,807 1376,807 1450,807 1524,807 1598,808 1671,809 1745,810 1819,812 1893,815 1966,817 2040,821 2114,825 2188,829 2188,799 2114,795 2040,791 1966,787 1893,785 1819,782 1745,780 1671,779 1598,778 1524,777 1450,777 1376,777 1303,777 1229,777 1155,778 1081,779 1008,780 934,782 860,783 786,785 713,787"/>
                <Baseline points="713,807 786,805 860,803 934,802 1008,800 1081,799 1155,798 1229,797 1303,797 1376,797 1450,797 1524,797 1598,798 1671,799 1745,800 1819,802 1893,805 1966,807 2040,811 2114,815 2188,819"/>
                <TextEquiv>
                    <Unicode>nunc possident aut imposterum acquirere poterint, renuncciamus immo excerta sciencia et favore prenominati domini conthoralis nostri renuncciauimus, nullam</Unicode>
                </TextEquiv>
            </TextLine>
            <TextLine id="r1l20" custom="readingOrder {index:16;}">
                <Coords points="712,844 785,842 859,840 933,839 1007,837 1081,836 1155,835 1228,834 1302,834 1376,833 1450,833 1524,834 1598,834 1672,835 1745,837 1819,839 1893,841 1967,844 2041,848 2115,852 2199,858 2199,828 2115,822 2041,818 1967,814 1893,811 1819,809 1745,807 1672,805 1598,804 1524,804 1450,803 1376,803 1302,804 1228,804 1155,805 1081,806 1007,807 933,809 859,810 785,812 712,814"/>
                <Baseline points="712,834 785,832 859,830 933,829 1007,827 1081,826 1155,825 1228,824 1302,824 1376,823 1450,823 1524,824 1598,824 1672,825 1745,827 1819,829 1893,831 1967,834 2041,838 2115,842 2189,847"/>
                <TextEquiv>
                    <Unicode>amodo penitus accionem nos sive heredes nostri per se vel alium erga prenominatos duces germanum et patruos nostros ipsorumque heredes masculini sexus</Unicode>
                </TextEquiv>
            </TextLine>
            <TextLine id="r1l21" custom="readingOrder {index:17;}">
                <Coords points="712,870 785,869 858,868 931,867 1004,866 1077,865 1150,864 1224,863 1297,862 1370,862 1443,862 1516,862 1589,863 1662,864 1736,865 1809,867 1882,869 1955,872 2028,875 2101,880 2175,884 2175,854 2101,850 2028,845 1955,842 1882,839 1809,837 1736,835 1662,834 1589,833 1516,832 1443,832 1370,832 1297,832 1224,833 1150,834 1077,835 1004,836 931,837 858,838 785,839 712,840"/>
                <Baseline points="712,860 785,859 858,858 931,857 1004,856 1077,855 1150,854 1224,853 1297,852 1370,852 1443,852 1516,852 1589,853 1662,854 1736,855 1809,857 1882,859 1955,862 2028,865 2101,870 2175,874"/>
                <TextEquiv>
                    <Unicode>pro prenominatis ducatibus terris ceterisque, ut premittitur per nos renuncciatis, ullo umquam tempore sub reginali nostra dignitate et fidei puritate heredes</Unicode>
                </TextEquiv>
            </TextLine>
            <TextLine id="r1l22" custom="readingOrder {index:18;} place {offset:129; length:7;}">
                <Coords points="712,898 785,897 858,895 931,894 1004,893 1077,892 1150,891 1224,890 1297,889 1370,888 1443,888 1516,889 1589,889 1662,890 1736,892 1809,894 1882,896 1955,900 2028,903 2101,908 2191,912 2191,882 2101,878 2028,873 1955,870 1882,866 1809,864 1736,862 1662,860 1589,859 1516,859 1443,858 1370,858 1297,859 1224,860 1150,861 1077,862 1004,863 931,864 858,865 785,867 712,868"/>
                <Baseline points="712,888 785,887 858,885 931,884 1004,883 1077,882 1150,881 1224,880 1297,879 1370,878 1443,878 1516,879 1589,879 1662,880 1736,882 1809,884 1882,886 1955,890 2028,893 2101,898 2175,903"/>
                <TextEquiv>
                    <Unicode>volentes in quoquam indico spirituali vel seculari vel alias quovismodo. Si autem prenominatos germanum et patruos nostros duces Austrie here¬</Unicode>
                </TextEquiv>
            </TextLine>
            <TextLine id="r1l23" custom="readingOrder {index:19;}">
                <Coords points="705,927 779,925 853,923 927,921 1001,920 1075,918 1149,917 1223,916 1297,916 1371,916 1446,916 1520,916 1594,917 1668,919 1742,920 1816,923 1890,925 1964,929 2038,933 2112,938 2196,943 2196,913 2112,908 2038,903 1964,899 1890,895 1816,893 1742,890 1668,889 1594,887 1520,886 1446,886 1371,886 1297,886 1223,886 1149,887 1075,888 1001,890 927,891 853,893 779,895 705,897"/>
                <Baseline points="705,917 779,915 853,913 927,911 1001,910 1075,908 1149,907 1223,906 1297,906 1371,906 1446,906 1520,906 1594,907 1668,909 1742,910 1816,913 1890,915 1964,919 2038,923 2112,928 2187,933"/>
                <TextEquiv>
                    <Unicode>des ipsorum totamque genologiam domus Austrie ab humanis discedere contigerit, nullo herede masculini sexus post se relicto, quod deus auertat, qu¬</Unicode>
                </TextEquiv>
            </TextLine>
            <TextLine id="r1l24" custom="readingOrder {index:20;}">
                <Coords points="709,954 785,953 858,951 932,950 1005,948 1078,947 1152,946 1225,945 1298,944 1372,944 1445,944 1518,944 1592,945 1665,947 1738,948 1812,951 1885,954 1958,957 2032,961 2105,966 2179,972 2179,942 2105,936 2032,931 1958,927 1885,924 1812,921 1738,918 1665,917 1592,915 1518,914 1445,914 1372,914 1298,914 1225,915 1152,916 1078,917 1005,918 932,920 858,921 785,923 709,924"/>
                <Baseline points="712,945 785,943 858,941 932,940 1005,938 1078,937 1152,936 1225,935 1298,934 1372,934 1445,934 1518,934 1592,935 1665,937 1738,938 1812,941 1885,944 1958,947 2032,951 2105,956 2179,962"/>
                <TextEquiv>
                    <Unicode>oscumque igitur ducatus, terras sive dominia ab antiquo ad inclitam domum Austrie spectancia improscriptos ac non alienatos post se reliquerit,</Unicode>
                </TextEquiv>
            </TextLine>
            <TextLine id="r1l25" custom="readingOrder {index:21;} person {offset:20; length:16;}">
                <Coords points="682,983 785,982 859,980 933,978 1006,976 1080,975 1154,974 1227,973 1301,973 1375,973 1449,974 1522,974 1596,976 1670,977 1743,979 1817,982 1891,984 1964,988 2038,991 2112,995 2186,1000 2186,970 2112,965 2038,961 1964,958 1891,954 1817,952 1743,949 1670,947 1596,946 1522,944 1449,944 1375,943 1301,943 1227,943 1154,944 1080,945 1006,946 933,948 859,950 785,952 682,953"/>
                <Baseline points="712,975 785,972 859,970 933,968 1006,966 1080,965 1154,964 1227,963 1301,963 1375,963 1449,964 1522,964 1596,966 1670,967 1743,969 1817,972 1891,974 1964,978 2038,981 2112,985 2186,990"/>
                <TextEquiv>
                    <Unicode>in eo nobis prefate Elizabeth regine nostrisque heredibus in successione hereditaria preiudicium fieri non debeat, sed idem ducatus, terre et do¬</Unicode>
                </TextEquiv>
            </TextLine>
            <TextLine id="r1l26" custom="readingOrder {index:22;}">
                <Coords points="719,1011 792,1010 865,1008 938,1008 1011,1007 1084,1005 1157,1005 1231,1004 1304,1004 1377,1004 1450,1004 1523,1004 1596,1005 1669,1006 1743,1008 1816,1010 1889,1013 1962,1016 2035,1020 2108,1024 2182,1029 2182,999 2108,994 2035,990 1962,986 1889,983 1816,980 1743,978 1669,976 1596,975 1523,974 1450,974 1377,974 1304,974 1231,974 1157,975 1084,975 1011,977 938,978 865,978 792,980 719,981"/>
                <Baseline points="719,1001 792,1000 865,998 938,998 1011,997 1084,995 1157,995 1231,994 1304,994 1377,994 1450,994 1523,994 1596,995 1669,996 1743,998 1816,1000 1889,1003 1962,1006 2035,1010 2108,1014 2182,1019"/>
                <TextEquiv>
                    <Unicode>minia ad nos heredesque nostros in sortem una cum aliis filiabus si que supersisterent. Si vero non supersisterent, ad nos tamquam ligittimam</Unicode>
                </TextEquiv>
            </TextLine>
            <TextLine id="r1l27" custom="readingOrder {index:23;}">
                <Coords points="712,1039 785,1037 858,1036 931,1035 1005,1034 1078,1033 1151,1033 1225,1033 1298,1033 1371,1033 1445,1034 1518,1034 1591,1036 1664,1037 1738,1039 1811,1041 1884,1043 1958,1046 2031,1048 2104,1051 2178,1055 2178,1025 2104,1021 2031,1018 1958,1016 1884,1013 1811,1011 1738,1009 1664,1007 1591,1006 1518,1004 1445,1004 1371,1003 1298,1003 1225,1003 1151,1003 1078,1003 1005,1004 931,1005 858,1006 785,1007 712,1009"/>
                <Baseline points="712,1029 785,1027 858,1026 931,1025 1005,1024 1078,1023 1151,1023 1225,1023 1298,1023 1371,1023 1445,1024 1518,1024 1591,1026 1664,1027 1738,1029 1811,1031 1884,1033 1958,1036 2031,1038 2104,1041 2178,1045"/>
                <TextEquiv>
                    <Unicode>heredem debebunt devolui dicta renuncciacione quomodolibet non obstante dolo et fraude semotis quibuslibet. In cuius rei euidens testimonium</Unicode>
                </TextEquiv>
            </TextLine>
            <TextLine id="r1l28" custom="readingOrder {index:24;} place {offset:49; length:8;} date {offset:58; length:87;year:0; day:0; month:0;}">
                <Coords points="707,1066 780,1066 854,1065 927,1065 1001,1064 1074,1064 1148,1064 1221,1064 1295,1064 1368,1064 1442,1064 1516,1065 1589,1065 1663,1067 1736,1069 1810,1070 1883,1073 1957,1076 2030,1079 2104,1082 2178,1087 2178,1057 2104,1052 2030,1049 1957,1046 1883,1043 1810,1040 1736,1039 1663,1037 1589,1035 1516,1035 1442,1034 1368,1034 1295,1034 1221,1034 1148,1034 1074,1034 1001,1034 927,1035 854,1035 780,1036 707,1036"/>
                <Baseline points="707,1056 780,1056 854,1055 927,1055 1001,1054 1074,1054 1148,1054 1221,1054 1295,1054 1368,1054 1442,1054 1516,1055 1589,1055 1663,1057 1736,1059 1810,1060 1883,1063 1957,1066 2030,1069 2104,1072 2178,1077"/>
                <TextEquiv>
                    <Unicode>sigillum nostrum presentibus est appensum. Datum Cracovie feria quarta ipso die cinerum anno Domini millesimoquadringentesimoquinquagesimoquarto.</Unicode>
                </TextEquiv>
            </TextLine>
            <TextEquiv>
                <Unicode>Nos Elizabeth, quondam serenissimi principis, domini et genitoris nostri carissimi, dive reminiscencie domini Alberti, romanorum, Hun¬
garie, Bohemie et cetera regis, ducis Austrie, marchionis Moravie et cetera, nata, Deigracia regina Polonie, magnaducissa Lithwanie et cetera, recognoscimus pro nobis heredi¬
bus et successoribus posteritate nostris tenore presencium significantes, quibus expedit universis, quod quemadmodum illustrissimus princeps, dominus ac 
Ladislaus, Hungarie, Bohemie, Dalmacie, Croacie et cetera rex, dux Austrie marchioque Moravie et cetera, dominus et germanus noster carissimus, matura inter se deliberacione pre¬
habita pluriumque adhoc principum suorum ecclesiasticorum et temporalium, prelatorum, comitum, militum et procerum regni Hungarie et ducatus Austrie, 
nonnullorum aliorum subditorum et fidelium suorum accedente consilio nos illustrissimo principi domino Kazimiro, regi Polonie, supremo principi Lith¬
wanie et heredi Russie et cetera, domino et conthorali nostro carissimo, desponsaverit et nuptui tradiderit sueque dileccioni et nobis pro dote sub certis ter¬
minis dare promiserit et se astrinxerit centum milia florenorum pro eo et nos exaduerso omni juri ducatus Austrie sub et supra Anasum ceterorumque
ducatuum, videlicet Stirie, Carinthie et Carniole, comitatus Tirolis aliorumque ducatuum et dominiorum, civitatum, castrorum et posessionum ad eosdem
spectancium quocumque nomine vocitatorum tam cittra montes Arll et feren, quam ultra eosdem in Sweuia, partibus Reni vel Elsacie existentes, hac¬
tenus ad nos devolutorum vel in quibuscumque Almanie partibus imposterum ad nos devoluendorum, erga dictum dominum et germanum nostrum dominum Ladislaum
regem, tamquam ducem Austrie aut eo non existente neque heredes masculos, sed ipsum ducatum Austrie intestatum aut alias non alienatum post se re¬
linquentem, extunc erga serenissimum principem et dominum Fredericum, romanorum imperatorem, semper augustum, ducem Austrie, Stirie et cetera, ac illustres
principes Albertum et Sigismundum, similiter duces pretactorum ducatuum, patruos nostros, et omnes eorum heredes et posteros nominis de domo
Austrie masculini sexus duntaxat omniumque bonorum et rerum mobilium, clenodiorum argenteariorum sive iocalium quorumcumque nullo dempto, que pro
nunc possident aut imposterum acquirere poterint, renuncciamus immo excerta sciencia et favore prenominati domini conthoralis nostri renuncciauimus, nullam
amodo penitus accionem nos sive heredes nostri per se vel alium erga prenominatos duces germanum et patruos nostros ipsorumque heredes masculini sexus
pro prenominatis ducatibus terris ceterisque, ut premittitur per nos renuncciatis, ullo umquam tempore sub reginali nostra dignitate et fidei puritate heredes
volentes in quoquam indico spirituali vel seculari vel alias quovismodo. Si autem prenominatos germanum et patruos nostros duces Austrie here¬
des ipsorum totamque genologiam domus Austrie ab humanis discedere contigerit, nullo herede masculini sexus post se relicto, quod deus auertat, qu¬
oscumque igitur ducatus, terras sive dominia ab antiquo ad inclitam domum Austrie spectancia improscriptos ac non alienatos post se reliquerit,
in eo nobis prefate Elizabeth regine nostrisque heredibus in successione hereditaria preiudicium fieri non debeat, sed idem ducatus, terre et do¬
minia ad nos heredesque nostros in sortem una cum aliis filiabus si que supersisterent. Si vero non supersisterent, ad nos tamquam ligittimam
heredem debebunt devolui dicta renuncciacione quomodolibet non obstante dolo et fraude semotis quibuslibet. In cuius rei euidens testimonium
sigillum nostrum presentibus est appensum. Datum Cracovie feria quarta ipso die cinerum anno Domini millesimoquadringentesimoquinquagesimoquarto.</Unicode>
            </TextEquiv>
        </TextRegion>
    </Page>
</PcGts>
