<?xml version="1.0" encoding="UTF-8" standalone="yes"?>
<trpDocMetadata>
    <docId>183162</docId>
    <title>ACK_315_I</title>
    <uploadTimestamp>1563175004264</uploadTimestamp>
    <scriptType>GOTHIC</scriptType>
    <uploader>katerina.zenklova@nacr.cz</uploader>
    <uploaderId>38723</uploaderId>
    <nrOfPages>1</nrOfPages>
    <pageId>7332588</pageId>
    <url>https://files.transkribus.eu/Get?id=NGGCBXOAQWZLGSCUBQCHOFWN&amp;fileType=view</url>
    <thumbUrl>https://files.transkribus.eu/Get?id=NGGCBXOAQWZLGSCUBQCHOFWN&amp;fileType=thumb</thumbUrl>
    <externalId>NA</externalId>
    <authority>NA</authority>
    <status>0</status>
    <fimgStoreColl>TrpDoc_DEA_183162</fimgStoreColl>
    <origDocId>0</origDocId>
    <collectionList>
        <colList>
            <colId>44923</colId>
            <colName>NACR - German charters</colName>
            <description>created by katerina.zenklova@nacr.cz</description>
            <crowdsourcing>false</crowdsourcing>
            <elearning>false</elearning>
            <nrOfDocuments>0</nrOfDocuments>
        </colList>
        <colList>
            <colId>40968</colId>
            <colName>katerina.zenklova@nacr.cz Collection</colName>
            <description>katerina.zenklova@nacr.cz</description>
            <crowdsourcing>false</crowdsourcing>
            <elearning>false</elearning>
            <nrOfDocuments>0</nrOfDocuments>
        </colList>
    </collectionList>
</trpDocMetadata>
