<?xml version="1.0" encoding="UTF-8" standalone="yes"?>
<PcGts xmlns="http://schema.primaresearch.org/PAGE/gts/pagecontent/2013-07-15" xmlns:xsi="http://www.w3.org/2001/XMLSchema-instance" xsi:schemaLocation="http://schema.primaresearch.org/PAGE/gts/pagecontent/2013-07-15 http://schema.primaresearch.org/PAGE/gts/pagecontent/2013-07-15/pagecontent.xsd">
    <Metadata>
        <Creator>TRP</Creator>
        <Created>2019-07-31T15:21:02.205+02:00</Created>
        <LastChange>2019-07-31T15:21:02.205+02:00</LastChange>
        <TranskribusMetadata docId="190240" pageId="7528302" pageNr="2" tsid="13249464" status="NEW" userId="40502" imgUrl="https://files.transkribus.eu/Get?id=XFEPPEAKBJRJPBZTRKFFCLXQ&amp;fileType=view" xmlUrl="https://files.transkribus.eu/Get?id=JFSJKAUGTPNKPSOFFDHKDUMQ" imageId="4534212"/>
    </Metadata>
    <Page imageFilename="NA-ACK_13550309_00471_v.jpg" imageWidth="6570" imageHeight="4615"/>
</PcGts>
