<?xml version="1.0" encoding="UTF-8" standalone="yes"?>
<PcGts xmlns="http://schema.primaresearch.org/PAGE/gts/pagecontent/2013-07-15" xmlns:xsi="http://www.w3.org/2001/XMLSchema-instance" xsi:schemaLocation="http://schema.primaresearch.org/PAGE/gts/pagecontent/2013-07-15 http://schema.primaresearch.org/PAGE/gts/pagecontent/2013-07-15/pagecontent.xsd">
    <Metadata>
        <Creator>TRP</Creator>
        <Created>2019-06-05T14:28:55.978+02:00</Created>
        <LastChange>2019-06-05T14:28:55.978+02:00</LastChange>
        <TranskribusMetadata docId="169935" pageId="6426613" pageNr="2" tsid="10832115" status="NEW" userId="36516" imgUrl="https://files.transkribus.eu/Get?id=PXEOFRZAETYEAWWYNVDYKFCP&amp;fileType=view" xmlUrl="https://files.transkribus.eu/Get?id=EWIVLERUTCTZDQFTPAJHFMQC" imageId="3818699"/>
    </Metadata>
    <Page imageFilename="NA-ACK_14070218_01406_v.jpg" imageWidth="6320" imageHeight="4422"/>
</PcGts>
