<?xml version="1.0" encoding="UTF-8" standalone="yes"?>
<trpDocMetadata>
    <docId>188133</docId>
    <title>ACK_339a_I</title>
    <uploadTimestamp>1564123028833</uploadTimestamp>
    <scriptType>HANDWRITTEN</scriptType>
    <uploader>katerina.zenklova@nacr.cz</uploader>
    <uploaderId>38723</uploaderId>
    <nrOfPages>1</nrOfPages>
    <pageId>7473169</pageId>
    <url>https://files.transkribus.eu/Get?id=UTQJZBPBIJQUZKYTBYRGNOAP&amp;fileType=view</url>
    <thumbUrl>https://files.transkribus.eu/Get?id=UTQJZBPBIJQUZKYTBYRGNOAP&amp;fileType=thumb</thumbUrl>
    <externalId>NA</externalId>
    <authority>NA</authority>
    <language>German</language>
    <status>0</status>
    <fimgStoreColl>TrpDoc_DEA_188133</fimgStoreColl>
    <origDocId>0</origDocId>
    <collectionList>
        <colList>
            <colId>44923</colId>
            <colName>NACR - German charters</colName>
            <description>created by katerina.zenklova@nacr.cz</description>
            <crowdsourcing>false</crowdsourcing>
            <elearning>false</elearning>
            <nrOfDocuments>0</nrOfDocuments>
        </colList>
    </collectionList>
</trpDocMetadata>
