<?xml version="1.0" encoding="UTF-8" standalone="yes"?>
<PcGts xmlns="http://schema.primaresearch.org/PAGE/gts/pagecontent/2013-07-15" xmlns:xsi="http://www.w3.org/2001/XMLSchema-instance" xsi:schemaLocation="http://schema.primaresearch.org/PAGE/gts/pagecontent/2013-07-15 http://schema.primaresearch.org/PAGE/gts/pagecontent/2013-07-15/pagecontent.xsd">
    <Metadata>
        <Creator>prov=University of Rostock/Institute of Mathematics/CITlab/Tobias Gruening/tobias.gruening@uni-rostock.de:name=/net_tf/LA73_249_0mod360.pb:de.uros.citlab.segmentation.CITlab_LA_ML:v=2.4.2
TRP</Creator>
        <Created>2019-09-04T09:29:54.638+02:00</Created>
        <LastChange>2019-11-29T09:14:26.253+01:00</LastChange>
        <TranskribusMetadata docId="205086" pageId="8841336" pageNr="1" tsid="20041144" status="IN_PROGRESS" userId="48350" imgUrl="https://files.transkribus.eu/Get?id=YDPJTDDMFGEMBFTDATKIFNAI&amp;fileType=view" xmlUrl="https://files.transkribus.eu/Get?id=IQKKEJPGFWKPEIXEMKPPNWIE" imageId="5710516"/>
    </Metadata>
    <Page imageFilename="NA-ACK_13290510_00140_r.jpg" imageWidth="3000" imageHeight="2792">
        <ReadingOrder>
            <OrderedGroup id="ro_1575392194143" caption="Regions reading order">
                <RegionRefIndexed index="0" regionRef="r2"/>
                <RegionRefIndexed index="1" regionRef="region_1574684145137_462"/>
            </OrderedGroup>
        </ReadingOrder>
        <TextRegion orientation="0.0" id="r2" custom="readingOrder {index:0;}">
            <Coords points="395,240 399,1525 2270,1529 2239,240"/>
            <TextLine id="r2l3" custom="readingOrder {index:0;} person {offset:123; length:54; continued:true;} place {offset:148; length:6;} place {offset:158; length:8;}">
                <Coords points="471,399 611,395 695,398 780,400 864,401 948,402 1033,402 1117,402 1201,402 1286,401 1370,400 1454,400 1539,399 1623,398 1707,397 1792,397 1876,397 1960,397 2045,398 2129,399 2214,401 2214,371 2129,369 2045,368 1960,367 1876,367 1792,367 1707,367 1623,368 1539,369 1454,370 1370,370 1286,371 1204,348 1119,345 1034,345 954,344 870,349 780,348 701,349 598,264 472,264"/>
                <Baseline points="527,382 611,385 695,388 780,390 864,391 948,392 1033,392 1117,392 1201,392 1286,391 1370,390 1454,390 1539,389 1623,388 1707,387 1792,387 1876,387 1960,387 2045,388 2129,389 2214,391"/>
                <TextEquiv>
                    <Unicode>In nomine Domini amen. Noverint universi tam presentes quam posteri noticiam presencium aut copiam habituri, quod quia nos Conradus, Dei gracia dux Slesie et Glogovie et dominus</Unicode>
                </TextEquiv>
            </TextLine>
            <TextLine id="r2l4" custom="readingOrder {index:1;} person {offset:0; length:8; continued:true;} place {offset:3; length:5;} person {offset:77; length:59;} place {offset:87; length:6;} place {offset:97; length:7;} place {offset:122; length:14;}">
                <Coords points="501,428 587,432 673,434 759,437 845,438 931,438 1017,438 1103,437 1189,436 1275,435 1361,433 1447,432 1533,430 1619,428 1705,427 1791,426 1877,426 1963,426 2049,427 2135,429 2222,432 2222,402 2135,399 2049,397 1963,396 1877,396 1791,396 1705,397 1619,398 1533,400 1447,402 1361,403 1275,405 1189,406 1103,407 1017,408 931,408 845,408 759,407 673,404 587,402 501,398"/>
                <Baseline points="501,418 587,422 673,424 759,427 845,428 931,428 1017,428 1103,427 1189,426 1275,425 1361,423 1447,422 1533,420 1619,418 1705,417 1791,416 1877,416 1963,416 2049,417 2135,419 2222,422"/>
                <TextEquiv>
                    <Unicode>in Olsna, ob specialis amoris affectum, quem erga magnifici principis domini Johannis, Boemie et Polonie regis ac comitis Lucemburgensis, domini nostri karissimi, gerimus celsitudinem,</Unicode>
                </TextEquiv>
            </TextLine>
            <TextLine id="r2l5" custom="readingOrder {index:2;}">
                <Coords points="527,470 610,472 694,473 778,473 862,473 946,473 1029,471 1113,470 1197,468 1281,467 1365,464 1448,462 1532,461 1616,459 1700,458 1784,457 1867,456 1951,456 2035,457 2119,458 2203,461 2203,431 2119,428 2035,427 1951,426 1867,426 1784,427 1700,428 1616,429 1532,431 1448,432 1365,434 1281,437 1197,438 1113,440 1029,441 946,443 862,443 778,443 694,443 610,442 527,440"/>
                <Baseline points="527,460 610,462 694,463 778,463 862,463 946,463 1029,461 1113,460 1197,458 1281,457 1365,454 1448,452 1532,451 1616,449 1700,448 1784,447 1867,446 1951,446 2035,447 2119,448 2203,451"/>
                <TextEquiv>
                    <Unicode>habito nobiscum amicis quoque et fidelibus nostris consilio diligenti et deliberacione matura, accedentibus eciam favore et consensu eorundem expressis ad subscripta, bonum in hoc</Unicode>
                </TextEquiv>
            </TextLine>
            <TextLine id="r2l6" custom="readingOrder {index:3;}">
                <Coords points="533,507 616,508 700,509 784,509 867,508 951,507 1035,506 1118,504 1202,503 1286,500 1370,498 1453,496 1537,494 1621,493 1704,491 1788,490 1872,489 1955,489 2039,489 2123,489 2207,490 2207,460 2123,459 2039,459 1955,459 1872,459 1788,460 1704,461 1621,463 1537,464 1453,466 1370,468 1286,470 1202,473 1118,474 1035,476 951,477 867,478 784,479 700,479 616,478 533,477"/>
                <Baseline points="533,497 616,498 700,499 784,499 867,498 951,497 1035,496 1118,494 1202,493 1286,490 1370,488 1453,486 1537,484 1621,483 1704,481 1788,480 1872,479 1955,479 2039,479 2123,479 2207,480"/>
                <TextEquiv>
                    <Unicode>nostrum principaliter, consequenter autem fidelium, terrarum, civitatum, hominum et bonorum nostrorum omnium infrascriptorum commodum statumque inantea pacificum perpendentes, princeps et</Unicode>
                </TextEquiv>
            </TextLine>
            <TextLine id="r2l7" custom="readingOrder {index:4;} place {offset:44; length:6;} place {offset:74; length:6;}">
                <Coords points="536,544 619,544 702,544 785,544 869,543 952,542 1035,541 1118,540 1202,538 1285,537 1368,535 1451,533 1535,531 1618,529 1701,527 1784,525 1868,524 1951,522 2034,521 2117,519 2201,518 2201,488 2117,489 2034,491 1951,492 1868,494 1784,495 1701,497 1618,499 1535,501 1451,503 1368,505 1285,507 1202,508 1118,510 1035,511 952,512 869,513 785,514 702,514 619,514 536,514"/>
                <Baseline points="536,534 619,534 702,534 785,534 869,533 952,532 1035,531 1118,530 1202,528 1285,527 1368,525 1451,523 1535,521 1618,519 1701,517 1784,515 1868,514 1951,512 2034,511 2117,509 2201,508"/>
                <TextEquiv>
                    <Unicode>vasallus suus, heredum, successorum suorum, Boemie regum, ac ipsius regni Boemie in perpetuum fieri et fore decrevimus, omnia et singula bona nostra sub eisdem libertatibus et</Unicode>
                </TextEquiv>
            </TextLine>
            <TextLine id="r2l8" custom="readingOrder {index:5;}">
                <Coords points="542,579 630,579 718,578 807,578 895,577 983,576 1072,575 1160,574 1248,572 1337,571 1425,570 1514,568 1602,567 1690,565 1779,563 1867,561 1955,558 2044,556 2132,554 2221,551 2221,521 2132,524 2044,526 1955,528 1867,531 1779,533 1690,535 1602,537 1514,538 1425,540 1337,541 1248,542 1160,544 1072,545 983,546 895,547 807,548 718,548 630,549 542,549"/>
                <Baseline points="542,569 630,569 718,568 807,568 895,567 983,566 1072,565 1160,564 1248,562 1337,561 1425,560 1514,558 1602,557 1690,555 1779,553 1867,551 1955,548 2044,546 2132,544 2221,541"/>
                <TextEquiv>
                    <Unicode>iuribus, quibus a predecessoribus nostris ad nos pervenisse noscuntur, omnesque terras nostras, quas ad presens possidemus vel possidebimus quocunque tytulo in futuro tam citra quam ultra</Unicode>
                </TextEquiv>
            </TextLine>
            <TextLine id="r2l9" custom="readingOrder {index:6;} place {offset:13; length:5;} place {offset:44; length:11;} place {offset:57; length:5;} place {offset:64; length:8;} place {offset:74; length:9;} place {offset:85; length:12;} place {offset:99; length:5;} place {offset:106; length:6;} place {offset:114; length:6;} place {offset:122; length:10;}">
                <Coords points="540,616 623,614 706,613 790,612 873,611 957,610 1040,609 1124,608 1207,607 1291,606 1374,605 1457,604 1541,603 1624,602 1708,600 1791,599 1875,597 1958,594 2042,591 2125,588 2209,585 2209,555 2125,558 2042,561 1958,564 1875,567 1791,569 1708,570 1624,572 1541,573 1457,574 1374,575 1291,576 1207,577 1124,578 1040,579 957,580 873,581 790,582 706,583 623,584 540,586"/>
                <Baseline points="540,606 623,604 706,603 790,602 873,601 957,600 1040,599 1124,598 1207,597 1291,596 1374,595 1457,594 1541,593 1624,592 1708,590 1791,589 1875,587 1958,584 2042,581 2125,578 2209,575"/>
                <TextEquiv>
                    <Unicode>fluvium, qui Odora dicitur, cum civitatibus Wartemberch, Olsna, Mylitsch, Trebenicz, Trachemburch, Walow, Lubest, Winczk, Herrenstat et castris eis adiacen¬</Unicode>
                </TextEquiv>
            </TextLine>
            <TextLine id="r2l10" custom="readingOrder {index:7;} place {offset:18; length:6;} place {offset:36; length:8;} place {offset:46; length:8;}">
                <Coords points="536,653 624,650 712,649 801,647 889,646 977,645 1066,644 1154,642 1242,641 1331,640 1419,639 1508,638 1596,637 1684,635 1773,634 1861,632 1949,630 2038,628 2126,625 2215,623 2215,593 2126,595 2038,598 1949,600 1861,602 1773,604 1684,605 1596,607 1508,608 1419,609 1331,610 1242,611 1154,612 1066,614 977,615 889,616 801,617 712,619 624,620 536,623"/>
                <Baseline points="536,643 624,640 712,639 801,637 889,636 977,635 1066,634 1154,632 1242,631 1331,630 1419,629 1508,628 1596,627 1684,625 1773,624 1861,622 1949,620 2038,618 2126,615 2215,613"/>
                <TextEquiv>
                    <Unicode>tibus, cum aliis, Ploczk videlicet, Prusnicz, Sandewel cum omnibus suis appendiis, dominiis, opidis, villis, allodiis, feudis, feudalibus, nobilibus et plebeiis, iuribus, red¬</Unicode>
                </TextEquiv>
            </TextLine>
            <TextLine id="r2l11" custom="readingOrder {index:8;} place {offset:147; length:6;} place {offset:157; length:8;} place {offset:185; length:10;}">
                <Coords points="530,690 615,688 701,686 787,685 873,683 958,681 1044,680 1130,678 1216,677 1301,675 1387,674 1473,672 1559,671 1644,669 1730,668 1816,666 1902,665 1987,663 2073,662 2159,660 2245,658 2245,628 2159,630 2073,632 1987,633 1902,635 1816,636 1730,638 1644,639 1559,641 1473,642 1387,644 1301,645 1216,647 1130,648 1044,650 958,651 873,653 787,655 701,656 615,658 530,660"/>
                <Baseline points="530,680 615,678 701,676 787,675 873,673 958,671 1044,670 1130,668 1216,667 1301,665 1387,664 1473,662 1559,661 1644,659 1730,658 1816,656 1902,655 1987,653 2073,652 2159,650 2245,648"/>
                <TextEquiv>
                    <Unicode>ditibus, proventibus et utilitatibus earundem, quocumque vocentur nomine vel in quibuscumque consistant, nostro, heredum et successorum nostrorum, Slesie et Glogovie ducum ac dominorum Olsnensium,</Unicode>
                </TextEquiv>
            </TextLine>
            <TextLine id="r2l12" custom="readingOrder {index:9;}">
                <Coords points="540,728 623,725 707,722 791,720 875,718 959,716 1042,714 1126,713 1210,711 1294,710 1378,709 1461,707 1545,706 1629,705 1713,704 1797,702 1880,701 1964,699 2048,697 2132,695 2216,693 2216,663 2132,665 2048,667 1964,669 1880,671 1797,672 1713,674 1629,675 1545,676 1461,677 1378,679 1294,680 1210,681 1126,683 1042,684 959,686 875,688 791,690 707,692 623,695 540,698"/>
                <Baseline points="540,718 623,715 707,712 791,710 875,708 959,706 1042,704 1126,703 1210,701 1294,700 1378,699 1461,697 1545,696 1629,695 1713,694 1797,692 1880,691 1964,689 2048,687 2132,685 2216,683"/>
                <TextEquiv>
                    <Unicode>nomine in regis ipsius manibus sponte et libere resignantes, ab eo in feudum recepimus perpetuum, factoque sibi per nos fidelitatis debite homagio, prestito corporali nichilominus</Unicode>
                </TextEquiv>
            </TextLine>
            <TextLine id="r2l13" custom="readingOrder {index:10;} place {offset:136; length:6;}">
                <Coords points="532,764 616,762 701,759 785,756 870,754 955,752 1039,750 1124,748 1208,746 1293,745 1378,743 1462,742 1547,741 1631,740 1716,738 1801,737 1885,736 1970,735 2054,734 2139,733 2224,732 2224,702 2139,703 2054,704 1970,705 1885,706 1801,707 1716,708 1631,710 1547,711 1462,712 1378,713 1293,715 1208,716 1124,718 1039,720 955,722 870,724 785,726 701,729 616,732 532,734"/>
                <Baseline points="532,754 616,752 701,749 785,746 870,744 955,742 1039,740 1124,738 1208,736 1293,735 1378,733 1462,732 1547,731 1631,730 1716,728 1801,727 1885,726 1970,725 2054,724 2139,723 2224,722"/>
                <TextEquiv>
                    <Unicode>iuramento, ipsi regi, heredibus et successoribus suis predictis tamquam veris dominis nostris velut princeps et vasallus eorum ac regni Boemie antedicti parere deinceps promisimus et intendere</Unicode>
                </TextEquiv>
            </TextLine>
            <TextLine id="r2l14" custom="readingOrder {index:11;}">
                <Coords points="542,799 626,796 710,794 794,791 879,789 963,787 1047,785 1131,783 1216,781 1300,779 1384,777 1468,775 1553,774 1637,773 1721,771 1805,770 1890,770 1974,769 2058,769 2142,768 2227,768 2227,738 2142,738 2058,739 1974,739 1890,740 1805,740 1721,741 1637,743 1553,744 1468,745 1384,747 1300,749 1216,751 1131,753 1047,755 963,757 879,759 794,761 710,764 626,766 542,769"/>
                <Baseline points="542,789 626,786 710,784 794,781 879,779 963,777 1047,775 1131,773 1216,771 1300,769 1384,767 1468,765 1553,764 1637,763 1721,761 1805,760 1890,760 1974,759 2058,759 2142,758 2227,758"/>
                <TextEquiv>
                    <Unicode>in eisdem et contra quemlibet principem et hominem ipsos pro viribus fideliter adiuvare, reservata nobis edificandi ac instaurandi municiones novas in terris et bonis nostris premissis</Unicode>
                </TextEquiv>
            </TextLine>
            <TextLine id="r2l15" custom="readingOrder {index:12;}">
                <Coords points="540,831 627,829 714,828 801,827 889,825 976,823 1063,821 1151,819 1238,818 1325,815 1413,813 1500,811 1587,809 1675,807 1762,806 1849,804 1937,803 2024,801 2111,801 2199,800 2199,770 2111,771 2024,771 1937,773 1849,774 1762,776 1675,777 1587,779 1500,781 1413,783 1325,785 1238,788 1151,789 1063,791 976,793 889,795 801,797 714,798 627,799 540,801"/>
                <Baseline points="540,821 627,819 714,818 801,817 889,815 976,813 1063,811 1151,809 1238,808 1325,805 1413,803 1500,801 1587,799 1675,797 1762,796 1849,794 1937,793 2024,791 2111,791 2199,790"/>
                <TextEquiv>
                    <Unicode>et destruendi veteres, ubicumque et quandocumque nobis videbitur, pro nostro, terrarum predictarum et hominum nostrorum commodo expedire libera facultate, volentes et firmiter statuentes, ut, si</Unicode>
                </TextEquiv>
            </TextLine>
            <TextLine id="r2l16" custom="readingOrder {index:13;}">
                <Coords points="550,866 632,864 714,863 797,861 879,859 961,858 1044,857 1126,855 1208,854 1291,852 1373,851 1455,849 1538,848 1620,846 1702,844 1785,842 1867,841 1949,838 2032,836 2114,833 2197,830 2197,800 2114,803 2032,806 1949,808 1867,811 1785,812 1702,814 1620,816 1538,818 1455,819 1373,821 1291,822 1208,824 1126,825 1044,827 961,828 879,829 797,831 714,833 632,834 550,836"/>
                <Baseline points="550,856 632,854 714,853 797,851 879,849 961,848 1044,847 1126,845 1208,844 1291,842 1373,841 1455,839 1538,838 1620,836 1702,834 1785,832 1867,831 1949,828 2032,826 2114,823 2197,820"/>
                <TextEquiv>
                    <Unicode>forte nos, heredes aut successores nostri sublati de medio fuerimus heredibus legittimis et presertim masculis non relictis, extunc iam dicta bona nostra, terre, civitates et</Unicode>
                </TextEquiv>
            </TextLine>
            <TextLine id="r2l17" custom="readingOrder {index:14;} person {offset:100; length:66;} place {offset:126; length:6;} place {offset:136; length:8;} place {offset:145; length:13;}">
                <Coords points="539,901 622,899 705,896 788,895 871,893 954,891 1037,890 1120,889 1203,888 1286,886 1370,885 1453,884 1536,883 1619,881 1702,880 1785,878 1868,876 1951,873 2034,870 2117,868 2201,864 2201,834 2117,838 2034,840 1951,843 1868,846 1785,848 1702,850 1619,851 1536,853 1453,854 1370,855 1286,856 1203,858 1120,859 1037,860 954,861 871,863 788,865 705,866 622,869 539,871"/>
                <Baseline points="539,891 622,889 705,886 788,885 871,883 954,881 1037,880 1120,879 1203,878 1286,876 1370,875 1453,874 1536,873 1619,871 1702,870 1785,868 1868,866 1951,863 2034,860 2117,858 2201,854"/>
                <TextEquiv>
                    <Unicode>opida cum omnibus suis pertinenciis, ut predicitur, ad fratres nostros principes illustres, dominum Henricum videlicet, ducem Slesie et Glogovie Saganensemque dominum, ac dominum</Unicode>
                </TextEquiv>
            </TextLine>
            <TextLine id="r2l18" custom="readingOrder {index:15;} person {offset:0; length:54; continued:true;} place {offset:16; length:6;} place {offset:26; length:8;} place {offset:46; length:8;}">
                <Coords points="543,941 626,937 709,934 792,930 875,928 958,926 1041,924 1124,923 1207,922 1290,921 1374,920 1457,919 1540,918 1623,917 1706,916 1789,914 1872,912 1955,909 2038,907 2121,903 2205,898 2205,868 2121,873 2038,877 1955,879 1872,882 1789,884 1706,886 1623,887 1540,888 1457,889 1374,890 1290,891 1207,892 1124,893 1041,894 958,896 875,898 792,900 709,904 626,907 543,911"/>
                <Baseline points="543,931 626,927 709,924 792,920 875,918 958,916 1041,914 1124,913 1207,912 1290,911 1374,910 1457,909 1540,908 1623,907 1706,906 1789,904 1872,902 1955,899 2038,897 2121,893 2205,888"/>
                <TextEquiv>
                    <Unicode>Johannem, ducem Slesie et Glogovie ac dominum Stynavie, heredesque suos masculos, dumtaxat si quos reliquerint. Si autem nullos post se masculos legittimos relin¬</Unicode>
                </TextEquiv>
            </TextLine>
            <TextLine id="r2l19" custom="readingOrder {index:16;} place {offset:19; length:6;}">
                <Coords points="544,975 626,971 708,967 790,964 873,962 955,960 1037,958 1119,956 1202,955 1284,954 1366,953 1448,952 1531,951 1613,950 1695,949 1777,948 1860,946 1942,944 2024,942 2106,939 2189,936 2189,906 2106,909 2024,912 1942,914 1860,916 1777,918 1695,919 1613,920 1531,921 1448,922 1366,923 1284,924 1202,925 1119,926 1037,928 955,930 873,932 790,934 708,937 626,941 544,945"/>
                <Baseline points="544,965 626,961 708,957 790,954 873,952 955,950 1037,948 1119,946 1202,945 1284,944 1366,943 1448,942 1531,941 1613,940 1695,939 1777,938 1860,936 1942,934 2024,932 2106,929 2189,926"/>
                <TextEquiv>
                    <Unicode>querint, ad regnum Boemie predictum libere et hereditarie debeant pertinere, hoc tamen adiciendum duximus nominatim, quod si nos ipsi, heredes vel successores nostri prefati cum</Unicode>
                </TextEquiv>
            </TextLine>
            <TextLine id="r2l20" custom="readingOrder {index:17;}">
                <Coords points="546,1010 633,1006 720,1003 807,1000 895,997 982,995 1069,993 1157,991 1244,989 1331,988 1419,987 1506,985 1593,984 1681,983 1768,982 1855,981 1943,980 2030,978 2117,977 2205,975 2205,945 2117,947 2030,948 1943,950 1855,951 1768,952 1681,953 1593,954 1506,955 1419,957 1331,958 1244,959 1157,961 1069,963 982,965 895,967 807,970 720,973 633,976 546,980"/>
                <Baseline points="546,1000 633,996 720,993 807,990 895,987 982,985 1069,983 1157,981 1244,979 1331,978 1419,977 1506,975 1593,974 1681,973 1768,972 1855,971 1943,970 2030,968 2117,967 2205,965"/>
                <TextEquiv>
                    <Unicode>clericis, civibus, rusticis vel iudeis nostris aliquid cause questionis aut iudicii instauraverimus, de hiis et huiusmodi rex, heredes et successores sui predicti nobis, heredibus</Unicode>
                </TextEquiv>
            </TextLine>
            <TextLine id="r2l21" custom="readingOrder {index:18;}">
                <Coords points="547,1046 629,1042 712,1038 795,1035 878,1033 961,1030 1044,1028 1127,1026 1210,1024 1293,1023 1376,1022 1458,1021 1541,1020 1624,1019 1707,1018 1790,1016 1873,1015 1956,1014 2039,1012 2122,1011 2205,1009 2205,979 2122,981 2039,982 1956,984 1873,985 1790,986 1707,988 1624,989 1541,990 1458,991 1376,992 1293,993 1210,994 1127,996 1044,998 961,1000 878,1003 795,1005 712,1008 629,1012 547,1016"/>
                <Baseline points="547,1036 629,1032 712,1028 795,1025 878,1023 961,1020 1044,1018 1127,1016 1210,1014 1293,1013 1376,1012 1458,1011 1541,1010 1624,1009 1707,1008 1790,1006 1873,1005 1956,1004 2039,1002 2122,1001 2205,999"/>
                <TextEquiv>
                    <Unicode>vel successoribus nostris superstitibus intromittere se non debeant modo quovis. Si vero nobiles vel fideles terrarum nostrarum suprascriptarum debitam per nos, heredes vel successores</Unicode>
                </TextEquiv>
            </TextLine>
            <TextLine id="r2l22" custom="readingOrder {index:19;}">
                <Coords points="546,1083 628,1079 711,1076 794,1072 877,1070 960,1067 1043,1065 1125,1062 1208,1061 1291,1059 1374,1057 1457,1055 1540,1054 1623,1052 1705,1051 1788,1049 1871,1048 1954,1047 2037,1045 2120,1044 2203,1042 2203,1012 2120,1014 2037,1015 1954,1017 1871,1018 1788,1019 1705,1021 1623,1022 1540,1024 1457,1025 1374,1027 1291,1029 1208,1031 1125,1032 1043,1035 960,1037 877,1040 794,1042 711,1046 628,1049 546,1053"/>
                <Baseline points="546,1073 628,1069 711,1066 794,1062 877,1060 960,1057 1043,1055 1125,1052 1208,1051 1291,1049 1374,1047 1457,1045 1540,1044 1623,1042 1705,1041 1788,1039 1871,1038 1954,1037 2037,1035 2120,1034 2203,1032"/>
                <TextEquiv>
                    <Unicode>nostros de suis questionibus aut causis nobis motis, de quibus iuxta litterarum regalium datarum nobis continenciam secundum fidelium nostrorum sentenciam et dictamen subire</Unicode>
                </TextEquiv>
            </TextLine>
            <TextLine id="r2l23" custom="readingOrder {index:20;}">
                <Coords points="550,1118 631,1114 712,1111 793,1108 875,1106 956,1103 1037,1101 1119,1098 1200,1096 1281,1094 1363,1092 1444,1090 1525,1089 1606,1087 1688,1086 1769,1084 1850,1083 1932,1082 2013,1080 2094,1079 2176,1078 2176,1048 2094,1049 2013,1050 1932,1052 1850,1053 1769,1054 1688,1056 1606,1057 1525,1059 1444,1060 1363,1062 1281,1064 1200,1066 1119,1068 1037,1071 956,1073 875,1076 793,1078 712,1081 631,1084 550,1088"/>
                <Baseline points="550,1108 631,1104 712,1101 793,1098 875,1096 956,1093 1037,1091 1119,1088 1200,1086 1281,1084 1363,1082 1444,1080 1525,1079 1606,1077 1688,1076 1769,1074 1850,1073 1932,1072 2013,1070 2094,1069 2176,1068"/>
                <TextEquiv>
                    <Unicode>tenemur et facere iudicium, assequi non possint iusticiam, regem, heredes et successores suos prenotatos adire poterunt libere querelas ipsorum proponere et defectus. Nosque,</Unicode>
                </TextEquiv>
            </TextLine>
            <TextLine id="r2l24" custom="readingOrder {index:21;} place {offset:111; length:6;} place {offset:137; length:6;} place {offset:156; length:7;}">
                <Coords points="556,1156 637,1152 718,1149 799,1145 880,1141 961,1139 1042,1136 1123,1133 1204,1130 1285,1128 1367,1126 1448,1124 1529,1122 1610,1120 1691,1119 1772,1117 1853,1116 1934,1115 2015,1114 2096,1113 2178,1112 2178,1082 2096,1083 2015,1084 1934,1085 1853,1086 1772,1087 1691,1089 1610,1090 1529,1092 1448,1094 1367,1096 1285,1098 1204,1100 1123,1103 1042,1106 961,1109 880,1111 799,1115 718,1119 637,1122 556,1126"/>
                <Baseline points="556,1146 637,1142 718,1139 799,1135 880,1131 961,1129 1042,1126 1123,1123 1204,1120 1285,1118 1367,1116 1448,1114 1529,1112 1610,1110 1691,1109 1772,1107 1853,1106 1934,1105 2015,1104 2096,1103 2178,1102"/>
                <TextEquiv>
                    <Unicode>heredes et successores nostri predicti citati ibidem, coram rege videlicet et successoribus ac heredibus suis, Boemie regibus, ubicumque Boemie fuerint aut Polonie, coram altero vero</Unicode>
                </TextEquiv>
            </TextLine>
            <TextLine id="r2l25" custom="readingOrder {index:22;} place {offset:65; length:14;}">
                <Coords points="558,1193 639,1189 721,1184 802,1180 884,1176 966,1173 1047,1170 1129,1167 1210,1164 1292,1162 1374,1160 1455,1158 1537,1156 1618,1155 1700,1153 1782,1152 1863,1151 1945,1149 2026,1148 2108,1147 2190,1146 2190,1116 2108,1117 2026,1118 1945,1119 1863,1121 1782,1122 1700,1123 1618,1125 1537,1126 1455,1128 1374,1130 1292,1132 1210,1134 1129,1137 1047,1140 966,1143 884,1146 802,1150 721,1154 639,1159 558,1163"/>
                <Baseline points="558,1183 639,1179 721,1174 802,1170 884,1166 966,1163 1047,1160 1129,1157 1210,1154 1292,1152 1374,1150 1455,1148 1537,1146 1618,1145 1700,1143 1782,1142 1863,1141 1945,1139 2026,1138 2108,1137 2190,1136"/>
                <TextEquiv>
                    <Unicode>principe per eos ad hoc iudice deputato sisti tenebimur in terra Wratizlaviensi dumtaxat iudicio facere et subire de nobis, heredibus vel successoribus nostris conqueren</Unicode>
                </TextEquiv>
            </TextLine>
            <TextLine id="r2l26" custom="readingOrder {index:23;}">
                <Coords points="552,1226 633,1222 715,1219 797,1215 879,1212 961,1208 1043,1206 1125,1202 1207,1200 1289,1197 1371,1194 1452,1192 1534,1190 1616,1188 1698,1186 1780,1185 1862,1183 1944,1182 2026,1181 2108,1180 2190,1180 2190,1150 2108,1150 2026,1151 1944,1152 1862,1153 1780,1155 1698,1156 1616,1158 1534,1160 1452,1162 1371,1164 1289,1167 1207,1170 1125,1172 1043,1176 961,1178 879,1182 797,1185 715,1189 633,1192 552,1196"/>
                <Baseline points="552,1216 633,1212 715,1209 797,1205 879,1202 961,1198 1043,1196 1125,1192 1207,1190 1289,1187 1371,1184 1452,1182 1534,1180 1616,1178 1698,1176 1780,1175 1862,1173 1944,1172 2026,1171 2108,1170 2190,1170"/>
                <TextEquiv>
                    <Unicode>tibus quibuslibet iusticie complementum. Illud insuper specifice duximus exprimendum, quod si fortasse nos, heredes vel successores nostros gravatos inopia debitis aut</Unicode>
                </TextEquiv>
            </TextLine>
            <TextLine id="r2l27" custom="readingOrder {index:24;} place {offset:155; length:6;}">
                <Coords points="557,1257 639,1254 721,1252 804,1250 886,1247 968,1244 1051,1241 1133,1238 1215,1236 1298,1232 1380,1230 1462,1228 1545,1225 1627,1223 1709,1221 1792,1219 1874,1217 1956,1216 2039,1214 2121,1214 2204,1213 2204,1183 2121,1184 2039,1184 1956,1186 1874,1187 1792,1189 1709,1191 1627,1193 1545,1195 1462,1198 1380,1200 1298,1202 1215,1206 1133,1208 1051,1211 968,1214 886,1217 804,1220 721,1222 639,1224 557,1227"/>
                <Baseline points="557,1247 639,1244 721,1242 804,1240 886,1237 968,1234 1051,1231 1133,1228 1215,1226 1298,1222 1380,1220 1462,1218 1545,1215 1627,1213 1709,1211 1792,1209 1874,1207 1956,1206 2039,1204 2121,1204 2204,1203"/>
                <TextEquiv>
                    <Unicode>alia causa racionabili aliquam territorii et dominii aliquanti de nostris vendere vel obligare continget municionem principi nobis equali aut alteri regno Boemie</Unicode>
                </TextEquiv>
            </TextLine>
            <TextLine id="r2l28" custom="readingOrder {index:25;}">
                <Coords points="559,1294 641,1292 723,1289 805,1286 887,1284 969,1280 1051,1277 1134,1274 1216,1271 1298,1268 1380,1265 1462,1262 1544,1259 1626,1257 1709,1255 1791,1253 1873,1252 1955,1251 2037,1250 2119,1250 2202,1250 2202,1220 2119,1220 2037,1220 1955,1221 1873,1222 1791,1223 1709,1225 1626,1227 1544,1229 1462,1232 1380,1235 1298,1238 1216,1241 1134,1244 1051,1247 969,1250 887,1254 805,1256 723,1259 641,1262 559,1264"/>
                <Baseline points="559,1284 641,1282 723,1279 805,1276 887,1274 969,1270 1051,1267 1134,1264 1216,1261 1298,1258 1380,1255 1462,1252 1544,1249 1626,1247 1709,1245 1791,1243 1873,1242 1955,1241 2037,1240 2119,1240 2202,1240"/>
                <TextEquiv>
                    <Unicode>competenti, vel eciam territorium non habentem, fideli vel vasallo nostro, extunc municionem eandem, sive territorium habeat et dominium sive non, vendendam</Unicode>
                </TextEquiv>
            </TextLine>
            <TextLine id="r2l29" custom="readingOrder {index:26;} place {offset:60; length:6;}">
                <Coords points="555,1328 637,1326 720,1324 802,1322 885,1319 968,1316 1050,1314 1133,1310 1216,1307 1298,1304 1381,1301 1464,1298 1546,1295 1629,1293 1712,1291 1794,1288 1877,1287 1960,1286 2042,1285 2125,1285 2208,1285 2208,1255 2125,1255 2042,1255 1960,1256 1877,1257 1794,1258 1712,1261 1629,1263 1546,1265 1464,1268 1381,1271 1298,1274 1216,1277 1133,1280 1050,1284 968,1286 885,1289 802,1292 720,1294 637,1296 555,1298"/>
                <Baseline points="555,1318 637,1316 720,1314 802,1312 885,1309 968,1306 1050,1304 1133,1300 1216,1297 1298,1294 1381,1291 1464,1288 1546,1285 1629,1283 1712,1281 1794,1278 1877,1277 1960,1276 2042,1275 2125,1275 2208,1275"/>
                <TextEquiv>
                    <Unicode>aut obligandam ipsis regi, heredibus et successoribus suis, Boemie regibus, exhibere pre ceteris debeamus. Qui si ipsam emere vel in pignore reccipere noluerint, princeps</Unicode>
                </TextEquiv>
            </TextLine>
            <TextLine id="r2l30" custom="readingOrder {index:27;}">
                <Coords points="557,1363 643,1361 729,1358 815,1356 902,1353 988,1350 1074,1347 1160,1344 1247,1341 1333,1338 1419,1335 1505,1333 1592,1330 1678,1328 1764,1326 1850,1324 1937,1323 2023,1322 2109,1321 2196,1321 2196,1291 2109,1291 2023,1292 1937,1293 1850,1294 1764,1296 1678,1298 1592,1300 1505,1303 1419,1305 1333,1308 1247,1311 1160,1314 1074,1317 988,1320 902,1323 815,1326 729,1328 643,1331 557,1333"/>
                <Baseline points="557,1353 643,1351 729,1348 815,1346 902,1343 988,1340 1074,1337 1160,1334 1247,1331 1333,1328 1419,1325 1505,1323 1592,1320 1678,1318 1764,1316 1850,1314 1937,1313 2023,1312 2109,1311 2196,1311"/>
                <TextEquiv>
                    <Unicode>ipse municionem predictam territorium videlicet habentem emens aut pignore tenens in feudum ipsam recipere tenebitur ab eisdem, ipsisque tamquam veris suis dominis</Unicode>
                </TextEquiv>
            </TextLine>
            <TextLine id="r2l31" custom="readingOrder {index:28;}">
                <Coords points="550,1398 632,1396 715,1394 798,1391 881,1389 964,1386 1046,1383 1129,1380 1212,1377 1295,1374 1378,1371 1460,1368 1543,1366 1626,1364 1709,1362 1792,1360 1874,1359 1957,1358 2040,1357 2123,1357 2206,1358 2206,1328 2123,1327 2040,1327 1957,1328 1874,1329 1792,1330 1709,1332 1626,1334 1543,1336 1460,1338 1378,1341 1295,1344 1212,1347 1129,1350 1046,1353 964,1356 881,1359 798,1361 715,1364 632,1366 550,1368"/>
                <Baseline points="550,1388 632,1386 715,1384 798,1381 881,1379 964,1376 1046,1373 1129,1370 1212,1367 1295,1364 1378,1361 1460,1358 1543,1356 1626,1354 1709,1352 1792,1350 1874,1349 1957,1348 2040,1347 2123,1347 2206,1348"/>
                <TextEquiv>
                    <Unicode>servire, parere et intendere de eadem. Alter vero non princeps emens vel pignore tenens municionem nostram territorium aut dominium, ut predicitur, non habentem,</Unicode>
                </TextEquiv>
            </TextLine>
            <TextLine id="r2l32" custom="readingOrder {index:29;}">
                <Coords points="551,1431 633,1430 715,1428 797,1426 880,1424 962,1422 1044,1419 1126,1417 1209,1414 1291,1411 1373,1408 1455,1406 1538,1403 1620,1401 1702,1399 1784,1397 1867,1396 1949,1395 2031,1395 2113,1396 2196,1397 2196,1367 2113,1366 2031,1365 1949,1365 1867,1366 1784,1367 1702,1369 1620,1371 1538,1373 1455,1376 1373,1378 1291,1381 1209,1384 1126,1387 1044,1389 962,1392 880,1394 797,1396 715,1398 633,1400 551,1401"/>
                <Baseline points="551,1421 633,1420 715,1418 797,1416 880,1414 962,1412 1044,1409 1126,1407 1209,1404 1291,1401 1373,1398 1455,1396 1538,1393 1620,1391 1702,1389 1784,1387 1867,1386 1949,1385 2031,1385 2113,1386 2196,1387"/>
                <TextEquiv>
                    <Unicode>a nobis, heredibus et successoribus nostris eam in feudum recipiet, hoc adiecto, quod rex, heredes et successores sui antedicti municiones supradictas pro summa eadem, in qua obli¬</Unicode>
                </TextEquiv>
            </TextLine>
            <TextLine id="r2l33" custom="readingOrder {index:30;}">
                <Coords points="552,1464 634,1463 716,1462 798,1461 880,1459 962,1457 1044,1455 1126,1452 1208,1449 1290,1447 1372,1444 1454,1441 1536,1439 1618,1437 1700,1435 1782,1433 1864,1432 1946,1431 2028,1431 2110,1431 2192,1432 2192,1402 2110,1401 2028,1401 1946,1401 1864,1402 1782,1403 1700,1405 1618,1407 1536,1409 1454,1411 1372,1414 1290,1417 1208,1419 1126,1422 1044,1425 962,1427 880,1429 798,1431 716,1432 634,1433 552,1434"/>
                <Baseline points="552,1454 634,1453 716,1452 798,1451 880,1449 962,1447 1044,1445 1126,1442 1208,1439 1290,1437 1372,1434 1454,1431 1536,1429 1618,1427 1700,1425 1782,1423 1864,1422 1946,1421 2028,1421 2110,1421 2192,1422"/>
                <TextEquiv>
                    <Unicode>gate fuerint vel vendite, redimere valeant, quando velint. Illud eciam preterire nolumus, quod si rex, heredes ac successores sui antedicti nos, heredes vel successores</Unicode>
                </TextEquiv>
            </TextLine>
            <TextLine id="r2l34" custom="readingOrder {index:31;} place {offset:70; length:7;} place {offset:82; length:8;}">
                <Coords points="548,1500 629,1500 710,1499 791,1497 872,1495 953,1493 1034,1491 1115,1489 1196,1486 1277,1483 1359,1481 1440,1478 1521,1475 1602,1473 1683,1471 1764,1469 1845,1467 1926,1465 2007,1465 2088,1464 2170,1464 2170,1434 2088,1434 2007,1435 1926,1435 1845,1437 1764,1439 1683,1441 1602,1443 1521,1445 1440,1448 1359,1451 1277,1453 1196,1456 1115,1459 1034,1461 953,1463 872,1465 791,1467 710,1469 629,1470 548,1470"/>
                <Baseline points="548,1490 629,1490 710,1489 791,1487 872,1485 953,1483 1034,1481 1115,1479 1196,1476 1277,1473 1359,1471 1440,1468 1521,1465 1602,1463 1683,1461 1764,1459 1845,1457 1926,1455 2007,1455 2088,1454 2170,1454"/>
                <TextEquiv>
                    <Unicode>nostros in adiutorium sibi per nos prestandum ad partes alienas extra Boemiam vel Poloniam evocaverint, subvenienciam nobis debitam, ne serviciis nimiis aut</Unicode>
                </TextEquiv>
            </TextLine>
            <TextLine id="r2l35" custom="readingOrder {index:32;} place {offset:164; length:11;}">
                <Coords points="551,1536 633,1536 715,1535 797,1533 880,1532 962,1530 1044,1528 1126,1525 1209,1523 1291,1520 1373,1518 1455,1515 1538,1512 1620,1510 1702,1507 1784,1505 1867,1503 1949,1501 2031,1499 2113,1498 2196,1497 2196,1467 2113,1468 2031,1469 1949,1471 1867,1473 1784,1475 1702,1477 1620,1480 1538,1482 1455,1485 1373,1488 1291,1490 1209,1493 1126,1495 1044,1498 962,1500 880,1502 797,1503 715,1505 633,1506 551,1506"/>
                <Baseline points="551,1526 633,1526 715,1525 797,1523 880,1522 962,1520 1044,1518 1126,1515 1209,1513 1291,1510 1373,1508 1455,1505 1538,1502 1620,1500 1702,1497 1784,1495 1867,1493 1949,1491 2031,1489 2113,1488 2196,1487"/>
                <TextEquiv>
                    <Unicode>intollerabilibus pregravemur, facere teneantur. In quorum omnium testimonium presentes litteras fieri et sigilli nostri munimine iussimus communiri. Datum et actum Wratizlavie</Unicode>
                </TextEquiv>
            </TextLine>
            <TextLine id="r2l36" custom="readingOrder {index:33;} date {offset:0; length:63;year:0; day:0; month:0;}">
                <Coords points="556,1576 596,1576 636,1576 676,1575 717,1574 757,1573 797,1573 837,1571 878,1570 918,1569 958,1568 998,1566 1039,1565 1079,1564 1119,1563 1159,1562 1200,1561 1240,1561 1280,1560 1320,1560 1361,1560 1361,1530 1320,1530 1280,1530 1240,1531 1200,1531 1159,1532 1119,1533 1079,1534 1039,1535 998,1536 958,1538 918,1539 878,1540 837,1541 797,1543 757,1543 717,1544 676,1545 636,1546 596,1546 556,1546"/>
                <Baseline points="556,1566 596,1566 636,1566 676,1565 717,1564 757,1563 797,1563 837,1561 878,1560 918,1559 958,1558 998,1556 1039,1555 1079,1554 1119,1553 1159,1552 1200,1551 1240,1551 1280,1550 1320,1550 1361,1550"/>
                <TextEquiv>
                    <Unicode>anno Domini millesimo trecentesimo vicesimo nono, VIo idus Maii.</Unicode>
                </TextEquiv>
            </TextLine>
            <TextEquiv>
                <Unicode>In nomine Domini amen. Noverint universi tam presentes quam posteri noticiam presencium aut copiam habituri, quod quia nos Conradus, Dei gracia dux Slesie et Glogovie et dominus&#xD;
in Olsna, ob specialis amoris affectum, quem erga magnifici principis domini Johannis, Boemie et Polonie regis ac comitis Lucemburgensis, domini nostri karissimi, gerimus celsitudinem,&#xD;
habito nobiscum amicis quoque et fidelibus nostris consilio diligenti et deliberacione matura, accedentibus eciam favore et consensu eorundem expressis ad subscripta, bonum in hoc&#xD;
nostrum principaliter, consequenter autem fidelium, terrarum, civitatum, hominum et bonorum nostrorum omnium infrascriptorum commodum statumque inantea pacificum perpendentes, princeps et&#xD;
vasallus suus, heredum, successorum suorum, Boemie regum, ac ipsius regni Boemie in perpetuum fieri et fore decrevimus, omnia et singula bona nostra sub eisdem libertatibus et&#xD;
iuribus, quibus a predecessoribus nostris ad nos pervenisse noscuntur, omnesque terras nostras, quas ad presens possidemus vel possidebimus quocunque tytulo in futuro tam citra quam ultra&#xD;
fluvium, qui Odora dicitur, cum civitatibus Wartemberch, Olsna, Mylitsch, Trebenicz, Trachemburch, Walow, Lubest, Winczk, Herrenstat et castris eis adiacen¬&#xD;
tibus, cum aliis, Ploczk videlicet, Prusnicz, Sandewel cum omnibus suis appendiis, dominiis, opidis, villis, allodiis, feudis, feudalibus, nobilibus et plebeiis, iuribus, red¬&#xD;
ditibus, proventibus et utilitatibus earundem, quocumque vocentur nomine vel in quibuscumque consistant, nostro, heredum et successorum nostrorum, Slesie et Glogovie ducum ac dominorum Olsnensium,&#xD;
nomine in regis ipsius manibus sponte et libere resignantes, ab eo in feudum recepimus perpetuum, factoque sibi per nos fidelitatis debite homagio, prestito corporali nichilominus&#xD;
iuramento, ipsi regi, heredibus et successoribus suis predictis tamquam veris dominis nostris velut princeps et vasallus eorum ac regni Boemie antedicti parere deinceps promisimus et intendere&#xD;
in eisdem et contra quemlibet principem et hominem ipsos pro viribus fideliter adiuvare, reservata nobis edificandi ac instaurandi municiones novas in terris et bonis nostris premissis&#xD;
et destruendi veteres, ubicumque et quandocumque nobis videbitur, pro nostro, terrarum predictarum et hominum nostrorum commodo expedire libera facultate, volentes et firmiter statuentes, ut, si&#xD;
forte nos, heredes aut successores nostri sublati de medio fuerimus heredibus legittimis et presertim masculis non relictis, extunc iam dicta bona nostra, terre, civitates et&#xD;
opida cum omnibus suis pertinenciis, ut predicitur, ad fratres nostros principes illustres, dominum Henricum videlicet, ducem Slesie et Glogovie Saganensemque dominum, ac dominum&#xD;
Johannem, ducem Slesie et Glogovie ac dominum Stynavie, heredesque suos masculos, dumtaxat si quos reliquerint. Si autem nullos post se masculos legittimos relin¬&#xD;
querint, ad regnum Boemie predictum libere et hereditarie debeant pertinere, hoc tamen adiciendum duximus nominatim, quod si nos ipsi, heredes vel successores nostri prefati cum&#xD;
clericis, civibus, rusticis vel iudeis nostris aliquid cause questionis aut iudicii instauraverimus, de hiis et huiusmodi rex, heredes et successores sui predicti nobis, heredibus&#xD;
vel successoribus nostris superstitibus intromittere se non debeant modo quovis. Si vero nobiles vel fideles terrarum nostrarum suprascriptarum debitam per nos, heredes vel successores&#xD;
nostros de suis questionibus aut causis nobis motis, de quibus iuxta litterarum regalium datarum nobis continenciam secundum fidelium nostrorum sentenciam et dictamen subire&#xD;
tenemur et facere iudicium, assequi non possint iusticiam, regem, heredes et successores suos prenotatos adire poterunt libere querelas ipsorum proponere et defectus. Nosque,&#xD;
heredes et successores nostri predicti citati ibidem, coram rege videlicet et successoribus ac heredibus suis, Boemie regibus, ubicumque Boemie fuerint aut Polonie, coram altero vero&#xD;
principe per eos ad hoc iudice deputato sisti tenebimur in terra Wratizlaviensi dumtaxat iudicio facere et subire de nobis, heredibus vel successoribus nostris conqueren&#xD;
tibus quibuslibet iusticie complementum. Illud insuper specifice duximus exprimendum, quod si fortasse nos, heredes vel successores nostros gravatos inopia debitis aut&#xD;
alia causa racionabili aliquam territorii et dominii aliquanti de nostris vendere vel obligare continget municionem principi nobis equali aut alteri regno Boemie&#xD;
competenti, vel eciam territorium non habentem, fideli vel vasallo nostro, extunc municionem eandem, sive territorium habeat et dominium sive non, vendendam&#xD;
aut obligandam ipsis regi, heredibus et successoribus suis, Boemie regibus, exhibere pre ceteris debeamus. Qui si ipsam emere vel in pignore reccipere noluerint, princeps&#xD;
ipse municionem predictam territorium videlicet habentem emens aut pignore tenens in feudum ipsam recipere tenebitur ab eisdem, ipsisque tamquam veris suis dominis&#xD;
servire, parere et intendere de eadem. Alter vero non princeps emens vel pignore tenens municionem nostram territorium aut dominium, ut predicitur, non habentem,&#xD;
a nobis, heredibus et successoribus nostris eam in feudum recipiet, hoc adiecto, quod rex, heredes et successores sui antedicti municiones supradictas pro summa eadem, in qua obli¬&#xD;
gate fuerint vel vendite, redimere valeant, quando velint. Illud eciam preterire nolumus, quod si rex, heredes ac successores sui antedicti nos, heredes vel successores&#xD;
nostros in adiutorium sibi per nos prestandum ad partes alienas extra Boemiam vel Poloniam evocaverint, subvenienciam nobis debitam, ne serviciis nimiis aut&#xD;
intollerabilibus pregravemur, facere teneantur. In quorum omnium testimonium presentes litteras fieri et sigilli nostri munimine iussimus communiri. Datum et actum Wratizlavie&#xD;
anno Domini millesimo trecentesimo vicesimo nono, VIo idus Maii.</Unicode>
            </TextEquiv>
        </TextRegion>
        <TextRegion id="region_1574684145137_462" custom="readingOrder {index:1;}">
            <Coords points="2044,1541 2293,1541 2293,1663 2044,1663"/>
            <TextLine id="line_1574684149998_465" custom="readingOrder {index:0;}">
                <Coords points="2076,1543 2130,1544 2130,1543 2150,1589 2140,1593 2076,1593"/>
                <Baseline points="2076,1588 2139,1588 2148,1584"/>
                <TextEquiv>
                    <Unicode>Copiata,</Unicode>
                </TextEquiv>
            </TextLine>
            <TextLine id="line_1574684152170_470" custom="readingOrder {index:1;}">
                <Coords points="2185,1583 2240,1588 2236,1638 2181,1633"/>
                <Baseline points="2181,1628 2236,1633"/>
                <TextEquiv>
                    <Unicode>registrata. </Unicode>
                </TextEquiv>
            </TextLine>
            <TextEquiv>
                <Unicode>Copiata,&#xD;
registrata. </Unicode>
            </TextEquiv>
        </TextRegion>
    </Page>
</PcGts>
