<?xml version="1.0" encoding="UTF-8" standalone="yes"?>
<PcGts xmlns="http://schema.primaresearch.org/PAGE/gts/pagecontent/2013-07-15" xmlns:xsi="http://www.w3.org/2001/XMLSchema-instance" xsi:schemaLocation="http://schema.primaresearch.org/PAGE/gts/pagecontent/2013-07-15 http://schema.primaresearch.org/PAGE/gts/pagecontent/2013-07-15/pagecontent.xsd">
    <Metadata>
        <Creator>prov=University of Rostock/Institute of Mathematics/CITlab/Tobias Gruening/tobias.gruening@uni-rostock.de:name=/net_tf/LA73_249_0mod360.pb:de.uros.citlab.segmentation.CITlab_LA_ML:v=2.4.2
TRP</Creator>
        <Created>2019-08-22T13:03:39.011+02:00</Created>
        <LastChange>2019-12-02T21:25:24.338+01:00</LastChange>
        <TranskribusMetadata docId="199552" pageId="8317441" pageNr="1" tsid="20185493" status="IN_PROGRESS" userId="36526" imgUrl="https://files.transkribus.eu/Get?id=YMBTXFNCVKUIVAPOEWGXMLTN&amp;fileType=view" xmlUrl="https://files.transkribus.eu/Get?id=IGFXVUDZLQRITMOZPSNJQCYT" imageId="5252080"/>
    </Metadata>
    <Page imageFilename="NA-CG-L_14180826_181_r.jpg" imageWidth="6088" imageHeight="4285">
        <ReadingOrder>
            <OrderedGroup id="ro_1575392314943" caption="Regions reading order">
                <RegionRefIndexed index="0" regionRef="r1"/>
            </OrderedGroup>
        </ReadingOrder>
        <TextRegion orientation="0.0" id="r1" custom="readingOrder {index:0;}">
            <Coords points="429,405 329,2583 5146,2705 5077,403"/>
            <TextLine id="r1l1" custom="readingOrder {index:0;} person {offset:3; length:80;} place {offset:27; length:9;} person {offset:90; length:70;} place {offset:103; length:7;} place {offset:120; length:11;} place {offset:151; length:9;}">
                <Coords points="428,817 847,787 1045,782 1243,778 1441,774 1639,771 1837,768 2035,765 2233,762 2431,760 2629,758 2827,755 3025,753 3223,750 3421,748 3619,745 3817,742 4015,739 4213,735 4411,731 4610,726 4603,641 4438,634 4249,638 4001,641 3846,651 3658,648 3449,648 3238,661 3013,648 2874,624 2636,648 2445,651 2246,665 2045,658 1850,642 1671,651 1463,605 1264,665 1089,628 831,453 441,519"/>
                <Baseline points="649,777 847,772 1045,767 1243,763 1441,759 1639,756 1837,753 2035,750 2233,747 2431,745 2629,743 2827,740 3025,738 3223,735 3421,733 3619,730 3817,727 4015,724 4213,720 4411,716 4610,711"/>
                <TextEquiv>
                    <Unicode>My Cunrad, z Bozie mylosty prazskeho kostela arczibiskup a papezske stoliczie legat, a my Ffrantisek z Giewicz, probost boleslawsky a kanownyk kostela prazskeho, a</Unicode>
                </TextEquiv>
            </TextLine>
            <TextLine id="r1l2" custom="readingOrder {index:1;} person {offset:0; length:81;} place {offset:72; length:9;} place {offset:117; length:9;}">
                <Coords points="729,854 922,849 1116,844 1310,840 1503,837 1697,833 1891,831 2084,828 2278,826 2472,824 2666,823 2859,821 3053,820 3247,818 3440,816 3634,814 3828,812 4021,809 4215,807 4409,804 4603,800 4603,755 4409,759 4215,762 4021,764 3828,767 3634,769 3440,771 3247,773 3053,775 2859,776 2666,778 2472,779 2278,781 2084,783 1891,786 1697,788 1503,792 1310,795 1116,799 922,804 729,809"/>
                <Baseline points="729,839 922,834 1116,829 1310,825 1503,822 1697,818 1891,816 2084,813 2278,811 2472,809 2666,808 2859,806 3053,805 3247,803 3440,801 3634,799 3828,797 4021,794 4215,792 4409,789 4603,785"/>
                <TextEquiv>
                    <Unicode>Mykulass Znoyma, naywissy kanczlerz arczibiskupstwie a kanownyk kostela prazskeho, y wsieczka kapitola tehoz kostela prazskeho etc., oznamugem ziewnye</Unicode>
                </TextEquiv>
            </TextLine>
            <TextLine id="r1l3" custom="readingOrder {index:2;} person {offset:128; length:30; continued:true;} place {offset:138; length:9;}">
                <Coords points="747,916 943,911 1140,907 1337,903 1534,900 1731,897 1927,895 2124,892 2321,891 2518,889 2715,888 2911,886 3108,885 3305,885 3502,884 3699,883 3895,883 4092,882 4289,882 4486,881 4683,881 4683,836 4486,836 4289,837 4092,837 3895,838 3699,838 3502,839 3305,840 3108,840 2911,841 2715,843 2518,844 2321,846 2124,847 1927,850 1731,852 1534,855 1337,858 1140,862 943,866 747,871"/>
                <Baseline points="747,901 943,896 1140,892 1337,888 1534,885 1731,882 1927,880 2124,877 2321,876 2518,874 2715,873 2911,871 3108,870 3305,870 3502,869 3699,868 3895,868 4092,867 4289,867 4486,866 4683,866"/>
                <TextEquiv>
                    <Unicode>tyemto listem nassym odewrzienym wuobecz przied kazdym czlowiekem, ktoz gey uzrzie neb cztucz uslisie, ze nam slowutny panossie Ridgerz z Polenczka, purkrabie</Unicode>
                </TextEquiv>
            </TextLine>
            <TextLine id="r1l4" custom="readingOrder {index:3;} person {offset:0; length:15; continued:true;} place {offset:3; length:12;} person {offset:129; length:11;}">
                <Coords points="758,979 957,976 1157,972 1356,969 1556,967 1755,964 1955,962 2154,960 2354,958 2553,957 2753,955 2952,954 3152,954 3351,953 3551,953 3750,953 3950,953 4149,954 4349,955 4548,956 4748,957 4748,912 4548,911 4349,910 4149,909 3950,908 3750,908 3551,908 3351,908 3152,909 2952,909 2753,910 2553,912 2354,913 2154,915 1955,917 1755,919 1556,922 1356,924 1157,927 957,931 758,934"/>
                <Baseline points="758,964 957,961 1157,957 1356,954 1556,952 1755,949 1955,947 2154,945 2354,943 2553,942 2753,940 2952,939 3152,939 3351,938 3551,938 3750,938 3950,938 4149,939 4349,940 4548,941 4748,942"/>
                <TextEquiv>
                    <Unicode>na Giersperczie, wierny nass myly v patek po swietiem Bartolomyegy uczynyl gest cztny rzadny a sprawedliwy poczet tak, ze my gemu Ridgerzowy, dietem a buduczym</Unicode>
                </TextEquiv>
            </TextLine>
            <TextLine id="r1l5" custom="readingOrder {index:4;}">
                <Coords points="750,1047 949,1044 1149,1041 1349,1039 1549,1036 1748,1034 1948,1032 2148,1030 2348,1028 2547,1027 2747,1025 2947,1024 3147,1023 3346,1022 3546,1021 3746,1021 3946,1021 4145,1021 4345,1021 4545,1022 4745,1022 4745,977 4545,977 4345,976 4145,976 3946,976 3746,976 3546,976 3346,977 3147,978 2947,979 2747,980 2547,982 2348,983 2148,985 1948,987 1748,989 1549,991 1349,994 1149,996 949,999 750,1002"/>
                <Baseline points="750,1032 949,1029 1149,1026 1349,1024 1549,1021 1748,1019 1948,1017 2148,1015 2348,1013 2547,1012 2747,1010 2947,1009 3147,1008 3346,1007 3546,1006 3746,1006 3946,1006 4145,1006 4345,1006 4545,1007 4745,1007"/>
                <TextEquiv>
                    <Unicode>gieho dluzny ostawame rzadneho a sprawedliweho dluhu n atom pocztu trzi tysiczie kopp a padesate kop grosuow dwie kopie a cztyrzidcziety grosuow dobrich strziebrnych</Unicode>
                </TextEquiv>
            </TextLine>
            <TextLine id="r1l6" custom="readingOrder {index:5;} person {offset:37; length:18;} place {offset:85; length:9;} person {offset:139; length:9;}">
                <Coords points="745,1109 946,1108 1148,1107 1349,1105 1551,1104 1752,1103 1954,1101 2155,1100 2357,1098 2558,1097 2760,1096 2961,1095 3163,1094 3364,1094 3566,1093 3767,1093 3969,1094 4170,1094 4372,1095 4573,1097 4775,1098 4775,1053 4573,1052 4372,1050 4170,1049 3969,1049 3767,1048 3566,1048 3364,1049 3163,1049 2961,1050 2760,1051 2558,1052 2357,1053 2155,1055 1954,1056 1752,1058 1551,1059 1349,1060 1148,1062 946,1063 745,1064"/>
                <Baseline points="745,1094 946,1093 1148,1092 1349,1090 1551,1089 1752,1088 1954,1086 2155,1085 2357,1083 2558,1082 2760,1081 2961,1080 3163,1079 3364,1079 3566,1078 3767,1078 3969,1079 4170,1079 4372,1080 4573,1082 4775,1083"/>
                <TextEquiv>
                    <Unicode>pazskeho razu, kterehozto pocztu my, Cunrad arczibiskup, y wsieczka kapitola kostela prazskeho od nass y od nasich buduczich guzmenowaneho Ridgerzie diety y buduczie</Unicode>
                </TextEquiv>
            </TextLine>
            <TextLine id="r1l7" custom="readingOrder {index:6;} person {offset:99; length:18;}">
                <Coords points="752,1172 948,1173 1145,1173 1341,1173 1538,1172 1735,1171 1931,1170 2128,1169 2324,1167 2521,1166 2718,1164 2914,1163 3111,1162 3307,1162 3504,1162 3701,1162 3897,1164 4094,1166 4290,1168 4487,1172 4684,1177 4684,1132 4487,1127 4290,1123 4094,1121 3897,1119 3701,1117 3504,1117 3307,1117 3111,1117 2914,1118 2718,1119 2521,1121 2324,1122 2128,1124 1931,1125 1735,1126 1538,1127 1341,1128 1145,1128 948,1128 752,1127"/>
                <Baseline points="752,1157 948,1158 1145,1158 1341,1158 1538,1157 1735,1156 1931,1155 2128,1154 2324,1152 2521,1151 2718,1149 2914,1148 3111,1147 3307,1147 3504,1147 3701,1147 3897,1149 4094,1151 4290,1153 4487,1157 4684,1162"/>
                <TextEquiv>
                    <Unicode>geho kwitugem, propustieme a wiecznye prazdna czynyme moczi listu tohoto, kteruzto sumu penyez my, Cunrad arczibiskup swrchupsany, y wsieczka kapitola</Unicode>
                </TextEquiv>
            </TextLine>
            <TextLine id="r1l8" custom="readingOrder {index:7;} place {offset:8; length:9;}">
                <Coords points="757,1238 951,1240 1146,1241 1340,1241 1535,1241 1730,1240 1924,1239 2119,1237 2313,1236 2508,1234 2703,1232 2897,1231 3092,1230 3286,1229 3481,1228 3676,1228 3870,1229 4065,1230 4259,1232 4454,1236 4649,1240 4649,1195 4454,1191 4259,1187 4065,1185 3870,1184 3676,1183 3481,1183 3286,1184 3092,1185 2897,1186 2703,1187 2508,1189 2313,1191 2119,1192 1924,1194 1730,1195 1535,1196 1340,1196 1146,1196 951,1195 757,1193"/>
                <Baseline points="757,1223 951,1225 1146,1226 1340,1226 1535,1226 1730,1225 1924,1224 2119,1222 2313,1221 2508,1219 2703,1217 2897,1216 3092,1215 3286,1214 3481,1213 3676,1213 3870,1214 4065,1215 4259,1217 4454,1221 4649,1225"/>
                <TextEquiv>
                    <Unicode>kostela prazskeho dluzny gsme, mame a slibugem daty a zaplatyty swrchupsanym wierzitelom nassym penyezy hotowymy bezewsie odpornosty. A to kdyzby nam</Unicode>
                </TextEquiv>
            </TextLine>
            <TextLine id="r1l9" custom="readingOrder {index:8;} place {offset:53; length:9;} person {offset:114; length:10;}">
                <Coords points="765,1307 966,1307 1167,1306 1368,1305 1569,1304 1770,1303 1971,1302 2172,1301 2373,1300 2574,1299 2775,1298 2976,1297 3177,1297 3378,1297 3579,1297 3780,1298 3981,1300 4182,1302 4383,1305 4584,1309 4786,1313 4786,1268 4584,1264 4383,1260 4182,1257 3981,1255 3780,1253 3579,1252 3378,1252 3177,1252 2976,1252 2775,1253 2574,1254 2373,1255 2172,1256 1971,1257 1770,1258 1569,1259 1368,1260 1167,1261 966,1262 765,1262"/>
                <Baseline points="765,1292 966,1292 1167,1291 1368,1290 1569,1289 1770,1288 1971,1287 2172,1286 2373,1285 2574,1284 2775,1283 2976,1282 3177,1282 3378,1282 3579,1282 3780,1283 3981,1285 4182,1287 4383,1290 4584,1294 4786,1298"/>
                <TextEquiv>
                    <Unicode>nebo buduczym nasym arczibiskupom a kapitole kostela prazskeho daly dwie letye naprzied wiediety a wtom gsme gemu Ridgerzowy dietem a buduczym geho postupili,</Unicode>
                </TextEquiv>
            </TextLine>
            <TextLine id="r1l10" custom="readingOrder {index:9;} place {offset:91; length:10;} place {offset:147; length:10;}">
                <Coords points="755,1372 955,1372 1155,1372 1355,1371 1555,1370 1755,1369 1955,1368 2156,1366 2356,1365 2556,1364 2756,1363 2956,1362 3156,1362 3356,1362 3557,1363 3757,1364 3957,1365 4157,1367 4357,1370 4557,1374 4758,1378 4758,1333 4557,1329 4357,1325 4157,1322 3957,1320 3757,1319 3557,1318 3356,1317 3156,1317 2956,1317 2756,1318 2556,1319 2356,1320 2156,1321 1955,1323 1755,1324 1555,1325 1355,1326 1155,1327 955,1327 755,1327"/>
                <Baseline points="755,1357 955,1357 1155,1357 1355,1356 1555,1355 1755,1354 1955,1353 2156,1351 2356,1350 2556,1349 2756,1348 2956,1347 3156,1347 3356,1347 3557,1348 3757,1349 3957,1350 4157,1352 4357,1355 4557,1359 4758,1363"/>
                <TextEquiv>
                    <Unicode>zapsaly a zapisugem moczi listu tohoto z dobrym rozmyslem a s uzitecznu radu urzadu naseho Giersperku, hradu sweho, s wesnycziemy porzadpsanymy, s Tuchomysly</Unicode>
                </TextEquiv>
            </TextLine>
            <TextLine id="r1l11" custom="readingOrder {index:10;} place {offset:0; length:12;} place {offset:14; length:7;} place {offset:23; length:9;} place {offset:34; length:7;} place {offset:43; length:9;} place {offset:54; length:11;} place {offset:67; length:6;} place {offset:75; length:7;}">
                <Coords points="753,1433 952,1433 1151,1433 1351,1432 1550,1431 1750,1430 1949,1429 2149,1428 2348,1427 2548,1426 2747,1425 2946,1424 3146,1423 3345,1423 3545,1423 3744,1424 3944,1425 4143,1427 4343,1429 4542,1431 4742,1435 4742,1395 4542,1391 4343,1389 4143,1387 3944,1385 3744,1384 3545,1383 3345,1383 3146,1383 2946,1384 2747,1385 2548,1386 2348,1387 2149,1388 1949,1389 1750,1390 1550,1391 1351,1392 1151,1393 952,1393 753,1393"/>
                <Baseline points="753,1420 952,1420 1151,1420 1351,1419 1550,1418 1750,1417 1949,1416 2149,1415 2348,1414 2548,1413 2747,1412 2946,1411 3146,1410 3345,1410 3545,1410 3744,1411 3944,1412 4143,1414 4343,1416 4542,1418 4742,1422"/>
                <TextEquiv>
                    <Unicode>Lochicziczie, Habrzie, Hotowiczi, Madlany, Sohodruhy, Sobiechleby, Marsaw, Hunczyn etc., s uroky, s popluzym, s robotamy, poplatky, s lessy, s potoky, s lukamy y se wsiemy pozitky</Unicode>
                </TextEquiv>
            </TextLine>
            <TextLine id="r1l12" custom="readingOrder {index:11;} place {offset:31; length:10;}">
                <Coords points="746,1490 951,1491 1157,1491 1363,1491 1569,1490 1775,1489 1980,1489 2186,1488 2392,1487 2598,1486 2804,1485 3009,1485 3215,1484 3421,1485 3627,1485 3833,1486 4038,1487 4244,1489 4450,1491 4656,1495 4862,1499 4862,1457 4656,1453 4450,1449 4244,1447 4038,1445 3833,1444 3627,1443 3421,1443 3215,1442 3009,1443 2804,1443 2598,1444 2392,1445 2186,1446 1980,1447 1775,1447 1569,1448 1363,1449 1157,1449 951,1449 746,1448"/>
                <Baseline points="746,1476 951,1477 1157,1477 1363,1477 1569,1476 1775,1475 1980,1475 2186,1474 2392,1473 2598,1472 2804,1471 3009,1471 3215,1470 3421,1471 3627,1471 3833,1472 4038,1473 4244,1475 4450,1477 4656,1481 4862,1485"/>
                <TextEquiv>
                    <Unicode>a swobodamy, czoz k tomu hradu Giersperku przislusie, tak yakoz su prziedczi nasy a my ponych drziely a poziwaly, nycz nepozuostawugicz, kteryzto hrad a przislusenstwie</Unicode>
                </TextEquiv>
            </TextLine>
            <TextLine id="r1l13" custom="readingOrder {index:12;} person {offset:12; length:7;}">
                <Coords points="755,1553 955,1553 1156,1552 1357,1552 1557,1552 1758,1551 1959,1551 2159,1551 2360,1551 2561,1551 2762,1551 2962,1552 3163,1552 3364,1552 3564,1553 3765,1553 3966,1554 4166,1554 4367,1555 4568,1556 4769,1557 4769,1512 4568,1511 4367,1510 4166,1509 3966,1509 3765,1508 3564,1508 3364,1507 3163,1507 2962,1507 2762,1506 2561,1506 2360,1506 2159,1506 1959,1506 1758,1506 1557,1507 1357,1507 1156,1507 955,1508 755,1508"/>
                <Baseline points="755,1538 955,1538 1156,1537 1357,1537 1557,1537 1758,1536 1959,1536 2159,1536 2360,1536 2561,1536 2762,1536 2962,1537 3163,1537 3364,1537 3564,1538 3765,1538 3966,1539 4166,1539 4367,1540 4568,1541 4769,1542"/>
                <TextEquiv>
                    <Unicode>swrchupsany Ridgerz, diety a buduczy geho magy drziety a poziwaty w swrchupsane sumye penyez, totguz we trziech tisiczich kopach a w padesaty kopach, we dwu kopu</Unicode>
                </TextEquiv>
            </TextLine>
            <TextLine id="r1l14" custom="readingOrder {index:13;}">
                <Coords points="768,1614 972,1615 1176,1615 1380,1616 1584,1616 1789,1616 1993,1616 2197,1616 2401,1617 2605,1617 2810,1617 3014,1617 3218,1617 3422,1617 3626,1617 3831,1618 4035,1618 4239,1619 4443,1619 4647,1620 4852,1621 4852,1576 4647,1575 4443,1574 4239,1574 4035,1573 3831,1573 3626,1572 3422,1572 3218,1572 3014,1572 2810,1572 2605,1572 2401,1572 2197,1571 1993,1571 1789,1571 1584,1571 1380,1571 1176,1570 972,1570 768,1569"/>
                <Baseline points="768,1599 972,1600 1176,1600 1380,1601 1584,1601 1789,1601 1993,1601 2197,1601 2401,1602 2605,1602 2810,1602 3014,1602 3218,1602 3422,1602 3626,1602 3831,1603 4035,1603 4239,1604 4443,1604 4647,1605 4852,1606"/>
                <TextEquiv>
                    <Unicode>a we cztyrzidcziety grosich a to bez prziekazky nassie wsielikake y buduczich nasich a to donyzbichom gym nedaly a uplnye nezaplatyly swrchupsane sumy penyez uplnye</Unicode>
                </TextEquiv>
            </TextLine>
            <TextLine id="r1l15" custom="readingOrder {index:14;}">
                <Coords points="760,1676 962,1675 1165,1675 1367,1675 1570,1676 1773,1676 1975,1677 2178,1677 2380,1678 2583,1679 2786,1680 2988,1680 3191,1681 3393,1682 3596,1683 3799,1684 4001,1685 4204,1685 4406,1686 4609,1686 4812,1687 4812,1642 4609,1641 4406,1641 4204,1640 4001,1640 3799,1639 3596,1638 3393,1637 3191,1636 2988,1635 2786,1635 2583,1634 2380,1633 2178,1632 1975,1632 1773,1631 1570,1631 1367,1630 1165,1630 962,1630 760,1631"/>
                <Baseline points="760,1661 962,1660 1165,1660 1367,1660 1570,1661 1773,1661 1975,1662 2178,1662 2380,1663 2583,1664 2786,1665 2988,1665 3191,1666 3393,1667 3596,1668 3799,1669 4001,1670 4204,1670 4406,1671 4609,1671 4812,1672"/>
                <TextEquiv>
                    <Unicode>adocziela a kdyzbichom wierzitelom nasym gich swrchupsanu sumu penyez daly a zaplatyly, gsucz odnych napomenuty nebo buduczi nasy nebo gynak s gich woly</Unicode>
                </TextEquiv>
            </TextLine>
            <TextLine id="r1l16" custom="readingOrder {index:15;} person {offset:29; length:7;} place {offset:90; length:10;}">
                <Coords points="768,1738 973,1738 1178,1738 1383,1738 1589,1738 1794,1739 1999,1739 2205,1739 2410,1740 2615,1740 2821,1741 3026,1742 3231,1743 3436,1744 3642,1745 3847,1746 4052,1748 4258,1749 4463,1751 4668,1753 4874,1755 4874,1710 4668,1708 4463,1706 4258,1704 4052,1703 3847,1701 3642,1700 3436,1699 3231,1698 3026,1697 2821,1696 2615,1695 2410,1695 2205,1694 1999,1694 1794,1694 1589,1693 1383,1693 1178,1693 973,1693 768,1693"/>
                <Baseline points="768,1723 973,1723 1178,1723 1383,1723 1589,1723 1794,1724 1999,1724 2205,1724 2410,1725 2615,1725 2821,1726 3026,1727 3231,1728 3436,1729 3642,1730 3847,1731 4052,1733 4258,1734 4463,1736 4668,1738 4874,1740"/>
                <TextEquiv>
                    <Unicode>obdrziely, tehdy swrchupsany Ridgerz, diety neb buduczy geho magy nam nebo buduczym nasym Giersperku, hradu naseho, zasie w nasy mocz postupity y se wsym</Unicode>
                </TextEquiv>
            </TextLine>
            <TextLine id="r1l17" custom="readingOrder {index:16;}">
                <Coords points="766,1799 973,1799 1180,1800 1388,1801 1595,1801 1803,1801 2010,1801 2217,1802 2425,1802 2632,1802 2840,1802 3047,1803 3254,1804 3462,1805 3669,1806 3877,1808 4084,1810 4291,1812 4499,1815 4706,1819 4914,1823 4914,1778 4706,1774 4499,1770 4291,1767 4084,1765 3877,1763 3669,1761 3462,1760 3254,1759 3047,1758 2840,1757 2632,1757 2425,1757 2217,1757 2010,1756 1803,1756 1595,1756 1388,1756 1180,1755 973,1754 766,1754"/>
                <Baseline points="766,1784 973,1784 1180,1785 1388,1786 1595,1786 1803,1786 2010,1786 2217,1787 2425,1787 2632,1787 2840,1787 3047,1788 3254,1789 3462,1790 3669,1791 3877,1793 4084,1795 4291,1797 4499,1800 4706,1804 4914,1808"/>
                <TextEquiv>
                    <Unicode>przislusenstwym a list tento nawratyty bezewsie odpornosty a falesneho w to vmyetanye. Paklibichom toho neuczynyly, gehoz pane Boze neday, tehdy swrchupsanym</Unicode>
                </TextEquiv>
            </TextLine>
            <TextLine id="r1l18" custom="readingOrder {index:17;} place {offset:83; length:9;}">
                <Coords points="752,1858 956,1859 1161,1859 1366,1860 1571,1860 1776,1861 1981,1861 2186,1861 2391,1862 2596,1862 2801,1862 3005,1863 3210,1864 3415,1864 3620,1865 3825,1867 4030,1868 4235,1869 4440,1871 4645,1873 4850,1876 4850,1834 4645,1831 4440,1829 4235,1827 4030,1826 3825,1825 3620,1823 3415,1822 3210,1822 3005,1821 2801,1820 2596,1820 2391,1820 2186,1819 1981,1819 1776,1819 1571,1818 1366,1818 1161,1817 956,1817 752,1816"/>
                <Baseline points="752,1844 956,1845 1161,1845 1366,1846 1571,1846 1776,1847 1981,1847 2186,1847 2391,1848 2596,1848 2801,1848 3005,1849 3210,1850 3415,1850 3620,1851 3825,1853 4030,1854 4235,1855 4440,1857 4645,1859 4850,1862"/>
                <TextEquiv>
                    <Unicode>wierzitelom nasym dawame tyemto listem plnu mocz a prawo tak, aby swrchupsany hrad Giersperg a przislusenstwie mohly a moczi budu zastawity gynemu dobremu</Unicode>
                </TextEquiv>
            </TextLine>
            <TextLine id="r1l19" custom="readingOrder {index:18;} place {offset:29; length:11;}">
                <Coords points="758,1916 959,1916 1161,1917 1362,1917 1564,1918 1765,1918 1967,1919 2168,1920 2370,1921 2571,1922 2773,1923 2974,1924 3176,1924 3377,1925 3579,1926 3780,1927 3982,1927 4183,1928 4385,1928 4586,1928 4788,1928 4788,1886 4586,1886 4385,1886 4183,1886 3982,1885 3780,1885 3579,1884 3377,1883 3176,1882 2974,1882 2773,1881 2571,1880 2370,1879 2168,1878 1967,1877 1765,1876 1564,1876 1362,1875 1161,1875 959,1874 758,1874"/>
                <Baseline points="758,1902 959,1902 1161,1903 1362,1903 1564,1904 1765,1904 1967,1905 2168,1906 2370,1907 2571,1908 2773,1909 2974,1910 3176,1910 3377,1911 3579,1912 3780,1913 3982,1913 4183,1914 4385,1914 4586,1914 4788,1914"/>
                <TextEquiv>
                    <Unicode>zachowalemu czlowieku w teto czeske zemy w swe swrchupsane sumye penyez, we trziech tisiczich a w padesaty kopach, we dwu kopu a we cztyrzidcziety grosich, tak wzdy</Unicode>
                </TextEquiv>
            </TextLine>
            <TextLine id="r1l20" custom="readingOrder {index:19;}">
                <Coords points="750,1974 954,1974 1158,1974 1362,1975 1566,1975 1770,1976 1974,1978 2178,1979 2382,1981 2586,1982 2790,1984 2994,1985 3198,1987 3402,1988 3606,1989 3810,1990 4014,1990 4218,1990 4422,1990 4626,1989 4830,1987 4830,1945 4626,1947 4422,1948 4218,1948 4014,1948 3810,1948 3606,1947 3402,1946 3198,1945 2994,1943 2790,1942 2586,1940 2382,1939 2178,1937 1974,1936 1770,1934 1566,1933 1362,1933 1158,1932 954,1932 750,1932"/>
                <Baseline points="750,1960 954,1960 1158,1960 1362,1961 1566,1961 1770,1962 1974,1964 2178,1965 2382,1967 2586,1968 2790,1970 2994,1971 3198,1973 3402,1974 3606,1975 3810,1976 4014,1976 4218,1976 4422,1976 4626,1975 4830,1973"/>
                <TextEquiv>
                    <Unicode>kdyzbichom my neb buduczy nasy swoy hrad swrchupsany a przislusenstwie zasie myety a wyplatity chtiely, daducz swrchupsanu sumu penyez uplnye a docziela, aby</Unicode>
                </TextEquiv>
            </TextLine>
            <TextLine id="r1l21" custom="readingOrder {index:20;} place {offset:104; length:9;}">
                <Coords points="758,2028 964,2029 1171,2030 1378,2032 1585,2033 1792,2035 1999,2036 2206,2038 2413,2039 2620,2040 2827,2042 3033,2043 3240,2044 3447,2045 3654,2046 3861,2046 4068,2047 4275,2047 4482,2048 4689,2047 4896,2047 4896,2007 4689,2007 4482,2008 4275,2007 4068,2007 3861,2006 3654,2006 3447,2005 3240,2004 3033,2003 2827,2002 2620,2000 2413,1999 2206,1998 1999,1996 1792,1995 1585,1993 1378,1992 1171,1990 964,1989 758,1988"/>
                <Baseline points="758,2015 964,2016 1171,2017 1378,2019 1585,2020 1792,2022 1999,2023 2206,2025 2413,2026 2620,2027 2827,2029 3033,2030 3240,2031 3447,2032 3654,2033 3861,2033 4068,2034 4275,2034 4482,2035 4689,2034 4896,2034"/>
                <TextEquiv>
                    <Unicode>nam zasie wraczen a postupen bil bezmatku. A gestly zeby czastopsany wierzitele nasy naswrchupsany hrad Giersperg oprawugicze nahorzie, czo nalozily, to gym mame</Unicode>
                </TextEquiv>
            </TextLine>
            <TextLine id="r1l22" custom="readingOrder {index:21;}">
                <Coords points="764,2083 969,2085 1175,2087 1381,2089 1587,2091 1793,2093 1999,2095 2205,2096 2411,2098 2617,2100 2823,2101 3028,2102 3234,2104 3440,2105 3646,2105 3852,2106 4058,2106 4264,2106 4470,2106 4676,2105 4882,2104 4882,2064 4676,2065 4470,2066 4264,2066 4058,2066 3852,2066 3646,2065 3440,2065 3234,2064 3028,2062 2823,2061 2617,2060 2411,2058 2205,2056 1999,2055 1793,2053 1587,2051 1381,2049 1175,2047 969,2045 764,2043"/>
                <Baseline points="764,2070 969,2072 1175,2074 1381,2076 1587,2078 1793,2080 1999,2082 2205,2083 2411,2085 2617,2087 2823,2088 3028,2089 3234,2091 3440,2092 3646,2092 3852,2093 4058,2093 4264,2093 4470,2093 4676,2092 4882,2091"/>
                <TextEquiv>
                    <Unicode>a slibugem nawratyty wedle swrchupsane sumy penyez, czozby rzadnye okazaly, take gsme tyto umluwy w tomto listu popsane uczynyly s notazem y s plnym powo¬</Unicode>
                </TextEquiv>
            </TextLine>
            <TextLine id="r1l23" custom="readingOrder {index:22;} person {offset:46; length:41;}">
                <Coords points="752,2143 953,2143 1155,2144 1357,2146 1559,2148 1761,2150 1963,2152 2165,2154 2367,2156 2569,2158 2771,2160 2972,2162 3174,2163 3376,2165 3578,2166 3780,2166 3982,2166 4184,2165 4386,2164 4588,2162 4790,2159 4790,2117 4588,2120 4386,2122 4184,2123 3982,2124 3780,2124 3578,2124 3376,2123 3174,2121 2972,2120 2771,2118 2569,2116 2367,2114 2165,2112 1963,2110 1761,2108 1559,2106 1357,2104 1155,2102 953,2101 752,2101"/>
                <Baseline points="752,2129 953,2129 1155,2130 1357,2132 1559,2134 1761,2136 1963,2138 2165,2140 2367,2142 2569,2144 2771,2146 2972,2148 3174,2149 3376,2151 3578,2152 3780,2152 3982,2152 4184,2151 4386,2150 4588,2148 4790,2145"/>
                <TextEquiv>
                    <Unicode>lenym rzadnye naywoswieczenyeysieho knyeziete krale Waczlawa, krale rzymskeho, czeskeho etc., pana naseho mylostyweho, kterezto rzieczi articule w tomto listu</Unicode>
                </TextEquiv>
            </TextLine>
            <TextLine id="r1l24" custom="readingOrder {index:23;} person {offset:24; length:18;} place {offset:72; length:9;}">
                <Coords points="760,2200 963,2200 1166,2200 1369,2201 1572,2203 1776,2205 1979,2207 2182,2209 2385,2212 2588,2214 2792,2217 2995,2219 3198,2221 3401,2223 3604,2224 3808,2225 4011,2225 4214,2225 4417,2223 4620,2221 4824,2218 4824,2178 4620,2181 4417,2183 4214,2185 4011,2185 3808,2185 3604,2184 3401,2183 3198,2181 2995,2179 2792,2177 2588,2174 2385,2172 2182,2169 1979,2167 1776,2165 1572,2163 1369,2161 1166,2160 963,2160 760,2160"/>
                <Baseline points="760,2187 963,2187 1166,2187 1369,2188 1572,2190 1776,2192 1979,2194 2182,2196 2385,2199 2588,2201 2792,2204 2995,2206 3198,2208 3401,2210 3604,2211 3808,2212 4011,2212 4214,2212 4417,2210 4620,2208 4824,2205"/>
                <TextEquiv>
                    <Unicode>popsane my, swrchupsany Cunrad arczibiskup, y wsieczka kapitola kostela prazskeho mame a slibugem cztnye, rzadnye zdrziety a zachowaty wierzitelom nassym</Unicode>
                </TextEquiv>
            </TextLine>
            <TextLine id="r1l25" custom="readingOrder {index:24;}">
                <Coords points="788,2257 987,2257 1186,2257 1385,2257 1585,2259 1784,2260 1983,2263 2183,2265 2382,2268 2581,2270 2781,2273 2980,2276 3179,2278 3378,2280 3578,2282 3777,2283 3976,2284 4176,2284 4375,2283 4574,2281 4774,2279 4774,2239 4574,2241 4375,2243 4176,2244 3976,2244 3777,2243 3578,2242 3378,2240 3179,2238 2980,2236 2781,2233 2581,2230 2382,2228 2183,2225 1983,2223 1784,2220 1585,2219 1385,2217 1186,2217 987,2217 788,2217"/>
                <Baseline points="788,2244 987,2244 1186,2244 1385,2244 1585,2246 1784,2247 1983,2250 2183,2252 2382,2255 2581,2257 2781,2260 2980,2263 3179,2265 3378,2267 3578,2269 3777,2270 3976,2271 4176,2271 4375,2270 4574,2268 4774,2266"/>
                <TextEquiv>
                    <Unicode>swrchupsanym we wsie czielosti bezprzierusenye yako dobrzy lide. A ktoz tento list s nasich wierziteluow, s gich dobru a przyznanu woly myety bude, ten ma a</Unicode>
                </TextEquiv>
            </TextLine>
            <TextLine id="r1l26" custom="readingOrder {index:25;}">
                <Coords points="756,2321 960,2320 1164,2319 1368,2319 1572,2319 1776,2321 1980,2322 2184,2324 2388,2326 2592,2328 2796,2331 3000,2333 3204,2336 3408,2338 3612,2340 3816,2342 4020,2343 4224,2344 4428,2344 4632,2343 4836,2342 4836,2300 4632,2301 4428,2302 4224,2302 4020,2301 3816,2300 3612,2298 3408,2296 3204,2294 3000,2291 2796,2289 2592,2286 2388,2284 2184,2282 1980,2280 1776,2279 1572,2277 1368,2277 1164,2277 960,2278 756,2279"/>
                <Baseline points="756,2307 960,2306 1164,2305 1368,2305 1572,2305 1776,2307 1980,2308 2184,2310 2388,2312 2592,2314 2796,2317 3000,2319 3204,2322 3408,2324 3612,2326 3816,2328 4020,2329 4224,2330 4428,2330 4632,2329 4836,2328"/>
                <TextEquiv>
                    <Unicode>myety bude wsieczka prawa swrchupsana a my mame a slibugem gemu zdrziety yakozto wierzitelom nasym swrchupsanym to wseczko, czoz w tomto listu psano</Unicode>
                </TextEquiv>
            </TextLine>
            <TextLine id="r1l27" custom="readingOrder {index:26;} person {offset:61; length:18;} place {offset:109; length:9;}">
                <Coords points="772,2378 974,2376 1177,2376 1380,2376 1583,2376 1786,2377 1989,2379 2192,2380 2395,2382 2598,2385 2801,2387 3003,2390 3206,2392 3409,2395 3612,2398 3815,2401 4018,2403 4221,2406 4424,2408 4627,2410 4830,2411 4830,2371 4627,2370 4424,2368 4221,2366 4018,2363 3815,2361 3612,2358 3409,2355 3206,2352 3003,2350 2801,2347 2598,2345 2395,2342 2192,2340 1989,2339 1786,2337 1583,2336 1380,2336 1177,2336 974,2336 772,2338"/>
                <Baseline points="772,2365 974,2363 1177,2363 1380,2363 1583,2363 1786,2364 1989,2366 2192,2367 2395,2369 2598,2372 2801,2374 3003,2377 3206,2379 3409,2382 3612,2385 3815,2388 4018,2390 4221,2393 4424,2395 4627,2397 4830,2398"/>
                <TextEquiv>
                    <Unicode>stogy. Toho wseho na potwrzenye, pewnost a lepsy gistotu my, Cunrad arczibiskup, y wsyeczka kapitola kostela prazskeho swe gsme wlastnye peczety s nasym gistym</Unicode>
                </TextEquiv>
            </TextLine>
            <TextLine id="r1l28" custom="readingOrder {index:27;} place {offset:87; length:6;} date {offset:94; length:64; continued:true;year:0; day:0; month:0;}">
                <Coords points="776,2437 977,2433 1178,2431 1379,2429 1581,2429 1782,2430 1983,2431 2185,2433 2386,2436 2587,2439 2789,2442 2990,2446 3191,2449 3392,2453 3594,2457 3795,2460 3996,2463 4198,2465 4399,2467 4600,2468 4802,2468 4802,2437 4600,2437 4399,2436 4198,2434 3996,2432 3795,2429 3594,2426 3392,2422 3191,2418 2990,2415 2789,2411 2587,2408 2386,2405 2185,2402 1983,2400 1782,2399 1581,2398 1379,2398 1178,2400 977,2402 776,2406"/>
                <Baseline points="776,2427 977,2423 1178,2421 1379,2419 1581,2419 1782,2420 1983,2421 2185,2423 2386,2426 2587,2429 2789,2432 2990,2436 3191,2439 3392,2443 3594,2447 3795,2450 3996,2453 4198,2455 4399,2457 4600,2458 4802,2458"/>
                <TextEquiv>
                    <Unicode>wiedomym a s dobru woly k tomto nasemu listu gsme prziwiessily, genz gest dan a psan v Prazie od narozenye leta syna Bozieho poczitagicz tissicz cztyrzi steho</Unicode>
                </TextEquiv>
            </TextLine>
            <TextLine id="r1l29" custom="readingOrder {index:28;} date {offset:0; length:47; continued:true;year:0; day:0; month:0;}">
                <Coords points="762,2502 829,2500 897,2498 965,2496 1033,2494 1101,2491 1168,2488 1236,2486 1304,2484 1372,2481 1440,2479 1507,2477 1575,2476 1643,2474 1711,2474 1779,2473 1846,2474 1914,2474 1982,2475 2050,2477 2118,2480 2118,2449 2050,2446 1982,2444 1914,2443 1846,2443 1779,2442 1711,2443 1643,2443 1575,2445 1507,2446 1440,2448 1372,2450 1304,2453 1236,2455 1168,2457 1101,2460 1033,2463 965,2465 897,2467 829,2469 762,2471"/>
                <Baseline points="762,2492 829,2490 897,2488 965,2486 1033,2484 1101,2481 1168,2478 1236,2476 1304,2474 1372,2471 1440,2469 1507,2467 1575,2466 1643,2464 1711,2464 1779,2463 1846,2464 1914,2464 1982,2465 2050,2467 2118,2470"/>
                <TextEquiv>
                    <Unicode>osmnadsteho, ten patek po swietyem Bartolomyegy et cetera.</Unicode>
                </TextEquiv>
            </TextLine>
            <TextEquiv>
                <Unicode>My Cunrad, z Bozie mylosty prazskeho kostela arczibiskup a papezske stoliczie legat, a my Ffrantisek z Giewicz, probost boleslawsky a kanownyk kostela prazskeho, a&#xD;
Mykulass Znoyma, naywissy kanczlerz arczibiskupstwie a kanownyk kostela prazskeho, y wsieczka kapitola tehoz kostela prazskeho etc., oznamugem ziewnye&#xD;
tyemto listem nassym odewrzienym wuobecz przied kazdym czlowiekem, ktoz gey uzrzie neb cztucz uslisie, ze nam slowutny panossie Ridgerz z Polenczka, purkrabie&#xD;
na Giersperczie, wierny nass myly v patek po swietiem Bartolomyegy uczynyl gest cztny rzadny a sprawedliwy poczet tak, ze my gemu Ridgerzowy, dietem a buduczym&#xD;
gieho dluzny ostawame rzadneho a sprawedliweho dluhu n atom pocztu trzi tysiczie kopp a padesate kop grosuow dwie kopie a cztyrzidcziety grosuow dobrich strziebrnych&#xD;
pazskeho razu, kterehozto pocztu my, Cunrad arczibiskup, y wsieczka kapitola kostela prazskeho od nass y od nasich buduczich guzmenowaneho Ridgerzie diety y buduczie&#xD;
geho kwitugem, propustieme a wiecznye prazdna czynyme moczi listu tohoto, kteruzto sumu penyez my, Cunrad arczibiskup swrchupsany, y wsieczka kapitola&#xD;
kostela prazskeho dluzny gsme, mame a slibugem daty a zaplatyty swrchupsanym wierzitelom nassym penyezy hotowymy bezewsie odpornosty. A to kdyzby nam&#xD;
nebo buduczym nasym arczibiskupom a kapitole kostela prazskeho daly dwie letye naprzied wiediety a wtom gsme gemu Ridgerzowy dietem a buduczym geho postupili,&#xD;
zapsaly a zapisugem moczi listu tohoto z dobrym rozmyslem a s uzitecznu radu urzadu naseho Giersperku, hradu sweho, s wesnycziemy porzadpsanymy, s Tuchomysly&#xD;
Lochicziczie, Habrzie, Hotowiczi, Madlany, Sohodruhy, Sobiechleby, Marsaw, Hunczyn etc., s uroky, s popluzym, s robotamy, poplatky, s lessy, s potoky, s lukamy y se wsiemy pozitky&#xD;
a swobodamy, czoz k tomu hradu Giersperku przislusie, tak yakoz su prziedczi nasy a my ponych drziely a poziwaly, nycz nepozuostawugicz, kteryzto hrad a przislusenstwie&#xD;
swrchupsany Ridgerz, diety a buduczy geho magy drziety a poziwaty w swrchupsane sumye penyez, totguz we trziech tisiczich kopach a w padesaty kopach, we dwu kopu&#xD;
a we cztyrzidcziety grosich a to bez prziekazky nassie wsielikake y buduczich nasich a to donyzbichom gym nedaly a uplnye nezaplatyly swrchupsane sumy penyez uplnye&#xD;
adocziela a kdyzbichom wierzitelom nasym gich swrchupsanu sumu penyez daly a zaplatyly, gsucz odnych napomenuty nebo buduczi nasy nebo gynak s gich woly&#xD;
obdrziely, tehdy swrchupsany Ridgerz, diety neb buduczy geho magy nam nebo buduczym nasym Giersperku, hradu naseho, zasie w nasy mocz postupity y se wsym&#xD;
przislusenstwym a list tento nawratyty bezewsie odpornosty a falesneho w to vmyetanye. Paklibichom toho neuczynyly, gehoz pane Boze neday, tehdy swrchupsanym&#xD;
wierzitelom nasym dawame tyemto listem plnu mocz a prawo tak, aby swrchupsany hrad Giersperg a przislusenstwie mohly a moczi budu zastawity gynemu dobremu&#xD;
zachowalemu czlowieku w teto czeske zemy w swe swrchupsane sumye penyez, we trziech tisiczich a w padesaty kopach, we dwu kopu a we cztyrzidcziety grosich, tak wzdy&#xD;
kdyzbichom my neb buduczy nasy swoy hrad swrchupsany a przislusenstwie zasie myety a wyplatity chtiely, daducz swrchupsanu sumu penyez uplnye a docziela, aby&#xD;
nam zasie wraczen a postupen bil bezmatku. A gestly zeby czastopsany wierzitele nasy naswrchupsany hrad Giersperg oprawugicze nahorzie, czo nalozily, to gym mame&#xD;
a slibugem nawratyty wedle swrchupsane sumy penyez, czozby rzadnye okazaly, take gsme tyto umluwy w tomto listu popsane uczynyly s notazem y s plnym powo¬&#xD;
lenym rzadnye naywoswieczenyeysieho knyeziete krale Waczlawa, krale rzymskeho, czeskeho etc., pana naseho mylostyweho, kterezto rzieczi articule w tomto listu&#xD;
popsane my, swrchupsany Cunrad arczibiskup, y wsieczka kapitola kostela prazskeho mame a slibugem cztnye, rzadnye zdrziety a zachowaty wierzitelom nassym&#xD;
swrchupsanym we wsie czielosti bezprzierusenye yako dobrzy lide. A ktoz tento list s nasich wierziteluow, s gich dobru a przyznanu woly myety bude, ten ma a&#xD;
myety bude wsieczka prawa swrchupsana a my mame a slibugem gemu zdrziety yakozto wierzitelom nasym swrchupsanym to wseczko, czoz w tomto listu psano&#xD;
stogy. Toho wseho na potwrzenye, pewnost a lepsy gistotu my, Cunrad arczibiskup, y wsyeczka kapitola kostela prazskeho swe gsme wlastnye peczety s nasym gistym&#xD;
wiedomym a s dobru woly k tomto nasemu listu gsme prziwiessily, genz gest dan a psan v Prazie od narozenye leta syna Bozieho poczitagicz tissicz cztyrzi steho&#xD;
osmnadsteho, ten patek po swietyem Bartolomyegy et cetera.</Unicode>
            </TextEquiv>
        </TextRegion>
    </Page>
</PcGts>
