<?xml version="1.0" encoding="UTF-8" standalone="yes"?>
<PcGts xmlns="http://schema.primaresearch.org/PAGE/gts/pagecontent/2013-07-15" xmlns:xsi="http://www.w3.org/2001/XMLSchema-instance" xsi:schemaLocation="http://schema.primaresearch.org/PAGE/gts/pagecontent/2013-07-15 http://schema.primaresearch.org/PAGE/gts/pagecontent/2013-07-15/pagecontent.xsd">
    <Metadata>
        <Creator>prov=University of Rostock/Institute of Mathematics/CITlab/Tobias Gruening/tobias.gruening@uni-rostock.de:name=/net_tf/LA73_249_0mod360.pb:de.uros.citlab.segmentation.CITlab_LA_ML:v=2.4.2
TRP</Creator>
        <Created>2019-09-13T13:14:21.141+02:00</Created>
        <LastChange>2019-12-02T20:14:18.026+01:00</LastChange>
        <TranskribusMetadata docId="210042" pageId="8966631" pageNr="1" tsid="20180519" status="IN_PROGRESS" userId="36526" imgUrl="https://files.transkribus.eu/Get?id=RYOJELPVLKYCUEXBCEMZHRPE&amp;fileType=view" xmlUrl="https://files.transkribus.eu/Get?id=FNDPUKANXVAYPLIRPPCOIJPB" imageId="5803855"/>
    </Metadata>
    <Page imageFilename="NA-CG-L_14260220nach~14260220_196_r.jpg" imageWidth="4954" imageHeight="3488">
        <ReadingOrder>
            <OrderedGroup id="ro_1575392403149" caption="Regions reading order">
                <RegionRefIndexed index="0" regionRef="r1"/>
                <RegionRefIndexed index="1" regionRef="r2"/>
            </OrderedGroup>
        </ReadingOrder>
        <TextRegion orientation="0.0" id="r1" custom="readingOrder {index:0;}">
            <Coords points="441,1833 441,1919 665,1919 665,1833"/>
            <TextLine id="r1l1" custom="readingOrder {index:0;} date {offset:0; length:13;year:0; day:0; month:0;}">
                <Coords points="441,1870 469,1871 497,1871 525,1870 553,1869 581,1869 609,1868 637,1867 665,1866 665,1833 637,1834 609,1835 581,1836 553,1836 525,1837 497,1838 469,1838 441,1837"/>
                <Baseline points="441,1859 469,1860 497,1860 525,1859 553,1858 581,1858 609,1857 637,1856 665,1855"/>
                <TextEquiv>
                    <Unicode>1426, 5.Febr.</Unicode>
                </TextEquiv>
            </TextLine>
            <TextLine id="r1l2" custom="readingOrder {index:1;} place {offset:0; length:9;}">
                <Coords points="458,1919 486,1917 515,1917 544,1915 572,1915 601,1914 630,1915 630,1882 601,1881 572,1882 544,1882 515,1884 486,1884 458,1886"/>
                <Baseline points="458,1908 486,1906 515,1906 544,1904 572,1904 601,1903 630,1904"/>
                <TextEquiv>
                    <Unicode>Pressburg</Unicode>
                </TextEquiv>
            </TextLine>
            <TextEquiv>
                <Unicode>1426, 5.Febr.
Pressburg</Unicode>
            </TextEquiv>
        </TextRegion>
        <TextRegion orientation="0.0" id="r2" custom="readingOrder {index:1;}">
            <Coords points="249,138 327,2807 4540,2672 4378,154"/>
            <TextLine id="r2l1" custom="readingOrder {index:0;} person {offset:0; length:154;}">
                <Coords points="486,566 623,364 919,361 1082,359 1244,358 1407,359 1570,360 1732,363 1895,367 2058,371 2221,375 2383,379 2546,384 2709,389 2871,392 3034,396 3197,399 3359,401 3522,402 3649,389 3848,399 3805,320 3677,306 3533,293 3353,310 3209,316 3046,277 2871,258 2726,269 2530,239 2359,285 2220,273 2056,289 1927,276 1757,272 1572,260 1389,279 1240,269 1077,279 926,272 764,264 498,219"/>
                <Baseline points="544,368 756,354 919,351 1082,349 1244,348 1407,349 1570,350 1732,353 1895,357 2058,361 2221,365 2383,369 2546,374 2709,379 2871,382 3034,386 3197,389 3359,391 3522,392 3685,391 3848,389"/>
                <TextEquiv>
                    <Unicode>Zygmund, z Bozie milosti rzimsky kral, wzdyczky rozmnozitel a uhersky, czesky, dalmaczky zemie kral a markrabie brandebursky a k tomu luczembursky diedicz, wssem w Krystu wiernym nynieyssim spolu y potomnim</Unicode>
                </TextEquiv>
            </TextLine>
            <TextLine id="r2l2" custom="readingOrder {index:1;}">
                <Coords points="614,407 777,404 941,402 1104,402 1268,403 1431,404 1595,407 1758,409 1922,413 2085,417 2249,421 2412,426 2576,430 2739,434 2903,438 3066,441 3230,443 3393,445 3557,446 3720,446 3884,444 3884,414 3720,416 3557,416 3393,415 3230,413 3066,411 2903,408 2739,404 2576,400 2412,396 2249,391 2085,387 1922,383 1758,379 1595,377 1431,374 1268,373 1104,372 941,372 777,374 614,377"/>
                <Baseline points="614,397 777,394 941,392 1104,392 1268,393 1431,394 1595,397 1758,399 1922,403 2085,407 2249,411 2412,416 2576,420 2739,424 2903,428 3066,431 3230,433 3393,435 3557,436 3720,436 3884,434"/>
                <TextEquiv>
                    <Unicode>anebo buduczim, ktoz znamost tiechto wieczy budu mieti, pozdrawenie w spasiteli wssech zemie k kralowskey przislussie welebnosti, aby swych wiernych listy gim milostiwie dane rzadem swych iasnych listow raczil stwr¬</Unicode>
                </TextEquiv>
            </TextLine>
            <TextLine id="r2l3" custom="readingOrder {index:2;} person {offset:116; length:9;} person {offset:140; length:58;} place {offset:186; length:12;}">
                <Coords points="624,444 786,443 948,443 1111,444 1273,445 1436,447 1598,450 1760,453 1923,456 2085,459 2248,463 2410,467 2572,470 2735,474 2897,477 3060,480 3222,483 3384,485 3547,486 3709,487 3872,487 3872,457 3709,457 3547,456 3384,455 3222,453 3060,450 2897,447 2735,444 2572,440 2410,437 2248,433 2085,429 1923,426 1760,423 1598,420 1436,417 1273,415 1111,414 948,413 786,413 624,414"/>
                <Baseline points="624,434 786,433 948,433 1111,434 1273,435 1436,437 1598,440 1760,443 1923,446 2085,449 2248,453 2410,457 2572,460 2735,464 2897,467 3060,470 3222,473 3384,475 3547,476 3709,477 3872,477"/>
                <TextEquiv>
                    <Unicode>diti y zyesniti, protoz k znamosti wssech tiechto listow rzadem chczeme, aby przisslo, ze wierna nasse urozena pani Waltpurga, wdowa niekdy Petra Kaplerze, niekdy haytmana hradu nasseho pozoninskeho, w swe tocziz</Unicode>
                </TextEquiv>
            </TextLine>
            <TextLine id="r2l4" custom="readingOrder {index:3;} person {offset:31; length:5;} person {offset:39; length:5;} person {offset:60; length:9;} person {offset:70; length:7;} person {offset:80; length:7;}">
                <Coords points="614,485 776,484 939,484 1102,485 1265,486 1428,488 1591,490 1754,493 1917,496 2080,499 2243,502 2405,506 2568,509 2731,513 2894,516 3057,519 3220,522 3383,524 3546,525 3709,527 3872,527 3872,497 3709,497 3546,495 3383,494 3220,492 3057,489 2894,486 2731,483 2568,479 2405,476 2243,472 2080,469 1917,466 1754,463 1591,460 1428,458 1265,456 1102,455 939,454 776,454 614,455"/>
                <Baseline points="614,475 776,474 939,474 1102,475 1265,476 1428,478 1591,480 1754,483 1917,486 2080,489 2243,492 2405,496 2568,499 2731,503 2894,506 3057,509 3220,512 3383,514 3546,515 3709,517 3872,517"/>
                <TextEquiv>
                    <Unicode>osobie a w osobach synow swych, Jana a Petra y dczer swych, Margrethy Barbory a Urssyly, wydala nam nieyaka dwa listy. Geden nass nynieissim menssim sekretem peczety nassy wisutu ohrazeny, kterymzto tocziz</Unicode>
                </TextEquiv>
            </TextLine>
            <TextLine id="r2l5" custom="readingOrder {index:4;} place {offset:28; length:7;} place {offset:100; length:7;} place {offset:164; length:10;}">
                <Coords points="614,526 777,525 940,525 1103,525 1266,526 1430,528 1593,530 1756,532 1919,535 2082,538 2246,541 2409,544 2572,547 2735,550 2898,553 3062,555 3225,558 3388,560 3551,561 3714,562 3878,563 3878,533 3714,532 3551,531 3388,530 3225,528 3062,525 2898,523 2735,520 2572,517 2409,514 2246,511 2082,508 1919,505 1756,502 1593,500 1430,498 1266,496 1103,495 940,495 777,495 614,496"/>
                <Baseline points="614,516 777,515 940,515 1103,515 1266,516 1430,518 1593,520 1756,522 1919,525 2082,528 2246,531 2409,534 2572,537 2735,540 2898,543 3062,545 3225,548 3388,550 3551,551 3714,552 3878,553"/>
                <TextEquiv>
                    <Unicode>nassim listem any hrad nass Keczcze gmenowany, w kragy muzoninskem usazeny, a k tomu mizteczko take Keczcze gmenowane a gmieniepomery gmenowane a polowiczy gmienie Redendorff rzeczeneho, a k tomu wsse¬</Unicode>
                </TextEquiv>
            </TextLine>
            <TextLine id="r2l6" custom="readingOrder {index:5;} person {offset:94; length:9;} person {offset:118; length:6;} person {offset:127; length:7;} person {offset:142; length:9;} person {offset:153; length:8;} person {offset:164; length:7;} person {offset:201; length:12; continued:true;}">
                <Coords points="622,569 785,568 948,568 1111,568 1274,569 1438,570 1601,572 1764,573 1927,575 2090,578 2254,580 2417,583 2580,585 2743,588 2906,590 3070,593 3233,595 3396,597 3559,598 3722,599 3927,594 3886,570 3722,569 3559,568 3396,567 3233,565 3070,563 2906,560 2743,558 2580,555 2417,553 2254,550 2090,548 1927,545 1764,543 1601,542 1438,540 1274,539 1111,538 948,538 785,538 622,539"/>
                <Baseline points="622,559 785,558 948,558 1111,558 1274,559 1438,560 1601,562 1764,563 1927,565 2090,568 2254,570 2417,573 2580,575 2743,578 2906,580 3070,583 3233,585 3396,587 3559,588 3722,589 3886,590"/>
                <TextEquiv>
                    <Unicode>czky uzitky y przislussenstwie k tomu gistemu hradu nassemu przislussegiczie tey gistee panie Waltpurge a gegim synom Janowi a Petrowi y take Margretie, Barborze a Urssile, dczeram naprzedgmienowaneho Petra Kaple¬</Unicode>
                </TextEquiv>
            </TextLine>
            <TextLine id="r2l7" custom="readingOrder {index:6;} person {offset:0; length:3; continued:true;}">
                <Coords points="632,611 794,609 956,609 1118,609 1280,610 1443,611 1605,612 1767,614 1929,616 2091,618 2254,621 2416,623 2578,626 2740,628 2902,630 3065,632 3227,634 3389,636 3551,637 3713,638 3876,638 3876,608 3713,608 3551,607 3389,606 3227,604 3065,602 2902,600 2740,598 2578,596 2416,593 2254,591 2091,588 1929,586 1767,584 1605,582 1443,581 1280,580 1118,579 956,579 794,579 632,581"/>
                <Baseline points="632,601 794,599 956,599 1118,599 1280,600 1443,601 1605,602 1767,604 1929,606 2091,608 2254,611 2416,613 2578,616 2740,618 2902,620 3065,622 3227,624 3389,626 3551,627 3713,628 3876,628"/>
                <TextEquiv>
                    <Unicode>rze, pod gistymi prziczinami a wymluwami w tiech listech nassich yasniegie wyprawenymi prziznawame sie, ze sme zastawili a druhy tocziz list kapituly kostela pozoninskeho hamfesstus na giste upewnienie anebo u¬</Unicode>
                </TextEquiv>
            </TextLine>
            <TextLine id="r2l8" custom="readingOrder {index:7;} place {offset:45; length:7;} place {offset:71; length:7;} person {offset:173; length:9;} person {offset:185; length:6;} person {offset:194; length:7;} person {offset:203; length:9;}">
                <Coords points="626,655 788,653 951,651 1113,651 1276,651 1438,651 1601,652 1763,654 1926,656 2088,658 2251,660 2413,663 2576,665 2738,668 2901,670 3063,673 3226,674 3388,676 3551,677 3713,677 3876,677 3876,647 3713,647 3551,647 3388,646 3226,644 3063,643 2901,640 2738,638 2576,635 2413,633 2251,630 2088,628 1926,626 1763,624 1601,622 1438,621 1276,621 1113,621 951,621 788,623 626,625"/>
                <Baseline points="626,645 788,643 951,641 1113,641 1276,641 1438,641 1601,642 1763,644 1926,646 2088,648 2251,650 2413,653 2576,655 2738,658 2901,660 3063,663 3226,664 3388,666 3551,667 3713,667 3876,667"/>
                <TextEquiv>
                    <Unicode>stanowenie naprzed gmenowaneho hradu nasseho Keczcze y miesteczka take Keczcze gmenowaneho a k tomu ginych wssech uzitkow toho tocziz hradu y miesteczka swrchupsanych panie Waltpurge a Janowi a Petrowi, Margretie,</Unicode>
                </TextEquiv>
            </TextLine>
            <TextLine id="r2l9" custom="readingOrder {index:8;} person {offset:0; length:8;} person {offset:11; length:7;}">
                <Coords points="628,695 790,692 953,691 1116,690 1279,690 1442,690 1604,691 1767,693 1930,695 2093,697 2256,699 2418,702 2581,704 2744,706 2907,708 3070,710 3232,712 3395,713 3558,714 3721,714 3884,714 3884,684 3721,684 3558,684 3395,683 3232,682 3070,680 2907,678 2744,676 2581,674 2418,672 2256,669 2093,667 1930,665 1767,663 1604,661 1442,660 1279,660 1116,660 953,661 790,662 628,665"/>
                <Baseline points="628,685 790,682 953,681 1116,680 1279,680 1442,680 1604,681 1767,683 1930,685 2093,687 2256,689 2418,692 2581,694 2744,696 2907,698 3070,700 3232,702 3395,703 3558,704 3721,704 3884,704"/>
                <TextEquiv>
                    <Unicode>Barborze y Urssule a gich diediczom take pod gistymi prziczinami y wymluwami w tomto tocziz listu rzadnie wyprawenymi, yakoz dolegie bude psano. Protoz poprosyla nassie welebnosti pokornie a naboznie, abychom</Unicode>
                </TextEquiv>
            </TextLine>
            <TextLine id="r2l10" custom="readingOrder {index:9;} person {offset:144; length:9;} person {offset:156; length:6;} person {offset:165; length:7;} person {offset:182; length:9;} person {offset:193; length:8;} person {offset:204; length:7;}">
                <Coords points="636,734 797,733 959,731 1121,731 1283,731 1445,731 1606,733 1768,734 1930,736 2092,738 2254,740 2415,742 2577,744 2739,746 2901,748 3063,749 3224,750 3386,751 3548,751 3710,751 3872,750 3872,720 3710,721 3548,721 3386,721 3224,720 3063,719 2901,718 2739,716 2577,714 2415,712 2254,710 2092,708 1930,706 1768,704 1606,703 1445,701 1283,701 1121,701 959,701 797,703 636,704"/>
                <Baseline points="636,724 797,723 959,721 1121,721 1283,721 1445,721 1606,723 1768,724 1930,726 2092,728 2254,730 2415,732 2577,734 2739,736 2901,738 3063,739 3224,740 3386,741 3548,741 3710,741 3872,740"/>
                <TextEquiv>
                    <Unicode>ty gistee listy za pewne, wzaczne y przigemne magicze a nassim listom hamffesstnim slowo odslowa wepsati kazicze za nie anebo gim, tocziz panie Waltpurge a Janowi a Petrowi a k tomu Margretie, Barborze a Urssule,</Unicode>
                </TextEquiv>
            </TextLine>
            <TextLine id="r2l11" custom="readingOrder {index:10;} person {offset:142; length:69; continued:true;}">
                <Coords points="640,775 801,773 962,772 1123,771 1284,771 1446,772 1607,773 1768,774 1929,776 2090,778 2252,781 2413,783 2574,785 2735,787 2896,789 3058,791 3219,792 3380,793 3541,793 3702,792 3864,791 3864,761 3702,762 3541,763 3380,763 3219,762 3058,761 2896,759 2735,757 2574,755 2413,753 2252,751 2090,748 1929,746 1768,744 1607,743 1446,742 1284,741 1123,741 962,742 801,743 640,745"/>
                <Baseline points="640,765 801,763 962,762 1123,761 1284,761 1446,762 1607,763 1768,764 1929,766 2090,768 2252,771 2413,773 2574,775 2735,777 2896,779 3058,781 3219,782 3380,783 3541,783 3702,782 3864,781"/>
                <TextEquiv>
                    <Unicode>gich take diediczom, az doczassu, tocziz do roku wdrzewegmenowanych listech ulozeneho, raczili potwrditi prwnieho listu drzenie, gest toto my Zygmund, z Bozie milosti rzimsky kral, wzdyczky rozmnozitel a uhersky,</Unicode>
                </TextEquiv>
            </TextLine>
            <TextLine id="r2l12" custom="readingOrder {index:11;} person {offset:0; length:19; continued:true;} person {offset:190; length:9;} person {offset:210; length:3;}">
                <Coords points="644,819 805,816 967,814 1129,813 1291,812 1453,813 1614,814 1776,815 1938,817 2100,819 2262,822 2423,825 2585,827 2747,829 2909,831 3071,833 3232,834 3394,834 3556,834 3718,833 3880,830 3880,800 3718,803 3556,804 3394,804 3232,804 3071,803 2909,801 2747,799 2585,797 2423,795 2262,792 2100,789 1938,787 1776,785 1614,784 1453,783 1291,782 1129,783 967,784 805,786 644,789"/>
                <Baseline points="644,809 805,806 967,804 1129,803 1291,802 1453,803 1614,804 1776,805 1938,807 2100,809 2262,812 2423,815 2585,817 2747,819 2909,821 3071,823 3232,824 3394,824 3556,824 3718,823 3880,820"/>
                <TextEquiv>
                    <Unicode>czesky zemie kral, pamieti poruczienie, tocziz na wiedomie dawame drzenim tiechto tocziz listow, oznamugicze wssem, kterymz przislussie, ze wierny nassy tocziz sslechetna anebo urozena pani Waltpurga, wdowa, a Jan</Unicode>
                </TextEquiv>
            </TextLine>
            <TextLine id="r2l13" custom="readingOrder {index:12;} person {offset:2; length:4;} person {offset:16; length:8;} person {offset:25; length:7;} person {offset:35; length:7;} person {offset:76; length:58;} place {offset:108; length:26;} place {offset:187; length:7;}">
                <Coords points="651,857 812,854 973,852 1134,851 1296,851 1457,852 1618,853 1779,855 1941,857 2102,860 2263,862 2424,864 2586,867 2747,869 2908,871 3069,872 3231,873 3392,873 3553,872 3714,870 3876,868 3876,838 3714,840 3553,842 3392,843 3231,843 3069,842 2908,841 2747,839 2586,837 2424,834 2263,832 2102,830 1941,827 1779,825 1618,823 1457,822 1296,821 1134,821 973,822 812,824 651,827"/>
                <Baseline points="651,847 812,844 973,842 1134,841 1296,841 1457,842 1618,843 1779,845 1941,847 2102,850 2263,852 2424,854 2586,857 2747,859 2908,861 3069,862 3231,863 3392,863 3553,862 3714,860 3876,858"/>
                <TextEquiv>
                    <Unicode>y Petr synowe a Margreta Barbora y Urssula, gmenowane diewky, dczery niekdy Petra Kaplerze, niekdy haitmana hradu nasseho pozoninskeho, na dwa tissicze zlatych zlatta, zaniezto hrad nass Keczcze gmenowany</Unicode>
                </TextEquiv>
            </TextLine>
            <TextLine id="r2l14" custom="readingOrder {index:13;} place {offset:25; length:7;} place {offset:107; length:10;}">
                <Coords points="662,899 823,895 984,893 1145,892 1306,892 1467,892 1628,894 1789,895 1950,898 2111,900 2273,902 2434,905 2595,907 2756,909 2917,911 3078,912 3239,913 3400,913 3561,912 3722,909 3884,906 3884,876 3722,879 3561,882 3400,883 3239,883 3078,882 2917,881 2756,879 2595,877 2434,875 2273,872 2111,870 1950,868 1789,865 1628,864 1467,862 1306,862 1145,862 984,863 823,865 662,869"/>
                <Baseline points="662,889 823,885 984,883 1145,882 1306,882 1467,882 1628,884 1789,885 1950,888 2111,890 2273,892 2434,895 2595,897 2756,899 2917,901 3078,902 3239,903 3400,903 3561,902 3722,899 3884,896"/>
                <TextEquiv>
                    <Unicode>spolu s miesteczkem take Keczcze gmenowanym, seygmienim pamery nazwanym a s polowiczy gmienie anebo zbozie Bedendorff rzeczeneho kgich rukama tocziz kmoczy napisem zastawy, gest zastaweno nynie k zwla¬</Unicode>
                </TextEquiv>
            </TextLine>
            <TextLine id="r2l15" custom="readingOrder {index:14;} place {offset:132; length:21;}">
                <Coords points="664,940 824,937 985,935 1146,934 1307,934 1468,934 1629,935 1790,937 1951,939 2112,941 2273,943 2433,946 2594,948 2755,950 2916,952 3077,953 3238,954 3399,954 3560,953 3721,951 3882,948 3882,918 3721,921 3560,923 3399,924 3238,924 3077,923 2916,922 2755,920 2594,918 2433,916 2273,913 2112,911 1951,909 1790,907 1629,905 1468,904 1307,904 1146,904 985,905 824,907 664,910"/>
                <Baseline points="664,930 824,927 985,925 1146,924 1307,924 1468,924 1629,925 1790,927 1951,929 2112,931 2273,933 2433,936 2594,938 2755,940 2916,942 3077,943 3238,944 3399,944 3560,943 3721,941 3882,938"/>
                <TextEquiv>
                    <Unicode>sstnie potrzebie cztyrzy tissicze a piet seth zlatych zlatta hotowych k gednani gistych a pilnyh wieczy, kterez nassie welebnosti a kralowstwie uherskeho sie dotyczny nam gmenem gisteho pouczenie pouczili a skute¬</Unicode>
                </TextEquiv>
            </TextLine>
            <TextLine id="r2l16" custom="readingOrder {index:15;} place {offset:110; length:7;}">
                <Coords points="654,981 815,977 977,975 1138,974 1300,974 1462,975 1623,976 1785,977 1946,979 2108,982 2270,984 2431,986 2593,989 2754,991 2916,992 3078,993 3239,993 3401,993 3562,992 3724,989 3886,986 3886,956 3724,959 3562,962 3401,963 3239,963 3078,963 2916,962 2754,961 2593,959 2431,956 2270,954 2108,952 1946,949 1785,947 1623,946 1462,945 1300,944 1138,944 977,945 815,947 654,951"/>
                <Baseline points="654,971 815,967 977,965 1138,964 1300,964 1462,965 1623,966 1785,967 1946,969 2108,972 2270,974 2431,976 2593,979 2754,981 2916,982 3078,983 3239,983 3401,983 3562,982 3724,979 3886,976"/>
                <TextEquiv>
                    <Unicode>cznie dali aprzipsali anadto dwa tissicze zlatych zlatta czisteho koprawie stawenie gmenowaneho hradu nasseho Keczcze take k nassie potrzebie wydati slibili, protoz my, zczisteho nasseho wiedomie, y take nay¬</Unicode>
                </TextEquiv>
            </TextLine>
            <TextLine id="r2l17" custom="readingOrder {index:16;} person {offset:12; length:55;} place {offset:177; length:7;}">
                <Coords points="658,1017 818,1016 979,1016 1139,1016 1300,1017 1461,1017 1621,1019 1782,1020 1943,1021 2103,1022 2264,1024 2425,1025 2585,1027 2746,1028 2907,1029 3067,1030 3228,1031 3389,1031 3549,1031 3710,1031 3871,1030 3871,1000 3710,1001 3549,1001 3389,1001 3228,1001 3067,1000 2907,999 2746,998 2585,997 2425,995 2264,994 2103,992 1943,991 1782,990 1621,989 1461,987 1300,987 1139,986 979,986 818,986 658,987"/>
                <Baseline points="658,1007 818,1006 979,1006 1139,1006 1300,1007 1461,1007 1621,1009 1782,1010 1943,1011 2103,1012 2264,1014 2425,1015 2585,1017 2746,1018 2907,1019 3067,1020 3228,1021 3389,1021 3549,1021 3710,1021 3871,1020"/>
                <TextEquiv>
                    <Unicode>iasnieyssie kniezny, panie Barbory, kralowstwy gmenowanych kralowny, manzelky nassie z powolenie y z zdrawe raddy y z plne wole nassich prelatow y panow giz gmenowany hrad nass Keczcze spolu y</Unicode>
                </TextEquiv>
            </TextLine>
            <TextLine id="r2l18" custom="readingOrder {index:17;} place {offset:18; length:7;} place {offset:63; length:6;} place {offset:107; length:10;}">
                <Coords points="658,1059 819,1057 981,1056 1143,1056 1305,1056 1467,1057 1628,1058 1790,1059 1952,1060 2114,1062 2276,1063 2437,1065 2599,1066 2761,1068 2923,1069 3085,1070 3246,1071 3408,1071 3570,1071 3732,1070 3894,1069 3894,1039 3732,1040 3570,1041 3408,1041 3246,1041 3085,1040 2923,1039 2761,1038 2599,1036 2437,1035 2276,1033 2114,1032 1952,1030 1790,1029 1628,1028 1467,1027 1305,1026 1143,1026 981,1026 819,1027 658,1029"/>
                <Baseline points="658,1049 819,1047 981,1046 1143,1046 1305,1046 1467,1047 1628,1048 1790,1049 1952,1050 2114,1052 2276,1053 2437,1055 2599,1056 2761,1058 2923,1059 3085,1060 3246,1061 3408,1061 3570,1061 3732,1060 3894,1059"/>
                <TextEquiv>
                    <Unicode>s miesteczkem tez Keczcze gmenowanym a seygmienim anebo zbozim Pamern a s polowiczi giz gmenowaneho zbozie Redendorff y se wssemi ginymi prawy y s uzitky przislussegiczymi a znamenitie zemiemi ornymi</Unicode>
                </TextEquiv>
            </TextLine>
            <TextLine id="r2l19" custom="readingOrder {index:18;} place {offset:99; length:7;} place {offset:126; length:7;}">
                <Coords points="660,1101 821,1098 983,1097 1144,1097 1306,1097 1467,1097 1629,1098 1790,1099 1952,1101 2113,1103 2275,1105 2436,1107 2598,1108 2759,1110 2921,1112 3082,1113 3244,1115 3405,1115 3567,1116 3728,1115 3890,1114 3890,1084 3728,1085 3567,1086 3405,1085 3244,1085 3082,1083 2921,1082 2759,1080 2598,1078 2436,1077 2275,1075 2113,1073 1952,1071 1790,1069 1629,1068 1467,1067 1306,1067 1144,1067 983,1067 821,1068 660,1071"/>
                <Baseline points="660,1091 821,1088 983,1087 1144,1087 1306,1087 1467,1087 1629,1088 1790,1089 1952,1091 2113,1093 2275,1095 2436,1097 2598,1098 2759,1100 2921,1102 3082,1103 3244,1105 3405,1105 3567,1106 3728,1105 3890,1104"/>
                <TextEquiv>
                    <Unicode>oranymi yneoranymi, slessy, spassiekami, shagi, slukami, siemymi strawniky, s wodami, s rybniky, s Dunagem, s czlem, kterez w Keczczy obyczeyg magy wybierati a obecznie s wssemi czelymi uzitky, ktery¬</Unicode>
                </TextEquiv>
            </TextLine>
            <TextLine id="r2l20" custom="readingOrder {index:19;}">
                <Coords points="660,1145 822,1142 984,1140 1147,1139 1309,1138 1472,1139 1634,1140 1796,1141 1959,1143 2121,1145 2284,1147 2446,1149 2608,1151 2771,1153 2933,1155 3096,1156 3258,1157 3420,1158 3583,1157 3745,1156 3908,1154 3908,1124 3745,1126 3583,1127 3420,1128 3258,1127 3096,1126 2933,1125 2771,1123 2608,1121 2446,1119 2284,1117 2121,1115 1959,1113 1796,1111 1634,1110 1472,1109 1309,1108 1147,1109 984,1110 822,1112 660,1115"/>
                <Baseline points="660,1135 822,1132 984,1130 1147,1129 1309,1128 1472,1129 1634,1130 1796,1131 1959,1133 2121,1135 2284,1137 2446,1139 2608,1141 2771,1143 2933,1145 3096,1146 3258,1147 3420,1148 3583,1147 3745,1146 3908,1144"/>
                <TextEquiv>
                    <Unicode>mizkoliwiek gmeny gmenowanymi pod gich gistymi a prawymi mezemi starymi, s kterymiz az dosawad drzien byla gmien za drzewerzeczenych ssest tissicz a zapiet seth zlatych zlatta prwe y nynie nam pouczenych</Unicode>
                </TextEquiv>
            </TextLine>
            <TextLine id="r2l21" custom="readingOrder {index:20;}">
                <Coords points="662,1187 822,1184 983,1181 1143,1180 1304,1179 1465,1180 1625,1180 1786,1182 1946,1183 2107,1185 2268,1187 2428,1190 2589,1192 2749,1194 2910,1195 3071,1196 3231,1197 3392,1197 3552,1197 3713,1195 4091,1210 4090,1161 3713,1165 3552,1167 3392,1167 3231,1167 3071,1166 2910,1165 2749,1164 2589,1162 2428,1160 2268,1157 2107,1155 1946,1153 1786,1152 1625,1150 1465,1150 1304,1149 1143,1150 983,1151 822,1154 662,1157"/>
                <Baseline points="662,1177 822,1174 983,1171 1143,1170 1304,1169 1465,1170 1625,1170 1786,1172 1946,1173 2107,1175 2268,1177 2428,1180 2589,1182 2749,1184 2910,1185 3071,1186 3231,1187 3392,1187 3552,1187 3704,1185 4067,1204"/>
                <TextEquiv>
                    <Unicode>a za naprzed gmenowanych dwa tissicze zlattych zlatta, kterez k oprawie przedgmenowaneho hradu nasseho magy wydati tohowsseho, tocziz osm tissicz zlattych zlatta tey giste panie a synom y dczeram naprzed piet seth</Unicode>
                </TextEquiv>
            </TextLine>
            <TextLine id="r2l22" custom="readingOrder {index:21;} person {offset:134; length:14;}">
                <Coords points="661,1229 821,1226 982,1223 1143,1221 1303,1221 1464,1221 1625,1221 1785,1222 1946,1224 2107,1226 2268,1228 2428,1230 2589,1232 2750,1234 2910,1236 3071,1237 3232,1238 3392,1238 3553,1237 3714,1236 3875,1233 3875,1203 3714,1206 3553,1207 3392,1208 3232,1208 3071,1207 2910,1206 2750,1204 2589,1202 2428,1200 2268,1198 2107,1196 1946,1194 1785,1192 1625,1191 1464,1191 1303,1191 1143,1191 982,1193 821,1196 661,1199"/>
                <Baseline points="661,1219 821,1216 982,1213 1143,1211 1303,1211 1464,1211 1625,1211 1785,1212 1946,1214 2107,1216 2268,1218 2428,1220 2589,1222 2750,1224 2910,1226 3071,1227 3232,1228 3392,1228 3553,1227 3714,1226 3875,1223"/>
                <TextEquiv>
                    <Unicode>gmenowanym y gich diediczom y potomnim wssem zastawiti, nebrz zastawugeme y zawazugeme a pro wierne zasluzenie giz gmenowaneho niekdy Petra Kaplerze y pro cziste zaslibene geho panie</Unicode>
                </TextEquiv>
            </TextLine>
            <TextLine id="r2l23" custom="readingOrder {index:22;} person {offset:0; length:9;} person {offset:131; length:9;} place {offset:170; length:7;}">
                <Coords points="660,1270 822,1267 984,1265 1146,1264 1308,1263 1470,1264 1632,1264 1794,1265 1956,1267 2118,1268 2280,1270 2442,1272 2604,1274 2766,1276 2928,1277 3090,1278 3252,1279 3414,1279 3576,1279 3738,1277 3900,1275 3900,1245 3738,1247 3576,1249 3414,1249 3252,1249 3090,1248 2928,1247 2766,1246 2604,1244 2442,1242 2280,1240 2118,1238 1956,1237 1794,1235 1632,1234 1470,1234 1308,1233 1146,1234 984,1235 822,1237 660,1240"/>
                <Baseline points="660,1260 822,1257 984,1255 1146,1254 1308,1253 1470,1254 1632,1254 1794,1255 1956,1257 2118,1258 2280,1260 2442,1262 2604,1264 2766,1266 2928,1267 3090,1268 3252,1269 3414,1269 3576,1269 3738,1267 3900,1265"/>
                <TextEquiv>
                    <Unicode>Waltpurgy, kterez su nam wiernie a czistie wczas nassie potrzeby nam ukazali, powolugeme, chczeme y dawame, aby dokud ge ziwa pani Waltpurga naprzedpsaneho hradu nasseho Keczcze spolu y s miesteczkem tez</Unicode>
                </TextEquiv>
            </TextLine>
            <TextLine id="r2l24" custom="readingOrder {index:23;} place {offset:71; length:9;}">
                <Coords points="660,1312 821,1309 983,1306 1144,1305 1306,1304 1467,1304 1629,1304 1790,1305 1952,1307 2113,1308 2275,1310 2437,1312 2598,1314 2760,1316 2921,1317 3083,1319 3244,1320 3406,1321 3567,1321 3729,1321 3891,1320 3891,1290 3729,1291 3567,1291 3406,1291 3244,1290 3083,1289 2921,1287 2760,1286 2598,1284 2437,1282 2275,1280 2113,1278 1952,1277 1790,1275 1629,1274 1467,1274 1306,1274 1144,1275 983,1276 821,1279 660,1282"/>
                <Baseline points="660,1302 821,1299 983,1296 1144,1295 1306,1294 1467,1294 1629,1294 1790,1295 1952,1297 2113,1298 2275,1300 2437,1302 2598,1304 2760,1306 2921,1307 3083,1309 3244,1310 3406,1311 3567,1311 3729,1311 3891,1310"/>
                <TextEquiv>
                    <Unicode>takgmenowanym y zbozie rzeczeneho pameru y polowicze gmenie rzeczeneho Redndorff y se wssemi gich przislussenstwimi y uzitky mohla drzeti a zachowati a wssechny gich uzitky ywzatky, aby mohli brati y przigi¬</Unicode>
                </TextEquiv>
            </TextLine>
            <TextLine id="r2l25" custom="readingOrder {index:24;}">
                <Coords points="672,1351 832,1350 993,1350 1153,1349 1314,1349 1474,1349 1635,1350 1795,1351 1956,1352 2116,1353 2277,1354 2437,1355 2598,1357 2758,1358 2919,1359 3079,1361 3240,1362 3400,1363 3561,1365 3721,1366 3882,1367 3882,1337 3721,1336 3561,1335 3400,1333 3240,1332 3079,1331 2919,1329 2758,1328 2598,1327 2437,1325 2277,1324 2116,1323 1956,1322 1795,1321 1635,1320 1474,1319 1314,1319 1153,1319 993,1320 832,1320 672,1321"/>
                <Baseline points="672,1341 832,1340 993,1340 1153,1339 1314,1339 1474,1339 1635,1340 1795,1341 1956,1342 2116,1343 2277,1344 2437,1345 2598,1347 2758,1348 2919,1349 3079,1351 3240,1352 3400,1353 3561,1355 3721,1356 3882,1357"/>
                <TextEquiv>
                    <Unicode>mati a ani my ani nassy potomci kralowe tocziz uherssty ten gisty hrad nass y geho przislussenstwie naprzedpsane od tey giste panie az doczassow ziwota gegieho ani wyplatiti ani napominati ani zasie mieti ani</Unicode>
                </TextEquiv>
            </TextLine>
            <TextLine id="r2l26" custom="readingOrder {index:25;} place {offset:140; length:7;}">
                <Coords points="678,1392 838,1392 999,1393 1159,1393 1320,1393 1480,1394 1641,1394 1801,1395 1962,1395 2122,1396 2283,1397 2443,1398 2604,1399 2764,1400 2925,1401 3085,1402 3246,1403 3406,1404 3567,1405 3727,1406 3888,1407 3888,1377 3727,1376 3567,1375 3406,1374 3246,1373 3085,1372 2925,1371 2764,1370 2604,1369 2443,1368 2283,1367 2122,1366 1962,1365 1801,1365 1641,1364 1480,1364 1320,1363 1159,1363 999,1363 838,1362 678,1362"/>
                <Baseline points="678,1382 838,1382 999,1383 1159,1383 1320,1383 1480,1384 1641,1384 1801,1385 1962,1385 2122,1386 2283,1387 2443,1388 2604,1389 2764,1390 2925,1391 3085,1392 3246,1393 3406,1394 3567,1395 3727,1396 3888,1397"/>
                <TextEquiv>
                    <Unicode>zadnu prziczinu od nie oddaliti nemohli, ale kdy umrze ta gista pani, tehdy synowe gegy a dczery a gich dieti y potomny hrad nass giz psany Keczcze spolu y s naprzedpsanymi uzitky obyczegem giz psanym gim zasta¬</Unicode>
                </TextEquiv>
            </TextLine>
            <TextLine id="r2l27" custom="readingOrder {index:26;}">
                <Coords points="672,1436 834,1435 996,1434 1159,1434 1321,1435 1484,1435 1646,1436 1808,1437 1971,1438 2133,1440 2296,1441 2458,1442 2620,1443 2783,1444 2945,1445 3108,1446 3270,1446 3432,1447 3595,1446 3757,1446 3920,1445 3920,1415 3757,1416 3595,1416 3432,1417 3270,1416 3108,1416 2945,1415 2783,1414 2620,1413 2458,1412 2296,1411 2133,1410 1971,1408 1808,1407 1646,1406 1484,1405 1321,1405 1159,1404 996,1404 834,1405 672,1406"/>
                <Baseline points="672,1426 834,1425 996,1424 1159,1424 1321,1425 1484,1425 1646,1426 1808,1427 1971,1428 2133,1430 2296,1431 2458,1432 2620,1433 2783,1434 2945,1435 3108,1436 3270,1436 3432,1437 3595,1436 3757,1436 3920,1435"/>
                <TextEquiv>
                    <Unicode>weny a zawazany az doczassu wyplaczenie gich obyczegem takowym drzeti wladnuti a wsseczky uzitky wzatky sobie brati, aby mieli plnu mocz. To toliko skrze wymluwu oznamugicze, ze kdyzby naprzedrzeczena pani</Unicode>
                </TextEquiv>
            </TextLine>
            <TextLine id="r2l28" custom="readingOrder {index:27;} person {offset:0; length:9;} place {offset:61; length:7;} person {offset:154; length:15;} person {offset:186; length:10;}">
                <Coords points="676,1479 836,1479 997,1479 1158,1479 1319,1479 1480,1480 1640,1481 1801,1483 1962,1484 2123,1485 2284,1486 2444,1487 2605,1488 2766,1489 2927,1490 3088,1490 3248,1490 3409,1489 3570,1488 3731,1487 3892,1485 3892,1455 3731,1457 3570,1458 3409,1459 3248,1460 3088,1460 2927,1460 2766,1459 2605,1458 2444,1457 2284,1456 2123,1455 1962,1454 1801,1453 1640,1451 1480,1450 1319,1449 1158,1449 997,1449 836,1449 676,1449"/>
                <Baseline points="676,1469 836,1469 997,1469 1158,1469 1319,1469 1480,1470 1640,1471 1801,1473 1962,1474 2123,1475 2284,1476 2444,1477 2605,1478 2766,1479 2927,1480 3088,1480 3248,1480 3409,1479 3570,1478 3731,1477 3892,1475"/>
                <TextEquiv>
                    <Unicode>Waltpurga umrzela a my anebo nassy potomny giz dotczeny hrad Keczcze od nich chtielibychom aneb chtieliby wyplatiti, tehdy ti gisty synowe a dczery niekdy Petra Kaplerze a urozene panie Waltpurgy ane¬</Unicode>
                </TextEquiv>
            </TextLine>
            <TextLine id="r2l29" custom="readingOrder {index:28;} place {offset:167; length:7;}">
                <Coords points="674,1523 833,1524 993,1524 1153,1525 1313,1526 1473,1526 1632,1527 1792,1528 1952,1528 2112,1529 2272,1530 2431,1531 2591,1532 2751,1533 2911,1533 3071,1534 3230,1535 3390,1536 3550,1537 3710,1538 3870,1539 3870,1509 3710,1508 3550,1507 3390,1506 3230,1505 3071,1504 2911,1503 2751,1503 2591,1502 2431,1501 2272,1500 2112,1499 1952,1498 1792,1498 1632,1497 1473,1496 1313,1496 1153,1495 993,1494 833,1494 674,1493"/>
                <Baseline points="674,1513 833,1514 993,1514 1153,1515 1313,1516 1473,1516 1632,1517 1792,1518 1952,1518 2112,1519 2272,1520 2431,1521 2591,1522 2751,1523 2911,1523 3071,1524 3230,1525 3390,1526 3550,1527 3710,1528 3870,1529"/>
                <TextEquiv>
                    <Unicode>bo diety gich zassie magicze gistie a uplnie skrze nas anebo skrze potomnie krale uherske tiech gistych osm tissicz apiet seth zlatych zlatta prwe gmenowany hrad nass Keczcze spolu y s geho uzitky a przislu¬</Unicode>
                </TextEquiv>
            </TextLine>
            <TextLine id="r2l30" custom="readingOrder {index:29;}">
                <Coords points="681,1567 839,1568 998,1568 1156,1569 1315,1570 1474,1571 1632,1571 1791,1572 1949,1573 2108,1574 2267,1575 2425,1576 2584,1577 2742,1577 2901,1577 3060,1578 3218,1578 3377,1578 3535,1577 3694,1577 3853,1576 3853,1546 3694,1547 3535,1547 3377,1548 3218,1548 3060,1548 2901,1547 2742,1547 2584,1547 2425,1546 2267,1545 2108,1544 1949,1543 1791,1542 1632,1541 1474,1541 1315,1540 1156,1539 998,1538 839,1538 681,1537"/>
                <Baseline points="681,1557 839,1558 998,1558 1156,1559 1315,1560 1474,1561 1632,1561 1791,1562 1949,1563 2108,1564 2267,1565 2425,1566 2584,1567 2742,1567 2901,1567 3060,1568 3218,1568 3377,1568 3535,1567 3694,1567 3853,1566"/>
                <TextEquiv>
                    <Unicode>ssenstwimi naprzedrzeczenymi nam anebo nassim potomnim beze wssie nesnaze, aby dluzni byli spustiti a zasie sstupiti, to take zwlasstie wzkladame, tocziz wymluwame, ze ta gista pani agiz gmenowany</Unicode>
                </TextEquiv>
            </TextLine>
            <TextLine id="r2l31" custom="readingOrder {index:30;}">
                <Coords points="679,1612 839,1613 999,1614 1159,1615 1319,1615 1479,1616 1639,1617 1799,1618 1959,1619 2119,1619 2279,1620 2439,1620 2599,1621 2759,1621 2919,1621 3079,1621 3239,1621 3399,1621 3559,1620 3719,1619 3879,1618 3879,1588 3719,1589 3559,1590 3399,1591 3239,1591 3079,1591 2919,1591 2759,1591 2599,1591 2439,1590 2279,1590 2119,1589 1959,1589 1799,1588 1639,1587 1479,1586 1319,1585 1159,1585 999,1584 839,1583 679,1582"/>
                <Baseline points="679,1602 839,1603 999,1604 1159,1605 1319,1605 1479,1606 1639,1607 1799,1608 1959,1609 2119,1609 2279,1610 2439,1610 2599,1611 2759,1611 2919,1611 3079,1611 3239,1611 3399,1611 3559,1610 3719,1609 3879,1608"/>
                <TextEquiv>
                    <Unicode>synowe gegy y dczery z giz powiedienych dwu tissiczy zlatych za dielo a oprawowanie toho gisteho hradu, az do wyplnienie pocztu przedrzeczenych dwu tissicz zlatych zlatta trzy sta zlatych anebo wiecze anebo</Unicode>
                </TextEquiv>
            </TextLine>
            <TextLine id="r2l32" custom="readingOrder {index:31;}">
                <Coords points="677,1660 836,1659 996,1658 1156,1658 1316,1658 1476,1658 1635,1658 1795,1659 1955,1659 2115,1660 2275,1661 2434,1661 2594,1662 2754,1663 2914,1663 3074,1664 3233,1664 3393,1663 3553,1663 3713,1662 3873,1661 3873,1631 3713,1632 3553,1633 3393,1633 3233,1634 3074,1634 2914,1633 2754,1633 2594,1632 2434,1631 2275,1631 2115,1630 1955,1629 1795,1629 1635,1628 1476,1628 1316,1628 1156,1628 996,1628 836,1629 677,1630"/>
                <Baseline points="677,1650 836,1649 996,1648 1156,1648 1316,1648 1476,1648 1635,1648 1795,1649 1955,1649 2115,1650 2275,1651 2434,1651 2594,1652 2754,1653 2914,1653 3074,1654 3233,1654 3393,1653 3553,1653 3713,1652 3873,1651"/>
                <TextEquiv>
                    <Unicode>menie na kazdy rok wydawati, a nam anebo nassim urzednikom, kterez na to wydame, na kazdy rok slussny z toho poczet ucziniti powinni budu. Nadto to przegimame nasie y na potomnie nasse krale uherske</Unicode>
                </TextEquiv>
            </TextLine>
            <TextLine id="r2l33" custom="readingOrder {index:32;} person {offset:52; length:9;} person {offset:121; length:9;} person {offset:139; length:9;}">
                <Coords points="677,1705 837,1703 997,1701 1158,1700 1318,1700 1479,1699 1639,1700 1799,1700 1960,1701 2120,1701 2281,1702 2441,1703 2601,1704 2762,1704 2922,1705 3083,1705 3243,1705 3403,1704 3564,1703 3724,1702 3885,1699 3885,1669 3724,1672 3564,1673 3403,1674 3243,1675 3083,1675 2922,1675 2762,1674 2601,1674 2441,1673 2281,1672 2120,1671 1960,1671 1799,1670 1639,1670 1479,1669 1318,1670 1158,1670 997,1671 837,1673 677,1675"/>
                <Baseline points="677,1695 837,1693 997,1691 1158,1690 1318,1690 1479,1689 1639,1690 1799,1690 1960,1691 2120,1691 2281,1692 2441,1693 2601,1694 2762,1694 2922,1695 3083,1695 3243,1695 3403,1694 3564,1693 3724,1692 3885,1689"/>
                <TextEquiv>
                    <Unicode>a slowem kralewskym slibugeme przedgmenowanie panie Waltpurgy az doczassu gegeiho ziwota a potom syny y dczery rzeczeneho Kaplerze a panie Waltpurgy y gich diedicze y potomnie w panowanie a w wla¬</Unicode>
                </TextEquiv>
            </TextLine>
            <TextLine id="r2l34" custom="readingOrder {index:33;}">
                <Coords points="687,1748 847,1746 1008,1745 1168,1744 1329,1744 1489,1744 1650,1744 1810,1745 1971,1745 2131,1746 2292,1747 2452,1748 2613,1748 2773,1748 2934,1749 3094,1748 3255,1747 3415,1746 3576,1744 3736,1742 3897,1739 3897,1709 3736,1712 3576,1714 3415,1716 3255,1717 3094,1718 2934,1719 2773,1718 2613,1718 2452,1718 2292,1717 2131,1716 1971,1715 1810,1715 1650,1714 1489,1714 1329,1714 1168,1714 1008,1715 847,1716 687,1718"/>
                <Baseline points="687,1738 847,1736 1008,1735 1168,1734 1329,1734 1489,1734 1650,1734 1810,1735 1971,1735 2131,1736 2292,1737 2452,1738 2613,1738 2773,1738 2934,1739 3094,1738 3255,1737 3415,1736 3576,1734 3736,1732 3897,1729"/>
                <TextEquiv>
                    <Unicode>dami giz powiedieneho hradu nasseho ygeho wssech uzitkom y przislussenstwy naprzedgmenowanych az doczassu wyplaczenie proti wssem napominaczom y proti rzecznikom y draczom braniti zachowati y wywa¬</Unicode>
                </TextEquiv>
            </TextLine>
            <TextLine id="r2l35" custom="readingOrder {index:34;}">
                <Coords points="685,1789 844,1787 1003,1786 1162,1786 1322,1786 1481,1786 1640,1786 1800,1787 1959,1788 2118,1789 2278,1790 2437,1791 2596,1792 2755,1792 2915,1792 3074,1792 3233,1791 3393,1790 3552,1788 3711,1786 3871,1783 3871,1753 3711,1756 3552,1758 3393,1760 3233,1761 3074,1762 2915,1762 2755,1762 2596,1762 2437,1761 2278,1760 2118,1759 1959,1758 1800,1757 1640,1756 1481,1756 1322,1756 1162,1756 1003,1756 844,1757 685,1759"/>
                <Baseline points="685,1779 844,1777 1003,1776 1162,1776 1322,1776 1481,1776 1640,1776 1800,1777 1959,1778 2118,1779 2278,1780 2437,1781 2596,1782 2755,1782 2915,1782 3074,1782 3233,1781 3393,1780 3552,1778 3711,1776 3871,1773"/>
                <TextEquiv>
                    <Unicode>diti wlastnimi nassimi y nassich potomnich naklady y praczemi tiech nassich, k nimzto peczet nassy sekret, kterehoz iako hrad uhersky poziwame gist zawiessen moczy a swiedomim listow, ktere wformu nasseho</Unicode>
                </TextEquiv>
            </TextLine>
            <TextLine id="r2l36" custom="readingOrder {index:35;} place {offset:174; length:7;}">
                <Coords points="685,1836 844,1833 1004,1832 1163,1831 1323,1830 1483,1830 1642,1830 1802,1831 1961,1832 2121,1833 2281,1834 2440,1835 2600,1836 2759,1837 2919,1837 3079,1837 3238,1837 3398,1835 3557,1834 3717,1831 3877,1828 3877,1798 3717,1801 3557,1804 3398,1805 3238,1807 3079,1807 2919,1807 2759,1807 2600,1806 2440,1805 2281,1804 2121,1803 1961,1802 1802,1801 1642,1800 1483,1800 1323,1800 1163,1801 1004,1802 844,1803 685,1806"/>
                <Baseline points="685,1826 844,1823 1004,1822 1163,1821 1323,1820 1483,1820 1642,1820 1802,1821 1961,1822 2121,1823 2281,1824 2440,1825 2600,1826 2759,1827 2919,1827 3079,1827 3238,1827 3398,1825 3557,1824 3717,1821 3877,1818"/>
                <TextEquiv>
                    <Unicode>hamfesstu wepsati kazeme, peczety nasseho magestatu wietczi a znamenitu anebo mocznu, gehozto take iako kral uhersky poziwame, ohrazugicze, kdy nam osobnie budu przineseni w Posononii przed</Unicode>
                </TextEquiv>
            </TextLine>
            <TextLine id="r2l37" custom="readingOrder {index:36;} date {offset:15; length:167;year:0; day:0; month:0;}">
                <Coords points="705,1881 864,1880 1024,1880 1183,1881 1343,1881 1503,1881 1662,1881 1822,1881 1981,1882 2141,1882 2301,1882 2460,1882 2620,1882 2779,1882 2939,1881 3099,1881 3258,1880 3418,1879 3577,1878 3737,1876 3897,1874 3897,1844 3737,1846 3577,1848 3418,1849 3258,1850 3099,1851 2939,1851 2779,1852 2620,1852 2460,1852 2301,1852 2141,1852 1981,1852 1822,1851 1662,1851 1503,1851 1343,1851 1183,1851 1024,1850 864,1850 705,1851"/>
                <Baseline points="705,1871 864,1870 1024,1870 1183,1871 1343,1871 1503,1871 1662,1871 1822,1871 1981,1872 2141,1872 2301,1872 2460,1872 2620,1872 2779,1872 2939,1871 3099,1871 3258,1870 3418,1869 3577,1868 3737,1866 3897,1864"/>
                <TextEquiv>
                    <Unicode>powiedienem na den swaty Haty panny a muczedlniczie leta Bozieho tissiczieho cztyrsteho XXVIho, kralowstwy nassich uherskeho tissicz cztyrzista XXXIXho rzimskeho, VVIho czeskeho VIho, ale druhého</Unicode>
                </TextEquiv>
            </TextLine>
            <TextLine id="r2l38" custom="readingOrder {index:37;}">
                <Coords points="697,1929 856,1929 1015,1929 1174,1929 1333,1928 1492,1928 1651,1928 1810,1927 1969,1927 2128,1927 2287,1926 2446,1926 2605,1926 2764,1925 2923,1925 3082,1925 3241,1925 3400,1924 3559,1924 3718,1924 3877,1924 3877,1894 3718,1894 3559,1894 3400,1894 3241,1895 3082,1895 2923,1895 2764,1895 2605,1896 2446,1896 2287,1896 2128,1897 1969,1897 1810,1897 1651,1898 1492,1898 1333,1898 1174,1899 1015,1899 856,1899 697,1899"/>
                <Baseline points="697,1919 856,1919 1015,1919 1174,1919 1333,1918 1492,1918 1651,1918 1810,1917 1969,1917 2128,1917 2287,1916 2446,1916 2605,1916 2764,1915 2923,1915 3082,1915 3241,1915 3400,1914 3559,1914 3718,1914 3877,1914"/>
                <TextEquiv>
                    <Unicode>tocziz kapitulneho listu drzenie stogi w tato slowa wssem w Krzistu wiernym nynieyssim y buduczim, ktoz znamost tiechto listow mieti budu, kapitula kostela pozoninskeho pozdrawenie w sstiedrem dawate¬</Unicode>
                </TextEquiv>
            </TextLine>
            <TextLine id="r2l39" custom="readingOrder {index:38;} person {offset:157; length:55; continued:true;}">
                <Coords points="699,1977 858,1977 1018,1977 1178,1976 1338,1976 1498,1975 1657,1975 1817,1974 1977,1974 2137,1973 2297,1972 2456,1972 2616,1971 2776,1970 2936,1969 3096,1968 3255,1967 3415,1967 3575,1966 3735,1965 3895,1964 3895,1934 3735,1935 3575,1936 3415,1937 3255,1937 3096,1938 2936,1939 2776,1940 2616,1941 2456,1942 2297,1942 2137,1943 1977,1944 1817,1944 1657,1945 1498,1945 1338,1946 1178,1946 1018,1947 858,1947 699,1947"/>
                <Baseline points="699,1967 858,1967 1018,1967 1178,1966 1338,1966 1498,1965 1657,1965 1817,1964 1977,1964 2137,1963 2297,1962 2456,1962 2616,1961 2776,1960 2936,1959 3096,1958 3255,1957 3415,1957 3575,1956 3735,1955 3895,1954"/>
                <TextEquiv>
                    <Unicode>li spasenie k znamosti wssech tak nynieyssich, iakozto y buduczich, rzadem listow tiechto chczeme, aby przisslo, ze my listy nayiasnieyssieho kniezete, pana Zygmunda, z Bozie milosti rzimskeho krale, wzdy rozmno¬</Unicode>
                </TextEquiv>
            </TextLine>
            <TextLine id="r2l40" custom="readingOrder {index:39;} person {offset:0; length:23; continued:true;} person {offset:125; length:9;} person {offset:159; length:34; continued:true;}">
                <Coords points="693,2027 851,2025 1010,2024 1169,2022 1327,2021 1486,2020 1645,2019 1803,2018 1962,2017 2121,2016 2280,2016 2438,2015 2597,2014 2756,2014 2914,2013 3073,2012 3232,2011 3390,2010 3549,2009 3708,2007 3867,2006 3867,1976 3708,1977 3549,1979 3390,1980 3232,1981 3073,1982 2914,1983 2756,1984 2597,1984 2438,1985 2280,1986 2121,1986 1962,1987 1803,1988 1645,1989 1486,1990 1327,1991 1169,1992 1010,1994 851,1995 693,1997"/>
                <Baseline points="693,2017 851,2015 1010,2014 1169,2012 1327,2011 1486,2010 1645,2009 1803,2008 1962,2007 2121,2006 2280,2006 2438,2005 2597,2004 2756,2004 2914,2003 3073,2002 3232,2001 3390,2000 3549,1999 3708,1997 3867,1996"/>
                <TextEquiv>
                    <Unicode>zitele a czeskeho krale etc., pana nasseho s uwodu aneb uwazani a postaweni sekretem geho peczeti naznamenane urozeney panie Waltpurge, wdowie, a synom niekdy Kaplerze, niekdy haytmana pozonin¬</Unicode>
                </TextEquiv>
            </TextLine>
            <TextLine id="r2l41" custom="readingOrder {index:40;} person {offset:0; length:5; continued:true;} person {offset:119; length:79;}">
                <Coords points="707,2073 865,2070 1023,2068 1181,2067 1339,2065 1497,2065 1655,2064 1813,2064 1971,2063 2129,2063 2287,2063 2445,2062 2603,2062 2761,2061 2919,2061 3077,2060 3235,2058 3393,2056 3551,2054 3709,2051 3867,2048 3867,2018 3709,2021 3551,2024 3393,2026 3235,2028 3077,2030 2919,2031 2761,2031 2603,2032 2445,2032 2287,2033 2129,2033 1971,2033 1813,2034 1655,2034 1497,2035 1339,2035 1181,2037 1023,2038 865,2040 707,2043"/>
                <Baseline points="707,2063 865,2060 1023,2058 1181,2057 1339,2055 1497,2055 1655,2054 1813,2054 1971,2053 2129,2053 2287,2053 2445,2052 2603,2052 2761,2051 2919,2051 3077,2050 3235,2048 3393,2046 3551,2044 3709,2041 3867,2038"/>
                <TextEquiv>
                    <Unicode>skeho, milostiwie dane a nam przikazanie poslanem swrchowanu pocztiwosty a s poslussenstwim przigiali sme w tato slowa Zigmund, z Bozie milosti rzimsky kral, wzdy rozmnozitel a uhersky a czesky kral.</Unicode>
                </TextEquiv>
            </TextLine>
            <TextLine id="r2l42" custom="readingOrder {index:41;} place {offset:75; length:7;} place {offset:117; length:7;}">
                <Coords points="563,2260 717,2106 992,2068 1160,2113 1320,2111 1481,2110 1641,2110 1801,2110 1962,2109 2122,2109 2283,2109 2443,2109 2603,2109 2764,2109 2924,2108 3085,2107 3245,2105 3405,2103 3566,2100 3726,2097 3887,2092 3887,2062 3726,2067 3566,2070 3405,2073 3245,2075 3085,2077 2924,2078 2764,2079 2603,2079 2443,2079 2283,2079 2122,2079 1962,2079 1801,2080 1641,2080 1481,2080 1320,2081 1157,2068 999,2085 839,2087 536,2048"/>
                <Baseline points="679,2111 839,2107 999,2105 1160,2103 1320,2101 1481,2100 1641,2100 1801,2100 1962,2099 2122,2099 2283,2099 2443,2099 2603,2099 2764,2099 2924,2098 3085,2097 3245,2095 3405,2093 3566,2090 3726,2087 3887,2082"/>
                <TextEquiv>
                    <Unicode>S wiernym nassim kapitole pozoninske pozdrawenie y milost, ze my hrad nass Keczcze rzeczeny spolu s miesteczkem take Keczcze gmenowanym y s czlem, kterez obyczeyg magy tam wydawati, take y seygmienim</Unicode>
                </TextEquiv>
            </TextLine>
            <TextLine id="r2l43" custom="readingOrder {index:42;} place {offset:0; length:6;} place {offset:37; length:9;}">
                <Coords points="673,2168 833,2164 993,2161 1154,2159 1314,2158 1475,2157 1635,2156 1795,2156 1956,2156 2116,2156 2277,2156 2437,2156 2597,2156 2758,2155 2918,2154 3079,2153 3239,2151 3399,2148 3560,2145 3720,2141 3881,2135 3881,2105 3720,2111 3560,2115 3399,2118 3239,2121 3079,2123 2918,2124 2758,2125 2597,2126 2437,2126 2277,2126 2116,2126 1956,2126 1795,2126 1635,2126 1475,2127 1314,2128 1154,2129 993,2131 833,2134 673,2138"/>
                <Baseline points="673,2158 833,2154 993,2151 1154,2149 1314,2148 1475,2147 1635,2146 1795,2146 1956,2146 2116,2146 2277,2146 2437,2146 2597,2146 2758,2145 2918,2144 3079,2143 3239,2141 3399,2138 3560,2135 3720,2131 3881,2125"/>
                <TextEquiv>
                    <Unicode>Pamern nazwanym y s polowiczy zbozie Redndorff gmenowaneho, owssem w kraginie muzoninske ustawenem, y se wssemi ginymi uzitky y przislussenstwimi k tomu hradu y k ginym giz gmenowanym przi¬</Unicode>
                </TextEquiv>
            </TextLine>
            <TextLine id="r2l44" custom="readingOrder {index:43;} person {offset:34; length:9;} person {offset:59; length:52;} place {offset:85; length:26;} person {offset:138; length:6;} person {offset:147; length:7;} person {offset:165; length:9;} person {offset:176; length:8;} person {offset:187; length:3; continued:true;}">
                <Coords points="695,2217 853,2212 1011,2208 1170,2205 1328,2203 1487,2202 1645,2202 1803,2202 1962,2202 2120,2202 2279,2203 2437,2203 2595,2203 2754,2203 2912,2203 3071,2201 3229,2199 3387,2196 3546,2191 3704,2186 3863,2179 3863,2149 3704,2156 3546,2161 3387,2166 3229,2169 3071,2171 2912,2173 2754,2173 2595,2173 2437,2173 2279,2173 2120,2172 1962,2172 1803,2172 1645,2172 1487,2172 1328,2173 1170,2175 1011,2178 853,2182 695,2187"/>
                <Baseline points="695,2207 853,2202 1011,2198 1170,2195 1328,2193 1487,2192 1645,2192 1803,2192 1962,2192 2120,2192 2279,2193 2437,2193 2595,2193 2754,2193 2912,2193 3071,2191 3229,2189 3387,2186 3546,2181 3704,2176 3863,2169"/>
                <TextEquiv>
                    <Unicode>slussenstwim wiernym nassim panie Waltpurge, wdowie niekdy Kaplerze, niekdy haytmana hradu nasseho pozoninskeho, do gegieho ziwota a take Janowi a Petrowi, synom, a Margretie, Barborze a Ur¬</Unicode>
                </TextEquiv>
            </TextLine>
            <TextLine id="r2l45" custom="readingOrder {index:44;} person {offset:0; length:5; continued:true;} person {offset:37; length:8;} person {offset:48; length:9;}">
                <Coords points="705,2266 863,2260 1021,2256 1179,2253 1338,2250 1496,2249 1654,2248 1813,2247 1971,2247 2129,2247 2288,2248 2446,2248 2604,2248 2762,2248 2921,2247 3079,2246 3237,2244 3396,2241 3554,2237 3712,2233 3871,2227 3871,2197 3712,2203 3554,2207 3396,2211 3237,2214 3079,2216 2921,2217 2762,2218 2604,2218 2446,2218 2288,2218 2129,2217 1971,2217 1813,2217 1654,2218 1496,2219 1338,2220 1179,2223 1021,2226 863,2230 705,2236"/>
                <Baseline points="705,2256 863,2250 1021,2246 1179,2243 1338,2240 1496,2239 1654,2238 1813,2237 1971,2237 2129,2237 2288,2238 2446,2238 2604,2238 2762,2238 2921,2237 3079,2236 3237,2234 3396,2231 3554,2227 3712,2223 3871,2217"/>
                <TextEquiv>
                    <Unicode>ssyle, diewkam, dczeram gich, tocziz Kaplerze y Waltpurgy, az do czassu wyplaczenie toho gisteho hradu nasseho moczy ginych listow nato zdielanych zagistu summu peniez skrze nie anebo gimi, tocziz skr¬</Unicode>
                </TextEquiv>
            </TextLine>
            <TextLine id="r2l46" custom="readingOrder {index:45;} person {offset:8; length:9;}">
                <Coords points="703,2309 862,2305 1021,2301 1180,2297 1340,2295 1499,2294 1658,2292 1818,2292 1977,2292 2136,2292 2296,2292 2455,2292 2614,2292 2773,2292 2933,2291 3092,2291 3251,2289 3411,2287 3570,2284 3729,2280 3889,2276 3889,2246 3729,2250 3570,2254 3411,2257 3251,2259 3092,2261 2933,2261 2773,2262 2614,2262 2455,2262 2296,2262 2136,2262 1977,2262 1818,2262 1658,2262 1499,2264 1340,2265 1180,2267 1021,2271 862,2275 703,2279"/>
                <Baseline points="703,2299 862,2295 1021,2291 1180,2287 1340,2285 1499,2284 1658,2282 1818,2282 1977,2282 2136,2282 2296,2282 2455,2282 2614,2282 2773,2282 2933,2281 3092,2281 3251,2279 3411,2277 3570,2274 3729,2270 3889,2266"/>
                <TextEquiv>
                    <Unicode>ze pani Waltpurgu a syny y dczery gegie welebnosti nassie gmenem gisteho poyczenie poyczenych napisem zastawy umienili sme dati a zawazati, y chczeme gie skrze nasseho y take wasseho lidi w pa¬</Unicode>
                </TextEquiv>
            </TextLine>
            <TextLine id="r2l48" custom="readingOrder {index:46;}">
                <Coords points="711,2363 822,2357 933,2352 1044,2348 1155,2345 1267,2342 1378,2341 1489,2340 1600,2340 1711,2340 1823,2340 1934,2340 2045,2341 2156,2342 2267,2342 2379,2342 2490,2342 2601,2341 2712,2340 2823,2338 3893,2325 3898,2280 2823,2308 2712,2310 2601,2311 2490,2312 2379,2312 2267,2312 2156,2312 2045,2311 1934,2310 1823,2310 1711,2310 1600,2310 1489,2310 1378,2311 1267,2312 1155,2315 1044,2318 933,2322 822,2327 711,2333"/>
                <Baseline points="711,2353 822,2347 933,2342 1044,2338 1155,2335 1267,2332 1378,2331 1489,2330 1600,2330 1711,2330 1823,2330 1934,2330 2045,2331 2156,2332 2267,2332 2379,2332 2490,2332 2601,2331 2712,2330 2823,2328 3880,2329"/>
                <TextEquiv>
                    <Unicode>nowanie a v wladanie gich podle obyczege nasseho kralowstwie slussnie kazati uwesti. Protoz wiernost wassie mocznie a pewnie przikazugicze przikazugeme, abysste wasseho poslali czlowieka</Unicode>
                </TextEquiv>
            </TextLine>
            <TextLine id="r2l50" custom="readingOrder {index:47;} person {offset:58; length:21;} place {offset:72; length:7;} person {offset:86; length:24;} place {offset:99; length:11;} person {offset:117; length:18;}">
                <Coords points="709,2415 820,2408 931,2401 1042,2396 1153,2392 1265,2389 1376,2386 1487,2385 1598,2384 1709,2383 1821,2383 1932,2384 2043,2384 2154,2385 2265,2385 2377,2386 2488,2386 2599,2386 2710,2385 2821,2384 3923,2366 3898,2331 3191,2340 2740,2341 2599,2356 2488,2356 2377,2356 2265,2355 2154,2355 2043,2354 1932,2354 1821,2353 1709,2353 1598,2354 1487,2355 1376,2356 1265,2359 1153,2362 1042,2366 931,2371 820,2378 709,2385"/>
                <Baseline points="709,2405 820,2398 931,2391 1042,2386 1153,2382 1265,2379 1376,2376 1487,2375 1598,2374 1709,2373 1821,2373 1932,2374 2043,2374 2154,2375 2265,2375 2377,2376 2488,2376 2599,2376 2710,2375 2821,2374 3893,2365"/>
                <TextEquiv>
                    <Unicode>pro swiedomie wiery hodneho, przi gehoz coby przitomnosty Jan Thompek z Orozwar anebo Petr Groff z Kathaffalwy anebo Herzman take Groff odtud kdyby giny nebyli czlowiek nass do przed¬</Unicode>
                </TextEquiv>
            </TextLine>
            <TextLine id="r2l52" custom="readingOrder {index:48;} place {offset:33; length:7;}">
                <Coords points="703,2466 813,2459 924,2454 1035,2448 1146,2444 1257,2441 1368,2438 1479,2435 1590,2434 1701,2433 1812,2432 1922,2431 2033,2431 2144,2431 2255,2430 2366,2430 2477,2430 2588,2430 2699,2430 2810,2429 3917,2412 3918,2368 3039,2380 2723,2379 2588,2400 2477,2400 2366,2400 2255,2400 2144,2401 2033,2401 1922,2401 1812,2402 1701,2403 1590,2404 1479,2405 1368,2408 1257,2411 1146,2414 1035,2418 924,2424 813,2429 703,2436"/>
                <Baseline points="703,2456 813,2449 924,2444 1035,2438 1146,2434 1257,2431 1368,2428 1479,2425 1590,2424 1701,2423 1812,2422 1922,2421 2033,2421 2144,2421 2255,2420 2366,2420 2477,2420 2588,2420 2699,2420 2810,2419 3913,2408"/>
                <TextEquiv>
                    <Unicode>hradie nasseho gmenowaneho hradu Keczcze swolage susedy y obczie k tomu hradu y k zbozy giz gmenowanemu przislussne przedewssemi przistupie, aby uwedl giz naprzed gmenowane pani</Unicode>
                </TextEquiv>
            </TextLine>
            <TextLine id="r2l54" custom="readingOrder {index:49;} person {offset:0; length:9;} person {offset:33; length:8;}">
                <Coords points="717,2513 827,2506 938,2501 1049,2496 1159,2492 1270,2489 1381,2486 1491,2484 1602,2482 1713,2481 1824,2480 1934,2479 2045,2479 2156,2478 2266,2478 2377,2478 2488,2478 2598,2477 2709,2476 2820,2475 3946,2469 3933,2419 3532,2424 2754,2424 2611,2429 2488,2448 2377,2448 2266,2448 2156,2448 2045,2449 1934,2449 1824,2450 1713,2451 1602,2452 1491,2454 1381,2456 1270,2459 1159,2462 1049,2466 938,2471 827,2476 717,2483"/>
                <Baseline points="717,2503 827,2496 938,2491 1049,2486 1159,2482 1270,2479 1381,2476 1491,2474 1602,2472 1713,2471 1824,2470 1934,2469 2045,2469 2156,2468 2266,2468 2377,2468 2488,2468 2598,2467 3070,2471 3582,2465 3927,2465"/>
                <TextEquiv>
                    <Unicode>Waltpurgu y syny y dczery niekdy Kaplerze w panowanie a wvladanie giz psanych wieczy a aby ustawil ten gisty hrad y se wssemi przislussenstwimi gich y ginych giz gmenowanych s czlem y s</Unicode>
                </TextEquiv>
            </TextLine>
            <TextLine id="r2l56" custom="readingOrder {index:50;}">
                <Coords points="701,2566 812,2559 924,2553 1036,2547 1147,2543 1259,2538 1371,2535 1482,2533 1594,2530 1706,2528 1818,2527 1929,2526 2041,2525 2153,2524 2264,2524 2376,2523 2488,2523 2599,2523 2711,2522 2823,2522 3931,2514 3922,2473 3131,2476 2697,2470 2593,2474 2488,2493 2376,2493 2264,2494 2153,2494 2041,2495 1929,2496 1818,2497 1706,2498 1594,2500 1482,2503 1371,2505 1259,2508 1147,2513 1036,2517 924,2523 812,2529 701,2536"/>
                <Baseline points="701,2556 812,2549 924,2543 1036,2537 1147,2533 1259,2528 1371,2525 1482,2523 1594,2520 1706,2518 1818,2517 1929,2516 2041,2515 2153,2514 2264,2514 2376,2513 2488,2513 2599,2513 2711,2512 2823,2512 3933,2509"/>
                <TextEquiv>
                    <Unicode>ginymi se wssemi uzitky spis przedloze, aby drzeli y wladli, nebudeli proti nim odpieranie a odmluwanie, pakli odporczie, kterzy budu, aby ge wyzwal anebo wywolal anebo pohnal proti giz gme¬</Unicode>
                </TextEquiv>
            </TextLine>
            <TextLine id="r2l58" custom="readingOrder {index:51;}">
                <Coords points="718,2614 827,2606 937,2600 1046,2595 1156,2589 1265,2585 1375,2582 1484,2579 1594,2576 1703,2574 1813,2573 1922,2571 2032,2571 2141,2570 2251,2569 2360,2569 2470,2568 2579,2568 2689,2567 2798,2567 3924,2555 3921,2514 2842,2518 2689,2537 2578,2517 2470,2538 2360,2539 2251,2539 2141,2540 2032,2541 1922,2541 1813,2543 1703,2544 1594,2546 1484,2549 1375,2552 1265,2555 1156,2559 1046,2565 937,2570 827,2576 718,2584"/>
                <Baseline points="718,2604 827,2596 937,2590 1046,2585 1156,2579 1265,2575 1375,2572 1484,2569 1594,2566 1703,2564 1813,2563 1922,2561 2032,2561 2141,2560 2251,2559 2360,2559 2470,2558 2579,2558 2689,2557 2798,2557 3916,2558"/>
                <TextEquiv>
                    <Unicode>nowanym, tocziz proti wdowie, synom y dczeram gegim, przed wewodu kroku slussnemu, aby hodnu prziczinu sweho odpieranie wydali a potom po rzadu gich uwedenie y uwazanie anebo ustawe¬ </Unicode>
                </TextEquiv>
            </TextLine>
            <TextLine id="r2l59" custom="readingOrder {index:52;} place {offset:126; length:7;} date {offset:137; length:38;year:0; day:0; month:0;}">
                <Coords points="714,2664 875,2653 1036,2644 1197,2636 1358,2630 1519,2625 1680,2622 1841,2619 2002,2617 2163,2615 2324,2614 2485,2614 2646,2614 2807,2614 2968,2614 3129,2613 3290,2613 3451,2612 3612,2610 3773,2608 3935,2605 3935,2575 3773,2578 3612,2580 3451,2582 3290,2583 3129,2583 2968,2584 2807,2584 2646,2584 2485,2584 2324,2584 2163,2585 2002,2587 1841,2589 1680,2592 1519,2595 1358,2600 1197,2606 1036,2614 875,2623 714,2634"/>
                <Baseline points="714,2654 875,2643 1036,2634 1197,2626 1358,2620 1519,2615 1680,2612 1841,2609 2002,2607 2163,2605 2324,2604 2485,2604 2646,2604 2807,2604 2968,2604 3129,2603 3290,2603 3451,2602 3612,2600 3773,2598 3935,2595"/>
                <TextEquiv>
                    <Unicode>nie s gmeny odporczy a wyzwanych buduli, kterzy rok uloziecze tomu gistemu wewodowi obyczegem obecznym, abysste odepsali. Dan Posonii we cztwrtek nayblizssi przed swatym Walen.</Unicode>
                </TextEquiv>
            </TextLine>
            <TextEquiv>
                <Unicode>Zygmund, z Bozie milosti rzimsky kral, wzdyczky rozmnozitel a uhersky, czesky, dalmaczky zemie kral a markrabie brandebursky a k tomu luczembursky diedicz, wssem w Krystu wiernym nynieyssim spolu y potomnim&#xD;
anebo buduczim, ktoz znamost tiechto wieczy budu mieti, pozdrawenie w spasiteli wssech zemie k kralowskey przislussie welebnosti, aby swych wiernych listy gim milostiwie dane rzadem swych iasnych listow raczil stwr¬&#xD;
diti y zyesniti, protoz k znamosti wssech tiechto listow rzadem chczeme, aby przisslo, ze wierna nasse urozena pani Waltpurga, wdowa niekdy Petra Kaplerze, niekdy haytmana hradu nasseho pozoninskeho, w swe tocziz&#xD;
osobie a w osobach synow swych, Jana a Petra y dczer swych, Margrethy Barbory a Urssyly, wydala nam nieyaka dwa listy. Geden nass nynieissim menssim sekretem peczety nassy wisutu ohrazeny, kterymzto tocziz&#xD;
nassim listem any hrad nass Keczcze gmenowany, w kragy muzoninskem usazeny, a k tomu mizteczko take Keczcze gmenowane a gmieniepomery gmenowane a polowiczy gmienie Redendorff rzeczeneho, a k tomu wsse¬&#xD;
czky uzitky y przislussenstwie k tomu gistemu hradu nassemu przislussegiczie tey gistee panie Waltpurge a gegim synom Janowi a Petrowi y take Margretie, Barborze a Urssile, dczeram naprzedgmienowaneho Petra Kaple¬&#xD;
rze, pod gistymi prziczinami a wymluwami w tiech listech nassich yasniegie wyprawenymi prziznawame sie, ze sme zastawili a druhy tocziz list kapituly kostela pozoninskeho hamfesstus na giste upewnienie anebo u¬&#xD;
stanowenie naprzed gmenowaneho hradu nasseho Keczcze y miesteczka take Keczcze gmenowaneho a k tomu ginych wssech uzitkow toho tocziz hradu y miesteczka swrchupsanych panie Waltpurge a Janowi a Petrowi, Margretie,&#xD;
Barborze y Urssule a gich diediczom take pod gistymi prziczinami y wymluwami w tomto tocziz listu rzadnie wyprawenymi, yakoz dolegie bude psano. Protoz poprosyla nassie welebnosti pokornie a naboznie, abychom&#xD;
ty gistee listy za pewne, wzaczne y przigemne magicze a nassim listom hamffesstnim slowo odslowa wepsati kazicze za nie anebo gim, tocziz panie Waltpurge a Janowi a Petrowi a k tomu Margretie, Barborze a Urssule,&#xD;
gich take diediczom, az doczassu, tocziz do roku wdrzewegmenowanych listech ulozeneho, raczili potwrditi prwnieho listu drzenie, gest toto my Zygmund, z Bozie milosti rzimsky kral, wzdyczky rozmnozitel a uhersky,&#xD;
czesky zemie kral, pamieti poruczienie, tocziz na wiedomie dawame drzenim tiechto tocziz listow, oznamugicze wssem, kterymz przislussie, ze wierny nassy tocziz sslechetna anebo urozena pani Waltpurga, wdowa, a Jan&#xD;
y Petr synowe a Margreta Barbora y Urssula, gmenowane diewky, dczery niekdy Petra Kaplerze, niekdy haitmana hradu nasseho pozoninskeho, na dwa tissicze zlatych zlatta, zaniezto hrad nass Keczcze gmenowany&#xD;
spolu s miesteczkem take Keczcze gmenowanym, seygmienim pamery nazwanym a s polowiczy gmienie anebo zbozie Bedendorff rzeczeneho kgich rukama tocziz kmoczy napisem zastawy, gest zastaweno nynie k zwla¬&#xD;
sstnie potrzebie cztyrzy tissicze a piet seth zlatych zlatta hotowych k gednani gistych a pilnyh wieczy, kterez nassie welebnosti a kralowstwie uherskeho sie dotyczny nam gmenem gisteho pouczenie pouczili a skute¬&#xD;
cznie dali aprzipsali anadto dwa tissicze zlatych zlatta czisteho koprawie stawenie gmenowaneho hradu nasseho Keczcze take k nassie potrzebie wydati slibili, protoz my, zczisteho nasseho wiedomie, y take nay¬&#xD;
iasnieyssie kniezny, panie Barbory, kralowstwy gmenowanych kralowny, manzelky nassie z powolenie y z zdrawe raddy y z plne wole nassich prelatow y panow giz gmenowany hrad nass Keczcze spolu y&#xD;
s miesteczkem tez Keczcze gmenowanym a seygmienim anebo zbozim Pamern a s polowiczi giz gmenowaneho zbozie Redendorff y se wssemi ginymi prawy y s uzitky przislussegiczymi a znamenitie zemiemi ornymi&#xD;
oranymi yneoranymi, slessy, spassiekami, shagi, slukami, siemymi strawniky, s wodami, s rybniky, s Dunagem, s czlem, kterez w Keczczy obyczeyg magy wybierati a obecznie s wssemi czelymi uzitky, ktery¬&#xD;
mizkoliwiek gmeny gmenowanymi pod gich gistymi a prawymi mezemi starymi, s kterymiz az dosawad drzien byla gmien za drzewerzeczenych ssest tissicz a zapiet seth zlatych zlatta prwe y nynie nam pouczenych&#xD;
a za naprzed gmenowanych dwa tissicze zlattych zlatta, kterez k oprawie przedgmenowaneho hradu nasseho magy wydati tohowsseho, tocziz osm tissicz zlattych zlatta tey giste panie a synom y dczeram naprzed piet seth&#xD;
gmenowanym y gich diediczom y potomnim wssem zastawiti, nebrz zastawugeme y zawazugeme a pro wierne zasluzenie giz gmenowaneho niekdy Petra Kaplerze y pro cziste zaslibene geho panie&#xD;
Waltpurgy, kterez su nam wiernie a czistie wczas nassie potrzeby nam ukazali, powolugeme, chczeme y dawame, aby dokud ge ziwa pani Waltpurga naprzedpsaneho hradu nasseho Keczcze spolu y s miesteczkem tez&#xD;
takgmenowanym y zbozie rzeczeneho pameru y polowicze gmenie rzeczeneho Redndorff y se wssemi gich przislussenstwimi y uzitky mohla drzeti a zachowati a wssechny gich uzitky ywzatky, aby mohli brati y przigi¬&#xD;
mati a ani my ani nassy potomci kralowe tocziz uherssty ten gisty hrad nass y geho przislussenstwie naprzedpsane od tey giste panie az doczassow ziwota gegieho ani wyplatiti ani napominati ani zasie mieti ani&#xD;
zadnu prziczinu od nie oddaliti nemohli, ale kdy umrze ta gista pani, tehdy synowe gegy a dczery a gich dieti y potomny hrad nass giz psany Keczcze spolu y s naprzedpsanymi uzitky obyczegem giz psanym gim zasta¬&#xD;
weny a zawazany az doczassu wyplaczenie gich obyczegem takowym drzeti wladnuti a wsseczky uzitky wzatky sobie brati, aby mieli plnu mocz. To toliko skrze wymluwu oznamugicze, ze kdyzby naprzedrzeczena pani&#xD;
Waltpurga umrzela a my anebo nassy potomny giz dotczeny hrad Keczcze od nich chtielibychom aneb chtieliby wyplatiti, tehdy ti gisty synowe a dczery niekdy Petra Kaplerze a urozene panie Waltpurgy ane¬&#xD;
bo diety gich zassie magicze gistie a uplnie skrze nas anebo skrze potomnie krale uherske tiech gistych osm tissicz apiet seth zlatych zlatta prwe gmenowany hrad nass Keczcze spolu y s geho uzitky a przislu¬&#xD;
ssenstwimi naprzedrzeczenymi nam anebo nassim potomnim beze wssie nesnaze, aby dluzni byli spustiti a zasie sstupiti, to take zwlasstie wzkladame, tocziz wymluwame, ze ta gista pani agiz gmenowany&#xD;
synowe gegy y dczery z giz powiedienych dwu tissiczy zlatych za dielo a oprawowanie toho gisteho hradu, az do wyplnienie pocztu przedrzeczenych dwu tissicz zlatych zlatta trzy sta zlatych anebo wiecze anebo&#xD;
menie na kazdy rok wydawati, a nam anebo nassim urzednikom, kterez na to wydame, na kazdy rok slussny z toho poczet ucziniti powinni budu. Nadto to przegimame nasie y na potomnie nasse krale uherske&#xD;
a slowem kralewskym slibugeme przedgmenowanie panie Waltpurgy az doczassu gegeiho ziwota a potom syny y dczery rzeczeneho Kaplerze a panie Waltpurgy y gich diedicze y potomnie w panowanie a w wla¬&#xD;
dami giz powiedieneho hradu nasseho ygeho wssech uzitkom y przislussenstwy naprzedgmenowanych az doczassu wyplaczenie proti wssem napominaczom y proti rzecznikom y draczom braniti zachowati y wywa¬&#xD;
diti wlastnimi nassimi y nassich potomnich naklady y praczemi tiech nassich, k nimzto peczet nassy sekret, kterehoz iako hrad uhersky poziwame gist zawiessen moczy a swiedomim listow, ktere wformu nasseho&#xD;
hamfesstu wepsati kazeme, peczety nasseho magestatu wietczi a znamenitu anebo mocznu, gehozto take iako kral uhersky poziwame, ohrazugicze, kdy nam osobnie budu przineseni w Posononii przed&#xD;
powiedienem na den swaty Haty panny a muczedlniczie leta Bozieho tissiczieho cztyrsteho XXVIho, kralowstwy nassich uherskeho tissicz cztyrzista XXXIXho rzimskeho, VVIho czeskeho VIho, ale druhého&#xD;
tocziz kapitulneho listu drzenie stogi w tato slowa wssem w Krzistu wiernym nynieyssim y buduczim, ktoz znamost tiechto listow mieti budu, kapitula kostela pozoninskeho pozdrawenie w sstiedrem dawate¬&#xD;
li spasenie k znamosti wssech tak nynieyssich, iakozto y buduczich, rzadem listow tiechto chczeme, aby przisslo, ze my listy nayiasnieyssieho kniezete, pana Zygmunda, z Bozie milosti rzimskeho krale, wzdy rozmno¬&#xD;
zitele a czeskeho krale etc., pana nasseho s uwodu aneb uwazani a postaweni sekretem geho peczeti naznamenane urozeney panie Waltpurge, wdowie, a synom niekdy Kaplerze, niekdy haytmana pozonin¬&#xD;
skeho, milostiwie dane a nam przikazanie poslanem swrchowanu pocztiwosty a s poslussenstwim przigiali sme w tato slowa Zigmund, z Bozie milosti rzimsky kral, wzdy rozmnozitel a uhersky a czesky kral.&#xD;
S wiernym nassim kapitole pozoninske pozdrawenie y milost, ze my hrad nass Keczcze rzeczeny spolu s miesteczkem take Keczcze gmenowanym y s czlem, kterez obyczeyg magy tam wydawati, take y seygmienim&#xD;
Pamern nazwanym y s polowiczy zbozie Redndorff gmenowaneho, owssem w kraginie muzoninske ustawenem, y se wssemi ginymi uzitky y przislussenstwimi k tomu hradu y k ginym giz gmenowanym przi¬&#xD;
slussenstwim wiernym nassim panie Waltpurge, wdowie niekdy Kaplerze, niekdy haytmana hradu nasseho pozoninskeho, do gegieho ziwota a take Janowi a Petrowi, synom, a Margretie, Barborze a Ur¬&#xD;
ssyle, diewkam, dczeram gich, tocziz Kaplerze y Waltpurgy, az do czassu wyplaczenie toho gisteho hradu nasseho moczy ginych listow nato zdielanych zagistu summu peniez skrze nie anebo gimi, tocziz skr¬&#xD;
ze pani Waltpurgu a syny y dczery gegie welebnosti nassie gmenem gisteho poyczenie poyczenych napisem zastawy umienili sme dati a zawazati, y chczeme gie skrze nasseho y take wasseho lidi w pa¬&#xD;
nowanie a v wladanie gich podle obyczege nasseho kralowstwie slussnie kazati uwesti. Protoz wiernost wassie mocznie a pewnie przikazugicze przikazugeme, abysste wasseho poslali czlowieka&#xD;
pro swiedomie wiery hodneho, przi gehoz coby przitomnosty Jan Thompek z Orozwar anebo Petr Groff z Kathaffalwy anebo Herzman take Groff odtud kdyby giny nebyli czlowiek nass do przed¬&#xD;
hradie nasseho gmenowaneho hradu Keczcze swolage susedy y obczie k tomu hradu y k zbozy giz gmenowanemu przislussne przedewssemi przistupie, aby uwedl giz naprzed gmenowane pani&#xD;
Waltpurgu y syny y dczery niekdy Kaplerze w panowanie a wvladanie giz psanych wieczy a aby ustawil ten gisty hrad y se wssemi przislussenstwimi gich y ginych giz gmenowanych s czlem y s&#xD;
ginymi se wssemi uzitky spis przedloze, aby drzeli y wladli, nebudeli proti nim odpieranie a odmluwanie, pakli odporczie, kterzy budu, aby ge wyzwal anebo wywolal anebo pohnal proti giz gme¬&#xD;
nowanym, tocziz proti wdowie, synom y dczeram gegim, przed wewodu kroku slussnemu, aby hodnu prziczinu sweho odpieranie wydali a potom po rzadu gich uwedenie y uwazanie anebo ustawe¬ &#xD;
nie s gmeny odporczy a wyzwanych buduli, kterzy rok uloziecze tomu gistemu wewodowi obyczegem obecznym, abysste odepsali. Dan Posonii we cztwrtek nayblizssi przed swatym Walen.</Unicode>
            </TextEquiv>
        </TextRegion>
    </Page>
</PcGts>
