<?xml version="1.0" encoding="UTF-8" standalone="yes"?>
<PcGts xmlns="http://schema.primaresearch.org/PAGE/gts/pagecontent/2013-07-15" xmlns:xsi="http://www.w3.org/2001/XMLSchema-instance" xsi:schemaLocation="http://schema.primaresearch.org/PAGE/gts/pagecontent/2013-07-15 http://schema.primaresearch.org/PAGE/gts/pagecontent/2013-07-15/pagecontent.xsd">
    <Metadata>
        <Creator>TRP</Creator>
        <Created>2019-06-05T14:23:38.803+02:00</Created>
        <LastChange>2019-06-05T14:23:38.803+02:00</LastChange>
        <TranskribusMetadata docId="169917" pageId="6426580" pageNr="2" tsid="10831948" status="NEW" userId="36516" imgUrl="https://files.transkribus.eu/Get?id=XZLNRVUXCGEFLFTVUFBUSLZH&amp;fileType=view" xmlUrl="https://files.transkribus.eu/Get?id=EVTNJBSJFMEVTCHETISSMDVI" imageId="3818674"/>
    </Metadata>
    <Page imageFilename="NA-ACK_13960810_01320_v.jpg" imageWidth="6577" imageHeight="4622"/>
</PcGts>
