<?xml version="1.0" encoding="UTF-8" standalone="yes"?>
<PcGts xmlns="http://schema.primaresearch.org/PAGE/gts/pagecontent/2013-07-15" xmlns:xsi="http://www.w3.org/2001/XMLSchema-instance" xsi:schemaLocation="http://schema.primaresearch.org/PAGE/gts/pagecontent/2013-07-15 http://schema.primaresearch.org/PAGE/gts/pagecontent/2013-07-15/pagecontent.xsd">
    <Metadata>
        <Creator>TRP</Creator>
        <Created>2019-06-05T14:36:51.156+02:00</Created>
        <LastChange>2019-06-05T14:36:51.156+02:00</LastChange>
        <TranskribusMetadata docId="169948" pageId="6426649" pageNr="2" tsid="10832294" status="NEW" userId="36516" imgUrl="https://files.transkribus.eu/Get?id=FYMBVCVEDQVGQDVAUNTIIMOM&amp;fileType=view" xmlUrl="https://files.transkribus.eu/Get?id=RURHKNBONFLLZZYKWIVKGADN" imageId="3818735"/>
    </Metadata>
    <Page imageFilename="NA-ACK_14210614_01488_v.jpg" imageWidth="5917" imageHeight="3522"/>
</PcGts>
