<?xml version="1.0" encoding="UTF-8" standalone="yes"?>
<PcGts xmlns="http://schema.primaresearch.org/PAGE/gts/pagecontent/2013-07-15" xmlns:xsi="http://www.w3.org/2001/XMLSchema-instance" xsi:schemaLocation="http://schema.primaresearch.org/PAGE/gts/pagecontent/2013-07-15 http://schema.primaresearch.org/PAGE/gts/pagecontent/2013-07-15/pagecontent.xsd">
    <Metadata>
        <Creator>TRP</Creator>
        <Created>2019-10-07T11:54:12.358+02:00</Created>
        <LastChange>2019-10-07T11:54:12.358+02:00</LastChange>
        <TranskribusMetadata docId="224034" pageId="9504342" pageNr="2" tsid="16363598" status="NEW" userId="42230" imgUrl="https://files.transkribus.eu/Get?id=YFMVPSCGPCLUXMAVWFOKKYLQ&amp;fileType=view" xmlUrl="https://files.transkribus.eu/Get?id=VUBNTUNRDSRMIZJTRFMUOXSF" imageId="6194556"/>
    </Metadata>
    <Page imageFilename="NA-RM_14240728_2469_r.jpg" imageWidth="3000" imageHeight="2303"/>
</PcGts>
