<?xml version="1.0" encoding="UTF-8" standalone="yes"?>
<PcGts xmlns="http://schema.primaresearch.org/PAGE/gts/pagecontent/2013-07-15" xmlns:xsi="http://www.w3.org/2001/XMLSchema-instance" xsi:schemaLocation="http://schema.primaresearch.org/PAGE/gts/pagecontent/2013-07-15 http://schema.primaresearch.org/PAGE/gts/pagecontent/2013-07-15/pagecontent.xsd">
    <Metadata>
        <Creator>TRP</Creator>
        <Created>2019-07-24T17:02:56.603+02:00</Created>
        <LastChange>2019-07-24T17:02:56.603+02:00</LastChange>
        <TranskribusMetadata docId="187541" pageId="7458539" pageNr="2" tsid="13102791" status="NEW" userId="36516" imgUrl="https://files.transkribus.eu/Get?id=LILFLXXUTUHCVHNWNYTJFMCF&amp;fileType=view" xmlUrl="https://files.transkribus.eu/Get?id=LMQCUENGDDRMRZNRLXEVXYYL" imageId="4480959"/>
    </Metadata>
    <Page imageFilename="NA-ACK_13190922_00089_v.jpg" imageWidth="9558" imageHeight="7831"/>
</PcGts>
