<?xml version="1.0" encoding="UTF-8" standalone="yes"?>
<PcGts xmlns="http://schema.primaresearch.org/PAGE/gts/pagecontent/2013-07-15" xmlns:xsi="http://www.w3.org/2001/XMLSchema-instance" xsi:schemaLocation="http://schema.primaresearch.org/PAGE/gts/pagecontent/2013-07-15 http://schema.primaresearch.org/PAGE/gts/pagecontent/2013-07-15/pagecontent.xsd">
    <Metadata>
        <Creator>TRP</Creator>
        <Created>2019-06-05T14:34:39.118+02:00</Created>
        <LastChange>2019-06-05T14:34:39.118+02:00</LastChange>
        <TranskribusMetadata docId="169943" pageId="6426635" pageNr="2" tsid="10832252" status="NEW" userId="36516" imgUrl="https://files.transkribus.eu/Get?id=URRULISKNALVIJOYNWDNNIZZ&amp;fileType=view" xmlUrl="https://files.transkribus.eu/Get?id=WBCOSXXBVCLURHBDFEXZCMKM" imageId="3818721"/>
    </Metadata>
    <Page imageFilename="NA-ACK_14140617_01457_v.jpg" imageWidth="8544" imageHeight="4119"/>
</PcGts>
