<?xml version="1.0" encoding="UTF-8" standalone="yes"?>
<PcGts xmlns="http://schema.primaresearch.org/PAGE/gts/pagecontent/2013-07-15" xmlns:xsi="http://www.w3.org/2001/XMLSchema-instance" xsi:schemaLocation="http://schema.primaresearch.org/PAGE/gts/pagecontent/2013-07-15 http://schema.primaresearch.org/PAGE/gts/pagecontent/2013-07-15/pagecontent.xsd">
    <Metadata>
        <Creator>prov=University of Rostock/Institute of Mathematics/CITlab/Tobias Gruening/tobias.gruening@uni-rostock.de:name=/net_tf/LA73_249_0mod360.pb:de.uros.citlab.segmentation.CITlab_LA_ML:v=2.4.2
TRP</Creator>
        <Created>2019-09-11T14:02:11.681+02:00</Created>
        <LastChange>2019-12-02T20:23:30.826+01:00</LastChange>
        <TranskribusMetadata docId="208917" pageId="8946509" pageNr="1" tsid="20180809" status="IN_PROGRESS" userId="36526" imgUrl="https://files.transkribus.eu/Get?id=TWWUFHYTGSNJDESAAXSRJHXN&amp;fileType=view" xmlUrl="https://files.transkribus.eu/Get?id=RBLRROCVELIQSLGBLUHBKRDK" imageId="5787954"/>
    </Metadata>
    <Page imageFilename="NA-AZK-Anna_14140223_1131_r.jpg" imageWidth="5014" imageHeight="3434">
        <ReadingOrder>
            <OrderedGroup id="ro_1575392409795" caption="Regions reading order">
                <RegionRefIndexed index="0" regionRef="r1"/>
            </OrderedGroup>
        </ReadingOrder>
        <TextRegion orientation="0.0" id="r1" custom="readingOrder {index:0;}">
            <Coords points="565,131 565,2182 4528,2194 4516,147"/>
            <TextLine id="r1l1" custom="readingOrder {index:0;} person {offset:3; length:79;} place {offset:34; length:9;} person {offset:108; length:24; continued:true;} place {offset:115; length:9;}">
                <Coords points="605,398 863,401 1049,406 1235,410 1421,414 1607,417 1793,421 1978,424 2164,426 2350,429 2536,431 2722,432 2908,433 3094,434 3279,434 3465,434 3651,434 3837,433 4023,431 4209,429 4395,427 4392,270 4209,266 4054,266 3851,270 3640,274 3500,282 3285,278 3114,278 2923,266 2743,270 2532,270 2353,278 2146,274 1979,278 1788,274 1620,286 1441,274 1254,274 884,266 880,151 601,147"/>
                <Baseline points="678,382 863,386 1049,391 1235,395 1421,399 1607,402 1793,406 1978,409 2164,411 2350,414 2536,416 2722,417 2908,418 3094,419 3279,419 3465,419 3651,419 3837,418 4023,416 4209,414 4395,412"/>
                <TextEquiv>
                    <Unicode>My Conrad z Bozye mylosty kostela prazskeho arczybyskup a papeske stolyczye legath, prwny gistecz y dluznyk, Jan z Sobyeticz, podko¬</Unicode>
                </TextEquiv>
            </TextLine>
            <TextLine id="r1l2" custom="readingOrder {index:1;} person {offset:0; length:65; continued:true;} place {offset:48; length:17;} person {offset:67; length:41;} place {offset:75; length:9;} place {offset:99; length:9;} person {offset:110; length:14; continued:true;}">
                <Coords points="750,458 933,462 1116,467 1299,471 1482,475 1665,478 1848,482 2031,485 2214,488 2397,490 2581,493 2764,495 2947,496 3130,496 3313,497 3496,496 3679,495 3862,493 4045,491 4228,488 4412,484 4412,442 4228,446 4045,449 3862,451 3679,453 3496,454 3313,455 3130,454 2947,454 2764,453 2581,451 2397,448 2214,446 2031,443 1848,440 1665,436 1482,433 1299,429 1116,425 933,420 750,416"/>
                <Baseline points="750,444 933,448 1116,453 1299,457 1482,461 1665,464 1848,468 2031,471 2214,474 2397,476 2581,479 2764,481 2947,482 3130,482 3313,483 3496,482 3679,481 3862,479 4045,477 4228,474 4412,470"/>
                <TextEquiv>
                    <Unicode>morzye arczybyzkupcztwye czeskeho a purkrabie w Tynye Horssowskem, Benes z Rzepczycz, purkrabye na Rzeczyczy, Purkarch z Al¬</Unicode>
                </TextEquiv>
            </TextLine>
            <TextLine id="r1l3" custom="readingOrder {index:2;} person {offset:0; length:44; continued:true;} place {offset:20; length:24;} person {offset:46; length:54;} place {offset:69; length:6;} place {offset:90; length:10;} person {offset:102; length:23;} place {offset:113; length:12;}">
                <Coords points="741,522 925,525 1109,529 1293,532 1478,535 1662,539 1846,541 2030,544 2215,547 2399,549 2583,551 2767,552 2952,553 3136,554 3320,555 3504,555 3689,554 3873,553 4057,552 4241,550 4426,548 4426,506 4241,508 4057,510 3873,511 3689,512 3504,513 3320,513 3136,512 2952,511 2767,510 2583,509 2399,507 2215,505 2030,502 1846,499 1662,497 1478,493 1293,490 1109,487 925,483 741,480"/>
                <Baseline points="741,508 925,511 1109,515 1293,518 1478,521 1662,525 1846,527 2030,530 2215,533 2399,535 2583,537 2767,538 2952,539 3136,540 3320,541 3504,541 3689,540 3873,539 4057,538 4241,536 4426,534"/>
                <TextEquiv>
                    <Unicode>denburg, myesczanyn Stareho Myesta prazskeho, Petr, rzeczeny Percz z Percze, purkrabye na Przybramye, Oldrzych z Nezwyesstycz,</Unicode>
                </TextEquiv>
            </TextLine>
            <TextLine id="r1l4" custom="readingOrder {index:3;} person {offset:16; length:40;} place {offset:25; length:6;} place {offset:44; length:12;} person {offset:60; length:39;} place {offset:70; length:5;} place {offset:89; length:10;}">
                <Coords points="759,583 942,586 1126,589 1310,592 1494,595 1678,598 1862,601 2046,603 2230,606 2414,608 2598,610 2781,612 2965,613 3149,614 3333,614 3517,614 3701,613 3885,612 4069,610 4253,607 4437,603 4437,561 4253,565 4069,568 3885,570 3701,571 3517,572 3333,572 3149,572 2965,571 2781,570 2598,568 2414,566 2230,564 2046,561 1862,559 1678,556 1494,553 1310,550 1126,547 942,544 759,541"/>
                <Baseline points="759,569 942,572 1126,575 1310,578 1494,581 1678,584 1862,587 2046,589 2230,592 2414,594 2598,596 2781,598 2965,599 3149,600 3333,600 3517,600 3701,599 3885,598 4069,596 4253,593 4437,589"/>
                <TextEquiv>
                    <Unicode>sedyenym tudys, Raczek z Tupadl, sedyenym w Sobyeticzych, a Gyerzyk z Rudne, sedyenym na Brzezenech, gyeho prawe a gyste ru¬</Unicode>
                </TextEquiv>
            </TextLine>
            <TextLine id="r1l5" custom="readingOrder {index:4;}">
                <Coords points="750,650 935,651 1120,652 1305,653 1490,654 1676,656 1861,658 2046,660 2231,662 2416,664 2602,666 2787,668 2972,669 3157,671 3342,672 3528,672 3713,672 3898,672 4083,671 4268,669 4454,667 4454,627 4268,629 4083,631 3898,632 3713,632 3528,632 3342,632 3157,631 2972,629 2787,628 2602,626 2416,624 2231,622 2046,620 1861,618 1676,616 1490,614 1305,613 1120,612 935,611 750,610"/>
                <Baseline points="750,637 935,638 1120,639 1305,640 1490,641 1676,643 1861,645 2046,647 2231,649 2416,651 2602,653 2787,655 2972,656 3157,658 3342,659 3528,659 3713,659 3898,659 4083,658 4268,656 4454,654"/>
                <TextEquiv>
                    <Unicode>koymye, wyznawame tyemto lystem obecznie wssiem, ktoz gey uzrzye anebo cztucze uslyssye, ze gsme dluzny praweho a gisteho</Unicode>
                </TextEquiv>
            </TextLine>
            <TextLine id="r1l6" custom="readingOrder {index:5;} person {offset:41; length:62;} place {offset:72; length:7;} place {offset:93; length:10;} person {offset:105; length:4; continued:true;}">
                <Coords points="750,715 935,714 1120,714 1306,715 1491,715 1677,716 1862,717 2047,718 2233,719 2418,721 2604,722 2789,723 2974,725 3160,726 3345,727 3531,728 3716,729 3901,730 4087,731 4272,731 4458,731 4458,691 4272,691 4087,691 3901,690 3716,689 3531,688 3345,687 3160,686 2974,685 2789,683 2604,682 2418,681 2233,679 2047,678 1862,677 1677,676 1491,675 1306,675 1120,674 935,674 750,675"/>
                <Baseline points="750,702 935,701 1120,701 1306,702 1491,702 1677,703 1862,704 2047,705 2233,706 2418,708 2604,709 2789,710 2974,712 3160,713 3345,714 3531,715 3716,716 3901,717 4087,718 4272,718 4458,718"/>
                <TextEquiv>
                    <Unicode>dluhu a gmame platyty urozenym panossyem Ondrzeowy, rzeczenemu Spalek z Slatyny, sedyenym na Zwyekowczy, Lwy¬</Unicode>
                </TextEquiv>
            </TextLine>
            <TextLine id="r1l7" custom="readingOrder {index:6;} person {offset:0; length:41; continued:true;} place {offset:7; length:9;} place {offset:31; length:10;} person {offset:44; length:39;} place {offset:53; length:6;} place {offset:73; length:10;}">
                <Coords points="750,779 932,779 1115,779 1298,780 1481,780 1664,781 1846,781 2029,782 2212,783 2395,784 2578,784 2760,785 2943,786 3126,787 3309,787 3492,788 3674,789 3857,789 4040,790 4223,790 4406,791 4406,746 4223,745 4040,745 3857,744 3674,744 3492,743 3309,742 3126,742 2943,741 2760,740 2578,739 2395,739 2212,738 2029,737 1846,736 1664,736 1481,735 1298,735 1115,734 932,734 750,734"/>
                <Baseline points="750,764 932,764 1115,764 1298,765 1481,765 1664,766 1846,766 2029,767 2212,768 2395,769 2578,769 2760,770 2943,771 3126,772 3309,772 3492,773 3674,774 3857,774 4040,775 4223,775 4406,776"/>
                <TextEquiv>
                    <Unicode>kowy z Strassicz, purkrabye na Necztynach y Duczowy zWarzyn, sedyenym na Brzyezynye, a tomu kazdemu, ktozby tento lyst</Unicode>
                </TextEquiv>
            </TextLine>
            <TextLine id="r1l8" custom="readingOrder {index:7;} person {offset:8; length:20;}">
                <Coords points="750,843 932,842 1114,842 1296,841 1478,841 1660,841 1842,842 2024,842 2206,843 2388,844 2571,845 2753,846 2935,847 3117,847 3299,848 3481,849 3663,850 3845,850 4027,850 4209,850 4392,850 4392,807 4209,807 4027,807 3845,807 3663,807 3481,806 3299,805 3117,804 2935,804 2753,803 2571,802 2388,801 2206,800 2024,799 1842,799 1660,798 1478,798 1296,798 1114,799 932,799 750,800"/>
                <Baseline points="750,829 932,828 1114,828 1296,827 1478,827 1660,827 1842,828 2024,828 2206,829 2388,830 2571,831 2753,832 2935,833 3117,833 3299,834 3481,835 3663,836 3845,836 4027,836 4209,836 4392,836"/>
                <TextEquiv>
                    <Unicode>gmyel z Ondrzeowu z Spalkowu swrchupsaneho dobru woly cztyrzysta kop grossow dobrych strziebrnych razu prazskeho,</Unicode>
                </TextEquiv>
            </TextLine>
            <TextLine id="r1l9" custom="readingOrder {index:8;}">
                <Coords points="747,902 928,903 1110,903 1292,904 1473,904 1655,904 1837,904 2018,904 2200,904 2382,904 2564,904 2745,905 2927,905 3109,906 3290,907 3472,908 3654,910 3835,912 4017,914 4199,917 4381,920 4381,877 4199,874 4017,871 3835,869 3654,867 3472,865 3290,864 3109,863 2927,862 2745,862 2564,861 2382,861 2200,861 2018,861 1837,861 1655,861 1473,861 1292,861 1110,860 928,860 747,859"/>
                <Baseline points="747,888 928,889 1110,889 1292,890 1473,890 1655,890 1837,890 2018,890 2200,890 2382,890 2564,890 2745,891 2927,891 3109,892 3290,893 3472,894 3654,896 3835,898 4017,900 4199,903 4381,906"/>
                <TextEquiv>
                    <Unicode>kterezto penyeze gym daty a saplatyty gmame a slybugeme dobru nassy wyeru krzyestyansku, ruku owssiem nedyelnu</Unicode>
                </TextEquiv>
            </TextLine>
            <TextLine id="r1l10" custom="readingOrder {index:9;}">
                <Coords points="750,966 935,965 1120,965 1305,964 1490,964 1675,963 1860,963 2046,962 2231,962 2416,962 2601,962 2786,963 2971,964 3156,965 3342,967 3527,969 3712,971 3897,975 4082,978 4267,982 4453,987 4453,944 4267,939 4082,935 3897,932 3712,928 3527,926 3342,924 3156,922 2971,921 2786,920 2601,919 2416,919 2231,919 2046,919 1860,920 1675,920 1490,921 1305,921 1120,922 935,922 750,923"/>
                <Baseline points="750,952 935,951 1120,951 1305,950 1490,950 1675,949 1860,949 2046,948 2231,948 2416,948 2601,948 2786,949 2971,950 3156,951 3342,953 3527,955 3712,957 3897,961 4082,964 4267,968 4453,973"/>
                <TextEquiv>
                    <Unicode>bezelsty we dwu nedyely po swatem Gyerzy, gyesto nynye nayprwe przyde w rok porzad cztucze, paklybychme toho neuczynyly,</Unicode>
                </TextEquiv>
            </TextLine>
            <TextLine id="r1l11" custom="readingOrder {index:10;}">
                <Coords points="735,1027 920,1026 1106,1026 1292,1025 1478,1024 1664,1024 1850,1023 2036,1022 2222,1022 2408,1022 2594,1022 2779,1022 2965,1023 3151,1024 3337,1026 3523,1028 3709,1030 3895,1034 4081,1037 4267,1042 4453,1047 4453,1005 4267,1000 4081,995 3895,992 3709,988 3523,986 3337,984 3151,982 2965,981 2779,980 2594,980 2408,980 2222,980 2036,980 1850,981 1664,982 1478,982 1292,983 1106,984 920,984 735,985"/>
                <Baseline points="735,1013 920,1012 1106,1012 1292,1011 1478,1010 1664,1010 1850,1009 2036,1008 2222,1008 2408,1008 2594,1008 2779,1008 2965,1009 3151,1010 3337,1012 3523,1014 3709,1016 3895,1020 4081,1023 4267,1028 4453,1033"/>
                <TextEquiv>
                    <Unicode>tehda ynhed kdyz a kterys bude napomanut wyerzytely nassimi aneb gich poslem aneb lystem, ten nadruheho neukazuge, any</Unicode>
                </TextEquiv>
            </TextLine>
            <TextLine id="r1l12" custom="readingOrder {index:11;} place {offset:108; length:13;}">
                <Coords points="737,1084 925,1084 1113,1085 1301,1085 1489,1085 1678,1085 1866,1084 2054,1084 2242,1084 2430,1084 2619,1084 2807,1085 2995,1085 3183,1086 3371,1088 3560,1090 3748,1092 3936,1095 4124,1098 4312,1103 4501,1108 4501,1066 4312,1061 4124,1056 3936,1053 3748,1050 3560,1048 3371,1046 3183,1044 2995,1043 2807,1043 2619,1042 2430,1042 2242,1042 2054,1042 1866,1042 1678,1043 1489,1043 1301,1043 1113,1043 925,1042 737,1042"/>
                <Baseline points="737,1070 925,1070 1113,1071 1301,1071 1489,1071 1678,1071 1866,1070 2054,1070 2242,1070 2430,1070 2619,1070 2807,1071 2995,1071 3183,1072 3371,1074 3560,1076 3748,1078 3936,1081 4124,1084 4312,1089 4501,1094"/>
                <TextEquiv>
                    <Unicode>sye czim wymluwagye, ale beze wssye odpuory s giednym pacholkem a se dwyema konyoma gma wgiety do myesta do Noweho Plznye</Unicode>
                </TextEquiv>
            </TextLine>
            <TextLine id="r1l13" custom="readingOrder {index:12;} place {offset:9; length:5;}">
                <Coords points="742,1148 925,1150 1108,1150 1292,1151 1475,1151 1658,1151 1842,1151 2025,1151 2208,1151 2392,1151 2575,1151 2758,1151 2942,1151 3125,1152 3308,1153 3492,1155 3675,1157 3858,1160 4042,1164 4225,1168 4409,1173 4409,1128 4225,1123 4042,1119 3858,1115 3675,1112 3492,1110 3308,1108 3125,1107 2942,1106 2758,1106 2575,1106 2392,1106 2208,1106 2025,1106 1842,1106 1658,1106 1475,1106 1292,1106 1108,1105 925,1105 742,1103"/>
                <Baseline points="742,1133 925,1135 1108,1135 1292,1136 1475,1136 1658,1136 1842,1136 2025,1136 2208,1136 2392,1136 2575,1136 2758,1136 2942,1136 3125,1137 3308,1138 3492,1140 3675,1142 3858,1145 4042,1149 4225,1153 4409,1158"/>
                <TextEquiv>
                    <Unicode>anebo do Prahy a wleczy docztne hospody kdes a kteras giemu od wyerzytelow nassich bude ukazana a tu gma prawe lezenie drzety rzadem</Unicode>
                </TextEquiv>
            </TextLine>
            <TextLine id="r1l14" custom="readingOrder {index:13;} place {offset:13; length:12;}">
                <Coords points="721,1221 908,1219 1095,1217 1283,1216 1470,1215 1658,1214 1845,1213 2033,1213 2220,1213 2408,1213 2595,1214 2782,1215 2970,1216 3157,1217 3345,1219 3532,1221 3720,1223 3907,1225 4095,1228 4282,1231 4470,1235 4470,1192 4282,1188 4095,1185 3907,1182 3720,1180 3532,1178 3345,1176 3157,1174 2970,1173 2782,1172 2595,1171 2408,1170 2220,1170 2033,1170 1845,1170 1658,1171 1470,1172 1283,1173 1095,1174 908,1176 721,1178"/>
                <Baseline points="721,1207 908,1205 1095,1203 1283,1202 1470,1201 1658,1200 1845,1199 2033,1199 2220,1199 2408,1199 2595,1200 2782,1201 2970,1202 3157,1203 3345,1205 3532,1207 3720,1209 3907,1211 4095,1214 4282,1217 4470,1221"/>
                <TextEquiv>
                    <Unicode>a obyczegiem zemie Czeske. A odtewadz nemuoz any gma wygetty, any kterak wymknuty na nyzadne prawo, tak dluho donidzbichme tyech peniez </Unicode>
                </TextEquiv>
            </TextLine>
            <TextLine id="r1l15" custom="readingOrder {index:14;}">
                <Coords points="725,1281 908,1281 1092,1281 1275,1281 1459,1280 1642,1280 1826,1279 2009,1278 2193,1278 2376,1277 2560,1277 2743,1277 2927,1277 3110,1278 3294,1279 3477,1281 3661,1283 3844,1287 4028,1290 4211,1295 4395,1300 4395,1257 4211,1252 4028,1247 3844,1244 3661,1240 3477,1238 3294,1236 3110,1235 2927,1234 2743,1234 2560,1234 2376,1234 2193,1235 2009,1235 1826,1236 1642,1237 1459,1237 1275,1238 1092,1238 908,1238 725,1238"/>
                <Baseline points="725,1267 908,1267 1092,1267 1275,1267 1459,1266 1642,1266 1826,1265 2009,1264 2193,1264 2376,1263 2560,1263 2743,1263 2927,1263 3110,1264 3294,1265 3477,1267 3661,1269 3844,1273 4028,1276 4211,1281 4395,1286"/>
                <TextEquiv>
                    <Unicode>swrchupsanich nesplatyly uplne, y skodamy a kdyz mnie cztrnadczte dnow ote dne napomanutye toho lezenie bud lezano neb nelezano,</Unicode>
                </TextEquiv>
            </TextLine>
            <TextLine id="r1l16" custom="readingOrder {index:15;}">
                <Coords points="709,1351 896,1351 1083,1350 1270,1349 1457,1348 1644,1347 1831,1346 2018,1345 2205,1344 2392,1343 2579,1342 2766,1341 2953,1341 3140,1342 3327,1343 3514,1344 3701,1347 3888,1349 4075,1353 4262,1358 4449,1364 4449,1319 4262,1313 4075,1308 3888,1304 3701,1302 3514,1299 3327,1298 3140,1297 2953,1296 2766,1296 2579,1297 2392,1298 2205,1299 2018,1300 1831,1301 1644,1302 1457,1303 1270,1304 1083,1305 896,1306 709,1306"/>
                <Baseline points="709,1336 896,1336 1083,1335 1270,1334 1457,1333 1644,1332 1831,1331 2018,1330 2205,1329 2392,1328 2579,1327 2766,1326 2953,1326 3140,1327 3327,1328 3514,1329 3701,1332 3888,1334 4075,1338 4262,1343 4449,1349"/>
                <TextEquiv>
                    <Unicode>a penies nadepsanich giestye nezaplatyly, yhned wyerzyczym nassym swrchupsanym dawame tyemto lystem plnu mocz y prawo, tyech penies</Unicode>
                </TextEquiv>
            </TextLine>
            <TextLine id="r1l17" custom="readingOrder {index:16;} place {offset:62; length:12;}">
                <Coords points="723,1424 911,1421 1100,1417 1288,1415 1477,1413 1666,1411 1854,1410 2043,1409 2231,1408 2420,1408 2609,1408 2797,1409 2986,1410 3174,1412 3363,1414 3552,1416 3740,1418 3929,1421 4117,1425 4306,1429 4495,1433 4495,1388 4306,1384 4117,1380 3929,1376 3740,1373 3552,1371 3363,1369 3174,1367 2986,1365 2797,1364 2609,1363 2420,1363 2231,1363 2043,1364 1854,1365 1666,1366 1477,1368 1288,1370 1100,1372 911,1376 723,1379"/>
                <Baseline points="723,1409 911,1406 1100,1402 1288,1400 1477,1398 1666,1396 1854,1395 2043,1394 2231,1393 2420,1393 2609,1393 2797,1394 2986,1395 3174,1397 3363,1399 3552,1401 3740,1403 3929,1406 4117,1410 4306,1414 4495,1418"/>
                <TextEquiv>
                    <Unicode>dobyty, optaty y wzyty w krzyestyanech y w zydech, kdezkoly w Czeske zemye, na nassy wssyech skodu a kdez gich ony koly dobudu, optagy aneb wezmu,</Unicode>
                </TextEquiv>
            </TextLine>
            <TextLine id="r1l18" custom="readingOrder {index:17;}">
                <Coords points="715,1487 902,1487 1090,1486 1278,1485 1465,1483 1653,1482 1841,1481 2028,1480 2216,1479 2404,1478 2592,1477 2779,1477 2967,1477 3155,1478 3342,1480 3530,1482 3718,1485 3905,1488 4093,1493 4281,1498 4469,1505 4469,1460 4281,1453 4093,1448 3905,1443 3718,1440 3530,1437 3342,1435 3155,1433 2967,1432 2779,1432 2592,1432 2404,1433 2216,1434 2028,1435 1841,1436 1653,1437 1465,1438 1278,1440 1090,1441 902,1442 715,1442"/>
                <Baseline points="715,1472 902,1472 1090,1471 1278,1470 1465,1468 1653,1467 1841,1466 2028,1465 2216,1464 2404,1463 2592,1462 2779,1462 2967,1462 3155,1463 3342,1465 3530,1467 3718,1470 3905,1473 4093,1478 4281,1483 4469,1490"/>
                <TextEquiv>
                    <Unicode>na tom myestye my slybugeme gye sastupny samysebu neb nassymy dobrymy saklady aneb gystimi rukoymyemy w tyech penyezich swrchu¬</Unicode>
                </TextEquiv>
            </TextLine>
            <TextLine id="r1l19" custom="readingOrder {index:18;}">
                <Coords points="713,1559 896,1559 1080,1558 1264,1557 1447,1556 1631,1554 1815,1552 1998,1550 2182,1549 2366,1547 2550,1546 2733,1545 2917,1545 3101,1545 3284,1546 3468,1548 3652,1551 3835,1554 4019,1560 4203,1566 4387,1573 4387,1528 4203,1521 4019,1515 3835,1509 3652,1506 3468,1503 3284,1501 3101,1500 2917,1500 2733,1500 2550,1501 2366,1502 2182,1504 1998,1505 1815,1507 1631,1509 1447,1511 1264,1512 1080,1513 896,1514 713,1514"/>
                <Baseline points="713,1544 896,1544 1080,1543 1264,1542 1447,1541 1631,1539 1815,1537 1998,1535 2182,1534 2366,1532 2550,1531 2733,1530 2917,1530 3101,1530 3284,1531 3468,1533 3652,1536 3835,1539 4019,1545 4203,1551 4387,1558"/>
                <TextEquiv>
                    <Unicode>psanych, y take we wssiech skodach, kterezto by skody ony nassy wyerzyczy swrchupsany proto nassye neplnienie wzely, budto gyezdamy,</Unicode>
                </TextEquiv>
            </TextLine>
            <TextLine id="r1l20" custom="readingOrder {index:19;}">
                <Coords points="722,1627 906,1629 1091,1630 1276,1630 1461,1629 1645,1628 1830,1626 2015,1624 2200,1622 2384,1620 2569,1618 2754,1617 2939,1616 3123,1616 3308,1617 3493,1619 3678,1622 3862,1627 4047,1634 4232,1642 4417,1652 4417,1607 4232,1597 4047,1589 3862,1582 3678,1577 3493,1574 3308,1572 3123,1571 2939,1571 2754,1572 2569,1573 2384,1575 2200,1577 2015,1579 1830,1581 1645,1583 1461,1584 1276,1585 1091,1585 906,1584 722,1582"/>
                <Baseline points="722,1612 906,1614 1091,1615 1276,1615 1461,1614 1645,1613 1830,1611 2015,1609 2200,1607 2384,1605 2569,1603 2754,1602 2939,1601 3123,1601 3308,1602 3493,1604 3678,1607 3862,1612 4047,1619 4232,1627 4417,1637"/>
                <TextEquiv>
                    <Unicode>poselstwym, napomynanym aneb kterakzkoly ginak, a kterez by skody geden z nich pokazal prawem bezmatku, ty wssechny skody magy</Unicode>
                </TextEquiv>
            </TextLine>
            <TextLine id="r1l21" custom="readingOrder {index:20;}">
                <Coords points="724,1700 908,1702 1092,1702 1277,1702 1461,1701 1645,1699 1830,1697 2014,1695 2198,1692 2383,1690 2567,1688 2751,1687 2936,1686 3120,1686 3304,1687 3489,1689 3673,1692 3857,1697 4042,1704 4226,1712 4411,1723 4411,1678 4226,1667 4042,1659 3857,1652 3673,1647 3489,1644 3304,1642 3120,1641 2936,1641 2751,1642 2567,1643 2383,1645 2198,1647 2014,1650 1830,1652 1645,1654 1461,1656 1277,1657 1092,1657 908,1657 724,1655"/>
                <Baseline points="724,1685 908,1687 1092,1687 1277,1687 1461,1686 1645,1684 1830,1682 2014,1680 2198,1677 2383,1675 2567,1673 2751,1672 2936,1671 3120,1671 3304,1672 3489,1674 3673,1677 3857,1682 4042,1689 4226,1697 4411,1708"/>
                <TextEquiv>
                    <Unicode>nassie byty, anicz gich ocztiech ze wssiech skod mame gie wywadyty, nedaducze gim w nyczems skodnu byty, paklyby gehoz Buozie neday, ze</Unicode>
                </TextEquiv>
            </TextLine>
            <TextLine id="r1l22" custom="readingOrder {index:21;}">
                <Coords points="701,1770 886,1772 1072,1773 1258,1772 1444,1771 1630,1769 1815,1767 2001,1764 2187,1761 2373,1758 2559,1756 2744,1754 2930,1753 3116,1752 3302,1753 3488,1754 3673,1758 3859,1763 4045,1770 4231,1778 4417,1789 4417,1744 4231,1733 4045,1725 3859,1718 3673,1713 3488,1709 3302,1708 3116,1707 2930,1708 2744,1709 2559,1711 2373,1713 2187,1716 2001,1719 1815,1722 1630,1724 1444,1726 1258,1727 1072,1728 886,1727 701,1725"/>
                <Baseline points="701,1755 886,1757 1072,1758 1258,1757 1444,1756 1630,1754 1815,1752 2001,1749 2187,1746 2373,1743 2559,1741 2744,1739 2930,1738 3116,1737 3302,1738 3488,1739 3673,1743 3859,1748 4045,1755 4231,1763 4417,1774"/>
                <TextEquiv>
                    <Unicode>by ktery z nas w tom czassu plnyenie ssell z swyeta z tohoto umra, tehda my zostaly, slybugeme gineho zzyweho, tak dobreho a mowyteho</Unicode>
                </TextEquiv>
            </TextLine>
            <TextLine id="r1l23" custom="readingOrder {index:22;}">
                <Coords points="707,1839 892,1842 1078,1843 1264,1843 1450,1842 1636,1840 1821,1838 2007,1834 2193,1832 2379,1829 2565,1826 2750,1824 2936,1822 3122,1821 3308,1822 3494,1823 3679,1826 3865,1831 4051,1837 4237,1846 4423,1857 4423,1812 4237,1801 4051,1792 3865,1786 3679,1781 3494,1778 3308,1777 3122,1776 2936,1777 2750,1779 2565,1781 2379,1784 2193,1787 2007,1789 1821,1793 1636,1795 1450,1797 1264,1798 1078,1798 892,1797 707,1794"/>
                <Baseline points="707,1824 892,1827 1078,1828 1264,1828 1450,1827 1636,1825 1821,1823 2007,1819 2193,1817 2379,1814 2565,1811 2750,1809 2936,1807 3122,1806 3308,1807 3494,1808 3679,1811 3865,1816 4051,1822 4237,1831 4423,1842"/>
                <TextEquiv>
                    <Unicode>w tys slyb w gednom myessyeczy postawyty, lyst obnowyecze myesto toho umrleho pod lezenym swrchu psanym. A zdalibichme czo mlu¬</Unicode>
                </TextEquiv>
            </TextLine>
            <TextLine id="r1l24" custom="readingOrder {index:23;}">
                <Coords points="697,1905 884,1908 1072,1910 1259,1911 1447,1910 1635,1909 1822,1906 2010,1903 2197,1900 2385,1897 2573,1894 2760,1891 2948,1889 3135,1889 3323,1889 3511,1891 3698,1894 3886,1900 4073,1907 4261,1917 4449,1930 4449,1885 4261,1872 4073,1862 3886,1855 3698,1849 3511,1846 3323,1844 3135,1844 2948,1844 2760,1846 2573,1849 2385,1852 2197,1855 2010,1858 1822,1861 1635,1864 1447,1865 1259,1866 1072,1865 884,1863 697,1860"/>
                <Baseline points="697,1890 884,1893 1072,1895 1259,1896 1447,1895 1635,1894 1822,1891 2010,1888 2197,1885 2385,1882 2573,1879 2760,1876 2948,1874 3135,1874 3323,1874 3511,1876 3698,1879 3886,1885 4073,1892 4261,1902 4449,1915"/>
                <TextEquiv>
                    <Unicode>wyly proty tomuto lystu, to bychme uczynyly protyswe czty awyerze, a nam prawo nyzadne any duchowny any swyedczke nemuoz,</Unicode>
                </TextEquiv>
            </TextLine>
            <TextLine id="r1l25" custom="readingOrder {index:24;}">
                <Coords points="708,1969 892,1974 1076,1977 1260,1979 1444,1979 1628,1978 1812,1975 1996,1973 2180,1970 2364,1967 2549,1963 2733,1961 2917,1959 3101,1958 3285,1958 3469,1960 3653,1963 3837,1968 4021,1976 4205,1986 4390,1998 4390,1953 4205,1941 4021,1931 3837,1923 3653,1918 3469,1915 3285,1913 3101,1913 2917,1914 2733,1916 2549,1918 2364,1922 2180,1925 1996,1928 1812,1930 1628,1933 1444,1934 1260,1934 1076,1932 892,1929 708,1924"/>
                <Baseline points="708,1954 892,1959 1076,1962 1260,1964 1444,1964 1628,1963 1812,1960 1996,1958 2180,1955 2364,1952 2549,1948 2733,1946 2917,1944 3101,1943 3285,1943 3469,1945 3653,1948 3837,1953 4021,1961 4205,1971 4390,1983"/>
                <TextEquiv>
                    <Unicode>any gma nam proty tomuto listu spomoczno byty. A tomu na swyedomye swe wlastie peczety s nassym wyedomym, powolenym</Unicode>
                </TextEquiv>
            </TextLine>
            <TextLine id="r1l26" custom="readingOrder {index:25;} date {offset:55; length:59; continued:true;year:0; day:0; month:0;}">
                <Coords points="704,2038 885,2043 1067,2045 1249,2047 1431,2047 1613,2046 1795,2044 1976,2043 2158,2040 2340,2038 2522,2035 2704,2034 2886,2032 3068,2032 3249,2032 3431,2034 3613,2038 3795,2042 3977,2049 4159,2058 4341,2070 4341,2025 4159,2013 3977,2004 3795,1997 3613,1993 3431,1989 3249,1987 3068,1987 2886,1987 2704,1989 2522,1990 2340,1993 2158,1995 1976,1998 1795,1999 1613,2001 1431,2002 1249,2002 1067,2000 885,1998 704,1993"/>
                <Baseline points="704,2023 885,2028 1067,2030 1249,2032 1431,2032 1613,2031 1795,2029 1976,2028 2158,2025 2340,2023 2522,2020 2704,2019 2886,2017 3068,2017 3249,2017 3431,2019 3613,2023 3795,2027 3977,2034 4159,2043 4341,2055"/>
                <TextEquiv>
                    <Unicode>y przyznanym k tomuto gsme lystu przywyessely. Dan ten patek przyed swatem Mateygem apostola leta od narozeny syna</Unicode>
                </TextEquiv>
            </TextLine>
            <TextLine id="r1l27" custom="readingOrder {index:26;} date {offset:0; length:38; continued:true;year:0; day:0; month:0;}">
                <Coords points="701,2120 755,2119 810,2118 864,2117 919,2117 974,2117 1028,2116 1083,2117 1137,2117 1192,2117 1247,2118 1301,2119 1356,2120 1410,2120 1465,2122 1520,2122 1574,2123 1629,2124 1683,2125 1738,2126 1793,2127 1793,2082 1738,2081 1683,2080 1629,2079 1574,2078 1520,2077 1465,2077 1410,2075 1356,2075 1301,2074 1247,2073 1192,2072 1137,2072 1083,2072 1028,2071 974,2072 919,2072 864,2072 810,2073 755,2074 701,2075"/>
                <Baseline points="701,2105 755,2104 810,2103 864,2102 919,2102 974,2102 1028,2101 1083,2102 1137,2102 1192,2102 1247,2103 1301,2104 1356,2105 1410,2105 1465,2107 1520,2107 1574,2108 1629,2109 1683,2110 1738,2111 1793,2112"/>
                <TextEquiv>
                    <Unicode>Bozieho tyssicz cztrsteho cztrnadsteho. </Unicode>
                </TextEquiv>
            </TextLine>
            <TextEquiv>
                <Unicode>My Conrad z Bozye mylosty kostela prazskeho arczybyskup a papeske stolyczye legath, prwny gistecz y dluznyk, Jan z Sobyeticz, podko¬&#xD;
morzye arczybyzkupcztwye czeskeho a purkrabie w Tynye Horssowskem, Benes z Rzepczycz, purkrabye na Rzeczyczy, Purkarch z Al¬&#xD;
denburg, myesczanyn Stareho Myesta prazskeho, Petr, rzeczeny Percz z Percze, purkrabye na Przybramye, Oldrzych z Nezwyesstycz,&#xD;
sedyenym tudys, Raczek z Tupadl, sedyenym w Sobyeticzych, a Gyerzyk z Rudne, sedyenym na Brzezenech, gyeho prawe a gyste ru¬&#xD;
koymye, wyznawame tyemto lystem obecznie wssiem, ktoz gey uzrzye anebo cztucze uslyssye, ze gsme dluzny praweho a gisteho&#xD;
dluhu a gmame platyty urozenym panossyem Ondrzeowy, rzeczenemu Spalek z Slatyny, sedyenym na Zwyekowczy, Lwy¬&#xD;
kowy z Strassicz, purkrabye na Necztynach y Duczowy zWarzyn, sedyenym na Brzyezynye, a tomu kazdemu, ktozby tento lyst&#xD;
gmyel z Ondrzeowu z Spalkowu swrchupsaneho dobru woly cztyrzysta kop grossow dobrych strziebrnych razu prazskeho,&#xD;
kterezto penyeze gym daty a saplatyty gmame a slybugeme dobru nassy wyeru krzyestyansku, ruku owssiem nedyelnu&#xD;
bezelsty we dwu nedyely po swatem Gyerzy, gyesto nynye nayprwe przyde w rok porzad cztucze, paklybychme toho neuczynyly,&#xD;
tehda ynhed kdyz a kterys bude napomanut wyerzytely nassimi aneb gich poslem aneb lystem, ten nadruheho neukazuge, any&#xD;
sye czim wymluwagye, ale beze wssye odpuory s giednym pacholkem a se dwyema konyoma gma wgiety do myesta do Noweho Plznye&#xD;
anebo do Prahy a wleczy docztne hospody kdes a kteras giemu od wyerzytelow nassich bude ukazana a tu gma prawe lezenie drzety rzadem&#xD;
a obyczegiem zemie Czeske. A odtewadz nemuoz any gma wygetty, any kterak wymknuty na nyzadne prawo, tak dluho donidzbichme tyech peniez &#xD;
swrchupsanich nesplatyly uplne, y skodamy a kdyz mnie cztrnadczte dnow ote dne napomanutye toho lezenie bud lezano neb nelezano,&#xD;
a penies nadepsanich giestye nezaplatyly, yhned wyerzyczym nassym swrchupsanym dawame tyemto lystem plnu mocz y prawo, tyech penies&#xD;
dobyty, optaty y wzyty w krzyestyanech y w zydech, kdezkoly w Czeske zemye, na nassy wssyech skodu a kdez gich ony koly dobudu, optagy aneb wezmu,&#xD;
na tom myestye my slybugeme gye sastupny samysebu neb nassymy dobrymy saklady aneb gystimi rukoymyemy w tyech penyezich swrchu¬&#xD;
psanych, y take we wssiech skodach, kterezto by skody ony nassy wyerzyczy swrchupsany proto nassye neplnienie wzely, budto gyezdamy,&#xD;
poselstwym, napomynanym aneb kterakzkoly ginak, a kterez by skody geden z nich pokazal prawem bezmatku, ty wssechny skody magy&#xD;
nassie byty, anicz gich ocztiech ze wssiech skod mame gie wywadyty, nedaducze gim w nyczems skodnu byty, paklyby gehoz Buozie neday, ze&#xD;
by ktery z nas w tom czassu plnyenie ssell z swyeta z tohoto umra, tehda my zostaly, slybugeme gineho zzyweho, tak dobreho a mowyteho&#xD;
w tys slyb w gednom myessyeczy postawyty, lyst obnowyecze myesto toho umrleho pod lezenym swrchu psanym. A zdalibichme czo mlu¬&#xD;
wyly proty tomuto lystu, to bychme uczynyly protyswe czty awyerze, a nam prawo nyzadne any duchowny any swyedczke nemuoz,&#xD;
any gma nam proty tomuto listu spomoczno byty. A tomu na swyedomye swe wlastie peczety s nassym wyedomym, powolenym&#xD;
y przyznanym k tomuto gsme lystu przywyessely. Dan ten patek przyed swatem Mateygem apostola leta od narozeny syna&#xD;
Bozieho tyssicz cztrsteho cztrnadsteho. </Unicode>
            </TextEquiv>
        </TextRegion>
    </Page>
</PcGts>
