<?xml version="1.0" encoding="UTF-8" standalone="yes"?>
<PcGts xmlns="http://schema.primaresearch.org/PAGE/gts/pagecontent/2013-07-15" xmlns:xsi="http://www.w3.org/2001/XMLSchema-instance" xsi:schemaLocation="http://schema.primaresearch.org/PAGE/gts/pagecontent/2013-07-15 http://schema.primaresearch.org/PAGE/gts/pagecontent/2013-07-15/pagecontent.xsd">
    <Metadata>
        <Creator>prov=University of Rostock/Institute of Mathematics/CITlab/Tobias Gruening/tobias.gruening@uni-rostock.de:name=/net_tf/LA73_249_0mod360.pb:de.uros.citlab.segmentation.CITlab_LA_ML:v=2.3.1
TRP</Creator>
        <Created>2019-07-22T09:53:03.831+02:00</Created>
        <LastChange>2019-11-15T15:28:50.501+01:00</LastChange>
        <TranskribusMetadata docId="186363" pageId="7428092" pageNr="1" tsid="19412491" status="IN_PROGRESS" userId="38723" imgUrl="https://files.transkribus.eu/Get?id=FSXHOPIBGQEEBQHVDKGHKMLW&amp;fileType=view" xmlUrl="https://files.transkribus.eu/Get?id=BMWZDEQLPJZKCTDEHSUKELAR" imageId="4459467"/>
    </Metadata>
    <Page imageFilename="NA-ACK_13490110_00326_r.jpg" imageWidth="8774" imageHeight="5294">
        <ReadingOrder>
            <OrderedGroup id="ro_1575392118028" caption="Regions reading order">
                <RegionRefIndexed index="0" regionRef="r1"/>
            </OrderedGroup>
        </ReadingOrder>
        <TextRegion orientation="0.0" id="r1" custom="readingOrder {index:0;}">
            <Coords points="1043,635 1043,1859 6075,1859 6075,635"/>
            <TextLine id="r1l1" custom="readingOrder {index:0;} person {offset:4; length:51;} place {offset:23; length:8;} place {offset:43; length:12;} person {offset:57; length:8;} person {offset:70; length:61;} place {offset:100; length:10;} place {offset:123; length:8;}">
                <Coords points="846,819 1002,827 1041,706 1818,721 2068,722 2319,723 2569,723 2819,723 3070,723 3320,722 3571,721 3821,721 4071,720 4322,719 4572,718 4823,716 5073,715 5323,714 5574,713 5824,712 6075,711 6073,581 5818,581 5558,581 5316,581 5056,585 4827,585 4580,581 4312,581 4096,585 3814,576 3546,581 3325,589 3057,589 2823,585 2555,585 2313,585 2040,585 1326,572 1088,563 1080,403 837,399"/>
                <Baseline points="867,745 1131,710 1567,695 1818,696 2068,697 2319,698 2569,698 2819,698 3070,698 3320,697 3571,696 3821,696 4071,695 4322,694 4572,693 4823,691 5073,690 5323,689 5574,688 5824,687 6075,686"/>
                <TextEquiv>
                    <Unicode>Wir Henrich, grafe von Honstein, herre zeü Sündirshusin, Heinrich und Günther, gebrüdere grafin von Swarzepurg, herrin zeü Arnstete, gelobin fur uns </Unicode>
                </TextEquiv>
            </TextLine>
            <TextLine id="r1l2" custom="readingOrder {index:1;} person {offset:130; length:16; continued:true;}">
                <Coords points="1015,827 1301,814 1544,811 1786,808 2029,805 2271,803 2514,802 2756,801 2999,801 3241,801 3484,801 3726,802 3969,802 4211,803 4454,804 4696,805 4939,806 5181,807 5424,808 5666,808 5909,809 5909,740 5666,739 5424,739 5181,738 4939,737 4696,736 4454,735 4211,734 3969,733 3726,733 3484,732 3241,732 2999,732 2756,732 2514,733 2271,734 2029,736 1786,739 1544,742 1301,745 1015,745"/>
                <Baseline points="1059,796 1301,791 1544,788 1786,785 2029,782 2271,780 2514,779 2756,778 2999,778 3241,778 3484,778 3726,779 3969,779 4211,780 4454,781 4696,782 4939,783 5181,784 5424,785 5666,785 5909,786"/>
                <TextEquiv>
                    <Unicode>und unsir erbin mit gutin truwen an eydes stat an allis geverde, deme allirdürchluchtigestin furstin unsirm genedigin herrin hern KarI, Romischin </Unicode>
                </TextEquiv>
            </TextLine>
            <TextLine id="r1l3" custom="readingOrder {index:2;} person {offset:0; length:61; continued:true;} place {offset:56; length:5;} person {offset:121; length:9;}">
                <Coords points="1043,922 1294,911 1546,902 1797,895 2049,890 2301,887 2552,885 2804,885 3055,886 3307,887 3559,889 3810,891 4062,893 4313,895 4565,897 4817,898 5068,898 5320,897 5571,894 5823,890 6075,883 6075,816 5823,823 5571,827 5320,830 5068,831 4817,831 4565,830 4313,828 4062,826 3810,824 3559,822 3307,820 3055,819 2804,818 2552,818 2301,820 2049,823 1797,828 1546,835 1294,844 1043,855"/>
                <Baseline points="1043,900 1294,889 1546,880 1797,873 2049,868 2301,865 2552,863 2804,863 3055,864 3307,865 3559,867 3810,869 4062,871 4313,873 4565,875 4817,876 5068,876 5320,875 5571,872 5823,868 6075,861"/>
                <TextEquiv>
                    <Unicode>konige, zcü allin zcitin merer des riches und künig zcü Bemen, daz wir im bestendig und beholfin wollin, sein wider hern Lodewiges </Unicode>
                </TextEquiv>
            </TextLine>
            <TextLine id="r1l4" custom="readingOrder {index:3;} place {offset:11; length:7;} person {offset:62; length:49;} place {offset:82; length:8;} place {offset:103; length:8;}">
                <Coords points="1063,1028 1311,1011 1559,999 1807,989 2055,983 2304,978 2552,976 2800,976 3048,977 3296,979 3545,982 3793,985 4041,988 4289,991 4537,993 4786,994 5034,993 5282,991 5530,986 5778,979 6027,968 6027,901 5778,912 5530,919 5282,924 5034,926 4786,927 4537,926 4289,924 4041,921 3793,918 3545,915 3296,912 3048,910 2800,909 2552,909 2304,911 2055,916 1807,922 1559,932 1311,944 1063,961"/>
                <Baseline points="1063,1006 1311,989 1559,977 1807,967 2055,961 2304,956 2552,954 2800,954 3048,955 3296,957 3545,960 3793,963 4041,966 4289,969 4537,971 4786,972 5034,971 5282,969 5530,964 5778,957 6027,946"/>
                <TextEquiv>
                    <Unicode>kinder von Beygern, der sich etlewanne keysir nante und widir grafin Günthere von Swacpürg, herren zeü Arnstete, und widir alle andirn </Unicode>
                </TextEquiv>
            </TextLine>
            <TextLine id="r1l5" custom="readingOrder {index:4;}">
                <Coords points="1050,1126 1287,1113 1524,1103 1762,1095 1999,1088 2237,1084 2474,1081 2712,1080 2949,1080 3187,1081 3424,1082 3661,1084 3899,1086 4136,1088 4374,1090 4611,1091 4849,1092 5086,1092 5324,1090 5561,1087 5974,1074 5974,992 5561,1008 5324,1011 5086,1013 4849,1013 4611,1012 4374,1011 4136,1009 3899,1007 3661,1005 3424,1003 3187,1002 2949,1001 2712,1001 2474,1002 2237,1005 1999,1009 1762,1016 1524,1024 1287,1034 1050,1047"/>
                <Baseline points="1050,1100 1287,1087 1524,1077 1762,1069 1999,1062 2237,1058 2474,1055 2712,1054 2949,1054 3187,1055 3424,1056 3661,1058 3899,1060 4136,1062 4374,1064 4611,1065 4849,1066 5086,1066 5324,1064 5561,1061 5948,1057"/>
                <TextEquiv>
                    <Unicode>des vorgnantin unsirs herrin des Romischin koniges finde und widirsachin von disir zeit eyn gancz jar mit hündirt mannen, mit </Unicode>
                </TextEquiv>
            </TextLine>
            <TextLine id="r1l6" custom="readingOrder {index:5;}">
                <Coords points="1032,1234 1332,1207 1579,1199 1827,1193 2074,1188 2321,1184 2569,1180 2816,1178 3063,1176 3311,1175 3558,1175 3805,1175 4053,1176 4300,1177 4547,1178 4795,1180 5042,1182 5289,1185 5537,1187 5784,1189 6032,1192 6032,1132 5784,1129 5537,1127 5289,1125 5042,1122 4795,1120 4547,1118 4300,1117 4053,1116 3805,1115 3558,1115 3311,1115 3063,1116 2816,1118 2569,1120 2321,1124 2074,1128 1827,1133 1579,1139 1332,1147 1041,1130"/>
                <Baseline points="1085,1195 1332,1187 1579,1179 1827,1173 2074,1168 2321,1164 2569,1160 2816,1158 3063,1156 3311,1155 3558,1155 3805,1155 4053,1156 4300,1157 4547,1158 4795,1160 5042,1162 5289,1165 5537,1167 5784,1169 6032,1172"/>
                <TextEquiv>
                    <Unicode>helmen, der wir fünfzeig legin sullen in unsir sloz, zeü weren und zeü behaldene unsir vestin, und mit den andirn fünfzeigin sullin </Unicode>
                </TextEquiv>
            </TextLine>
            <TextLine id="r1l7" custom="readingOrder {index:6;} place {offset:41; length:8;}">
                <Coords points="1067,1313 1314,1305 1562,1298 1810,1291 2058,1288 2306,1284 2554,1282 2802,1281 3050,1280 3298,1280 3546,1281 3793,1281 4041,1282 4289,1283 4537,1283 4785,1283 5033,1283 5281,1282 5529,1280 5777,1277 6025,1273 6025,1213 5777,1217 5529,1220 5281,1222 5033,1223 4785,1223 4537,1223 4289,1223 4041,1222 3793,1221 3546,1221 3298,1220 3050,1220 2802,1221 2554,1222 2306,1224 2058,1228 1810,1231 1562,1238 1314,1245 1067,1253"/>
                <Baseline points="1067,1293 1314,1285 1562,1278 1810,1271 2058,1268 2306,1264 2554,1262 2802,1261 3050,1260 3298,1260 3546,1261 3793,1261 4041,1262 4289,1263 4537,1263 4785,1263 5033,1263 5281,1262 5529,1260 5777,1257 6025,1253"/>
                <TextEquiv>
                    <Unicode>und wollin wir im dinen in dem lande zeü Doringin uf deme felde mit rechtin truwen wider sine finden, so wir allirbeste mogin ouch </Unicode>
                </TextEquiv>
            </TextLine>
            <TextLine id="r1l9" custom="readingOrder {index:7;}">
                <Coords points="1032,1433 1300,1412 1521,1402 1742,1394 1963,1389 2184,1385 2405,1382 2626,1381 2847,1380 3068,1381 3289,1381 3510,1382 3731,1384 3952,1385 4173,1386 4394,1386 4615,1386 4836,1385 5057,1382 5278,1379 6021,1394 6021,1286 5278,1312 5057,1315 4836,1318 4615,1319 4394,1319 4173,1319 3952,1318 3731,1317 3510,1315 3289,1314 3068,1314 2847,1313 2626,1314 2405,1315 2184,1318 1963,1322 1742,1327 1521,1335 1300,1345 1032,1329"/>
                <Baseline points="1079,1401 1300,1390 1521,1380 1742,1372 1963,1367 2184,1363 2405,1360 2626,1359 2847,1358 3068,1359 3289,1359 3510,1360 3731,1362 3952,1363 4173,1364 4394,1364 4615,1364 4836,1363 5057,1360 5278,1357 6039,1373"/>
                <TextEquiv>
                    <Unicode>gelobin wir für uns und unsir erbin mit gutin truwen an eydes stat, das dem vorgnantin unsirm herrin, deme Romischin konige und </Unicode>
                </TextEquiv>
            </TextLine>
            <TextLine id="r1l11" custom="readingOrder {index:8;}">
                <Coords points="1058,1537 1204,1532 1321,1522 1438,1513 1555,1505 1672,1497 1788,1491 1905,1486 2022,1481 2139,1477 2256,1474 2372,1471 2489,1470 2606,1469 2723,1469 2840,1471 2956,1472 3073,1475 3190,1478 3307,1483 6004,1485 6008,1386 4308,1403 3563,1390 3073,1408 2956,1405 2840,1404 2723,1402 2606,1402 2489,1403 2372,1404 2256,1407 2139,1410 2022,1414 1905,1419 1788,1424 1672,1430 1555,1438 1439,1429 1309,1424 1201,1429 1067,1437"/>
                <Baseline points="1088,1521 1204,1510 1321,1500 1438,1491 1555,1483 1672,1475 1788,1469 1905,1464 2022,1459 2139,1455 2256,1452 2372,1449 2489,1448 2606,1447 2723,1447 2840,1449 2956,1450 3073,1453 3278,1468 3853,1481 5982,1472"/>
                <TextEquiv>
                    <Unicode>sinen houptlutin, die er dar zeü schicket, alle unsir vestin offin sein sullin, widir alle sine widirsachin, wenne er ir bedarf </Unicode>
                </TextEquiv>
            </TextLine>
            <TextLine id="r1l13" custom="readingOrder {index:9;}">
                <Coords points="1075,1648 1302,1627 1529,1608 1756,1595 1983,1584 2210,1577 2437,1572 2664,1569 2891,1568 3118,1569 3345,1572 3572,1575 3799,1579 4026,1582 4253,1586 4480,1590 4707,1592 4934,1594 5161,1595 5388,1593 6056,1589 6043,1489 5389,1485 5151,1485 4935,1485 4706,1481 4489,1481 4243,1481 4039,1494 3799,1509 3572,1505 3345,1502 3118,1499 2891,1498 2664,1499 2437,1502 2210,1507 1983,1514 1756,1525 1529,1538 1302,1557 1075,1578"/>
                <Baseline points="1075,1625 1302,1604 1529,1585 1756,1572 1983,1561 2210,1554 2437,1549 2664,1546 2891,1545 3118,1546 3345,1549 3572,1552 3799,1556 4026,1559 4253,1563 4480,1567 4707,1569 4934,1571 5161,1572 5388,1570 6026,1580"/>
                <TextEquiv>
                    <Unicode>und der begernde ist in der vorgnantin zeiit on geverde. Mit urkünt dies brifes, versigilt mit unsirm insigiln, der gegebin ist </Unicode>
                </TextEquiv>
            </TextLine>
            <TextLine id="r1l14" custom="readingOrder {index:10;} place {offset:4; length:7;} date {offset:13; length:102; continued:true;year:0; day:0; month:0;}">
                <Coords points="1036,1749 1301,1725 1510,1708 1720,1694 1929,1683 2139,1676 2348,1671 2557,1669 2767,1668 2976,1669 3186,1672 3395,1675 3605,1678 3814,1682 4023,1685 4233,1688 4442,1689 4652,1689 4861,1687 5974,1706 5974,1593 4861,1615 4652,1617 4442,1617 4233,1616 4023,1613 3814,1610 3605,1606 3395,1603 3186,1600 2976,1597 2767,1596 2557,1597 2348,1599 2139,1604 1929,1611 1720,1622 1510,1636 1301,1653 1041,1641"/>
                <Baseline points="1092,1723 1301,1701 1510,1684 1720,1670 1929,1659 2139,1652 2348,1647 2557,1645 2767,1644 2976,1645 3186,1648 3395,1651 3605,1654 3814,1658 4023,1661 4233,1664 4442,1665 4652,1665 4987,1680 5943,1688"/>
                <TextEquiv>
                    <Unicode>zcü Erforte, do man zcalte noch Cristes geburt drizcen hündert und nwnundfirzcig jar an deme nestin sunabinde noch </Unicode>
                </TextEquiv>
            </TextLine>
            <TextLine id="r1l16" custom="readingOrder {index:11;} date {offset:0; length:17; continued:true;year:0; day:0; month:0;}">
                <Coords points="1073,1859 1111,1859 1150,1859 1188,1858 1227,1856 1265,1853 1304,1849 1342,1844 1381,1840 1419,1834 1458,1829 1496,1823 1535,1819 1573,1814 1612,1809 1650,1805 1689,1800 1727,1797 1766,1795 1804,1794 1843,1793 1843,1717 1804,1718 1766,1719 1727,1721 1689,1724 1650,1729 1612,1733 1573,1738 1535,1743 1496,1747 1458,1753 1419,1758 1381,1764 1342,1768 1304,1773 1265,1777 1227,1780 1188,1782 1150,1783 1111,1783 1073,1783"/>
                <Baseline points="1073,1834 1111,1834 1150,1834 1188,1833 1227,1831 1265,1828 1304,1824 1342,1819 1381,1815 1419,1809 1458,1804 1496,1798 1535,1794 1573,1789 1612,1784 1650,1780 1689,1775 1727,1772 1766,1770 1804,1769 1843,1768"/>
                <TextEquiv>
                    <Unicode>deme Obirstintage. </Unicode>
                </TextEquiv>
            </TextLine>
            <TextEquiv>
                <Unicode>Wir Henrich, grafe von Honstein, herre zeü Sündirshusin, Heinrich und Günther, gebrüdere grafin von Swarzepurg, herrin zeü Arnstete, gelobin fur uns &#xD;
und unsir erbin mit gutin truwen an eydes stat an allis geverde, deme allirdürchluchtigestin furstin unsirm genedigin herrin hern KarI, Romischin &#xD;
konige, zcü allin zcitin merer des riches und künig zcü Bemen, daz wir im bestendig und beholfin wollin, sein wider hern Lodewiges &#xD;
kinder von Beygern, der sich etlewanne keysir nante und widir grafin Günthere von Swacpürg, herren zeü Arnstete, und widir alle andirn &#xD;
des vorgnantin unsirs herrin des Romischin koniges finde und widirsachin von disir zeit eyn gancz jar mit hündirt mannen, mit &#xD;
helmen, der wir fünfzeig legin sullen in unsir sloz, zeü weren und zeü behaldene unsir vestin, und mit den andirn fünfzeigin sullin &#xD;
und wollin wir im dinen in dem lande zeü Doringin uf deme felde mit rechtin truwen wider sine finden, so wir allirbeste mogin ouch &#xD;
gelobin wir für uns und unsir erbin mit gutin truwen an eydes stat, das dem vorgnantin unsirm herrin, deme Romischin konige und &#xD;
sinen houptlutin, die er dar zeü schicket, alle unsir vestin offin sein sullin, widir alle sine widirsachin, wenne er ir bedarf &#xD;
und der begernde ist in der vorgnantin zeiit on geverde. Mit urkünt dies brifes, versigilt mit unsirm insigiln, der gegebin ist &#xD;
zcü Erforte, do man zcalte noch Cristes geburt drizcen hündert und nwnundfirzcig jar an deme nestin sunabinde noch &#xD;
deme Obirstintage. </Unicode>
            </TextEquiv>
        </TextRegion>
    </Page>
</PcGts>
