<?xml version="1.0" encoding="UTF-8" standalone="yes"?>
<PcGts xmlns="http://schema.primaresearch.org/PAGE/gts/pagecontent/2013-07-15" xmlns:xsi="http://www.w3.org/2001/XMLSchema-instance" xsi:schemaLocation="http://schema.primaresearch.org/PAGE/gts/pagecontent/2013-07-15 http://schema.primaresearch.org/PAGE/gts/pagecontent/2013-07-15/pagecontent.xsd">
    <Metadata>
        <Creator>TRP</Creator>
        <Created>2019-06-05T14:35:33.286+02:00</Created>
        <LastChange>2019-06-05T14:35:33.286+02:00</LastChange>
        <TranskribusMetadata docId="169945" pageId="6426641" pageNr="2" tsid="10832271" status="NEW" userId="36516" imgUrl="https://files.transkribus.eu/Get?id=XUUKDLONVCXBUZEGMUIPSKBA&amp;fileType=view" xmlUrl="https://files.transkribus.eu/Get?id=KCZXZETXCXNSTBMIYBJAPOGQ" imageId="3818727"/>
    </Metadata>
    <Page imageFilename="NA-ACK_14160704_01461_v.jpg" imageWidth="6468" imageHeight="3922"/>
</PcGts>
