<?xml version="1.0" encoding="UTF-8" standalone="yes"?>
<PcGts xmlns="http://schema.primaresearch.org/PAGE/gts/pagecontent/2013-07-15" xmlns:xsi="http://www.w3.org/2001/XMLSchema-instance" xsi:schemaLocation="http://schema.primaresearch.org/PAGE/gts/pagecontent/2013-07-15 http://schema.primaresearch.org/PAGE/gts/pagecontent/2013-07-15/pagecontent.xsd">
    <Metadata>
        <Creator>prov=University of Rostock/Institute of Mathematics/CITlab/Tobias Gruening/tobias.gruening@uni-rostock.de:name=/net_tf/LA73_249_0mod360.pb:de.uros.citlab.segmentation.CITlab_LA_ML:v=2.4.2
TRP</Creator>
        <Created>2019-04-10T16:06:21.575+02:00</Created>
        <LastChange>2019-11-26T16:29:18.993+01:00</LastChange>
        <TranskribusMetadata docId="146394" pageId="5441718" pageNr="1" tsid="19883139" status="IN_PROGRESS" userId="40502" imgUrl="https://files.transkribus.eu/Get?id=SOEDLDGASZUQXVDAQUMOXKQP&amp;fileType=view" xmlUrl="https://files.transkribus.eu/Get?id=WVHVLFWCZCUFHJQYGCAOQCEJ" imageId="3221782"/>
    </Metadata>
    <Page imageFilename="NA-AZK-Plasy_14131105_697_r.jpg" imageWidth="6607" imageHeight="4659">
        <ReadingOrder>
            <OrderedGroup id="ro_1575392037594" caption="Regions reading order">
                <RegionRefIndexed index="0" regionRef="r1"/>
            </OrderedGroup>
        </ReadingOrder>
        <TextRegion orientation="0.0" id="r1" custom="readingOrder {index:0;}">
            <Coords points="762,280 762,2572 5158,2572 5158,280"/>
            <TextLine id="r1l1" custom="readingOrder {index:0;} person {offset:3; length:18;} place {offset:50; length:8;}">
                <Coords points="711,335 881,349 1200,332 1419,331 1638,331 1857,332 2076,334 2295,337 2514,340 2733,343 2952,346 3171,350 3390,354 3609,358 3828,362 4047,365 4266,368 4485,370 4704,372 4923,374 5142,374 5142,323 4920,294 4712,273 4502,272 4279,297 4055,281 3831,276 3638,274 3402,267 3171,276 2961,264 2744,258 2525,255 2307,249 2088,246 1860,250 1641,249 1427,251 977,209 913,140 723,122"/>
                <Baseline points="762,319 981,316 1200,315 1419,314 1638,314 1857,315 2076,317 2295,320 2514,323 2733,326 2952,329 3171,333 3390,337 3609,341 3828,345 4047,348 4266,351 4485,353 4704,355 4923,357 5142,357"/>
                <TextEquiv>
                    <Unicode>My kniez Gotfrid opat ywiessken konwent klasstera plaskeho wiznawame tiemto listem wssiem obecznye, ktoz gey czisty neb slisseti budu, ze na¬</Unicode>
                </TextEquiv>
            </TextLine>
            <TextLine id="r1l2" custom="readingOrder {index:1;} place {offset:33; length:12;} person {offset:62; length:15;} person {offset:94; length:11;} person {offset:113; length:6;}">
                <Coords points="797,415 1053,411 1268,409 1482,407 1697,407 1912,408 2126,410 2341,412 2556,415 2770,418 2985,422 3200,426 3414,430 3629,433 3844,437 4058,439 4273,442 4488,444 4702,444 4917,444 5132,443 5132,392 4917,393 4702,393 4488,393 4273,391 4058,388 3844,386 3629,382 3414,379 3200,375 2985,371 2770,367 2556,364 2341,361 2126,359 1912,357 1697,356 1482,356 1268,358 1053,360 797,364"/>
                <Baseline points="839,398 1053,394 1268,392 1482,390 1697,390 1912,391 2126,393 2341,395 2556,398 2770,401 2985,405 3200,409 3414,413 3629,416 3844,420 4058,422 4273,425 4488,427 4702,427 4917,427 5132,426"/>
                <TextEquiv>
                    <Unicode>sse richtarzstwie w nassie wsy w Trzemosnyczi, kterezto misto Jan Trzemosnicz a dobre pamiety Jan Praczek a pany Elsska, geho manzelka y gich dieti</Unicode>
                </TextEquiv>
            </TextLine>
            <TextLine id="r1l3" custom="readingOrder {index:2;} place {offset:84; length:12;}">
                <Coords points="819,493 1034,487 1249,483 1465,480 1680,479 1895,479 2111,480 2326,481 2541,484 2757,487 2972,491 3187,495 3403,499 3618,503 3833,507 4049,510 4264,513 4479,516 4695,517 4910,518 5126,517 5126,466 4910,467 4695,466 4479,465 4264,462 4049,459 3833,456 3618,452 3403,448 3187,444 2972,440 2757,436 2541,433 2326,430 2111,429 1895,428 1680,428 1465,429 1249,432 1034,436 819,442"/>
                <Baseline points="819,476 1034,470 1249,466 1465,463 1680,462 1895,462 2111,463 2326,464 2541,467 2757,470 2972,474 3187,478 3403,482 3618,486 3833,490 4049,493 4264,496 4479,499 4695,500 4910,501 5126,500"/>
                <TextEquiv>
                    <Unicode>mieli a drzzeli su, a ktomu cztyrzi lany pole diedyny a chrastynu, kteraz lezzi pod Trzemosniczy pod richtarzowym zahumnym a pole, gessto slowie</Unicode>
                </TextEquiv>
            </TextLine>
            <TextLine id="r1l4" custom="readingOrder {index:3;} place {offset:0; length:6;} sic {offset:23; length:5;} place {offset:101; length:10;} place {offset:114; length:10;} place {offset:129; length:9;} place {offset:145; length:6; continued:true;}">
                <Coords points="799,558 1015,553 1232,551 1449,549 1666,548 1883,548 2099,549 2316,551 2533,553 2750,556 2967,560 3183,564 3400,568 3617,572 3834,576 4051,581 4267,584 4484,588 4701,592 4918,595 5155,597 5155,546 4918,544 4701,541 4484,537 4267,533 4051,530 3834,525 3617,521 3400,517 3183,513 2967,509 2750,505 2533,502 2316,500 2099,498 1883,497 1666,497 1449,498 1232,500 1015,502 799,507"/>
                <Baseline points="799,541 1015,536 1232,534 1449,532 1666,531 1883,531 2099,532 2316,534 2533,536 2750,539 2967,543 3183,547 3400,551 3617,555 3834,559 4051,564 4267,567 4484,571 4701,575 4918,578 5135,580"/>
                <TextEquiv>
                    <Unicode>Ribnik y s luhem y stu y stu chrasty, kteraz gest pod tiem polem po tu czestu, kteraz wede a kazze k Trzebokowu a Chrastniku pod Hromnyczy wedle Pracz¬</Unicode>
                </TextEquiv>
            </TextLine>
            <TextLine id="r1l5" custom="readingOrder {index:4;} place {offset:0; length:13; continued:true;} place {offset:48; length:15;} place {offset:70; length:15;}">
                <Coords points="824,630 1037,626 1250,624 1463,623 1676,622 1889,623 2102,624 2315,626 2528,628 2741,631 2954,634 3167,638 3380,642 3593,646 3806,650 4019,654 4232,657 4445,660 4658,663 4871,666 5085,668 5085,616 4871,614 4658,611 4445,608 4232,605 4019,602 3806,598 3593,594 3380,590 3167,586 2954,582 2741,579 2528,576 2315,574 2102,572 1889,571 1676,570 1463,571 1250,572 1037,574 824,578"/>
                <Baseline points="824,613 1037,609 1250,607 1463,606 1676,605 1889,606 2102,607 2315,609 2528,611 2741,614 2954,617 3167,621 3380,625 3593,629 3806,633 4019,637 4232,640 4445,643 4658,646 4871,649 5085,651"/>
                <TextEquiv>
                    <Unicode>kowskeho pole po tu yamu, a take diel potoka ot Zichliczke luky az do Czeczinske luky, w nyemz ryby k swe wuoli swobodnye ma lowiti, prodalisme</Unicode>
                </TextEquiv>
            </TextLine>
            <TextLine id="r1l6" custom="readingOrder {index:5;} person {offset:24; length:56;} place {offset:68; length:12;}">
                <Coords points="821,705 1036,700 1252,696 1468,694 1684,693 1900,694 2115,695 2331,698 2547,701 2763,705 2979,709 3194,713 3410,717 3626,721 3842,725 4058,728 4273,730 4489,732 4705,732 4921,731 5160,727 5160,675 4921,679 4705,680 4489,680 4273,678 4058,676 3842,673 3626,669 3410,665 3194,661 2979,657 2763,653 2547,649 2331,646 2115,643 1900,642 1684,641 1468,642 1252,644 1036,648 821,653"/>
                <Baseline points="821,688 1036,683 1252,679 1468,677 1684,676 1900,677 2115,678 2331,681 2547,684 2763,688 2979,692 3194,696 3410,700 3626,704 3842,708 4058,711 4273,713 4489,715 4705,715 4921,714 5137,712"/>
                <TextEquiv>
                    <Unicode>k wiecznosty slowutnemu Oldrzichowi Richtarzi, niekdy synu Smylowu zTrzemosnicze, za hotowe penyeze, kterezto sme od nyeho wzeli a naklass¬</Unicode>
                </TextEquiv>
            </TextLine>
            <TextLine id="r1l7" custom="readingOrder {index:6;} person {offset:96; length:8;}">
                <Coords points="814,772 1053,773 1268,770 1483,769 1698,770 1912,771 2127,772 2342,775 2557,778 2771,782 2986,785 3201,789 3416,793 3630,796 3845,799 4060,802 4275,804 4489,805 4704,805 4919,804 5134,802 5134,750 4919,752 4704,753 4489,753 4275,752 4060,750 3845,747 3630,744 3416,741 3201,737 2986,733 2771,730 2557,726 2342,723 2127,720 1912,719 1698,718 1483,717 1268,718 1053,721 814,720"/>
                <Baseline points="839,759 1053,756 1268,753 1483,752 1698,753 1912,754 2127,755 2342,758 2557,761 2771,765 2986,768 3201,772 3416,776 3630,779 3845,782 4060,785 4275,787 4489,788 4704,788 4919,787 5134,785"/>
                <TextEquiv>
                    <Unicode>terske potrzebnee a uzitecznee obratili a nalozili, a to richtarzstwie y to sbozie gmenowane ma Oldrzich drzewerzeczeny, y geho dieti nebo namiest¬</Unicode>
                </TextEquiv>
            </TextLine>
            <TextLine id="r1l8" custom="readingOrder {index:7;}">
                <Coords points="821,850 1036,846 1251,844 1466,843 1682,843 1897,843 2112,845 2327,847 2543,850 2758,854 2973,857 3188,861 3404,864 3619,868 3834,871 4049,874 4265,876 4480,877 4695,877 4910,877 5126,875 5126,823 4910,825 4695,825 4480,825 4265,824 4049,822 3834,819 3619,816 3404,812 3188,809 2973,805 2758,802 2543,798 2327,795 2112,793 1897,791 1682,791 1466,791 1251,792 1036,794 821,798"/>
                <Baseline points="821,833 1036,829 1251,827 1466,826 1682,826 1897,826 2112,828 2327,830 2543,833 2758,837 2973,840 3188,844 3404,847 3619,851 3834,854 4049,857 4265,859 4480,860 4695,860 4910,860 5126,858"/>
                <TextEquiv>
                    <Unicode>czy buduczy, drzzeti a mieti y geho pozziwati wiecznye stiem prawem, i akozto su drzzeli mieli a pozziwali geho przedczi namiestczi ate diedyny me¬</Unicode>
                </TextEquiv>
            </TextLine>
            <TextLine id="r1l9" custom="readingOrder {index:8;}">
                <Coords points="821,921 1035,917 1249,915 1463,913 1677,913 1891,914 2105,916 2319,918 2533,921 2747,925 2961,929 3175,933 3389,937 3603,941 3817,945 4031,948 4245,951 4459,953 4673,954 4887,954 5101,953 5101,908 4887,909 4673,909 4459,908 4245,906 4031,903 3817,900 3603,896 3389,892 3175,888 2961,884 2747,880 2533,876 2319,873 2105,871 1891,869 1677,868 1463,868 1249,870 1035,872 821,876"/>
                <Baseline points="821,906 1035,902 1249,900 1463,898 1677,898 1891,899 2105,901 2319,903 2533,906 2747,910 2961,914 3175,918 3389,922 3603,926 3817,930 4031,933 4245,936 4459,938 4673,939 4887,939 5101,938"/>
                <TextEquiv>
                    <Unicode>nowane ma mieti trzi lany swobodne bezewssech poplatkuow ale scztwrteho lanu ma nam aklassteru nassemu plaskemu tiemto sluzity y</Unicode>
                </TextEquiv>
            </TextLine>
            <TextLine id="r1l10" custom="readingOrder {index:9;} place {offset:25; length:12;} place {offset:39; length:11;} place {offset:72; length:12;}">
                <Coords points="813,982 1029,981 1245,980 1461,980 1678,981 1894,983 2110,985 2326,988 2543,991 2759,995 2975,998 3191,1002 3408,1006 3624,1010 3840,1014 4056,1017 4273,1020 4489,1023 4705,1025 4921,1027 5138,1028 5138,983 4921,982 4705,980 4489,978 4273,975 4056,972 3840,969 3624,965 3408,961 3191,957 2975,953 2759,950 2543,946 2326,943 2110,940 1894,938 1678,936 1461,935 1245,935 1029,936 813,937"/>
                <Baseline points="813,967 1029,966 1245,965 1461,965 1678,966 1894,968 2110,970 2326,973 2543,976 2759,980 2975,983 3191,987 3408,991 3624,995 3840,999 4056,1002 4273,1005 4489,1008 4705,1010 4921,1012 5138,1013"/>
                <TextEquiv>
                    <Unicode>geho buduczi namiestczi wTrzemosniczi wZichliczich awedwu mlynu gessto kTrzemosniczi slussegy ma uroky awsseczky poplatky na urczene usta¬</Unicode>
                </TextEquiv>
            </TextLine>
            <TextLine id="r1l11" custom="readingOrder {index:10;}">
                <Coords points="815,1057 1031,1054 1247,1053 1463,1052 1679,1052 1895,1053 2111,1055 2327,1057 2543,1060 2759,1063 2975,1066 3191,1070 3407,1074 3623,1078 3839,1082 4055,1086 4271,1090 4487,1093 4703,1097 4919,1100 5135,1102 5135,1053 4919,1051 4703,1048 4487,1044 4271,1041 4055,1037 3839,1033 3623,1029 3407,1025 3191,1021 2975,1017 2759,1014 2543,1011 2327,1008 2111,1006 1895,1004 1679,1003 1463,1003 1247,1004 1031,1005 815,1008"/>
                <Baseline points="815,1041 1031,1038 1247,1037 1463,1036 1679,1036 1895,1037 2111,1039 2327,1041 2543,1044 2759,1047 2975,1050 3191,1054 3407,1058 3623,1062 3839,1066 4055,1070 4271,1074 4487,1077 4703,1081 4919,1084 5135,1086"/>
                <TextEquiv>
                    <Unicode>wene a obyczeyne roky aczassi wibierati nam doklasstera zgednati prynesty abez obmiesskanye dati wetrzech wsech swrchupsanich awedwu</Unicode>
                </TextEquiv>
            </TextLine>
            <TextLine id="r1l12" custom="readingOrder {index:11;}">
                <Coords points="823,1132 1036,1129 1249,1127 1463,1126 1676,1125 1890,1126 2103,1127 2317,1128 2530,1130 2744,1133 2957,1136 3170,1139 3384,1143 3597,1147 3811,1151 4024,1155 4238,1159 4451,1163 4665,1168 4878,1172 5141,1176 5141,1124 4878,1120 4665,1116 4451,1111 4238,1107 4024,1103 3811,1099 3597,1095 3384,1091 3170,1087 2957,1084 2744,1081 2530,1078 2317,1076 2103,1075 1890,1074 1676,1073 1463,1074 1249,1075 1036,1077 823,1080"/>
                <Baseline points="823,1115 1036,1112 1249,1110 1463,1109 1676,1108 1890,1109 2103,1110 2317,1111 2530,1113 2744,1116 2957,1119 3170,1122 3384,1126 3597,1130 3811,1134 4024,1138 4238,1142 4451,1146 4665,1151 4878,1155 5092,1159"/>
                <TextEquiv>
                    <Unicode>mlynu ma urzad richtarzsky westy aposobiti iako sprawedlywy sudcze podle obyczege gynych nassich richtarzuow nanassem opatstwy tak zze</Unicode>
                </TextEquiv>
            </TextLine>
            <TextLine id="r1l13" custom="readingOrder {index:12;}">
                <Coords points="820,1198 1046,1196 1261,1196 1476,1196 1692,1196 1907,1197 2122,1199 2338,1200 2553,1202 2768,1205 2984,1208 3199,1211 3414,1214 3629,1218 3845,1222 4060,1226 4275,1230 4491,1234 4706,1239 4921,1244 5137,1248 5137,1202 4921,1198 4706,1193 4491,1188 4275,1184 4060,1180 3845,1176 3629,1172 3414,1168 3199,1165 2984,1162 2768,1159 2553,1156 2338,1154 2122,1153 1907,1151 1692,1150 1476,1150 1261,1150 1046,1150 820,1152"/>
                <Baseline points="831,1183 1046,1181 1261,1181 1476,1181 1692,1181 1907,1182 2122,1184 2338,1185 2553,1187 2768,1190 2984,1193 3199,1196 3414,1199 3629,1203 3845,1207 4060,1211 4275,1215 4491,1219 4706,1224 4921,1229 5137,1233"/>
                <TextEquiv>
                    <Unicode>snassim probosstem anebo sgynym kohozbichom odnas snassy plnu moczy posslali ma na sudie sedieti asnym suditi nycz beznyeho ma take</Unicode>
                </TextEquiv>
            </TextLine>
            <TextLine id="r1l14" custom="readingOrder {index:13;}">
                <Coords points="829,1260 1055,1263 1281,1266 1507,1268 1734,1270 1960,1272 2186,1274 2412,1276 2639,1278 2865,1280 3091,1283 3317,1286 3544,1288 3770,1292 3996,1296 4222,1301 4449,1306 4675,1313 4901,1320 5128,1327 5128,1281 4901,1274 4675,1267 4449,1260 4222,1255 3996,1250 3770,1246 3544,1242 3317,1240 3091,1237 2865,1234 2639,1232 2412,1230 2186,1228 1960,1226 1734,1224 1507,1222 1281,1220 1055,1217 829,1214"/>
                <Baseline points="829,1245 1055,1248 1281,1251 1507,1253 1734,1255 1960,1257 2186,1259 2412,1261 2639,1263 2865,1265 3091,1268 3317,1271 3544,1273 3770,1277 3996,1281 4222,1286 4449,1291 4675,1298 4901,1305 5128,1312"/>
                <TextEquiv>
                    <Unicode>probosstowi aktoz snym nasud przigedu ztrawu akonyom obrok dati aswym nakladem zgednati a tuto pomocz susedce kztrawie magy rich¬</Unicode>
                </TextEquiv>
            </TextLine>
            <TextLine id="r1l15" custom="readingOrder {index:14;} place {offset:12; length:9;} place {offset:108; length:8;}">
                <Coords points="831,1328 1044,1331 1257,1334 1470,1336 1683,1339 1896,1341 2109,1343 2323,1346 2536,1348 2749,1350 2962,1353 3175,1356 3388,1359 3601,1362 3815,1365 4028,1369 4241,1373 4454,1378 4667,1384 4880,1389 5094,1395 5094,1346 4880,1340 4667,1335 4454,1329 4241,1324 4028,1320 3815,1316 3601,1313 3388,1310 3175,1307 2962,1304 2749,1301 2536,1299 2323,1297 2109,1294 1896,1292 1683,1290 1470,1287 1257,1285 1044,1282 831,1279"/>
                <Baseline points="831,1312 1044,1315 1257,1318 1470,1320 1683,1323 1896,1325 2109,1327 2323,1330 2536,1332 2749,1334 2962,1337 3175,1340 3388,1343 3601,1346 3815,1349 4028,1353 4241,1357 4454,1362 4667,1368 4880,1373 5094,1379"/>
                <TextEquiv>
                    <Unicode>tarzi dati zHronmycze tree kur aktomu zwlasstie dwe urocznich owsa skazdeho lanu powierteli apodwu wayczii zZichlicz cztwero kur przi u¬</Unicode>
                </TextEquiv>
            </TextLine>
            <TextLine id="r1l16" custom="readingOrder {index:15;} place {offset:22; length:12;}">
                <Coords points="821,1398 1035,1403 1249,1408 1464,1412 1678,1415 1892,1418 2107,1421 2321,1423 2535,1424 2750,1426 2964,1428 3178,1431 3393,1433 3607,1436 3821,1440 4036,1444 4250,1449 4464,1455 4679,1462 4893,1471 5108,1480 5108,1429 4893,1420 4679,1411 4464,1404 4250,1398 4036,1393 3821,1389 3607,1385 3393,1382 3178,1380 2964,1377 2750,1375 2535,1373 2321,1372 2107,1370 1892,1367 1678,1364 1464,1361 1249,1357 1035,1352 821,1347"/>
                <Baseline points="821,1381 1035,1386 1249,1391 1464,1395 1678,1398 1892,1401 2107,1404 2321,1406 2535,1407 2750,1409 2964,1411 3178,1414 3393,1416 3607,1419 3821,1423 4036,1427 4250,1432 4464,1438 4679,1445 4893,1454 5108,1463"/>
                <TextEquiv>
                    <Unicode>rocze swatohawelskem zTrzemosnicze slanu powierteli owsa apokurzeti neb tak otstaradawna dwakrat doroka przisudu aprziposudku poma¬</Unicode>
                </TextEquiv>
            </TextLine>
            <TextLine id="r1l17" custom="readingOrder {index:16;} place {offset:95; length:15;}">
                <Coords points="820,1480 1033,1485 1247,1489 1461,1493 1675,1496 1889,1499 2102,1501 2316,1503 2530,1505 2744,1506 2958,1508 3171,1510 3385,1512 3599,1514 3813,1517 4027,1521 4240,1525 4454,1530 4668,1536 4882,1543 5096,1551 5096,1499 4882,1491 4668,1484 4454,1478 4240,1473 4027,1469 3813,1465 3599,1462 3385,1460 3171,1458 2958,1456 2744,1454 2530,1453 2316,1451 2102,1449 1889,1447 1675,1444 1461,1441 1247,1437 1033,1433 820,1428"/>
                <Baseline points="820,1463 1033,1468 1247,1472 1461,1476 1675,1479 1889,1482 2102,1484 2316,1486 2530,1488 2744,1489 2958,1491 3171,1493 3385,1495 3599,1497 3813,1500 4027,1504 4240,1508 4454,1513 4668,1519 4882,1526 5096,1534"/>
                <TextEquiv>
                    <Unicode>hagy aten tyden posudu adruhy poposudku bude moczi piwo ssenkowati richtarz nycz gynak ma take Czeczinsku luku opatrowati snaznie</Unicode>
                </TextEquiv>
            </TextLine>
            <TextLine id="r1l18" custom="readingOrder {index:17;}">
                <Coords points="816,1557 1030,1562 1244,1567 1458,1570 1673,1573 1887,1575 2101,1577 2315,1578 2530,1580 2744,1581 2958,1583 3172,1585 3387,1587 3601,1589 3815,1593 4029,1597 4244,1602 4458,1607 4672,1614 4886,1623 5101,1632 5101,1580 4886,1571 4672,1562 4458,1555 4244,1550 4029,1545 3815,1541 3601,1537 3387,1535 3172,1533 2958,1531 2744,1529 2530,1528 2315,1526 2101,1525 1887,1523 1673,1521 1458,1518 1244,1515 1030,1510 816,1505"/>
                <Baseline points="816,1540 1030,1545 1244,1550 1458,1553 1673,1556 1887,1558 2101,1560 2315,1561 2530,1563 2744,1564 2958,1566 3172,1568 3387,1570 3601,1572 3815,1576 4029,1580 4244,1585 4458,1590 4672,1597 4886,1606 5101,1615"/>
                <TextEquiv>
                    <Unicode>aby se nanye sskoda otlidy aotdobytka nedala dalliby kto wynnu richtarzi z czehozkoli ma se przed kniezem opatem ale neprzisudu zprawity</Unicode>
                </TextEquiv>
            </TextLine>
            <TextLine id="r1l19" custom="readingOrder {index:18;}">
                <Coords points="815,1635 1029,1639 1243,1642 1458,1645 1672,1647 1887,1650 2101,1651 2315,1653 2530,1655 2744,1657 2959,1659 3173,1661 3387,1663 3602,1666 3816,1669 4031,1673 4245,1678 4459,1683 4674,1689 4888,1696 5103,1704 5103,1652 4888,1644 4674,1637 4459,1631 4245,1626 4031,1621 3816,1617 3602,1614 3387,1611 3173,1609 2959,1607 2744,1605 2530,1603 2315,1601 2101,1599 1887,1598 1672,1595 1458,1593 1243,1590 1029,1587 815,1583"/>
                <Baseline points="815,1618 1029,1622 1243,1625 1458,1628 1672,1630 1887,1633 2101,1634 2315,1636 2530,1638 2744,1640 2959,1642 3173,1644 3387,1646 3602,1649 3816,1652 4031,1656 4245,1661 4459,1666 4674,1672 4888,1679 5103,1687"/>
                <TextEquiv>
                    <Unicode>kazdemu akdyby bylo toho trzeba skniezem opatem ma giety kgeho libosty nezprawa ato uczinie muoze sluziti kdez se gemu zdaa zapodobnee</Unicode>
                </TextEquiv>
            </TextLine>
            <TextLine id="r1l20" custom="readingOrder {index:19;}">
                <Coords points="815,1711 1030,1714 1246,1717 1461,1719 1677,1722 1892,1724 2108,1726 2323,1728 2539,1730 2754,1732 2970,1734 3185,1736 3401,1738 3616,1741 3832,1743 4047,1746 4263,1750 4478,1753 4694,1757 4909,1762 5125,1767 5125,1715 4909,1710 4694,1705 4478,1701 4263,1698 4047,1694 3832,1691 3616,1689 3401,1686 3185,1684 2970,1682 2754,1680 2539,1678 2323,1676 2108,1674 1892,1672 1677,1670 1461,1667 1246,1665 1030,1662 815,1659"/>
                <Baseline points="815,1694 1030,1697 1246,1700 1461,1702 1677,1705 1892,1707 2108,1709 2323,1711 2539,1713 2754,1715 2970,1717 3185,1719 3401,1721 3616,1724 3832,1726 4047,1729 4263,1733 4478,1736 4694,1740 4909,1745 5125,1750"/>
                <TextEquiv>
                    <Unicode>kazdemu dobremu aczozkoli wyn obecznich konsseli odsuzenich nahospodu by przipadlo nahospodu dwa penyeze slussegy arichtarz ma trzeti mieti</Unicode>
                </TextEquiv>
            </TextLine>
            <TextLine id="r1l21" custom="readingOrder {index:20;}">
                <Coords points="820,1783 1036,1787 1252,1791 1469,1794 1685,1797 1902,1800 2118,1802 2335,1804 2551,1806 2768,1807 2984,1809 3200,1811 3417,1813 3633,1816 3850,1819 4066,1822 4283,1826 4499,1830 4716,1835 4932,1842 5149,1849 5149,1797 4932,1790 4716,1783 4499,1778 4283,1774 4066,1770 3850,1767 3633,1764 3417,1761 3200,1759 2984,1757 2768,1755 2551,1754 2335,1752 2118,1750 1902,1748 1685,1745 1469,1742 1252,1739 1036,1735 820,1731"/>
                <Baseline points="820,1766 1036,1770 1252,1774 1469,1777 1685,1780 1902,1783 2118,1785 2335,1787 2551,1789 2768,1790 2984,1792 3200,1794 3417,1796 3633,1799 3850,1802 4066,1805 4283,1809 4499,1813 4716,1818 4932,1825 5149,1832"/>
                <TextEquiv>
                    <Unicode>krome wyn vhlawnich iakozto nasilee wrazda kradez a zzharzstwie nebo ty sme knassemu zachowali panstwy ktoz odprodaa swoy statek ma da¬</Unicode>
                </TextEquiv>
            </TextLine>
            <TextLine id="r1l22" custom="readingOrder {index:21;}">
                <Coords points="816,1857 1050,1862 1266,1865 1482,1868 1698,1871 1914,1873 2130,1875 2346,1877 2562,1878 2778,1880 2994,1882 3210,1884 3426,1886 3642,1889 3858,1892 4074,1895 4290,1900 4506,1904 4722,1910 4938,1916 5154,1924 5154,1872 4938,1864 4722,1858 4506,1852 4290,1848 4074,1843 3858,1840 3642,1837 3426,1834 3210,1832 2994,1830 2778,1828 2562,1826 2346,1825 2130,1823 1914,1821 1698,1819 1482,1816 1266,1813 1050,1810 816,1805"/>
                <Baseline points="834,1841 1050,1845 1266,1848 1482,1851 1698,1854 1914,1856 2130,1858 2346,1860 2562,1861 2778,1863 2994,1865 3210,1867 3426,1869 3642,1872 3858,1875 4074,1878 4290,1883 4506,1887 4722,1893 4938,1899 5154,1907"/>
                <TextEquiv>
                    <Unicode>ti gross richtarzowi aktoz kupy druhii ostatek nahospodu slussye take kdyzby chtiel prodati swe richtarzstwie ma naas prwe pobiediti a pro¬</Unicode>
                </TextEquiv>
            </TextLine>
            <TextLine id="r1l23" custom="readingOrder {index:22;}">
                <Coords points="830,1934 1044,1940 1259,1944 1473,1948 1688,1951 1903,1953 2117,1955 2332,1956 2547,1957 2761,1958 2976,1960 3191,1961 3405,1962 3620,1964 3835,1966 4049,1970 4264,1974 4479,1978 4693,1984 4908,1991 5172,2003 5172,1951 4908,1939 4693,1932 4479,1926 4264,1922 4049,1918 3835,1914 3620,1912 3405,1910 3191,1909 2976,1908 2761,1906 2547,1905 2332,1904 2117,1903 1903,1901 1688,1899 1473,1896 1259,1892 1044,1888 830,1882"/>
                <Baseline points="830,1917 1044,1923 1259,1927 1473,1931 1688,1934 1903,1936 2117,1938 2332,1939 2547,1940 2761,1941 2976,1943 3191,1944 3405,1945 3620,1947 3835,1949 4049,1953 4264,1957 4479,1961 4693,1967 4908,1974 5123,1983"/>
                <TextEquiv>
                    <Unicode>czenyty naam anechtiellibichom my kupiti tehdy mozze gynemu prodati gesstoby se naam hodil y nassim lidem a tu sediel bydlem aprziho¬</Unicode>
                </TextEquiv>
            </TextLine>
            <TextLine id="r1l24" custom="readingOrder {index:23;}">
                <Coords points="821,2004 1045,2010 1259,2014 1473,2018 1687,2022 1901,2024 2115,2027 2329,2028 2543,2030 2757,2031 2971,2032 3184,2034 3398,2035 3612,2037 3826,2040 4040,2043 4254,2046 4468,2051 4682,2056 4896,2062 5110,2070 5110,2021 4896,2013 4682,2007 4468,2002 4254,1997 4040,1994 3826,1991 3612,1988 3398,1986 3184,1985 2971,1983 2757,1982 2543,1981 2329,1979 2115,1978 1901,1975 1687,1973 1473,1969 1259,1965 1045,1961 821,1955"/>
                <Baseline points="832,1988 1045,1994 1259,1998 1473,2002 1687,2006 1901,2008 2115,2011 2329,2012 2543,2014 2757,2015 2971,2016 3184,2018 3398,2019 3612,2021 3826,2024 4040,2027 4254,2030 4468,2035 4682,2040 4896,2046 5110,2054"/>
                <TextEquiv>
                    <Unicode>diloby se zeby klasster otprodal swrchupsane wsy neb niekteru znych neb mlyny nebo czozkoliwiek natom gistem richtarzstwy nebo pronayal</Unicode>
                </TextEquiv>
            </TextLine>
            <TextLine id="r1l25" custom="readingOrder {index:24;}">
                <Coords points="820,2074 1034,2078 1249,2082 1463,2086 1678,2089 1892,2091 2107,2094 2321,2096 2536,2099 2750,2101 2965,2103 3179,2105 3394,2108 3608,2110 3823,2113 4037,2117 4252,2120 4466,2124 4681,2128 4895,2133 5140,2143 5140,2094 4895,2084 4681,2079 4466,2075 4252,2071 4037,2068 3823,2064 3608,2061 3394,2059 3179,2056 2965,2054 2750,2052 2536,2050 2321,2047 2107,2045 1892,2042 1678,2040 1463,2037 1249,2033 1034,2029 820,2025"/>
                <Baseline points="820,2058 1034,2062 1249,2066 1463,2070 1678,2073 1892,2075 2107,2078 2321,2080 2536,2083 2750,2085 2965,2087 3179,2089 3394,2092 3608,2094 3823,2097 4037,2101 4252,2104 4466,2108 4681,2112 4895,2117 5110,2123"/>
                <TextEquiv>
                    <Unicode>neb zastawil tehdy richtarz swrchupsany nema nyzadnemu gynemu wsluzbu swrchupsanu zawazan byti any geho namiestczi nez klassteru nasse¬</Unicode>
                </TextEquiv>
            </TextLine>
            <TextLine id="r1l26" custom="readingOrder {index:25;}">
                <Coords points="826,2141 1038,2146 1250,2150 1462,2154 1675,2158 1887,2161 2099,2164 2312,2167 2524,2169 2736,2172 2949,2174 3161,2177 3373,2179 3585,2181 3798,2184 4010,2187 4222,2190 4435,2193 4647,2196 4859,2200 5139,2206 5139,2157 4859,2151 4647,2147 4435,2144 4222,2141 4010,2138 3798,2135 3585,2132 3373,2130 3161,2128 2949,2125 2736,2123 2524,2120 2312,2118 2099,2115 1887,2112 1675,2109 1462,2105 1250,2101 1038,2097 826,2092"/>
                <Baseline points="826,2125 1038,2130 1250,2134 1462,2138 1675,2142 1887,2145 2099,2148 2312,2151 2524,2153 2736,2156 2949,2158 3161,2161 3373,2163 3585,2165 3798,2168 4010,2171 4222,2174 4435,2177 4647,2180 4859,2184 5072,2188"/>
                <TextEquiv>
                    <Unicode>mu atiem snaznyege gemu sluziti anasmrtedlne posteli nebo yzdraw sa on y geho namiestczy buduczy kazdy mozze to richtarzstwie ywssechno</Unicode>
                </TextEquiv>
            </TextLine>
            <TextLine id="r1l27" custom="readingOrder {index:26;}">
                <Coords points="815,2225 1029,2227 1243,2229 1457,2231 1671,2232 1886,2234 2100,2236 2314,2238 2528,2240 2742,2242 2957,2244 3171,2246 3385,2249 3599,2252 3813,2255 4028,2258 4242,2262 4456,2266 4670,2271 4884,2276 5099,2281 5099,2230 4884,2225 4670,2220 4456,2215 4242,2211 4028,2207 3813,2204 3599,2201 3385,2198 3171,2195 2957,2193 2742,2191 2528,2189 2314,2187 2100,2185 1886,2183 1671,2181 1457,2180 1243,2178 1029,2176 815,2174"/>
                <Baseline points="815,2208 1029,2210 1243,2212 1457,2214 1671,2215 1886,2217 2100,2219 2314,2221 2528,2223 2742,2225 2957,2227 3171,2229 3385,2232 3599,2235 3813,2238 4028,2241 4242,2245 4456,2249 4670,2254 4884,2259 5099,2264"/>
                <TextEquiv>
                    <Unicode>swe zbozie czoz ho buoh nadielii wzdati neb otkazati dietem nebo swe materzy nebo milemu przieteli komuz se gemu hody tomu wssemu czoz w</Unicode>
                </TextEquiv>
            </TextLine>
            <TextLine id="r1l28" custom="readingOrder {index:27;}">
                <Coords points="817,2297 1052,2301 1268,2304 1484,2307 1700,2309 1916,2311 2132,2313 2348,2314 2564,2316 2780,2317 2997,2318 3213,2320 3429,2322 3645,2324 3861,2326 4077,2329 4293,2333 4509,2337 4725,2342 4941,2348 5158,2355 5158,2303 4941,2296 4725,2290 4509,2285 4293,2281 4077,2277 3861,2274 3645,2272 3429,2270 3213,2268 2997,2266 2780,2265 2564,2264 2348,2262 2132,2261 1916,2259 1700,2257 1484,2255 1268,2252 1052,2249 817,2245"/>
                <Baseline points="836,2280 1052,2284 1268,2287 1484,2290 1700,2292 1916,2294 2132,2296 2348,2297 2564,2299 2780,2300 2997,2301 3213,2303 3429,2305 3645,2307 3861,2309 4077,2312 4293,2316 4509,2320 4725,2325 4941,2331 5158,2338"/>
                <TextEquiv>
                    <Unicode>tomto listu psano gest kupotwrzeny ynaswiedomie my knyez opat y wiessken konwent nasse wlastnye peczzeti snassy dobru woly przi¬</Unicode>
                </TextEquiv>
            </TextLine>
            <TextLine id="r1l29" custom="readingOrder {index:28;} person {offset:48; length:17;} place {offset:58; length:7;} person {offset:68; length:52;} place {offset:112; length:8;}">
                <Coords points="823,2366 1037,2372 1251,2376 1466,2380 1680,2383 1895,2385 2109,2387 2323,2388 2538,2389 2752,2390 2967,2391 3181,2391 3395,2393 3610,2394 3824,2396 4039,2399 4253,2403 4467,2408 4682,2413 4896,2420 5111,2428 5111,2379 4896,2371 4682,2364 4467,2359 4253,2354 4039,2350 3824,2347 3610,2345 3395,2344 3181,2342 2967,2342 2752,2341 2538,2340 2323,2339 2109,2338 1895,2336 1680,2334 1466,2331 1251,2327 1037,2323 823,2317"/>
                <Baseline points="823,2350 1037,2356 1251,2360 1466,2364 1680,2367 1895,2369 2109,2371 2323,2372 2538,2373 2752,2374 2967,2375 3181,2375 3395,2377 3610,2378 3824,2380 4039,2383 4253,2387 4467,2392 4682,2397 4896,2404 5111,2412"/>
                <TextEquiv>
                    <Unicode>wiessilisme ktomuto listu aprosilisme urozenich Hrdonye z Dubnian a Raczka rzeczeneho Swanberk tehdy purkraby naKrassowe</Unicode>
                </TextEquiv>
            </TextLine>
            <TextLine id="r1l30" custom="readingOrder {index:29;} person {offset:16; length:12;}">
                <Coords points="830,2446 1043,2448 1256,2450 1470,2451 1683,2452 1897,2453 2110,2454 2323,2455 2537,2456 2750,2457 2964,2458 3177,2459 3390,2461 3604,2463 3817,2466 4031,2469 4244,2473 4457,2478 4671,2484 4884,2490 5098,2497 5147,2417 4884,2441 4671,2435 4457,2429 4244,2424 4031,2420 3817,2417 3604,2414 3390,2412 3177,2410 2964,2409 2750,2408 2537,2407 2323,2406 2110,2405 1897,2404 1683,2403 1470,2402 1256,2401 1043,2399 830,2397"/>
                <Baseline points="830,2430 1043,2432 1256,2434 1470,2435 1683,2436 1897,2437 2110,2438 2323,2439 2537,2440 2750,2441 2964,2442 3177,2443 3390,2445 3604,2447 3817,2450 4031,2453 4244,2457 4457,2462 4671,2468 4884,2474 5098,2481"/>
                <TextEquiv>
                    <Unicode>ze su knassie akOldrzichowie prosbe swe wlastnye peczeti swu dobru woli teto umluwy swrchupsane naswiedomie prziwiessili ktomuto</Unicode>
                </TextEquiv>
            </TextLine>
            <TextLine id="r1l31" custom="readingOrder {index:30;} date {offset:13; length:110;year:0; day:0; month:0;}">
                <Coords points="851,2537 1055,2535 1259,2532 1463,2530 1668,2529 1872,2528 2076,2527 2281,2527 2485,2527 2689,2528 2894,2529 3098,2531 3302,2533 3506,2536 3711,2540 3915,2544 4119,2548 4324,2553 4528,2559 4732,2565 4937,2572 4937,2520 4732,2513 4528,2507 4324,2501 4119,2496 3915,2492 3711,2488 3506,2484 3302,2481 3098,2479 2894,2477 2689,2476 2485,2475 2281,2475 2076,2475 1872,2476 1668,2477 1463,2478 1259,2480 1055,2483 851,2485"/>
                <Baseline points="851,2520 1055,2518 1259,2515 1463,2513 1668,2512 1872,2511 2076,2510 2281,2510 2485,2510 2689,2511 2894,2512 3098,2514 3302,2516 3506,2519 3711,2523 3915,2527 4119,2531 4324,2536 4528,2542 4732,2548 4937,2555"/>
                <TextEquiv>
                    <Unicode>listu psan a daan leta otnarozenye syna Bozieho potissiczi apo cztyrzestech trzynadczteho tu nedieli prwny powssech swatych</Unicode>
                </TextEquiv>
            </TextLine>
            <TextEquiv>
                <Unicode>My kniez Gotfrid opat ywiessken konwent klasstera plaskeho wiznawame tiemto listem wssiem obecznye, ktoz gey czisty neb slisseti budu, ze na¬
sse richtarzstwie w nassie wsy w Trzemosnyczi, kterezto misto Jan Trzemosnicz a dobre pamiety Jan Praczek a pany Elsska, geho manzelka y gich dieti
mieli a drzzeli su, a ktomu cztyrzi lany pole diedyny a chrastynu, kteraz lezzi pod Trzemosniczy pod richtarzowym zahumnym a pole, gessto slowie
Ribnik y s luhem y stu y stu chrasty, kteraz gest pod tiem polem po tu czestu, kteraz wede a kazze k Trzebokowu a Chrastniku pod Hromnyczy wedle Pracz¬
kowskeho pole po tu yamu, a take diel potoka ot Zichliczke luky az do Czeczinske luky, w nyemz ryby k swe wuoli swobodnye ma lowiti, prodalisme
k wiecznosty slowutnemu Oldrzichowi Richtarzi, niekdy synu Smylowu zTrzemosnicze, za hotowe penyeze, kterezto sme od nyeho wzeli a naklass¬
terske potrzebnee a uzitecznee obratili a nalozili, a to richtarzstwie y to sbozie gmenowane ma Oldrzich drzewerzeczeny, y geho dieti nebo namiest¬
czy buduczy, drzzeti a mieti y geho pozziwati wiecznye stiem prawem, i akozto su drzzeli mieli a pozziwali geho przedczi namiestczi ate diedyny me¬
nowane ma mieti trzi lany swobodne bezewssech poplatkuow ale scztwrteho lanu ma nam aklassteru nassemu plaskemu tiemto sluzity y
geho buduczi namiestczi wTrzemosniczi wZichliczich awedwu mlynu gessto kTrzemosniczi slussegy ma uroky awsseczky poplatky na urczene usta¬
wene a obyczeyne roky aczassi wibierati nam doklasstera zgednati prynesty abez obmiesskanye dati wetrzech wsech swrchupsanich awedwu
mlynu ma urzad richtarzsky westy aposobiti iako sprawedlywy sudcze podle obyczege gynych nassich richtarzuow nanassem opatstwy tak zze
snassim probosstem anebo sgynym kohozbichom odnas snassy plnu moczy posslali ma na sudie sedieti asnym suditi nycz beznyeho ma take
probosstowi aktoz snym nasud przigedu ztrawu akonyom obrok dati aswym nakladem zgednati a tuto pomocz susedce kztrawie magy rich¬
tarzi dati zHronmycze tree kur aktomu zwlasstie dwe urocznich owsa skazdeho lanu powierteli apodwu wayczii zZichlicz cztwero kur przi u¬
rocze swatohawelskem zTrzemosnicze slanu powierteli owsa apokurzeti neb tak otstaradawna dwakrat doroka przisudu aprziposudku poma¬
hagy aten tyden posudu adruhy poposudku bude moczi piwo ssenkowati richtarz nycz gynak ma take Czeczinsku luku opatrowati snaznie
aby se nanye sskoda otlidy aotdobytka nedala dalliby kto wynnu richtarzi z czehozkoli ma se przed kniezem opatem ale neprzisudu zprawity
kazdemu akdyby bylo toho trzeba skniezem opatem ma giety kgeho libosty nezprawa ato uczinie muoze sluziti kdez se gemu zdaa zapodobnee
kazdemu dobremu aczozkoli wyn obecznich konsseli odsuzenich nahospodu by przipadlo nahospodu dwa penyeze slussegy arichtarz ma trzeti mieti
krome wyn vhlawnich iakozto nasilee wrazda kradez a zzharzstwie nebo ty sme knassemu zachowali panstwy ktoz odprodaa swoy statek ma da¬
ti gross richtarzowi aktoz kupy druhii ostatek nahospodu slussye take kdyzby chtiel prodati swe richtarzstwie ma naas prwe pobiediti a pro¬
czenyty naam anechtiellibichom my kupiti tehdy mozze gynemu prodati gesstoby se naam hodil y nassim lidem a tu sediel bydlem aprziho¬
diloby se zeby klasster otprodal swrchupsane wsy neb niekteru znych neb mlyny nebo czozkoliwiek natom gistem richtarzstwy nebo pronayal
neb zastawil tehdy richtarz swrchupsany nema nyzadnemu gynemu wsluzbu swrchupsanu zawazan byti any geho namiestczi nez klassteru nasse¬
mu atiem snaznyege gemu sluziti anasmrtedlne posteli nebo yzdraw sa on y geho namiestczy buduczy kazdy mozze to richtarzstwie ywssechno
swe zbozie czoz ho buoh nadielii wzdati neb otkazati dietem nebo swe materzy nebo milemu przieteli komuz se gemu hody tomu wssemu czoz w
tomto listu psano gest kupotwrzeny ynaswiedomie my knyez opat y wiessken konwent nasse wlastnye peczzeti snassy dobru woly przi¬
wiessilisme ktomuto listu aprosilisme urozenich Hrdonye z Dubnian a Raczka rzeczeneho Swanberk tehdy purkraby naKrassowe
ze su knassie akOldrzichowie prosbe swe wlastnye peczeti swu dobru woli teto umluwy swrchupsane naswiedomie prziwiessili ktomuto
listu psan a daan leta otnarozenye syna Bozieho potissiczi apo cztyrzestech trzynadczteho tu nedieli prwny powssech swatych</Unicode>
            </TextEquiv>
        </TextRegion>
    </Page>
</PcGts>
