<?xml version="1.0" encoding="UTF-8" standalone="yes"?>
<PcGts xmlns="http://schema.primaresearch.org/PAGE/gts/pagecontent/2013-07-15" xmlns:xsi="http://www.w3.org/2001/XMLSchema-instance" xsi:schemaLocation="http://schema.primaresearch.org/PAGE/gts/pagecontent/2013-07-15 http://schema.primaresearch.org/PAGE/gts/pagecontent/2013-07-15/pagecontent.xsd">
    <Metadata>
        <Creator>TRP</Creator>
        <Created>2019-06-05T14:44:56.510+02:00</Created>
        <LastChange>2019-06-05T14:44:56.510+02:00</LastChange>
        <TranskribusMetadata docId="169967" pageId="6426714" pageNr="2" tsid="10832506" status="NEW" userId="36516" imgUrl="https://files.transkribus.eu/Get?id=IBCDFMTEKLQMWUVSQCMTCZQO&amp;fileType=view" xmlUrl="https://files.transkribus.eu/Get?id=UCCFLXCQEAQKPZTMREZABHPI" imageId="3818769"/>
    </Metadata>
    <Page imageFilename="NA-ACK_14360405_01541_v.jpg" imageWidth="8867" imageHeight="5063"/>
</PcGts>
