<?xml version="1.0" encoding="UTF-8" standalone="yes"?>
<PcGts xmlns="http://schema.primaresearch.org/PAGE/gts/pagecontent/2013-07-15" xmlns:xsi="http://www.w3.org/2001/XMLSchema-instance" xsi:schemaLocation="http://schema.primaresearch.org/PAGE/gts/pagecontent/2013-07-15 http://schema.primaresearch.org/PAGE/gts/pagecontent/2013-07-15/pagecontent.xsd">
    <Metadata>
        <Creator>prov=University of Rostock/Institute of Mathematics/CITlab/Tobias Gruening/tobias.gruening@uni-rostock.de:name=/net_tf/LA73_249_0mod360.pb:de.uros.citlab.segmentation.CITlab_LA_ML:v=2.4.2
TRP</Creator>
        <Created>2019-04-10T16:02:14.325+02:00</Created>
        <LastChange>2019-09-02T17:25:18.891+02:00</LastChange>
        <TranskribusMetadata docId="146385" pageId="5441688" pageNr="1" tsid="14763315" status="IN_PROGRESS" userId="40502" imgUrl="https://files.transkribus.eu/Get?id=BWIOTVYKDDFQEBKUYSRXTGOR&amp;fileType=view" xmlUrl="https://files.transkribus.eu/Get?id=IRFGLAIWLAMGONIRYQUXZNCP" imageId="3221763"/>
    </Metadata>
    <Page imageFilename="NA-AZK-Anna_14180228_1134_r.jpg" imageWidth="6592" imageHeight="4648">
        <ReadingOrder>
            <OrderedGroup id="ro_1575392042485" caption="Regions reading order">
                <RegionRefIndexed index="0" regionRef="r1"/>
            </OrderedGroup>
        </ReadingOrder>
        <TextRegion orientation="0.0" id="r1" custom="readingOrder {index:0;}">
            <Coords points="699,146 735,2558 5243,2558 5243,340"/>
            <TextLine id="r1l1" custom="readingOrder {index:0;} person {offset:3; length:18;} person {offset:22; length:29;} person {offset:52; length:14;} person {offset:67; length:24;} person {offset:92; length:21;} person {offset:114; length:9;} missing {offset:120; length:3;}">
                <Coords points="731,410 1192,384 1395,384 1598,385 1801,386 2004,387 2207,389 2409,390 2612,392 2815,395 3018,397 3221,400 3424,404 3627,408 3829,414 4032,419 4235,425 4438,432 4641,441 4844,450 5143,458 5135,370 4854,367 4651,358 4448,340 4245,333 4041,343 3838,338 3646,332 3443,328 3240,296 3037,293 2823,306 2618,263 2414,298 2212,297 2030,284 1827,283 1596,302 1021,302 884,148 704,139"/>
                <Baseline points="990,369 1192,370 1395,370 1598,371 1801,372 2004,373 2207,375 2409,376 2612,378 2815,381 3018,383 3221,386 3424,390 3627,394 3829,400 4032,405 4235,411 4438,418 4641,427 4844,436 5047,445"/>
                <TextEquiv>
                    <Unicode>My Gyndrzych rychtarz Petr rzeczeny Stoda purgmistr Yanek hrazssky Marzyk rzeczeny Czrwenka Jacub rzeczeny Lassal Bartossek</Unicode>
                </TextEquiv>
            </TextLine>
            <TextLine id="r1l2" custom="readingOrder {index:1;} person {offset:0; length:9;} person {offset:10; length:16;} person {offset:27; length:23;} person {offset:51; length:5;} person {offset:57; length:3;} person {offset:61; length:5;} person {offset:67; length:15;} person {offset:83; length:4;}">
                <Coords points="757,448 980,449 1203,449 1426,450 1649,450 1872,451 2095,452 2318,453 2541,455 2764,456 2987,459 3210,462 3433,465 3656,469 3879,475 4102,480 4325,487 4548,495 4771,503 4994,513 5217,524 5217,482 4994,471 4771,461 4548,453 4325,445 4102,438 3879,433 3656,427 3433,423 3210,420 2987,417 2764,414 2541,413 2318,411 2095,410 1872,409 1649,408 1426,408 1203,407 980,407 757,406"/>
                <Baseline points="757,434 980,435 1203,435 1426,436 1649,436 1872,437 2095,438 2318,439 2541,441 2764,442 2987,445 3210,448 3433,451 3656,455 3879,461 4102,466 4325,473 4548,481 4771,489 4994,499 5217,510"/>
                <TextEquiv>
                    <Unicode>Thomassek Petr kozarnyssky Welyk rzeczeny Swyetlyk Wytak Jan Gyena Vaczlaw Polewka Slon konczele myessta melnyczkeho vyznawamy</Unicode>
                </TextEquiv>
            </TextLine>
            <TextLine id="r1l3" custom="readingOrder {index:2;} person {offset:88; length:13;}">
                <Coords points="771,511 990,510 1210,509 1430,508 1650,508 1870,508 2089,508 2309,509 2529,511 2749,513 2969,515 3188,518 3408,522 3628,526 3848,531 4068,537 4287,543 4507,551 4727,559 4947,568 5167,578 5167,536 4947,526 4727,517 4507,509 4287,501 4068,495 3848,489 3628,484 3408,480 3188,476 2969,473 2749,471 2529,469 2309,467 2089,466 1870,466 1650,466 1430,466 1210,467 990,468 771,469"/>
                <Baseline points="771,497 990,496 1210,495 1430,494 1650,494 1870,494 2089,494 2309,495 2529,497 2749,499 2969,501 3188,504 3408,508 3628,512 3848,517 4068,523 4287,529 4507,537 4727,545 4947,554 5167,564"/>
                <TextEquiv>
                    <Unicode>tyemto lystem obecznye wssyem ktoz gye uzrzye neb sslyssety budu ze przyssed przyednass Kubyn mlynarz wzahageny sud przied cztyrzy la¬</Unicode>
                </TextEquiv>
            </TextLine>
            <TextLine id="r1l4" custom="readingOrder {index:3;} place {offset:97; length:9;} place {offset:107; length:19; continued:true;}">
                <Coords points="773,567 1008,566 1226,566 1444,566 1662,566 1880,567 2097,567 2315,568 2533,569 2751,571 2969,573 3186,576 3404,579 3622,583 3840,588 4058,594 4275,600 4493,608 4711,616 4929,626 5147,636 5147,596 4929,586 4711,576 4493,568 4275,560 4058,554 3840,548 3622,543 3404,539 3186,536 2969,533 2751,531 2533,529 2315,528 2097,527 1880,527 1662,526 1444,526 1226,526 1008,526 773,527"/>
                <Baseline points="791,553 1008,553 1226,553 1444,553 1662,553 1880,554 2097,554 2315,555 2533,556 2751,558 2969,560 3186,563 3404,566 3622,570 3840,575 4058,581 4275,587 4493,595 4711,603 4929,613 5147,623"/>
                <TextEquiv>
                    <Unicode>wyczie yseznal gest ssye ze mlyn swobodny secztrzmy koly welykomy kterzyz lezy podnassym myestem Myelnykem napotocze rzeczenem</Unicode>
                </TextEquiv>
            </TextLine>
            <TextLine id="r1l5" custom="readingOrder {index:4;} place {offset:0; length:6; continued:true;}">
                <Coords points="781,625 999,625 1217,625 1435,625 1653,626 1872,626 2090,627 2308,628 2526,629 2744,631 2963,633 3181,635 3399,639 3617,642 3835,647 4054,652 4272,658 4490,665 4708,673 4926,682 5145,691 5145,651 4926,642 4708,633 4490,625 4272,618 4054,612 3835,607 3617,602 3399,599 3181,595 2963,593 2744,591 2526,589 2308,588 2090,587 1872,586 1653,586 1435,585 1217,585 999,585 762,571"/>
                <Baseline points="781,612 999,612 1217,612 1435,612 1653,613 1872,613 2090,614 2308,615 2526,616 2744,618 2963,620 3181,622 3399,626 3617,629 3835,634 4054,639 4272,645 4490,652 4708,660 4926,669 5145,678"/>
                <TextEquiv>
                    <Unicode>Psowka sdworem aspyety czwrtmy dyedyny ystyem sewsym czoz ktomu dworu amlynu przyslussye od stara dawna nagyel gest od</Unicode>
                </TextEquiv>
            </TextLine>
            <TextLine id="r1l6" custom="readingOrder {index:5;} person {offset:34; length:34;} place {offset:44; length:9;} person {offset:69; length:28;} person {offset:98; length:28;}">
                <Coords points="777,679 996,680 1216,681 1436,682 1656,682 1876,683 2096,683 2316,684 2536,685 2756,686 2976,688 3195,690 3415,694 3635,698 3855,703 4075,708 4295,715 4515,724 4735,733 4955,745 5175,758 5175,718 4955,705 4735,693 4515,684 4295,675 4075,668 3855,663 3635,658 3415,654 3195,650 2976,648 2756,646 2536,645 2316,644 2096,643 1876,643 1656,642 1436,642 1216,641 996,640 777,639"/>
                <Baseline points="777,666 996,667 1216,668 1436,669 1656,669 1876,670 2096,670 2316,671 2536,672 2756,673 2976,675 3195,677 3415,681 3635,685 3855,690 4075,695 4295,702 4515,711 4735,720 4955,732 5175,745"/>
                <TextEquiv>
                    <Unicode>cztnych anaboznych panen od panny Agnezky z Stemberka przyeworzyssye Katherzyny podprzyeworzyssye Elssky Boczkowny zakrysstany</Unicode>
                </TextEquiv>
            </TextLine>
            <TextLine id="r1l7" custom="readingOrder {index:6;} person {offset:0; length:17;} person {offset:18; length:16;} place {offset:114; length:6; continued:true;}">
                <Coords points="744,741 999,742 1221,743 1443,743 1665,743 1887,743 2109,744 2332,744 2554,745 2776,746 2998,748 3220,750 3442,753 3664,757 3887,762 4109,768 4331,774 4553,783 4775,792 4997,803 5220,815 5220,772 4997,760 4775,749 4553,740 4331,731 4109,725 3887,719 3664,714 3442,710 3220,707 2998,705 2776,703 2554,702 2332,701 2109,701 1887,700 1665,700 1443,700 1221,700 999,699 744,698"/>
                <Baseline points="777,727 999,728 1221,729 1443,729 1665,729 1887,729 2109,730 2332,730 2554,731 2776,732 2998,734 3220,736 3442,739 3664,743 3887,748 4109,754 4331,760 4553,769 4775,778 4997,789 5220,801"/>
                <TextEquiv>
                    <Unicode>Agnezky Gentesowe Dorothy Stachowe ygnych sestr ywssyeho conventa clastera swateho Wawrzynczye gynak swate Anny naStarem</Unicode>
                </TextEquiv>
            </TextLine>
            <TextLine id="r1l8" custom="readingOrder {index:7;} place {offset:0; length:16; continued:true;}">
                <Coords points="772,800 999,801 1217,801 1435,801 1653,801 1872,801 2090,800 2308,800 2526,800 2744,801 2963,802 3181,804 3399,807 3617,810 3835,814 4054,820 4272,827 4490,834 4708,844 4926,855 5145,868 5145,829 4926,816 4708,805 4490,795 4272,788 4054,781 3835,775 3617,771 3399,768 3181,765 2963,763 2744,762 2526,761 2308,761 2090,761 1872,762 1653,762 1435,762 1217,762 999,762 772,761"/>
                <Baseline points="781,788 999,788 1217,788 1435,788 1653,788 1872,788 2090,787 2308,787 2526,787 2744,788 2963,789 3181,791 3399,794 3617,797 3835,801 4054,807 4272,814 4490,821 4708,831 4926,842 5145,855"/>
                <TextEquiv>
                    <Unicode>myestye prazskem podzprawu zakona bratrzy kazatelow swateho Domynika pod z posobeni awumluwaniy wez podpsanymy nayprwe</Unicode>
                </TextEquiv>
            </TextLine>
            <TextLine id="r1l9" custom="readingOrder {index:8;} place {offset:6; length:5;}">
                <Coords points="776,856 976,856 1177,856 1377,855 1578,855 1778,854 1979,853 2179,853 2380,853 2580,853 2781,854 2982,855 3182,856 3383,859 3583,862 3784,865 3984,870 4185,876 4385,882 4586,890 5307,916 5305,847 4586,856 4385,848 4185,842 3984,836 3784,831 3583,828 3383,825 3182,822 2982,821 2781,820 2580,819 2380,819 2179,819 1979,819 1778,820 1578,821 1377,821 1177,822 976,822 763,804"/>
                <Baseline points="776,845 976,845 1177,845 1377,844 1578,844 1778,843 1979,842 2179,842 2380,842 2580,842 2781,843 2982,844 3182,845 3383,848 3583,851 3784,854 3984,859 4185,865 4385,871 4586,879 5304,908"/>
                <TextEquiv>
                    <Unicode>ze on Kubyn ma adluzen gest pannam ygych clasteru aconventu drzyewe rzeczeneho mlyna dwye stye strychow zyta aosm strychow</Unicode>
                </TextEquiv>
            </TextLine>
            <TextLine id="r1l10" custom="readingOrder {index:9;} missing {offset:118; length:3;}">
                <Coords points="766,903 1002,904 1185,904 1368,904 1551,904 1734,904 1917,904 2100,905 2283,905 2466,906 2650,907 2833,908 3016,910 3199,911 3382,913 3565,915 3748,918 3931,920 4114,923 5206,961 5206,927 4114,889 3931,886 3748,884 3565,881 3382,879 3199,877 3016,876 2833,874 2650,873 2466,872 2283,871 2100,871 1917,870 1734,870 1551,870 1368,870 1185,870 1002,870 766,869"/>
                <Baseline points="819,894 1002,893 1185,893 1368,893 1551,893 1734,893 1917,893 2100,894 2283,894 2466,895 2650,896 2833,897 3016,899 3199,900 3382,902 3565,904 3748,907 3931,909 4114,912 5198,967"/>
                <TextEquiv>
                    <Unicode>psenycze zrna czysteho dobre qsprawedliwe myery platyty awydawaty poczna od buozyeho narozenye gyesto nynye mynulo adodru¬</Unicode>
                </TextEquiv>
            </TextLine>
            <TextLine id="r1l12" custom="readingOrder {index:10;}">
                <Coords points="763,958 997,958 1217,958 1436,958 1656,958 1876,958 2095,958 2315,959 2535,959 2754,960 2974,962 3194,964 3413,966 3633,970 3853,974 4072,979 4292,985 4512,993 4731,1002 4951,1012 5171,1024 5171,988 4951,976 4731,966 4512,957 4292,949 4072,943 3853,938 3633,934 3413,930 3194,928 2974,926 2754,924 2535,923 2315,923 2095,922 1876,922 1656,922 1436,922 1217,922 997,922 763,922"/>
                <Baseline points="778,946 997,946 1217,946 1436,946 1656,946 1876,946 2095,946 2315,947 2535,947 2754,948 2974,950 3194,952 3413,954 3633,958 3853,962 4072,967 4292,973 4512,981 4731,990 4951,1000 5171,1012"/>
                <TextEquiv>
                    <Unicode>heho narozenye Buozyeho yhned potom przystyeho toto leto atak potom nakazde leto bezwsyeho zmeskanye dozywota sweho take tyz</Unicode>
                </TextEquiv>
            </TextLine>
            <TextLine id="r1l13" custom="readingOrder {index:11;} person {offset:0; length:5;}">
                <Coords points="759,1021 993,1021 1215,1021 1437,1020 1659,1019 1880,1019 2102,1019 2324,1019 2546,1019 2767,1020 2989,1021 3211,1024 3433,1026 3654,1030 3876,1035 4098,1041 4320,1047 4541,1055 4763,1065 4985,1075 5207,1087 5207,1045 4985,1033 4763,1023 4541,1013 4320,1005 4098,999 3876,993 3654,988 3433,984 3211,982 2989,979 2767,978 2546,977 2324,977 2102,977 1880,977 1659,977 1437,978 1215,979 993,979 759,979"/>
                <Baseline points="772,1007 993,1007 1215,1007 1437,1006 1659,1005 1880,1005 2102,1005 2324,1005 2546,1005 2767,1006 2989,1007 3211,1010 3433,1012 3654,1016 3876,1021 4098,1027 4320,1033 4541,1041 4763,1051 4985,1061 5207,1073"/>
                <TextEquiv>
                    <Unicode>Kubyn sest weprzow pannam ygich clasteru ma chowaty akrmyty swu strawu aswym nacladem poczna od suchych dny gyesto przied swa¬</Unicode>
                </TextEquiv>
            </TextLine>
            <TextLine id="r1l14" custom="readingOrder {index:12;} person {offset:58; length:5;}">
                <Coords points="757,1076 1043,1078 1266,1077 1489,1077 1713,1076 1936,1075 2159,1075 2383,1074 2606,1074 2829,1075 3053,1076 3276,1078 3499,1080 3722,1084 3946,1088 4169,1094 4392,1101 4616,1109 4839,1119 5062,1129 5286,1142 5289,1076 5062,1086 4839,1076 4616,1066 4392,1058 4169,1051 3946,1045 3722,1041 3499,1037 3276,1035 3053,1033 2829,1032 2606,1031 2383,1031 2159,1032 1936,1032 1713,1033 1489,1034 1266,1034 1043,1035 757,1033"/>
                <Baseline points="769,1068 992,1068 1215,1067 1438,1067 1662,1066 1885,1065 2108,1065 2332,1064 2555,1064 2778,1065 3002,1066 3225,1068 3448,1070 3671,1074 3895,1078 4118,1084 4341,1091 4565,1099 4788,1109 5011,1119 5263,1131"/>
                <TextEquiv>
                    <Unicode>tym Waczlawem bywagy azdomasopusta nakazde leto atake tyz Kubyn kola zlaby pody strzechy dom amlynycze ygyne wseczky wyeczy gye¬</Unicode>
                </TextEquiv>
            </TextLine>
            <TextLine id="r1l15" custom="readingOrder {index:13;}">
                <Coords points="767,1146 989,1144 1211,1143 1434,1142 1656,1140 1879,1139 2101,1139 2323,1138 2546,1138 2768,1139 2991,1140 3213,1142 3435,1145 3658,1148 3880,1152 4103,1157 4325,1164 4547,1172 4770,1181 4992,1191 5215,1202 5215,1159 4992,1148 4770,1138 4547,1129 4325,1121 4103,1114 3880,1109 3658,1105 3435,1102 3213,1099 2991,1097 2768,1096 2546,1095 2323,1095 2101,1096 1879,1096 1656,1097 1434,1099 1211,1100 989,1101 767,1103"/>
                <Baseline points="767,1132 989,1130 1211,1129 1434,1128 1656,1126 1879,1125 2101,1125 2323,1124 2546,1124 2768,1125 2991,1126 3213,1128 3435,1131 3658,1134 3880,1138 4103,1143 4325,1150 4547,1158 4770,1167 4992,1177 5215,1188"/>
                <TextEquiv>
                    <Unicode>sto ktomu mlynu slussely apotrzebne byly ma swym nakladem dyelaty aoprawowaty lecz by dom amlynycze ygyne stawenye prohny¬</Unicode>
                </TextEquiv>
            </TextLine>
            <TextLine id="r1l16" custom="readingOrder {index:14;} person {offset:122; length:7; continued:true;}">
                <Coords points="760,1206 983,1204 1206,1203 1430,1202 1653,1201 1876,1200 2100,1199 2323,1199 2546,1200 2770,1201 2993,1202 3216,1204 3440,1207 3663,1210 3886,1215 4110,1219 4333,1225 4556,1232 4780,1240 5003,1249 5264,1258 5262,1200 5003,1206 4780,1197 4556,1189 4333,1182 4110,1176 3886,1172 3663,1167 3440,1164 3216,1161 2993,1159 2770,1158 2546,1157 2323,1156 2100,1156 1876,1157 1653,1158 1430,1159 1206,1160 983,1161 760,1163"/>
                <Baseline points="760,1192 983,1190 1206,1189 1430,1188 1653,1187 1876,1186 2100,1185 2323,1185 2546,1186 2770,1187 2993,1188 3216,1190 3440,1193 3663,1196 3886,1201 4110,1205 4333,1211 4556,1218 4780,1226 5003,1235 5227,1245"/>
                <TextEquiv>
                    <Unicode>losth astarost sesslo gyesto by nykdye oppraweno nemohlo byty ato by dobrymy lydmy ohledano bylo panny agych claster magy Kubyno¬</Unicode>
                </TextEquiv>
            </TextLine>
            <TextLine id="r1l17" custom="readingOrder {index:15;} person {offset:0; length:2; continued:true;} person {offset:38; length:5;}">
                <Coords points="750,1255 1001,1263 1222,1262 1443,1261 1664,1261 1885,1261 2106,1261 2327,1261 2548,1262 2769,1263 2990,1265 3210,1267 3431,1270 3652,1273 3873,1276 4094,1280 4315,1284 4536,1290 4757,1295 4978,1301 5199,1308 5235,1255 4978,1258 4757,1252 4536,1247 4315,1241 4094,1237 3873,1233 3652,1230 3431,1227 3210,1224 2990,1222 2769,1220 2548,1219 2327,1218 2106,1218 1885,1218 1664,1218 1443,1218 1222,1219 1001,1220 747,1207"/>
                <Baseline points="781,1250 1001,1249 1222,1248 1443,1247 1664,1247 1885,1247 2106,1247 2327,1247 2548,1248 2769,1249 2990,1251 3210,1253 3431,1256 3652,1259 3873,1262 4094,1266 4315,1270 4536,1276 4757,1281 4978,1287 5199,1294"/>
                <TextEquiv>
                    <Unicode>wy ustaweny swoy naclad daty nez take Kubyn sam swym zywotem to stawenye ma dyelaty aneb sebe myesto gyneho tak do¬</Unicode>
                </TextEquiv>
            </TextLine>
            <TextLine id="r1l18" custom="readingOrder {index:16;}">
                <Coords points="753,1324 974,1324 1195,1324 1416,1324 1637,1324 1858,1324 2079,1324 2300,1325 2521,1325 2742,1326 2963,1328 3184,1329 3405,1331 3626,1334 3847,1336 4068,1340 4289,1344 4510,1349 4731,1354 4952,1360 5221,1366 5220,1311 4952,1317 4731,1311 4510,1306 4289,1301 4068,1297 3847,1293 3626,1291 3405,1288 3184,1286 2963,1285 2742,1283 2521,1282 2300,1282 2079,1281 1858,1281 1637,1281 1416,1281 1195,1281 974,1281 753,1281"/>
                <Baseline points="753,1310 974,1310 1195,1310 1416,1310 1637,1310 1858,1310 2079,1310 2300,1311 2521,1311 2742,1312 2963,1314 3184,1315 3405,1317 3626,1320 3847,1322 4068,1326 4289,1330 4510,1335 4731,1340 4952,1346 5173,1353"/>
                <TextEquiv>
                    <Unicode>breho dyelnyka nato dyelo moczy bude postawyty apanny gemu napomocz toho dyela magy swe dyelnyky daty atake acz by nyek¬</Unicode>
                </TextEquiv>
            </TextLine>
            <TextLine id="r1l19" custom="readingOrder {index:17;}">
                <Coords points="747,1383 971,1384 1196,1386 1421,1387 1646,1388 1871,1390 2095,1391 2320,1392 2545,1393 2770,1394 2995,1395 3219,1397 3444,1398 3669,1400 3894,1402 4119,1404 4343,1406 4568,1409 4793,1412 5018,1415 5243,1419 5250,1354 5025,1350 4793,1369 4568,1366 4343,1363 4119,1361 3894,1359 3669,1357 3444,1355 3219,1354 2995,1352 2770,1351 2545,1350 2320,1349 2095,1348 1871,1347 1646,1345 1421,1344 1196,1343 971,1341 747,1340"/>
                <Baseline points="747,1369 971,1370 1196,1372 1421,1373 1646,1374 1871,1376 2095,1377 2320,1378 2545,1379 2770,1380 2995,1381 3219,1383 3444,1384 3669,1386 3894,1388 4119,1390 4343,1392 4568,1395 4793,1398 5018,1401 5243,1405"/>
                <TextEquiv>
                    <Unicode>terym nezczestym anedbanym kubynowym anebo geho czeledy mlyn anebo ktere stawenye spaleno bylo gyehozto buozye neday teda</Unicode>
                </TextEquiv>
            </TextLine>
            <TextLine id="r1l20" custom="readingOrder {index:18;}">
                <Coords points="747,1446 970,1447 1193,1448 1416,1450 1640,1451 1863,1452 2086,1453 2310,1454 2533,1455 2756,1456 2980,1457 3203,1459 3426,1461 3649,1462 3873,1465 4096,1467 4319,1470 4543,1473 4766,1477 4989,1480 5213,1485 5213,1442 4989,1437 4766,1434 4543,1430 4319,1427 4096,1424 3873,1422 3649,1419 3426,1418 3203,1416 2980,1414 2756,1413 2533,1412 2310,1411 2086,1410 1863,1409 1640,1408 1416,1407 1193,1405 970,1404 747,1403"/>
                <Baseline points="747,1432 970,1433 1193,1434 1416,1436 1640,1437 1863,1438 2086,1439 2310,1440 2533,1441 2756,1442 2980,1443 3203,1445 3426,1447 3649,1448 3873,1451 4096,1453 4319,1456 4543,1459 4766,1463 4989,1466 5213,1471"/>
                <TextEquiv>
                    <Unicode>kubyn polowyczy swymy apolowyczy panneskymy ma naclady dyelaty tyem bychem yakz gest naprzied psano pakly by odsusedow</Unicode>
                </TextEquiv>
            </TextLine>
            <TextLine id="r1l21" custom="readingOrder {index:19;}">
                <Coords points="760,1515 982,1514 1204,1513 1427,1513 1649,1513 1871,1514 2094,1514 2316,1515 2538,1517 2761,1518 2983,1520 3205,1522 3428,1524 3650,1527 3872,1530 4095,1533 4317,1536 4539,1540 4762,1544 4984,1548 5263,1552 5261,1494 4984,1506 4762,1502 4539,1498 4317,1494 4095,1491 3872,1488 3650,1485 3428,1482 3205,1480 2983,1478 2761,1476 2538,1475 2316,1473 2094,1472 1871,1472 1649,1471 1427,1471 1204,1471 982,1472 760,1473"/>
                <Baseline points="760,1501 982,1500 1204,1499 1427,1499 1649,1499 1871,1500 2094,1500 2316,1501 2538,1503 2761,1504 2983,1506 3205,1508 3428,1510 3650,1513 3872,1516 4095,1519 4317,1522 4539,1526 4762,1530 4984,1534 5207,1538"/>
                <TextEquiv>
                    <Unicode>neb obecznu wzemy walku bylo spaleno ato bylo podobnym swyedomym wkazano tehdy to czoz by spaleno bylo panny aconvent swy¬</Unicode>
                </TextEquiv>
            </TextLine>
            <TextLine id="r1l22" custom="readingOrder {index:20;} person {offset:28; length:5;}">
                <Coords points="760,1572 980,1573 1200,1573 1420,1574 1640,1575 1860,1576 2080,1577 2301,1578 2521,1580 2741,1581 2961,1583 3181,1585 3401,1588 3621,1590 3842,1593 4062,1596 4282,1600 4502,1604 4722,1609 4942,1613 5163,1619 5200,1556 4942,1571 4722,1567 4502,1562 4282,1558 4062,1554 3842,1551 3621,1548 3401,1546 3181,1543 2961,1541 2741,1539 2521,1538 2301,1536 2080,1535 1860,1534 1640,1533 1420,1532 1200,1531 980,1531 760,1530"/>
                <Baseline points="760,1558 980,1559 1200,1559 1420,1560 1640,1561 1860,1562 2080,1563 2301,1564 2521,1566 2741,1567 2961,1569 3181,1571 3401,1574 3621,1576 3842,1579 4062,1582 4282,1586 4502,1590 4722,1595 4942,1599 5163,1605"/>
                <TextEquiv>
                    <Unicode>my naclady magy dyelaty nez Kubyn swym zywotem ma dyelaty neb dyelnyka tak dobreho postawyty yakz ssye swrchu pyssye</Unicode>
                </TextEquiv>
            </TextLine>
            <TextLine id="r1l23" custom="readingOrder {index:21;} person {offset:14; length:8;}">
                <Coords points="656,1625 970,1633 1190,1635 1410,1636 1629,1638 1849,1639 2069,1641 2288,1642 2508,1644 2728,1646 2948,1648 3167,1651 3387,1653 3607,1656 3826,1658 4046,1661 4266,1664 4485,1667 4705,1671 4925,1674 5145,1678 5145,1635 4925,1631 4705,1628 4485,1624 4266,1621 4046,1618 3826,1615 3607,1613 3387,1610 3167,1608 2948,1605 2728,1603 2508,1601 2288,1599 2069,1598 1849,1596 1629,1595 1410,1593 1190,1592 970,1590 674,1568"/>
                <Baseline points="751,1618 970,1619 1190,1621 1410,1622 1629,1624 1849,1625 2069,1627 2288,1628 2508,1630 2728,1632 2948,1634 3167,1637 3387,1639 3607,1642 3826,1644 4046,1647 4266,1650 4485,1653 4705,1657 4925,1660 5145,1664"/>
                <TextEquiv>
                    <Unicode>take ze temuz Kubynowy panny powolylissu aby namyestyssty okolo mlyna stawenye gemu potrzebna mohl swymy naklady</Unicode>
                </TextEquiv>
            </TextLine>
            <TextLine id="r1l24" custom="readingOrder {index:22;} person {offset:34; length:6;}">
                <Coords points="739,1700 962,1700 1186,1700 1410,1700 1634,1701 1858,1703 2082,1704 2305,1706 2529,1708 2753,1711 2977,1713 3201,1716 3425,1719 3649,1722 3872,1725 4096,1728 4320,1732 4544,1735 4768,1738 4992,1742 5216,1745 5274,1677 4992,1699 4768,1695 4544,1692 4320,1689 4096,1685 3872,1682 3649,1679 3425,1676 3201,1673 2977,1670 2753,1668 2529,1665 2305,1663 2082,1661 1858,1660 1634,1658 1410,1657 1186,1657 962,1657 739,1657"/>
                <Baseline points="739,1686 962,1686 1186,1686 1410,1686 1634,1687 1858,1689 2082,1690 2305,1692 2529,1694 2753,1697 2977,1699 3201,1702 3425,1705 3649,1708 3872,1711 4096,1714 4320,1718 4544,1721 4768,1724 4992,1728 5216,1731"/>
                <TextEquiv>
                    <Unicode>dyelaty byez gych przyekazy akdyz Kubyna Buoh neuchowa ten gysty mlyn sewsym stawenym ma ssye pannam aconventu be¬</Unicode>
                </TextEquiv>
            </TextLine>
            <TextLine id="r1l25" custom="readingOrder {index:23;}">
                <Coords points="749,1766 972,1767 1196,1769 1419,1770 1643,1772 1866,1774 2090,1776 2313,1778 2537,1781 2760,1784 2984,1786 3208,1789 3431,1792 3655,1795 3878,1799 4102,1802 4325,1805 4549,1809 4772,1812 4996,1816 5220,1819 5220,1776 4996,1773 4772,1769 4549,1766 4325,1762 4102,1759 3878,1756 3655,1752 3431,1749 3208,1746 2984,1743 2760,1741 2537,1738 2313,1735 2090,1733 1866,1731 1643,1729 1419,1727 1196,1726 972,1724 749,1723"/>
                <Baseline points="749,1752 972,1753 1196,1755 1419,1756 1643,1758 1866,1760 2090,1762 2313,1764 2537,1767 2760,1770 2984,1772 3208,1775 3431,1778 3655,1781 3878,1785 4102,1788 4325,1791 4549,1795 4772,1798 4996,1802 5220,1805"/>
                <TextEquiv>
                    <Unicode>zewsyech wplotkow przyekaz kubynowych dyedyczow aprzatel zassye nawratyty wplnye take ze panny agych claster wsecz¬</Unicode>
                </TextEquiv>
            </TextLine>
            <TextLine id="r1l26" custom="readingOrder {index:24;} person {offset:77; length:13;}">
                <Coords points="745,1836 966,1835 1187,1836 1408,1836 1629,1838 1850,1839 2071,1841 2292,1843 2513,1846 2734,1849 2955,1852 3176,1855 3397,1858 3618,1862 3839,1866 4060,1869 4281,1873 4502,1876 4723,1879 4944,1882 5166,1885 5166,1842 4944,1839 4723,1836 4502,1833 4281,1830 4060,1826 3839,1823 3618,1819 3397,1815 3176,1812 2955,1809 2734,1806 2513,1803 2292,1800 2071,1798 1850,1796 1629,1795 1408,1793 1187,1793 966,1792 745,1793"/>
                <Baseline points="745,1822 966,1821 1187,1822 1408,1822 1629,1824 1850,1825 2071,1827 2292,1829 2513,1832 2734,1835 2955,1838 3176,1841 3397,1844 3618,1848 3839,1852 4060,1855 4281,1859 4502,1862 4723,1865 4944,1868 5166,1871"/>
                <TextEquiv>
                    <Unicode>ky bernye alozunky stoho mlyna magy platyty penyezmy swymy dale seznawamy ze Kubyn mlynarz drzyewe gmenowany</Unicode>
                </TextEquiv>
            </TextLine>
            <TextLine id="r1l27" custom="readingOrder {index:25;} person {offset:21; length:19;} person {offset:41; length:9;} person {offset:51; length:24;} person {offset:76; length:18;} person {offset:95; length:9;} person {offset:105; length:6; continued:true;}">
                <Coords points="694,1912 978,1906 1198,1904 1418,1903 1638,1903 1858,1903 2078,1905 2298,1907 2518,1909 2738,1912 2958,1915 3177,1919 3397,1922 3617,1926 3837,1929 4057,1933 4277,1936 4497,1939 4717,1942 4937,1944 5157,1945 5157,1902 4937,1901 4717,1899 4497,1896 4277,1893 4057,1890 3837,1886 3617,1883 3397,1879 3177,1876 2958,1872 2738,1869 2518,1866 2298,1864 2078,1862 1858,1860 1638,1860 1418,1860 1198,1861 978,1863 636,1828"/>
                <Baseline points="759,1894 978,1892 1198,1890 1418,1889 1638,1889 1858,1889 2078,1891 2298,1893 2518,1895 2738,1898 2958,1901 3177,1905 3397,1908 3617,1912 3837,1915 4057,1919 4277,1922 4497,1925 4717,1928 4937,1930 5157,1931"/>
                <TextEquiv>
                    <Unicode>nagyemnyk toho mlyna Petr rzeczeny Stoda Velysslaw Waczlaw rzeczeny Polewka Petr rzeczeny Slon Thomassek Hassek</Unicode>
                </TextEquiv>
            </TextLine>
            <TextLine id="r1l28" custom="readingOrder {index:26;} person {offset:0; length:8; continued:true;} person {offset:9; length:12;} person {offset:22; length:9;} person {offset:32; length:14;}">
                <Coords points="752,1970 974,1968 1197,1968 1420,1968 1642,1968 1865,1970 2088,1972 2310,1974 2533,1977 2756,1981 2979,1984 3201,1988 3424,1991 3647,1995 3869,1999 4092,2003 4315,2006 4537,2009 4760,2012 4983,2015 5206,2017 5262,1958 4983,1972 4760,1969 4537,1966 4315,1963 4092,1960 3869,1956 3647,1952 3424,1948 3201,1945 2979,1941 2756,1938 2533,1934 2310,1931 2088,1929 1865,1927 1642,1925 1420,1925 1197,1925 974,1925 752,1927"/>
                <Baseline points="752,1956 974,1954 1197,1954 1420,1954 1642,1954 1865,1956 2088,1958 2310,1960 2533,1963 2756,1967 2979,1970 3201,1974 3424,1977 3647,1981 3869,1985 4092,1989 4315,1992 4537,1995 4760,1998 4983,2001 5206,2003"/>
                <TextEquiv>
                    <Unicode>krageczy Mach kuowarz Bartossek Marsyk pekarz rukoymye gehozan ysnym slybyly gsu wsychny gednu ruku pospolny ane</Unicode>
                </TextEquiv>
            </TextLine>
            <TextLine id="r1l29" custom="readingOrder {index:27;}">
                <Coords points="751,2043 972,2037 1193,2034 1414,2032 1635,2031 1856,2032 2077,2034 2298,2036 2519,2039 2740,2043 2961,2048 3182,2053 3403,2058 3624,2062 3845,2067 4066,2071 4287,2074 4508,2077 4729,2079 4950,2080 5172,2079 5226,2025 4950,2037 4729,2036 4508,2034 4287,2031 4066,2028 3845,2024 3624,2019 3403,2015 3182,2010 2961,2005 2740,2000 2519,1996 2298,1993 2077,1991 1856,1989 1635,1988 1414,1989 1193,1991 972,1994 751,2000"/>
                <Baseline points="751,2029 972,2023 1193,2020 1414,2018 1635,2017 1856,2018 2077,2020 2298,2022 2519,2025 2740,2029 2961,2034 3182,2039 3403,2044 3624,2048 3845,2053 4066,2057 4287,2060 4508,2063 4729,2065 4950,2066 5172,2065"/>
                <TextEquiv>
                    <Unicode>rozdyelnu ruku swrchu psanym pannam yclasteru platyty ywydawaty ywymluwy drzety yakoz gest naprzied psano pod taky</Unicode>
                </TextEquiv>
            </TextLine>
            <TextLine id="r1l30" custom="readingOrder {index:28;}">
                <Coords points="743,2116 967,2109 1192,2104 1416,2101 1641,2100 1865,2100 2090,2102 2314,2104 2539,2107 2763,2111 2988,2116 3213,2121 3437,2126 3662,2132 3886,2136 4111,2140 4335,2144 4560,2147 4784,2149 5009,2150 5234,2149 5234,2106 5009,2107 4784,2106 4560,2104 4335,2101 4111,2097 3886,2093 3662,2089 3437,2083 3213,2078 2988,2073 2763,2068 2539,2064 2314,2061 2090,2059 1865,2057 1641,2057 1416,2058 1192,2061 967,2066 743,2073"/>
                <Baseline points="743,2102 967,2095 1192,2090 1416,2087 1641,2086 1865,2086 2090,2088 2314,2090 2539,2093 2763,2097 2988,2102 3213,2107 3437,2112 3662,2118 3886,2122 4111,2126 4335,2130 4560,2133 4784,2135 5009,2136 5234,2135"/>
                <TextEquiv>
                    <Unicode>wymyenyenym kdyz by kto zrukoymy wrukogenstwy staty nemohl aneb nerodyl aneb kdyz koho znych Buoh neuchowalby</Unicode>
                </TextEquiv>
            </TextLine>
            <TextLine id="r1l31" custom="readingOrder {index:29;} person {offset:6; length:13;}">
                <Coords points="743,2179 804,2179 865,2178 926,2178 987,2178 1049,2178 1110,2178 1171,2178 1232,2178 1293,2178 1355,2178 1416,2178 1477,2177 1538,2177 1599,2176 1661,2175 1722,2174 1783,2172 1844,2171 1905,2168 5200,2211 5200,2168 1905,2125 1844,2128 1783,2129 1722,2131 1661,2132 1599,2133 1538,2134 1477,2134 1416,2135 1355,2135 1293,2135 1232,2135 1171,2135 1110,2135 1049,2135 987,2135 926,2135 865,2135 804,2136 743,2136"/>
                <Baseline points="743,2165 804,2165 865,2164 926,2164 987,2164 1049,2164 1110,2164 1171,2164 1232,2164 1293,2164 1355,2164 1416,2164 1477,2163 1538,2163 1599,2162 1661,2161 1722,2160 1783,2158 2484,2171 4117,2204 5182,2228"/>
                <TextEquiv>
                    <Unicode>tehdy Kubyn mlynarz myesto toho gyneho tak doreho amowyteho ma postawyty alyst obnowyty wtaz slowa take kdyz</Unicode>
                </TextEquiv>
            </TextLine>
            <TextLine id="r1l33" custom="readingOrder {index:30;} person {offset:3; length:5;}">
                <Coords points="738,2256 800,2253 863,2251 925,2249 988,2248 1050,2247 1113,2247 1175,2247 1238,2247 1300,2247 1363,2247 1426,2247 1488,2247 1551,2247 1613,2247 1676,2246 1738,2245 1801,2244 1863,2242 1926,2238 5194,2283 5194,2240 1926,2195 1863,2199 1801,2201 1738,2202 1676,2203 1613,2204 1551,2204 1488,2204 1426,2204 1363,2204 1300,2204 1238,2204 1175,2204 1113,2204 1050,2204 988,2205 925,2206 863,2208 800,2210 738,2213"/>
                <Baseline points="738,2242 800,2239 863,2237 925,2235 988,2234 1050,2233 1113,2233 1175,2233 1238,2233 1300,2233 1363,2233 1426,2233 1488,2233 1551,2233 1613,2233 1676,2232 1738,2231 1801,2230 1863,2228 1926,2224 5180,2290"/>
                <TextEquiv>
                    <Unicode>by Kubyn pro starost anebo nemocz toho mlyna nemohl drzyety tehdy kdyz pannam aconventu da prziedpol letem naprzied</Unicode>
                </TextEquiv>
            </TextLine>
            <TextLine id="r1l35" custom="readingOrder {index:31;}">
                <Coords points="748,2318 808,2316 869,2314 930,2314 991,2313 1052,2313 1113,2313 1174,2314 1235,2314 1296,2315 1357,2316 1417,2316 1478,2317 1539,2317 1600,2317 1661,2317 1722,2316 1783,2314 1844,2313 1905,2310 5199,2349 5199,2306 1905,2267 1844,2270 1783,2271 1722,2273 1661,2274 1600,2274 1539,2274 1478,2274 1417,2273 1357,2273 1296,2272 1235,2271 1174,2271 1113,2270 1052,2270 991,2270 930,2271 869,2271 808,2273 748,2275"/>
                <Baseline points="748,2304 808,2302 869,2300 930,2300 991,2299 1052,2299 1113,2299 1174,2300 1235,2300 1296,2301 1357,2302 1417,2302 1478,2303 1539,2303 1600,2303 1661,2303 1722,2302 1783,2300 1844,2299 5142,2356 5203,2353"/>
                <TextEquiv>
                    <Unicode>wyedyety magy geho yrukoymye prazdny aswobodny propustyty asobye gyneho mlynarzye dobyty swoy wrok wplnye wez¬</Unicode>
                </TextEquiv>
            </TextLine>
            <TextLine id="r1l37" custom="readingOrder {index:32;} person {offset:14; length:5;}">
                <Coords points="735,2372 969,2373 1204,2374 1439,2375 1673,2377 1908,2379 2143,2381 2377,2383 2612,2386 2847,2389 3081,2391 3316,2394 3551,2398 3785,2401 4020,2404 4255,2407 4489,2410 4724,2413 4959,2416 5194,2419 5250,2348 4959,2373 4724,2370 4489,2367 4255,2364 4020,2361 3785,2358 3551,2355 3316,2351 3081,2348 2847,2346 2612,2343 2377,2340 2143,2338 1908,2336 1673,2334 1439,2332 1204,2331 969,2330 735,2329"/>
                <Baseline points="735,2358 969,2359 1204,2360 1439,2361 1673,2363 1908,2365 2143,2367 2377,2369 2612,2372 2847,2375 3081,2377 3316,2380 3551,2384 3785,2387 4020,2390 4255,2393 4489,2396 4724,2399 4959,2402 5194,2405"/>
                <TextEquiv>
                    <Unicode>mucze take ze Kubyn ma takez dyedyny postupyty jakoz gest sam przygal anaswyedomye toho wsseho peczet wyeczy na¬</Unicode>
                </TextEquiv>
            </TextLine>
            <TextLine id="r1l38" custom="readingOrder {index:33;} date {offset:69; length:46; continued:true;year:0; day:0; month:0;}">
                <Coords points="746,2433 966,2437 1187,2441 1408,2445 1629,2449 1850,2452 2070,2456 2291,2459 2512,2463 2733,2466 2954,2469 3174,2472 3395,2475 3616,2478 3837,2480 4058,2483 4278,2485 4499,2487 4720,2489 4941,2491 5162,2492 5245,2422 4941,2448 4720,2446 4499,2444 4278,2442 4058,2440 3837,2437 3616,2435 3395,2432 3174,2429 2954,2426 2733,2423 2512,2420 2291,2416 2070,2413 1850,2409 1629,2406 1408,2402 1187,2398 966,2394 746,2390"/>
                <Baseline points="746,2419 966,2423 1187,2427 1408,2431 1629,2435 1850,2438 2070,2442 2291,2445 2512,2449 2733,2452 2954,2455 3174,2458 3395,2461 3616,2464 3837,2466 4058,2469 4278,2471 4499,2473 4720,2475 4941,2477 5162,2478"/>
                <TextEquiv>
                    <Unicode>seho myesta melnyczkeho ktomuto lystu przywessylyssmy kteryz to gest dan leta otnarozenye Buozyeho potyssyczy pocz¬</Unicode>
                </TextEquiv>
            </TextLine>
            <TextLine id="r1l39" custom="readingOrder {index:34;} date {offset:0; length:56; continued:true;year:0; day:0; month:0;}">
                <Coords points="739,2511 853,2510 967,2510 1081,2511 1196,2511 1310,2512 1424,2513 1539,2515 1653,2516 1767,2518 1882,2520 1996,2523 2110,2526 2224,2529 2339,2532 2453,2536 2567,2540 2682,2544 2796,2549 2910,2553 3025,2558 3046,2492 2910,2510 2796,2506 2682,2501 2567,2497 2453,2493 2339,2489 2224,2486 2110,2483 1996,2480 1882,2477 1767,2475 1653,2473 1539,2472 1424,2464 1310,2463 1196,2468 1081,2468 967,2467 853,2467 739,2468"/>
                <Baseline points="739,2497 853,2496 967,2496 1081,2497 1196,2497 1310,2498 1424,2499 1539,2501 1653,2502 1767,2504 1882,2506 1996,2509 2110,2512 2224,2515 2339,2518 2453,2522 2567,2526 2682,2530 2796,2535 2910,2539 3034,2540"/>
                <TextEquiv>
                    <Unicode>tyrzech stech osmnadsteho ten pondyely po swatem Matyegy</Unicode>
                </TextEquiv>
            </TextLine>
            <TextEquiv>
                <Unicode>My Gyndrzych rychtarz Petr rzeczeny Stoda purgmistr Yanek hrazssky Marzyk rzeczeny Czrwenka Jacub rzeczeny Lassal Bartossek
Thomassek Petr kozarnyssky Welyk rzeczeny Swyetlyk Wytak Jan Gyena Vaczlaw Polewka Slon konczele myessta melnyczkeho vyznawamy
tyemto lystem obecznye wssyem ktoz gye uzrzye neb sslyssety budu ze przyssed przyednass Kubyn mlynarz wzahageny sud przied cztyrzy la¬
wyczie yseznal gest ssye ze mlyn swobodny secztrzmy koly welykomy kterzyz lezy podnassym myestem Myelnykem napotocze rzeczenem
Psowka sdworem aspyety czwrtmy dyedyny ystyem sewsym czoz ktomu dworu amlynu przyslussye od stara dawna nagyel gest od
cztnych anaboznych panen od panny Agnezky z Stemberka przyeworzyssye Katherzyny podprzyeworzyssye Elssky Boczkowny zakrysstany
Agnezky Gentesowe Dorothy Stachowe ygnych sestr ywssyeho conventa clastera swateho Wawrzynczye gynak swate Anny naStarem
myestye prazskem podzprawu zakona bratrzy kazatelow swateho Domynika pod z posobeni awumluwaniy wez podpsanymy nayprwe
ze on Kubyn ma adluzen gest pannam ygych clasteru aconventu drzyewe rzeczeneho mlyna dwye stye strychow zyta aosm strychow
psenycze zrna czysteho dobre qsprawedliwe myery platyty awydawaty poczna od buozyeho narozenye gyesto nynye mynulo adodru¬
heho narozenye Buozyeho yhned potom przystyeho toto leto atak potom nakazde leto bezwsyeho zmeskanye dozywota sweho take tyz
Kubyn sest weprzow pannam ygich clasteru ma chowaty akrmyty swu strawu aswym nacladem poczna od suchych dny gyesto przied swa¬
tym Waczlawem bywagy azdomasopusta nakazde leto atake tyz Kubyn kola zlaby pody strzechy dom amlynycze ygyne wseczky wyeczy gye¬
sto ktomu mlynu slussely apotrzebne byly ma swym nakladem dyelaty aoprawowaty lecz by dom amlynycze ygyne stawenye prohny¬
losth astarost sesslo gyesto by nykdye oppraweno nemohlo byty ato by dobrymy lydmy ohledano bylo panny agych claster magy Kubyno¬
wy ustaweny swoy naclad daty nez take Kubyn sam swym zywotem to stawenye ma dyelaty aneb sebe myesto gyneho tak do¬
breho dyelnyka nato dyelo moczy bude postawyty apanny gemu napomocz toho dyela magy swe dyelnyky daty atake acz by nyek¬
terym nezczestym anedbanym kubynowym anebo geho czeledy mlyn anebo ktere stawenye spaleno bylo gyehozto buozye neday teda
kubyn polowyczy swymy apolowyczy panneskymy ma naclady dyelaty tyem bychem yakz gest naprzied psano pakly by odsusedow
neb obecznu wzemy walku bylo spaleno ato bylo podobnym swyedomym wkazano tehdy to czoz by spaleno bylo panny aconvent swy¬
my naclady magy dyelaty nez Kubyn swym zywotem ma dyelaty neb dyelnyka tak dobreho postawyty yakz ssye swrchu pyssye
take ze temuz Kubynowy panny powolylissu aby namyestyssty okolo mlyna stawenye gemu potrzebna mohl swymy naklady
dyelaty byez gych przyekazy akdyz Kubyna Buoh neuchowa ten gysty mlyn sewsym stawenym ma ssye pannam aconventu be¬
zewsyech wplotkow przyekaz kubynowych dyedyczow aprzatel zassye nawratyty wplnye take ze panny agych claster wsecz¬
ky bernye alozunky stoho mlyna magy platyty penyezmy swymy dale seznawamy ze Kubyn mlynarz drzyewe gmenowany
nagyemnyk toho mlyna Petr rzeczeny Stoda Velysslaw Waczlaw rzeczeny Polewka Petr rzeczeny Slon Thomassek Hassek
krageczy Mach kuowarz Bartossek Marsyk pekarz rukoymye gehozan ysnym slybyly gsu wsychny gednu ruku pospolny ane
rozdyelnu ruku swrchu psanym pannam yclasteru platyty ywydawaty ywymluwy drzety yakoz gest naprzied psano pod taky
wymyenyenym kdyz by kto zrukoymy wrukogenstwy staty nemohl aneb nerodyl aneb kdyz koho znych Buoh neuchowalby
tehdy Kubyn mlynarz myesto toho gyneho tak doreho amowyteho ma postawyty alyst obnowyty wtaz slowa take kdyz
by Kubyn pro starost anebo nemocz toho mlyna nemohl drzyety tehdy kdyz pannam aconventu da prziedpol letem naprzied
wyedyety magy geho yrukoymye prazdny aswobodny propustyty asobye gyneho mlynarzye dobyty swoy wrok wplnye wez¬
mucze take ze Kubyn ma takez dyedyny postupyty jakoz gest sam przygal anaswyedomye toho wsseho peczet wyeczy na¬
seho myesta melnyczkeho ktomuto lystu przywessylyssmy kteryz to gest dan leta otnarozenye Buozyeho potyssyczy pocz¬
tyrzech stech osmnadsteho ten pondyely po swatem Matyegy</Unicode>
            </TextEquiv>
        </TextRegion>
    </Page>
</PcGts>
