<?xml version="1.0" encoding="UTF-8" standalone="yes"?>
<PcGts xmlns="http://schema.primaresearch.org/PAGE/gts/pagecontent/2013-07-15" xmlns:xsi="http://www.w3.org/2001/XMLSchema-instance" xsi:schemaLocation="http://schema.primaresearch.org/PAGE/gts/pagecontent/2013-07-15 http://schema.primaresearch.org/PAGE/gts/pagecontent/2013-07-15/pagecontent.xsd">
    <Metadata>
        <Creator>TRP</Creator>
        <Created>2019-07-31T12:39:33.574+02:00</Created>
        <LastChange>2019-07-31T12:39:33.574+02:00</LastChange>
        <TranskribusMetadata docId="190156" pageId="7525035" pageNr="2" tsid="13243018" status="NEW" userId="40502" imgUrl="https://files.transkribus.eu/Get?id=YFNTKFPTFFBOXZRMGWZVNHYL&amp;fileType=view" xmlUrl="https://files.transkribus.eu/Get?id=QTFRQGWKHEEBDDASHWVXJDXH" imageId="4531136"/>
    </Metadata>
    <Page imageFilename="NA-ACK_13540108_00455_v.jpg" imageWidth="7306" imageHeight="6213"/>
</PcGts>
