<?xml version="1.0" encoding="UTF-8" standalone="yes"?>
<trpDocMetadata>
    <docId>190307</docId>
    <title>AČK_0101_H_I</title>
    <uploadTimestamp>1564587993277</uploadTimestamp>
    <scriptType>HANDWRITTEN</scriptType>
    <uploader>firely@prolight.cz</uploader>
    <uploaderId>36516</uploaderId>
    <nrOfPages>1</nrOfPages>
    <pageId>7532539</pageId>
    <url>https://files.transkribus.eu/Get?id=UBHJNAGOICRAKWNYBLMBPNDQ&amp;fileType=view</url>
    <thumbUrl>https://files.transkribus.eu/Get?id=UBHJNAGOICRAKWNYBLMBPNDQ&amp;fileType=thumb</thumbUrl>
    <externalId>NA</externalId>
    <authority>NA</authority>
    <status>0</status>
    <fimgStoreColl>TrpDoc_DEA_190307</fimgStoreColl>
    <origDocId>0</origDocId>
    <collectionList>
        <colList>
            <colId>44925</colId>
            <colName>NACR - Latin charters</colName>
            <description>created by katerina.zenklova@nacr.cz</description>
            <crowdsourcing>false</crowdsourcing>
            <elearning>false</elearning>
            <nrOfDocuments>0</nrOfDocuments>
        </colList>
    </collectionList>
</trpDocMetadata>
