<?xml version="1.0" encoding="UTF-8" standalone="yes"?>
<PcGts xmlns="http://schema.primaresearch.org/PAGE/gts/pagecontent/2013-07-15" xmlns:xsi="http://www.w3.org/2001/XMLSchema-instance" xsi:schemaLocation="http://schema.primaresearch.org/PAGE/gts/pagecontent/2013-07-15 http://schema.primaresearch.org/PAGE/gts/pagecontent/2013-07-15/pagecontent.xsd">
    <Metadata>
        <Creator>TRP</Creator>
        <Created>2019-07-31T15:38:32.133+02:00</Created>
        <LastChange>2019-07-31T15:38:32.133+02:00</LastChange>
        <TranskribusMetadata docId="190251" pageId="7529556" pageNr="2" tsid="13251177" status="NEW" userId="40502" imgUrl="https://files.transkribus.eu/Get?id=PPDOITQPHESLYEBEJHDZMEHZ&amp;fileType=view" xmlUrl="https://files.transkribus.eu/Get?id=UXIWXRAFLMRYQZOCXORJPKQB" imageId="4535433"/>
    </Metadata>
    <Page imageFilename="NA-ACK_13550309_00472_v.jpg" imageWidth="6577" imageHeight="4622"/>
</PcGts>
