<?xml version="1.0" encoding="UTF-8" standalone="yes"?>
<PcGts xmlns="http://schema.primaresearch.org/PAGE/gts/pagecontent/2013-07-15" xmlns:xsi="http://www.w3.org/2001/XMLSchema-instance" xsi:schemaLocation="http://schema.primaresearch.org/PAGE/gts/pagecontent/2013-07-15 http://schema.primaresearch.org/PAGE/gts/pagecontent/2013-07-15/pagecontent.xsd">
    <Metadata>
        <Creator>TRP</Creator>
        <Created>2019-08-06T08:43:43.200+02:00</Created>
        <LastChange>2019-08-06T08:43:43.200+02:00</LastChange>
        <TranskribusMetadata docId="192100" pageId="7596600" pageNr="2" tsid="13388478" status="NEW" userId="42230" imgUrl="https://files.transkribus.eu/Get?id=JUQPNMMYRCGRHUYSFDHONPFO&amp;fileType=view" xmlUrl="https://files.transkribus.eu/Get?id=EMSNCFJOKZXLSOHTKREPERXA" imageId="4593233"/>
    </Metadata>
    <Page imageFilename="s196.jpg" imageWidth="800" imageHeight="1171"/>
</PcGts>
