<?xml version="1.0" encoding="UTF-8" standalone="yes"?>
<PcGts xmlns="http://schema.primaresearch.org/PAGE/gts/pagecontent/2013-07-15" xmlns:xsi="http://www.w3.org/2001/XMLSchema-instance" xsi:schemaLocation="http://schema.primaresearch.org/PAGE/gts/pagecontent/2013-07-15 http://schema.primaresearch.org/PAGE/gts/pagecontent/2013-07-15/pagecontent.xsd">
    <Metadata>
        <Creator>TRP</Creator>
        <Created>2019-06-05T14:46:55.666+02:00</Created>
        <LastChange>2019-06-05T14:46:55.666+02:00</LastChange>
        <TranskribusMetadata docId="169973" pageId="6426726" pageNr="2" tsid="10832582" status="NEW" userId="36516" imgUrl="https://files.transkribus.eu/Get?id=FUCUOAGNAZJACWUYNYFCBEOP&amp;fileType=view" xmlUrl="https://files.transkribus.eu/Get?id=TINNIKGKCMRBKPRYDUQUUKSO" imageId="3818781"/>
    </Metadata>
    <Page imageFilename="NA-ACK_14371106_01554_v.jpg" imageWidth="6592" imageHeight="4635"/>
</PcGts>
