<?xml version="1.0" encoding="UTF-8" standalone="yes"?>
<PcGts xmlns="http://schema.primaresearch.org/PAGE/gts/pagecontent/2013-07-15" xmlns:xsi="http://www.w3.org/2001/XMLSchema-instance" xsi:schemaLocation="http://schema.primaresearch.org/PAGE/gts/pagecontent/2013-07-15 http://schema.primaresearch.org/PAGE/gts/pagecontent/2013-07-15/pagecontent.xsd">
    <Metadata>
        <Creator>prov=University of Rostock/Institute of Mathematics/CITlab/Tobias Gruening/tobias.gruening@uni-rostock.de:name=/net_tf/LA73_249_0mod360.pb:de.uros.citlab.segmentation.CITlab_LA_ML:v=2.4.1
TRP</Creator>
        <Created>2019-08-07T08:33:25.651+02:00</Created>
        <LastChange>2019-10-30T10:33:48.069+01:00</LastChange>
        <TranskribusMetadata docId="192540" pageId="7606226" pageNr="1" tsid="18067439" status="IN_PROGRESS" userId="40502" imgUrl="https://files.transkribus.eu/Get?id=RLVBSGBGDDLYNKFUDUFOXMMD&amp;fileType=view" xmlUrl="https://files.transkribus.eu/Get?id=CUJDVBSCRCQVLHGCZUZPHMXO" imageId="4602006"/>
    </Metadata>
    <Page imageFilename="719m.jpg" imageWidth="3000" imageHeight="2159">
        <ReadingOrder>
            <OrderedGroup id="ro_1575392310823" caption="Regions reading order">
                <RegionRefIndexed index="0" regionRef="r3"/>
                <RegionRefIndexed index="1" regionRef="region_1565160135700_78"/>
            </OrderedGroup>
        </ReadingOrder>
        <TextRegion orientation="0.0" id="r3" custom="readingOrder {index:0;}">
            <Coords points="463,381 463,947 2005,947 2005,381"/>
            <TextLine id="r3l5" custom="readingOrder {index:0;} person {offset:4; length:153; continued:true;} place {offset:59; length:11;} place {offset:78; length:6;} place {offset:153; length:4;}">
                <Coords points="453,500 541,499 617,499 693,500 769,500 845,501 920,501 996,501 1072,502 1148,502 1224,502 1299,503 1375,503 1451,504 1527,504 1603,504 1678,505 1754,505 1830,506 1906,506 1982,507 1982,477 1906,476 1830,476 1752,456 1678,475 1594,464 1526,471 1451,474 1375,473 1299,456 1224,472 1125,461 1072,472 996,471 920,471 845,471 769,465 693,465 617,469 502,394 425,383"/>
                <Baseline points="464,493 539,495 615,495 693,490 769,490 845,491 920,491 996,491 1072,492 1148,492 1224,492 1299,493 1375,493 1451,494 1527,494 1603,494 1678,495 1754,495 1830,496 1906,496 1982,497"/>
                <TextEquiv>
                    <Unicode>Wir Ludweig genant der Romer, von Gots gnaden marggraff zu Brandemburg und zu Lusicz, dez heiligen römischen reichs obrister camerer, pfallenczgraff bey Reyn</Unicode>
                </TextEquiv>
            </TextLine>
            <TextLine id="r3l6" custom="readingOrder {index:1;} person {offset:0; length:21; continued:true;} place {offset:15; length:6;} place {offset:139; length:4;}">
                <Coords points="469,530 544,530 619,530 694,530 770,530 845,531 920,531 995,532 1071,532 1146,533 1221,533 1296,534 1372,535 1447,535 1522,535 1597,536 1673,536 1748,536 1823,536 1898,536 1974,535 1974,505 1898,506 1823,506 1748,506 1673,506 1597,506 1522,505 1447,505 1372,505 1296,504 1221,503 1146,503 1071,502 995,502 920,501 845,501 770,500 694,500 619,500 544,500 469,500"/>
                <Baseline points="469,520 544,520 619,520 694,520 770,520 845,521 920,521 995,522 1071,522 1146,523 1221,523 1296,524 1372,525 1447,525 1522,525 1597,526 1673,526 1748,526 1823,526 1898,526 1974,525"/>
                <TextEquiv>
                    <Unicode>und herezog in Beyern, bekennen und tun kunt offenlich mit disem brieff allen den, die in sehen oder horen lesen, wann vormals die stat zu Eger, mit dem</Unicode>
                </TextEquiv>
            </TextLine>
            <TextLine id="r3l7" custom="readingOrder {index:2;} place {offset:21; length:5;} place {offset:31; length:9;} place {offset:92; length:6;}">
                <Coords points="469,564 544,563 619,563 694,563 769,564 844,564 919,564 995,565 1070,566 1145,566 1220,567 1295,568 1370,568 1445,569 1521,569 1596,569 1671,569 1746,568 1821,568 1896,566 1972,565 1972,535 1896,536 1821,538 1746,538 1671,539 1596,539 1521,539 1445,539 1370,538 1295,538 1220,537 1145,536 1070,536 995,535 919,534 844,534 769,534 694,533 619,533 544,533 469,534"/>
                <Baseline points="469,554 544,553 619,553 694,553 769,554 844,554 919,554 995,555 1070,556 1145,556 1220,557 1295,558 1370,558 1445,559 1521,559 1596,559 1671,559 1746,558 1821,558 1896,556 1972,555"/>
                <TextEquiv>
                    <Unicode>lande und die vesten Flozz und Parkstein, mit yren zugehorungen den hochgebornen kunigen zu Beheim und der cronen desselben kunigrichs vor vierczig</Unicode>
                </TextEquiv>
            </TextLine>
            <TextLine id="r3l8" custom="readingOrder {index:3;}">
                <Coords points="471,598 546,597 622,597 698,597 774,598 849,598 925,599 1001,599 1077,600 1152,601 1228,602 1304,602 1380,603 1455,603 1531,603 1607,603 1683,603 1758,603 1834,602 1910,601 1986,599 1986,569 1910,571 1834,572 1758,573 1683,573 1607,573 1531,573 1455,573 1380,573 1304,572 1228,572 1152,571 1077,570 1001,569 925,569 849,568 774,568 698,567 622,567 546,567 471,568"/>
                <Baseline points="471,588 546,587 622,587 698,587 774,588 849,588 925,589 1001,589 1077,590 1152,591 1228,592 1304,592 1380,593 1455,593 1531,593 1607,593 1683,593 1758,593 1834,592 1910,591 1986,589"/>
                <TextEquiv>
                    <Unicode>tausent mark lotiges silbers von wegen des heiligen romischen reichs ze rechtem pfande verseczet sein, und wann wir und andern unsern mitkurfursten mit</Unicode>
                </TextEquiv>
            </TextLine>
            <TextLine id="r3l9" custom="readingOrder {index:4;} place {offset:49; length:5;} place {offset:109; length:6;}">
                <Coords points="463,634 538,634 614,634 690,634 766,634 842,634 917,635 993,635 1069,635 1145,635 1221,636 1296,636 1372,636 1448,637 1524,637 1600,637 1675,637 1751,637 1827,637 1903,637 1979,637 1979,607 1903,607 1827,607 1751,607 1675,607 1600,607 1524,607 1448,607 1372,606 1296,606 1221,606 1145,605 1069,605 993,605 917,605 842,604 766,604 690,604 614,604 538,604 463,604"/>
                <Baseline points="463,624 538,624 614,624 690,624 766,624 842,624 917,625 993,625 1069,625 1145,625 1221,626 1296,626 1372,626 1448,627 1524,627 1600,627 1675,627 1751,627 1827,627 1903,627 1979,627"/>
                <TextEquiv>
                    <Unicode>warhaftiger kuntschaft wol underweiset sein, daz Flozz, die vesten und waz darczu gehoret, des kunigrichs zu Beheim recht eygen ist und von unwizzen und irre¬</Unicode>
                </TextEquiv>
            </TextLine>
            <TextLine id="r3l10" custom="readingOrder {index:5;} place {offset:32; length:6;}">
                <Coords points="474,673 549,672 625,672 701,671 777,671 852,671 928,671 1004,672 1080,672 1155,672 1231,672 1307,673 1383,673 1458,673 1534,673 1610,673 1686,673 1761,672 1837,671 1913,670 1989,669 1989,639 1913,640 1837,641 1761,642 1686,643 1610,643 1534,643 1458,643 1383,643 1307,643 1231,642 1155,642 1080,642 1004,642 928,641 852,641 777,641 701,641 625,642 549,642 474,643"/>
                <Baseline points="474,663 549,662 625,662 701,661 777,661 852,661 928,661 1004,662 1080,662 1155,662 1231,662 1307,663 1383,663 1458,663 1534,663 1610,663 1686,663 1761,662 1837,661 1913,660 1989,659"/>
                <TextEquiv>
                    <Unicode>sal dem egenanten kunigreich ze Beheim zu pfande worden ist in der weise als unsern und andrer unsrer mitkurfursten brife, die wir doruber geben haben volkomenlich</Unicode>
                </TextEquiv>
            </TextLine>
            <TextLine id="r3l11" custom="readingOrder {index:6;} place {offset:69; length:6;}">
                <Coords points="474,710 549,709 625,709 701,708 776,708 852,707 928,707 1003,708 1079,708 1155,708 1231,708 1306,708 1382,709 1458,709 1533,709 1609,708 1685,708 1760,707 1836,706 1912,705 1988,704 1988,674 1912,675 1836,676 1760,677 1685,678 1609,678 1533,679 1458,679 1382,679 1306,678 1231,678 1155,678 1079,678 1003,678 928,677 852,677 776,678 701,678 625,679 549,679 474,680"/>
                <Baseline points="474,700 549,699 625,699 701,698 776,698 852,697 928,697 1003,698 1079,698 1155,698 1231,698 1306,698 1382,699 1458,699 1533,699 1609,698 1685,698 1760,697 1836,696 1912,695 1988,694"/>
                <TextEquiv>
                    <Unicode>ist begriffen dovon und uff die rede, daz die hochgebornen kunige zu Beheim und die crone desselben kunigrichs in der andern pfantschaft ungehindert bleiben </Unicode>
                </TextEquiv>
            </TextLine>
            <TextLine id="r3l12" custom="readingOrder {index:7;} place {offset:16; length:5;}">
                <Coords points="464,750 540,748 616,746 692,745 768,744 845,744 921,743 997,743 1073,743 1149,743 1226,743 1302,744 1378,744 1454,744 1530,744 1607,743 1683,743 1759,742 1835,741 1911,739 1988,737 1988,707 1911,709 1835,711 1759,712 1683,713 1607,713 1530,714 1454,714 1378,714 1302,714 1226,713 1149,713 1073,713 997,713 921,713 845,714 768,714 692,715 616,716 540,718 464,720"/>
                <Baseline points="464,740 540,738 616,736 692,735 768,734 845,734 921,733 997,733 1073,733 1149,733 1226,733 1302,734 1378,734 1454,734 1530,734 1607,733 1683,733 1759,732 1835,731 1911,729 1988,727"/>
                <TextEquiv>
                    <Unicode>sint denmal daz Flozz als vorgeschriben ist, ir rechtes eigen ist und dorumb ir pfant nicht gewesen mag, so meinen, sprechen und leutern wir mit wolbedachtem</Unicode>
                </TextEquiv>
            </TextLine>
            <TextLine id="r3l13" custom="readingOrder {index:8;} place {offset:106; length:6;}">
                <Coords points="472,790 548,787 624,785 700,783 776,782 852,781 928,780 1004,780 1080,780 1156,779 1232,779 1308,779 1384,779 1460,779 1536,779 1612,779 1688,778 1764,778 1840,777 1916,775 1993,774 1993,744 1916,745 1840,747 1764,748 1688,748 1612,749 1536,749 1460,749 1384,749 1308,749 1232,749 1156,749 1080,750 1004,750 928,750 852,751 776,752 700,753 624,755 548,757 472,760"/>
                <Baseline points="472,780 548,777 624,775 700,773 776,772 852,771 928,770 1004,770 1080,770 1156,769 1232,769 1308,769 1384,769 1460,769 1536,769 1612,769 1688,768 1764,768 1840,767 1916,765 1993,764"/>
                <TextEquiv>
                    <Unicode>mute, als ein kurfurste dez heiligen reichs und obrister camerer, daz die obgenanten hochgeborn kunige zu Beheim, ir erben und nachkomen, ewiclich und die crone</Unicode>
                </TextEquiv>
            </TextLine>
            <TextLine id="r3l14" custom="readingOrder {index:9;} place {offset:25; length:6;} place {offset:100; length:4;} place {offset:143; length:9;}">
                <Coords points="474,828 550,825 626,823 702,821 778,819 854,818 930,818 1007,817 1083,817 1159,817 1235,817 1311,817 1387,817 1463,817 1540,817 1616,816 1692,815 1768,814 1844,812 1920,810 1997,807 1997,777 1920,780 1844,782 1768,784 1692,785 1616,786 1540,787 1463,787 1387,787 1311,787 1235,787 1159,787 1083,787 1007,787 930,788 854,788 778,789 702,791 626,793 550,795 474,798"/>
                <Baseline points="474,818 550,815 626,813 702,811 778,809 854,808 930,808 1007,807 1083,807 1159,807 1235,807 1311,807 1387,807 1463,807 1540,807 1616,806 1692,805 1768,804 1844,802 1920,800 1997,797"/>
                <TextEquiv>
                    <Unicode>desselben kunigreichs ze Beheim ,die obgenante vierczigtusent mark lotiges silbers, uff die stat zu Eger und dem lande und ouch uff der vesten Parkstein und</Unicode>
                </TextEquiv>
            </TextLine>
            <TextLine id="r3l15" custom="readingOrder {index:10;} place {offset:134; length:5;}">
                <Coords points="470,867 546,864 622,862 698,860 774,858 850,857 926,856 1003,855 1079,855 1155,855 1231,855 1307,855 1383,855 1459,855 1536,855 1612,854 1688,854 1764,853 1840,852 1916,851 1993,849 1993,819 1916,821 1840,822 1764,823 1688,824 1612,824 1536,825 1459,825 1383,825 1307,825 1231,825 1155,825 1079,825 1003,825 926,826 850,827 774,828 698,830 622,832 546,834 470,837"/>
                <Baseline points="470,857 546,854 622,852 698,850 774,848 850,847 926,846 1003,845 1079,845 1155,845 1231,845 1307,845 1383,845 1459,845 1536,845 1612,844 1688,844 1764,843 1840,842 1916,841 1993,839"/>
                <TextEquiv>
                    <Unicode>iren zugehorungen haben sullen, als die pfant briefe sagen, die von dez romischen reichs wegen doruber geben sint glicherweis, als ob Flozz in der egenanten</Unicode>
                </TextEquiv>
            </TextLine>
            <TextLine id="r3l16" custom="readingOrder {index:11;} place {offset:100; length:4;} date {offset:105; length:50;year:0; day:0; month:0;}">
                <Coords points="474,910 550,906 627,903 703,901 780,899 856,897 933,896 1009,895 1086,895 1162,894 1239,894 1316,894 1392,894 1469,894 1545,894 1622,894 1698,894 1775,894 1851,893 1928,892 2005,891 2005,861 1928,862 1851,863 1775,864 1698,864 1622,864 1545,864 1469,864 1392,864 1316,864 1239,864 1162,864 1086,865 1009,865 933,866 856,867 780,869 703,871 627,873 550,876 474,880"/>
                <Baseline points="474,900 550,896 627,893 703,891 780,889 856,887 933,886 1009,885 1086,885 1162,884 1239,884 1316,884 1392,884 1469,884 1545,884 1622,884 1698,884 1775,884 1851,883 1928,882 2005,881"/>
                <TextEquiv>
                    <Unicode>pfandungen nie benennet were. Mit urkund dicz briefs versigelt mit unsern insigel, der geben ist zu Prag nach Crists geburt dreuczenhundert iar und darnach</Unicode>
                </TextEquiv>
            </TextLine>
            <TextLine id="r3l17" custom="readingOrder {index:12;} date {offset:0; length:58; continued:true;year:0; day:0; month:0;}">
                <Coords points="465,946 496,947 527,947 558,947 589,947 620,946 651,945 682,945 713,944 744,943 775,942 806,940 837,939 868,938 899,937 930,936 961,935 992,934 1023,934 1054,933 1085,933 1085,903 1054,903 1023,904 992,904 961,905 930,906 899,907 868,908 837,909 806,910 775,912 744,913 713,914 682,915 651,915 620,916 589,917 558,917 527,917 496,917 465,916"/>
                <Baseline points="465,936 496,937 527,937 558,937 589,937 620,936 651,935 682,935 713,934 744,933 775,932 806,930 837,929 868,928 899,927 930,926 961,925 992,924 1023,924 1054,923 1085,923"/>
                <TextEquiv>
                    <Unicode>in dem sechczigsten iar, an unser frawen abend liechtmesse.</Unicode>
                </TextEquiv>
            </TextLine>
            <TextEquiv>
                <Unicode>Wir Ludweig genant der Romer, von Gots gnaden marggraff zu Brandemburg und zu Lusicz, dez heiligen römischen reichs obrister camerer, pfallenczgraff bey Reyn
und herezog in Beyern, bekennen und tun kunt offenlich mit disem brieff allen den, die in sehen oder horen lesen, wann vormals die stat zu Eger, mit dem
lande und die vesten Flozz und Parkstein, mit yren zugehorungen den hochgebornen kunigen zu Beheim und der cronen desselben kunigrichs vor vierczig
tausent mark lotiges silbers von wegen des heiligen romischen reichs ze rechtem pfande verseczet sein, und wann wir und andern unsern mitkurfursten mit
warhaftiger kuntschaft wol underweiset sein, daz Flozz, die vesten und waz darczu gehoret, des kunigrichs zu Beheim recht eygen ist und von unwizzen und irre¬
sal dem egenanten kunigreich ze Beheim zu pfande worden ist in der weise als unsern und andrer unsrer mitkurfursten brife, die wir doruber geben haben volkomenlich
ist begriffen dovon und uff die rede, daz die hochgebornen kunige zu Beheim und die crone desselben kunigrichs in der andern pfantschaft ungehindert bleiben 
sint denmal daz Flozz als vorgeschriben ist, ir rechtes eigen ist und dorumb ir pfant nicht gewesen mag, so meinen, sprechen und leutern wir mit wolbedachtem
mute, als ein kurfurste dez heiligen reichs und obrister camerer, daz die obgenanten hochgeborn kunige zu Beheim, ir erben und nachkomen, ewiclich und die crone
desselben kunigreichs ze Beheim ,die obgenante vierczigtusent mark lotiges silbers, uff die stat zu Eger und dem lande und ouch uff der vesten Parkstein und
iren zugehorungen haben sullen, als die pfant briefe sagen, die von dez romischen reichs wegen doruber geben sint glicherweis, als ob Flozz in der egenanten
pfandungen nie benennet were. Mit urkund dicz briefs versigelt mit unsern insigel, der geben ist zu Prag nach Crists geburt dreuczenhundert iar und darnach
in dem sechczigsten iar, an unser frawen abend liechtmesse.</Unicode>
            </TextEquiv>
        </TextRegion>
        <TextRegion id="region_1565160135700_78" custom="readingOrder {index:1;}">
            <Coords points="508,1041 334,1041 334,973 508,973"/>
            <TextLine id="line_1565160152157_84" custom="readingOrder {index:0;} person {offset:0; length:6;}">
                <Coords points="358,975 420,976 472,976 497,976 497,1026 472,1026 420,1026 357,1025"/>
                <Baseline points="357,1020 420,1021 472,1021 497,1021"/>
                <TextEquiv>
                    <Unicode>Morner   </Unicode>
                </TextEquiv>
            </TextLine>
            <TextEquiv>
                <Unicode>Morner   </Unicode>
            </TextEquiv>
        </TextRegion>
    </Page>
</PcGts>
