<?xml version="1.0" encoding="UTF-8" standalone="yes"?>
<PcGts xmlns="http://schema.primaresearch.org/PAGE/gts/pagecontent/2013-07-15" xmlns:xsi="http://www.w3.org/2001/XMLSchema-instance" xsi:schemaLocation="http://schema.primaresearch.org/PAGE/gts/pagecontent/2013-07-15 http://schema.primaresearch.org/PAGE/gts/pagecontent/2013-07-15/pagecontent.xsd">
    <Metadata>
        <Creator>TRP</Creator>
        <Created>2019-07-30T12:32:12.490+02:00</Created>
        <LastChange>2019-07-30T12:32:12.490+02:00</LastChange>
        <TranskribusMetadata docId="189700" pageId="7503882" pageNr="2" tsid="13202389" status="NEW" userId="38723" imgUrl="https://files.transkribus.eu/Get?id=SALRXXIHRIUUKMVIKIMOYKTQ&amp;fileType=view" xmlUrl="https://files.transkribus.eu/Get?id=ZOZQPCTLDHGFEEJLNXNSMSJI" imageId="4515917"/>
    </Metadata>
    <Page imageFilename="s210.jpg" imageWidth="800" imageHeight="1073"/>
</PcGts>
