<?xml version="1.0" encoding="UTF-8" standalone="yes"?>
<PcGts xmlns="http://schema.primaresearch.org/PAGE/gts/pagecontent/2013-07-15" xmlns:xsi="http://www.w3.org/2001/XMLSchema-instance" xsi:schemaLocation="http://schema.primaresearch.org/PAGE/gts/pagecontent/2013-07-15 http://schema.primaresearch.org/PAGE/gts/pagecontent/2013-07-15/pagecontent.xsd">
    <Metadata>
        <Creator>prov=University of Rostock/Institute of Mathematics/CITlab/Tobias Gruening/tobias.gruening@uni-rostock.de:name=/net_tf/LA73_249_0mod360.pb:de.uros.citlab.segmentation.CITlab_LA_ML:v=2.4.1
TRP</Creator>
        <Created>2019-08-08T15:36:35.960+02:00</Created>
        <LastChange>2019-11-14T16:58:56.740+01:00</LastChange>
        <TranskribusMetadata docId="193189" pageId="7624836" pageNr="1" tsid="19382341" status="IN_PROGRESS" userId="40502" imgUrl="https://files.transkribus.eu/Get?id=DBXCZXLFZZLAZRNWAIZZRADZ&amp;fileType=view" xmlUrl="https://files.transkribus.eu/Get?id=NVXNCWXHNZXNNOLKKQVTSNPP" imageId="4614036"/>
    </Metadata>
    <Page imageFilename="NA-ACK_13561014_00585_r.jpg" imageWidth="3000" imageHeight="2109">
        <ReadingOrder>
            <OrderedGroup id="ro_1575392175521" caption="Regions reading order">
                <RegionRefIndexed index="0" regionRef="r1"/>
            </OrderedGroup>
        </ReadingOrder>
        <TextRegion orientation="0.0" id="r1" custom="readingOrder {index:0;}">
            <Coords points="306,230 304,1377 2009,1380 2009,230"/>
            <TextLine id="r1l1" custom="readingOrder {index:0;} person {offset:4; length:8;} person {offset:14; length:8;} person {offset:24; length:8;} person {offset:34; length:8;} person {offset:47; length:28;} place {offset:65; length:10;}">
                <Coords points="314,332 417,333 499,333 580,333 662,333 744,333 825,332 907,332 988,332 1070,332 1152,332 1233,332 1315,332 1396,332 1478,332 1560,332 1641,332 1723,332 1804,333 1886,334 1968,334 1968,298 1894,276 1803,276 1727,279 1646,276 1564,277 1478,276 1398,277 1317,273 1238,276 1157,279 1075,275 991,279 913,282 827,275 744,277 670,279 586,276 506,275 426,238 314,241"/>
                <Baseline points="336,321 417,321 499,321 580,321 662,321 744,321 825,320 907,320 988,320 1070,320 1152,320 1233,320 1315,320 1396,320 1478,320 1560,320 1641,320 1723,320 1804,321 1886,322 1968,322"/>
                <TextEquiv>
                    <Unicode>Wir Dietrich, Fridrich, Heinrich, Albrecht und Otte gebruder von Vildenvels bekennen und tuen kunt offenlich mit diesem brief allen den, die in</Unicode>
                </TextEquiv>
            </TextLine>
            <TextLine id="r1l2" custom="readingOrder {index:1;} place {offset:114; length:10;}">
                <Coords points="348,372 430,372 512,371 594,371 676,371 758,371 840,371 922,372 1004,372 1086,372 1168,372 1250,373 1332,373 1414,373 1496,373 1578,373 1660,373 1742,373 1824,373 1906,372 1993,371 1999,317 1912,345 1824,342 1742,342 1660,342 1578,342 1496,342 1414,342 1332,342 1250,342 1168,341 1086,341 1004,341 922,341 840,340 758,340 676,340 594,340 512,340 430,341 348,341"/>
                <Baseline points="348,362 430,362 512,361 594,361 676,361 758,361 840,361 922,362 1004,362 1086,362 1168,362 1250,363 1332,363 1414,363 1496,363 1578,363 1660,363 1742,363 1824,363 1906,362 1988,362"/>
                <TextEquiv>
                    <Unicode>sehen oder horen lesen, daz wir mit wolbedachtem mute, mit rat unsirer freunde und mit gutem willen unser haws zu Wildenvels von dem aller</Unicode>
                </TextEquiv>
            </TextLine>
            <TextLine id="r1l3" custom="readingOrder {index:2;} person {offset:44; length:74; continued:true;} place {offset:112; length:6;}">
                <Coords points="345,420 427,419 509,418 591,418 673,417 756,417 838,416 920,416 1002,416 1084,416 1167,416 1249,416 1331,417 1413,417 1495,417 1578,417 1660,418 1742,418 1824,419 1906,419 1989,419 1989,389 1906,389 1824,389 1742,388 1660,388 1578,387 1495,387 1413,387 1331,387 1249,386 1167,386 1084,386 1002,386 920,386 838,386 756,387 673,387 591,388 509,388 427,389 345,390"/>
                <Baseline points="345,410 427,409 509,408 591,408 673,407 756,407 838,406 920,406 1002,406 1084,406 1167,406 1249,406 1331,407 1413,407 1495,407 1578,407 1660,408 1742,408 1824,409 1906,409 1989,409"/>
                <TextEquiv>
                    <Unicode>durchleuchtigisten fuersten und herren hern Karl romischem keiser zu allen zeiten merer des reichs und kunge zu Beheim, als von einem kunge</Unicode>
                </TextEquiv>
            </TextLine>
            <TextLine id="r1l4" custom="readingOrder {index:3;} place {offset:3; length:6;} place {offset:53; length:6;} person {offset:111; length:11; continued:true;}">
                <Coords points="348,462 429,463 510,463 591,463 672,463 753,463 834,462 915,462 996,461 1077,461 1158,460 1239,460 1320,460 1401,459 1482,459 1563,459 1644,460 1725,461 1806,462 1887,463 1968,465 1968,434 1887,432 1806,431 1725,430 1644,429 1563,428 1482,428 1401,428 1320,429 1239,429 1158,429 1077,430 996,430 915,431 834,431 753,432 672,432 591,432 510,432 429,432 348,431"/>
                <Baseline points="348,452 429,453 510,453 591,453 672,453 753,453 834,452 915,452 996,451 1077,451 1158,450 1239,450 1320,450 1401,449 1482,449 1563,449 1644,450 1725,451 1806,452 1887,453 1968,455"/>
                <TextEquiv>
                    <Unicode>zu Beheim, und von der cronen desselben kungrichs zu Beheim, zu rechtem manlehen empfangen haben und haben dem edlen manne</Unicode>
                </TextEquiv>
            </TextLine>
            <TextLine id="r1l5" custom="readingOrder {index:4;} person {offset:0; length:37; continued:true;} place {offset:31; length:6;}">
                <Coords points="349,512 430,513 511,513 592,514 673,514 755,514 836,514 917,514 998,513 1079,513 1161,513 1242,512 1323,512 1404,511 1485,511 1567,511 1648,510 1729,510 1810,510 1891,510 1973,510 1973,476 1891,476 1810,476 1729,476 1648,476 1567,477 1485,477 1404,477 1323,478 1242,478 1161,479 1079,479 998,479 917,480 836,480 755,480 673,480 592,480 511,479 430,479 349,478"/>
                <Baseline points="349,501 430,502 511,502 592,503 673,503 755,503 836,503 917,503 998,502 1079,502 1161,502 1242,501 1323,501 1404,500 1485,500 1567,500 1648,499 1729,499 1810,499 1891,499 1973,499"/>
                <TextEquiv>
                    <Unicode>hern Albrechten Foertschen von Turnaw, unserm freunde, gancze, vollenkumene macht und ouch gewalt gegeben dem egenanten unserm herren, dem</Unicode>
                </TextEquiv>
            </TextLine>
            <TextLine id="r1l6" custom="readingOrder {index:5;} place {offset:9; length:6;}">
                <Coords points="347,563 428,563 509,564 591,564 672,564 753,565 835,565 916,565 997,565 1079,565 1160,565 1241,565 1323,565 1404,565 1485,564 1567,564 1648,563 1729,562 1811,562 1892,561 1974,560 1974,524 1892,525 1811,526 1729,526 1648,527 1567,528 1485,528 1404,529 1323,529 1241,529 1160,529 1079,529 997,529 916,529 835,529 753,529 672,528 591,528 509,528 428,527 347,527"/>
                <Baseline points="347,551 428,551 509,552 591,552 672,552 753,553 835,553 916,553 997,553 1079,553 1160,553 1241,553 1323,553 1404,553 1485,552 1567,552 1648,551 1729,550 1811,550 1892,549 1974,548"/>
                <TextEquiv>
                    <Unicode>kunge zu Beheim, und der cronen desselben kungrichs zegeloben und zesweren zu den heiligen uff unsir sele, daz wir dem obgenanten</Unicode>
                </TextEquiv>
            </TextLine>
            <TextLine id="r1l7" custom="readingOrder {index:6;} place {offset:33; length:6;} place {offset:79; length:6;}">
                <Coords points="351,612 432,612 513,613 595,613 676,614 758,614 839,615 921,616 1002,616 1084,617 1165,617 1246,617 1328,618 1409,618 1491,617 1572,617 1654,616 1735,615 1817,614 1898,613 1980,611 1980,577 1898,579 1817,580 1735,581 1654,582 1572,583 1491,583 1409,584 1328,584 1246,583 1165,583 1084,583 1002,582 921,582 839,581 758,580 676,580 595,579 513,579 432,578 351,578"/>
                <Baseline points="351,601 432,601 513,602 595,602 676,603 758,603 839,604 921,605 1002,605 1084,606 1165,606 1246,606 1328,607 1409,607 1491,606 1572,606 1654,605 1735,604 1817,603 1898,602 1980,600"/>
                <TextEquiv>
                    <Unicode>unserm herren als einem kunge zu Beheim, seinen erben und nachkumen, kungen zu Beheim, und der cronen desselben kungrichs ewiclich</Unicode>
                </TextEquiv>
            </TextLine>
            <TextLine id="r1l8" custom="readingOrder {index:7;}">
                <Coords points="351,661 431,661 512,660 593,660 674,660 754,661 835,662 916,662 997,663 1077,664 1158,665 1239,666 1320,667 1400,668 1481,668 1562,669 1643,669 1723,668 1804,667 1885,666 1966,664 1966,630 1885,632 1804,633 1723,634 1643,635 1562,635 1481,634 1400,634 1320,633 1239,632 1158,631 1077,630 997,629 916,628 835,628 754,627 674,626 593,626 512,626 431,627 351,627"/>
                <Baseline points="351,650 431,650 512,649 593,649 674,649 754,650 835,651 916,651 997,652 1077,653 1158,654 1239,655 1320,656 1400,657 1481,657 1562,658 1643,658 1723,657 1804,656 1885,655 1966,653"/>
                <TextEquiv>
                    <Unicode>getrew, hold, gehorsam, und ouch undertenig sein wollen und suellen als unserer erblichen herschaft und allez daz gein in tun, daz manne</Unicode>
                </TextEquiv>
            </TextLine>
            <TextLine id="r1l9" custom="readingOrder {index:8;}">
                <Coords points="355,711 436,711 518,712 599,712 681,713 762,714 844,715 925,716 1007,717 1088,718 1170,719 1252,720 1333,720 1415,721 1496,721 1578,721 1659,721 1741,720 1822,719 1904,718 1986,716 1986,680 1904,682 1822,683 1741,684 1659,685 1578,685 1496,685 1415,685 1333,684 1252,684 1170,683 1088,682 1007,681 925,680 844,679 762,678 681,677 599,676 518,676 436,675 355,675"/>
                <Baseline points="355,699 436,699 518,700 599,700 681,701 762,702 844,703 925,704 1007,705 1088,706 1170,707 1252,708 1333,708 1415,709 1496,709 1578,709 1659,709 1741,708 1822,707 1904,706 1986,704"/>
                <TextEquiv>
                    <Unicode>gein iren rechten herren durch recht und durch erber lobliche gewonheit zetuen pflichtig sind, und daz dem egenanten unserm herren, als einen</Unicode>
                </TextEquiv>
            </TextLine>
            <TextLine id="r1l10" custom="readingOrder {index:9;} place {offset:9; length:6;} place {offset:55; length:6;}">
                <Coords points="351,763 431,763 511,763 591,763 672,763 752,764 832,764 913,765 993,766 1073,767 1154,768 1234,768 1314,769 1394,770 1475,771 1555,771 1635,771 1716,771 1796,771 1876,771 1957,770 1957,737 1876,738 1796,738 1716,738 1635,738 1555,738 1475,738 1394,737 1314,736 1234,735 1154,735 1073,734 993,733 913,732 832,731 752,731 672,730 591,730 511,730 431,730 351,730"/>
                <Baseline points="351,752 431,752 511,752 591,752 672,752 752,753 832,753 913,754 993,755 1073,756 1154,757 1234,757 1314,758 1394,759 1475,760 1555,760 1635,760 1716,760 1796,760 1876,760 1957,759"/>
                <TextEquiv>
                    <Unicode>kunge zu Beheim, seinen erben und nachkumen, kungen zu Beheim, ewiclichen und iren obristen und kuntlichen amptleuten daz egenanten</Unicode>
                </TextEquiv>
            </TextLine>
            <TextLine id="r1l11" custom="readingOrder {index:10;} place {offset:11; length:10;}">
                <Coords points="351,809 432,810 513,811 594,812 676,813 757,814 838,815 919,816 1001,817 1082,818 1163,819 1244,819 1326,819 1407,820 1488,820 1569,820 1651,820 1732,819 1813,818 1894,818 1976,817 1976,784 1894,785 1813,785 1732,786 1651,787 1569,787 1488,787 1407,787 1326,786 1244,786 1163,786 1082,785 1001,784 919,783 838,782 757,781 676,780 594,779 513,778 432,777 351,776"/>
                <Baseline points="351,798 432,799 513,800 594,801 676,802 757,803 838,804 919,805 1001,806 1082,807 1163,808 1244,808 1326,808 1407,809 1488,809 1569,809 1651,809 1732,808 1813,807 1894,807 1976,806"/>
                <TextEquiv>
                    <Unicode>unser haus Wildenvels offen sein sol zu allen iren notdurften wider allermenglich, niemant uzgenomen. Und alle die vorgenanten gelubde und</Unicode>
                </TextEquiv>
            </TextLine>
            <TextLine id="r1l12" custom="readingOrder {index:11;} person {offset:29; length:8;}">
                <Coords points="358,859 438,860 519,861 600,862 681,863 762,864 843,865 923,866 1004,867 1085,869 1166,870 1247,870 1328,871 1409,872 1489,872 1570,872 1651,872 1732,871 1813,870 1894,868 1975,866 1975,830 1894,832 1813,834 1732,835 1651,836 1570,836 1489,836 1409,836 1328,835 1247,834 1166,834 1085,833 1004,831 923,830 843,829 762,828 681,827 600,826 519,825 438,824 358,823"/>
                <Baseline points="358,847 438,848 519,849 600,850 681,851 762,852 843,853 923,854 1004,855 1085,857 1166,858 1247,858 1328,859 1409,860 1489,860 1570,860 1651,860 1732,859 1813,858 1894,856 1975,854"/>
                <TextEquiv>
                    <Unicode>ouch eyde, die der egenanten Albrecht von unsern wegen getan hat, die geloben wir zeanderweiden und zeuernewen mit unser selbs gegenwer¬</Unicode>
                </TextEquiv>
            </TextLine>
            <TextLine id="r1l13" custom="readingOrder {index:12;} place {offset:72; length:6;} place {offset:123; length:6;}">
                <Coords points="367,908 448,908 529,909 611,910 692,911 774,912 855,913 937,915 1018,916 1100,918 1181,919 1262,921 1344,922 1425,923 1507,923 1588,923 1670,923 1751,923 1833,922 1914,920 1996,918 1996,882 1914,884 1833,886 1751,887 1670,887 1588,887 1507,887 1425,887 1344,886 1262,885 1181,883 1100,882 1018,880 937,879 855,877 774,876 692,875 611,874 529,873 448,872 367,872"/>
                <Baseline points="367,896 448,896 529,897 611,898 692,899 774,900 855,901 937,903 1018,904 1100,906 1181,907 1262,909 1344,910 1425,911 1507,911 1588,911 1670,911 1751,911 1833,910 1914,908 1996,906"/>
                <TextEquiv>
                    <Unicode>tikeit, wenn wir desselben von dem egenanten unserm herren dem kunge zu Beheim, oder seinen erben und nachkumen, kungen zu Beheim, erma¬</Unicode>
                </TextEquiv>
            </TextLine>
            <TextLine id="r1l14" custom="readingOrder {index:13;}">
                <Coords points="366,958 447,959 528,961 610,962 691,964 773,965 854,967 936,968 1017,969 1099,971 1180,972 1261,973 1343,973 1424,974 1506,974 1587,974 1669,974 1750,974 1832,973 1913,972 1995,970 1995,934 1913,936 1832,937 1750,938 1669,938 1587,938 1506,938 1424,938 1343,937 1261,937 1180,936 1099,935 1017,933 936,932 854,931 773,929 691,928 610,926 528,925 447,923 366,922"/>
                <Baseline points="366,946 447,947 528,949 610,950 691,952 773,953 854,955 936,956 1017,957 1099,959 1180,960 1261,961 1343,961 1424,962 1506,962 1587,962 1669,962 1750,962 1832,961 1913,960 1995,958"/>
                <TextEquiv>
                    <Unicode>net werden und alle die obgenanten gelubde und eyde und ycliche besunder geloben wir fuer uns, unsir erben und nachkumen ewiclich dem</Unicode>
                </TextEquiv>
            </TextLine>
            <TextLine id="r1l15" custom="readingOrder {index:14;}">
                <Coords points="372,1008 452,1010 533,1012 613,1015 694,1016 775,1018 855,1020 936,1022 1017,1023 1097,1024 1178,1025 1259,1026 1339,1026 1420,1027 1501,1027 1581,1027 1662,1026 1743,1026 1823,1025 1904,1024 1985,1022 1985,986 1904,988 1823,989 1743,990 1662,990 1581,991 1501,991 1420,991 1339,990 1259,990 1178,989 1097,988 1017,987 936,986 855,984 775,982 694,980 613,979 533,976 452,974 372,972"/>
                <Baseline points="372,996 452,998 533,1000 613,1003 694,1004 775,1006 855,1008 936,1010 1017,1011 1097,1012 1178,1013 1259,1014 1339,1014 1420,1015 1501,1015 1581,1015 1662,1014 1743,1014 1823,1013 1904,1012 1985,1010"/>
                <TextEquiv>
                    <Unicode>egenanten unserm herren, seinen erben und nachkumen stet, gancz und unverruket zehaben und zehalten. Und zu mererer sicherheit und ouch</Unicode>
                </TextEquiv>
            </TextLine>
            <TextLine id="r1l16" custom="readingOrder {index:15;} person {offset:75; length:29;} place {offset:96; length:8;} person {offset:111; length:12; continued:true;}">
                <Coords points="365,1058 444,1060 524,1062 604,1064 683,1066 763,1068 843,1070 922,1071 1002,1073 1082,1075 1162,1076 1241,1077 1321,1078 1401,1079 1480,1079 1560,1080 1640,1080 1719,1079 1799,1079 1879,1078 1959,1076 1959,1040 1879,1042 1799,1043 1719,1043 1640,1044 1560,1044 1480,1043 1401,1043 1321,1042 1241,1041 1162,1040 1082,1039 1002,1037 922,1035 843,1034 763,1032 683,1030 604,1028 524,1026 444,1024 365,1022"/>
                <Baseline points="365,1046 444,1048 524,1050 604,1052 683,1054 763,1056 843,1058 922,1059 1002,1061 1082,1063 1162,1064 1241,1065 1321,1066 1401,1067 1480,1067 1560,1068 1640,1068 1719,1067 1799,1067 1879,1066 1959,1064"/>
                <TextEquiv>
                    <Unicode>zu ewigem gedechtnuzze diser sachen haben wir gebeten die edlen leute hern Albrecht Nothaft vom Tyrstein, hern Heinrich von</Unicode>
                </TextEquiv>
            </TextLine>
            <TextLine id="r1l17" custom="readingOrder {index:16;} person {offset:0; length:26; continued:true;} place {offset:0; length:11;} place {offset:16; length:10;} person {offset:36; length:38;} place {offset:49; length:11;} place {offset:65; length:9;}">
                <Coords points="371,1109 452,1110 533,1112 614,1113 695,1115 776,1117 857,1119 938,1120 1019,1122 1100,1124 1181,1125 1262,1127 1343,1128 1424,1129 1505,1130 1586,1131 1667,1131 1748,1131 1829,1131 1910,1131 1991,1130 1991,1096 1910,1097 1829,1097 1748,1097 1667,1097 1586,1097 1505,1096 1424,1095 1343,1094 1262,1093 1181,1091 1100,1090 1019,1088 938,1086 857,1085 776,1083 695,1081 614,1079 533,1078 452,1076 371,1075"/>
                <Baseline points="371,1098 452,1099 533,1101 614,1102 695,1104 776,1106 857,1108 938,1109 1019,1111 1100,1113 1181,1114 1262,1116 1343,1117 1424,1118 1505,1119 1586,1120 1667,1120 1748,1120 1829,1120 1910,1120 1991,1119"/>
                <TextEquiv>
                    <Unicode>Wildenstein von Stralnvels und hern Heinrich von Wildenstein vom Botemberg, daz sie ouch ire insigel an disen brief zu gezeugnuzze</Unicode>
                </TextEquiv>
            </TextLine>
            <TextLine id="r1l18" custom="readingOrder {index:17;} person {offset:40; length:29;} place {offset:61; length:8;} person {offset:71; length:39;} place {offset:84; length:11;} place {offset:100; length:10;} person {offset:115; length:12; continued:true;}">
                <Coords points="371,1157 451,1160 531,1163 612,1165 692,1168 773,1171 853,1173 934,1175 1014,1177 1095,1178 1175,1180 1255,1181 1336,1182 1416,1182 1497,1183 1577,1183 1658,1183 1738,1183 1819,1182 1899,1181 1980,1180 1980,1146 1899,1147 1819,1148 1738,1149 1658,1149 1577,1149 1497,1149 1416,1148 1336,1148 1255,1147 1175,1146 1095,1144 1014,1143 934,1141 853,1139 773,1137 692,1134 612,1131 531,1129 451,1126 371,1123"/>
                <Baseline points="371,1146 451,1149 531,1152 612,1154 692,1157 773,1160 853,1162 934,1164 1014,1166 1095,1167 1175,1169 1255,1170 1336,1171 1416,1171 1497,1172 1577,1172 1658,1172 1738,1172 1819,1171 1899,1170 1980,1169"/>
                <TextEquiv>
                    <Unicode>gehenget haben. Und wir die vorgenanten Albrecht Nothaft vom Tyrstein, Heinrich von Wildenstein von Stralnvels und Heinrich von</Unicode>
                </TextEquiv>
            </TextLine>
            <TextLine id="r1l19" custom="readingOrder {index:18;} person {offset:0; length:25; continued:true;} place {offset:0; length:11;} place {offset:16; length:9;} person {offset:99; length:9;} person {offset:110; length:9;} person {offset:121; length:9;} person {offset:132; length:9;}">
                <Coords points="376,1208 456,1210 537,1212 617,1214 698,1217 779,1219 859,1221 940,1223 1020,1225 1101,1227 1182,1229 1262,1230 1343,1231 1423,1232 1504,1233 1585,1233 1665,1233 1746,1232 1826,1231 1907,1230 1988,1228 1988,1194 1907,1196 1826,1197 1746,1198 1665,1199 1585,1199 1504,1199 1423,1198 1343,1197 1262,1196 1182,1195 1101,1193 1020,1191 940,1189 859,1187 779,1185 698,1183 617,1180 537,1178 456,1176 376,1174"/>
                <Baseline points="376,1197 456,1199 537,1201 617,1203 698,1206 779,1208 859,1210 940,1212 1020,1214 1101,1216 1182,1218 1262,1219 1343,1220 1423,1221 1504,1222 1585,1222 1665,1222 1746,1221 1826,1220 1907,1219 1988,1217"/>
                <TextEquiv>
                    <Unicode>Wildenstein vom Botemberg bekennen offenlich, daz wir durch sunderlicher bete willen der egenanten Dytreichs, Fridrichs, Heinrichs, Albrechts</Unicode>
                </TextEquiv>
            </TextLine>
            <TextLine id="r1l20" custom="readingOrder {index:19;} person {offset:4; length:31;} place {offset:25; length:10;}">
                <Coords points="374,1256 455,1258 536,1261 617,1263 698,1266 779,1268 860,1270 942,1272 1023,1274 1104,1275 1185,1277 1266,1278 1347,1279 1428,1280 1510,1281 1591,1281 1672,1281 1753,1281 1834,1281 1915,1280 1997,1279 1997,1245 1915,1246 1834,1247 1753,1247 1672,1247 1591,1247 1510,1247 1428,1246 1347,1245 1266,1244 1185,1243 1104,1241 1023,1240 942,1238 860,1236 779,1234 698,1232 617,1229 536,1227 455,1224 374,1222"/>
                <Baseline points="374,1245 455,1247 536,1250 617,1252 698,1255 779,1257 860,1259 942,1261 1023,1263 1104,1264 1185,1266 1266,1267 1347,1268 1428,1269 1510,1270 1591,1270 1672,1270 1753,1270 1834,1270 1915,1269 1997,1268"/>
                <TextEquiv>
                    <Unicode>und Ottens, gebruder von Wildenvels unsere insigel zu gezeugnuzze an disen brief gehenget haben. Mit urkunde dics briefs, ver¬</Unicode>
                </TextEquiv>
            </TextLine>
            <TextLine id="r1l21" custom="readingOrder {index:20;} place {offset:49; length:9;} date {offset:60; length:72; continued:true;year:0; day:0; month:0;}">
                <Coords points="378,1305 459,1308 541,1311 622,1314 704,1316 785,1318 867,1320 948,1322 1030,1324 1111,1326 1193,1327 1275,1328 1356,1329 1438,1329 1519,1329 1601,1329 1682,1329 1764,1328 1845,1327 1927,1326 2009,1324 2009,1290 1927,1292 1845,1293 1764,1294 1682,1295 1601,1295 1519,1295 1438,1295 1356,1295 1275,1294 1193,1293 1111,1292 1030,1290 948,1288 867,1286 785,1284 704,1282 622,1280 541,1277 459,1274 378,1271"/>
                <Baseline points="378,1294 459,1297 541,1300 622,1303 704,1305 785,1307 867,1309 948,1311 1030,1313 1111,1315 1193,1316 1275,1317 1356,1318 1438,1318 1519,1318 1601,1318 1682,1318 1764,1317 1845,1316 1927,1315 2009,1313"/>
                <TextEquiv>
                    <Unicode>sigelt mit unsir aller insigel, der geben ist zu Sulczpach, nach Christs geburt dreuczenhundert jar und in dem sehs und fumfczigsten</Unicode>
                </TextEquiv>
            </TextLine>
            <TextLine id="r1l22" custom="readingOrder {index:21;} date {offset:0; length:53; continued:true;year:0; day:0; month:0;}">
                <Coords points="362,1361 399,1361 437,1362 474,1363 512,1364 550,1365 587,1366 625,1367 662,1369 700,1370 738,1371 775,1372 813,1374 850,1375 888,1376 926,1377 963,1378 1001,1378 1038,1379 1076,1379 1114,1380 1114,1344 1076,1343 1038,1343 1001,1342 963,1342 926,1341 888,1340 850,1339 813,1338 775,1336 738,1335 700,1334 662,1333 625,1331 587,1330 550,1329 512,1328 474,1327 437,1326 399,1325 362,1325"/>
                <Baseline points="362,1349 399,1349 437,1350 474,1351 512,1352 550,1353 587,1354 625,1355 662,1357 700,1358 738,1359 775,1360 813,1362 850,1363 888,1364 926,1365 963,1366 1001,1366 1038,1367 1076,1367 1114,1368"/>
                <TextEquiv>
                    <Unicode>jare, an dem nechsten Freitag nach santh Dyonisen tag.</Unicode>
                </TextEquiv>
            </TextLine>
            <TextEquiv>
                <Unicode>Wir Dietrich, Fridrich, Heinrich, Albrecht und Otte gebruder von Vildenvels bekennen und tuen kunt offenlich mit diesem brief allen den, die in
sehen oder horen lesen, daz wir mit wolbedachtem mute, mit rat unsirer freunde und mit gutem willen unser haws zu Wildenvels von dem aller
durchleuchtigisten fuersten und herren hern Karl romischem keiser zu allen zeiten merer des reichs und kunge zu Beheim, als von einem kunge
zu Beheim, und von der cronen desselben kungrichs zu Beheim, zu rechtem manlehen empfangen haben und haben dem edlen manne
hern Albrechten Foertschen von Turnaw, unserm freunde, gancze, vollenkumene macht und ouch gewalt gegeben dem egenanten unserm herren, dem
kunge zu Beheim, und der cronen desselben kungrichs zegeloben und zesweren zu den heiligen uff unsir sele, daz wir dem obgenanten
unserm herren als einem kunge zu Beheim, seinen erben und nachkumen, kungen zu Beheim, und der cronen desselben kungrichs ewiclich
getrew, hold, gehorsam, und ouch undertenig sein wollen und suellen als unserer erblichen herschaft und allez daz gein in tun, daz manne
gein iren rechten herren durch recht und durch erber lobliche gewonheit zetuen pflichtig sind, und daz dem egenanten unserm herren, als einen
kunge zu Beheim, seinen erben und nachkumen, kungen zu Beheim, ewiclichen und iren obristen und kuntlichen amptleuten daz egenanten
unser haus Wildenvels offen sein sol zu allen iren notdurften wider allermenglich, niemant uzgenomen. Und alle die vorgenanten gelubde und
ouch eyde, die der egenanten Albrecht von unsern wegen getan hat, die geloben wir zeanderweiden und zeuernewen mit unser selbs gegenwer¬
tikeit, wenn wir desselben von dem egenanten unserm herren dem kunge zu Beheim, oder seinen erben und nachkumen, kungen zu Beheim, erma¬
net werden und alle die obgenanten gelubde und eyde und ycliche besunder geloben wir fuer uns, unsir erben und nachkumen ewiclich dem
egenanten unserm herren, seinen erben und nachkumen stet, gancz und unverruket zehaben und zehalten. Und zu mererer sicherheit und ouch
zu ewigem gedechtnuzze diser sachen haben wir gebeten die edlen leute hern Albrecht Nothaft vom Tyrstein, hern Heinrich von
Wildenstein von Stralnvels und hern Heinrich von Wildenstein vom Botemberg, daz sie ouch ire insigel an disen brief zu gezeugnuzze
gehenget haben. Und wir die vorgenanten Albrecht Nothaft vom Tyrstein, Heinrich von Wildenstein von Stralnvels und Heinrich von
Wildenstein vom Botemberg bekennen offenlich, daz wir durch sunderlicher bete willen der egenanten Dytreichs, Fridrichs, Heinrichs, Albrechts
und Ottens, gebruder von Wildenvels unsere insigel zu gezeugnuzze an disen brief gehenget haben. Mit urkunde dics briefs, ver¬
sigelt mit unsir aller insigel, der geben ist zu Sulczpach, nach Christs geburt dreuczenhundert jar und in dem sehs und fumfczigsten
jare, an dem nechsten Freitag nach santh Dyonisen tag.</Unicode>
            </TextEquiv>
        </TextRegion>
    </Page>
</PcGts>
