<?xml version="1.0" encoding="UTF-8" standalone="yes"?>
<PcGts xmlns="http://schema.primaresearch.org/PAGE/gts/pagecontent/2013-07-15" xmlns:xsi="http://www.w3.org/2001/XMLSchema-instance" xsi:schemaLocation="http://schema.primaresearch.org/PAGE/gts/pagecontent/2013-07-15 http://schema.primaresearch.org/PAGE/gts/pagecontent/2013-07-15/pagecontent.xsd">
    <Metadata>
        <Creator>TRP</Creator>
        <Created>2019-08-07T11:08:25.728+02:00</Created>
        <LastChange>2019-08-07T11:08:25.728+02:00</LastChange>
        <TranskribusMetadata docId="192613" pageId="7606700" pageNr="2" tsid="13425454" status="NEW" userId="40502" imgUrl="https://files.transkribus.eu/Get?id=UVCEAGIWFAPPJZDBHGLZJSOS&amp;fileType=view" xmlUrl="https://files.transkribus.eu/Get?id=PGZJXYJMTGVKBGJOTKABTMYB" imageId="4602435"/>
    </Metadata>
    <Page imageFilename="NA-ACK_13600202_00724_r.jpg" imageWidth="8485" imageHeight="6566"/>
</PcGts>
