<?xml version="1.0" encoding="UTF-8" standalone="yes"?>
<PcGts xmlns="http://schema.primaresearch.org/PAGE/gts/pagecontent/2013-07-15" xmlns:xsi="http://www.w3.org/2001/XMLSchema-instance" xsi:schemaLocation="http://schema.primaresearch.org/PAGE/gts/pagecontent/2013-07-15 http://schema.primaresearch.org/PAGE/gts/pagecontent/2013-07-15/pagecontent.xsd">
    <Metadata>
        <Creator>prov=University of Rostock/Institute of Mathematics/CITlab/Tobias Gruening/tobias.gruening@uni-rostock.de:name=/net_tf/LA73_249_0mod360.pb:de.uros.citlab.segmentation.CITlab_LA_ML:v=2.4.2
TRP</Creator>
        <Created>2019-09-18T15:26:23.766+02:00</Created>
        <LastChange>2019-11-12T16:43:38.066+01:00</LastChange>
        <TranskribusMetadata docId="212858" pageId="9135620" pageNr="1" tsid="19274196" status="IN_PROGRESS" userId="40502" imgUrl="https://files.transkribus.eu/Get?id=GUFWJRNEXBXTZOFRZLOFJDUY&amp;fileType=view" xmlUrl="https://files.transkribus.eu/Get?id=MNGSXCVDEMFWSKTUGHADNLEL" imageId="5899704"/>
    </Metadata>
    <Page imageFilename="NA-ACK_14540306_01588_M.jpg" imageWidth="3000" imageHeight="2312">
        <ReadingOrder>
            <OrderedGroup id="ro_1575392234089" caption="Regions reading order">
                <RegionRefIndexed index="0" regionRef="r2"/>
            </OrderedGroup>
        </ReadingOrder>
        <TextRegion orientation="0.0" id="r2" custom="readingOrder {index:0;}">
            <Coords points="460,47 460,971 2160,971 2160,47"/>
            <TextLine id="r2l2" custom="readingOrder {index:0;} person {offset:0; length:71;} place {offset:28; length:7;} place {offset:46; length:9;} place {offset:65; length:6;} person {offset:97; length:57; continued:true;} place {offset:127; length:8;} place {offset:137; length:7;}">
                <Coords points="389,371 543,375 626,376 709,377 792,377 875,377 958,377 1041,376 1124,375 1207,374 1290,372 1373,370 1456,369 1539,367 1622,364 1705,362 1788,360 1871,358 1954,356 2037,355 2121,353 2133,303 2080,266 2024,231 1908,204 1838,261 1745,266 1663,251 1564,258 1473,311 1393,314 1335,300 1235,279 1156,254 1084,295 1024,280 919,267 819,265 739,276 683,133 583,133 395,127"/>
                <Baseline points="460,362 543,365 626,366 709,367 792,367 875,367 958,367 1041,366 1124,365 1207,364 1290,362 1373,360 1456,359 1539,357 1622,354 1705,352 1788,350 1871,348 1954,346 2037,345 2121,343"/>
                <TextEquiv>
                    <Unicode>Elizabeth, Deigracia regina Polonie, magnadux Litphanie et heres Russie, nata serenissimi domini Alberti, Deigracia Romanorum, Hungarie, Bohemie et cetera</Unicode>
                </TextEquiv>
            </TextLine>
            <TextLine id="r2l3" custom="readingOrder {index:1;} person {offset:0; length:52; continued:true;} place {offset:13; length:7;} place {offset:35; length:7;}">
                <Coords points="501,404 582,405 664,406 745,406 827,406 909,406 990,405 1072,405 1153,403 1235,402 1317,400 1398,399 1480,397 1561,395 1643,393 1725,391 1806,389 1888,387 1969,386 2051,384 2133,383 2133,353 2051,354 1969,356 1888,357 1806,359 1725,361 1643,363 1561,365 1480,367 1398,369 1317,370 1235,372 1153,373 1072,375 990,375 909,376 827,376 745,376 664,376 582,375 501,374"/>
                <Baseline points="501,394 582,395 664,396 745,396 827,396 909,396 990,395 1072,395 1153,393 1235,392 1317,390 1398,389 1480,387 1561,385 1643,383 1725,381 1806,379 1888,377 1969,376 2051,374 2133,373"/>
                <TextEquiv>
                    <Unicode>regis, ducis Austrie et marchionis Moravie et cetera, recognoscimus pro nobis heredibus et successoribus nostris tenore presencium significantes, quibus expedit universis,</Unicode>
                </TextEquiv>
            </TextLine>
            <TextLine id="r2l4" custom="readingOrder {index:2;} person {offset:44; length:94; continued:true;} place {offset:65; length:8;} place {offset:75; length:7;} place {offset:102; length:7;} place {offset:121; length:7;}">
                <Coords points="501,433 582,434 664,436 745,436 827,436 909,436 990,435 1072,434 1153,433 1235,431 1317,429 1398,427 1480,424 1561,422 1643,420 1725,418 1806,416 1888,414 1969,412 2051,410 2133,410 2133,380 2051,380 1969,382 1888,384 1806,386 1725,388 1643,390 1561,392 1480,394 1398,397 1317,399 1235,401 1153,403 1072,404 990,405 909,406 827,406 745,406 664,406 582,404 501,403"/>
                <Baseline points="501,423 582,424 664,426 745,426 827,426 909,426 990,425 1072,424 1153,423 1235,421 1317,419 1398,417 1480,414 1561,412 1643,410 1725,408 1806,406 1888,404 1969,402 2051,400 2133,400"/>
                <TextEquiv>
                    <Unicode>quemadmodum illustrissimus princeps dominus Ladislaus, Deigracia Hungarie, Bohemie et cetera rex, duc Austrie marchioque Moravie et cetera, dominus et frater</Unicode>
                </TextEquiv>
            </TextLine>
            <TextLine id="r2l5" custom="readingOrder {index:3;}">
                <Coords points="509,461 590,463 671,464 752,464 833,464 914,464 995,463 1076,462 1157,460 1238,459 1319,457 1400,455 1481,453 1562,450 1643,448 1724,446 1805,444 1886,442 1967,441 2048,439 2129,438 2129,408 2048,409 1967,411 1886,412 1805,414 1724,416 1643,418 1562,420 1481,423 1400,425 1319,427 1238,429 1157,430 1076,432 995,433 914,434 833,434 752,434 671,434 590,433 509,431"/>
                <Baseline points="509,451 590,453 671,454 752,454 833,454 914,454 995,453 1076,452 1157,450 1238,449 1319,447 1400,445 1481,443 1562,440 1643,438 1724,436 1805,434 1886,432 1967,431 2048,429 2129,428"/>
                <TextEquiv>
                    <Unicode>noster carissimus, spontanea voluntate ac de principum spiritualium et secularium, prelatorum, baronum, procerum et plurimorum aliorum fidelium et subditorum</Unicode>
                </TextEquiv>
            </TextLine>
            <TextLine id="r2l6" custom="readingOrder {index:4;} person {offset:49; length:70;} place {offset:64; length:7;} place {offset:83; length:9;} place {offset:103; length:6;}">
                <Coords points="497,493 596,492 678,493 759,493 841,493 922,493 1004,492 1085,491 1167,489 1248,488 1330,486 1411,484 1493,481 1574,479 1656,477 1737,474 1819,472 1900,470 1982,468 2063,465 2145,464 2145,434 2063,435 1982,438 1900,440 1819,442 1737,444 1656,447 1574,449 1493,451 1411,454 1330,456 1248,458 1167,459 1085,461 1004,462 922,463 841,463 759,463 678,463 596,462 497,463"/>
                <Baseline points="515,481 596,482 678,483 759,483 841,483 922,483 1004,482 1085,481 1167,479 1248,478 1330,476 1411,474 1493,471 1574,469 1656,467 1737,464 1819,462 1900,460 1982,458 2063,455 2145,454"/>
                <TextEquiv>
                    <Unicode>suorum consiliio nos serenissimo principi domino Kazimiro, regi Polonie, magnoduci Litphanie et heredi Russie et cetera, domino et conthorali nostro carissimo, in </Unicode>
                </TextEquiv>
            </TextLine>
            <TextLine id="r2l7" custom="readingOrder {index:5;}">
                <Coords points="491,519 596,521 678,522 760,522 841,521 923,521 1005,520 1086,519 1168,518 1250,516 1332,514 1413,512 1495,510 1577,508 1658,506 1740,503 1822,500 1903,498 1985,495 2067,492 2162,487 2162,457 2067,462 1985,465 1903,468 1822,470 1740,473 1658,476 1577,478 1495,480 1413,482 1332,484 1250,486 1168,488 1086,489 1005,490 923,491 841,491 760,492 678,492 596,491 491,489"/>
                <Baseline points="515,511 596,511 678,512 760,512 841,511 923,511 1005,510 1086,509 1168,508 1250,506 1332,504 1413,502 1495,500 1577,498 1658,496 1740,493 1822,490 1903,488 1985,485 2067,482 2149,479"/>
                <TextEquiv>
                    <Unicode>legittimam consortem tradiderit et desponsauerit, eidemque sponso nostro ac nobis tantam dotem pro maritagio daturus et persoluturus est, de qua nos dominusque</Unicode>
                </TextEquiv>
            </TextLine>
            <TextLine id="r2l8" custom="readingOrder {index:6;} person {offset:110; length:15;}">
                <Coords points="507,548 589,549 672,550 754,550 837,549 919,549 1002,548 1084,547 1167,546 1249,545 1332,543 1414,541 1497,539 1579,537 1662,535 1744,533 1827,530 1909,528 1992,526 2074,523 2157,521 2157,491 2074,493 1992,496 1909,498 1827,500 1744,503 1662,505 1579,507 1497,509 1414,511 1332,513 1249,515 1167,516 1084,517 1002,518 919,519 837,519 754,520 672,520 589,519 507,518"/>
                <Baseline points="507,538 589,539 672,540 754,540 837,539 919,539 1002,538 1084,537 1167,536 1249,535 1332,533 1414,531 1497,529 1579,527 1662,525 1744,523 1827,520 1909,518 1992,516 2074,513 2157,511"/>
                <TextEquiv>
                    <Unicode>rex conthoralis noster contentamur ac infuturum contentabimur, ita nos erga dictum dominum et fratrem nostrum regem Ladislaum suosque heredes ex femore suo pro¬</Unicode>
                </TextEquiv>
            </TextLine>
            <TextLine id="r2l9" custom="readingOrder {index:7;}">
                <Coords points="507,577 587,578 668,578 748,578 829,577 909,577 990,576 1070,575 1151,574 1231,573 1312,571 1393,570 1473,568 1554,566 1634,565 1715,563 1795,561 1876,558 1956,556 2037,554 2118,552 2118,522 2037,524 1956,526 1876,528 1795,531 1715,533 1634,535 1554,536 1473,538 1393,540 1312,541 1231,543 1151,544 1070,545 990,546 909,547 829,547 748,548 668,548 587,548 507,547"/>
                <Baseline points="507,567 587,568 668,568 748,568 829,567 909,567 990,566 1070,565 1151,564 1231,563 1312,561 1393,560 1473,558 1554,556 1634,555 1715,553 1795,551 1876,548 1956,546 2037,544 2118,542"/>
                <TextEquiv>
                    <Unicode>creandos ac eorundem heredum posteros directe linee propagine ab eisdem descendentes masculini sexus dumptaxat de consensu et voluntate prefati domini et</Unicode>
                </TextEquiv>
            </TextLine>
            <TextLine id="r2l10" custom="readingOrder {index:8;} person {offset:110; length:14;}">
                <Coords points="492,607 578,607 660,606 742,606 824,605 906,604 987,603 1069,603 1151,602 1233,601 1315,600 1396,598 1478,597 1560,596 1642,595 1724,593 1805,591 1887,590 1969,588 2051,586 2165,582 2165,552 2051,556 1969,558 1887,560 1805,561 1724,563 1642,565 1560,566 1478,567 1396,568 1315,570 1233,571 1151,572 1069,573 987,573 906,574 824,575 742,576 660,576 578,577 492,577"/>
                <Baseline points="497,597 578,597 660,596 742,596 824,595 906,594 987,593 1069,593 1151,592 1233,591 1315,590 1396,588 1478,587 1560,586 1642,585 1724,583 1805,581 1887,580 1969,578 2051,576 2133,574"/>
                <TextEquiv>
                    <Unicode>conthoralis nostri omni juri regnorum, principatuum, terrarum et dominiorum predicti domini et fratris nostri regis Ladislai omniumque hereditatum sive porcionum</Unicode>
                </TextEquiv>
            </TextLine>
            <TextLine id="r2l11" custom="readingOrder {index:9;}">
                <Coords points="501,637 596,637 682,636 768,634 855,633 941,632 1027,631 1113,630 1200,629 1286,628 1372,627 1458,626 1545,624 1631,623 1717,621 1803,619 1890,617 1976,615 2062,613 2149,610 2149,580 2062,583 1976,585 1890,587 1803,589 1717,591 1631,593 1545,594 1458,596 1372,597 1286,598 1200,599 1113,600 1027,601 941,602 855,603 768,604 682,606 596,607 501,607"/>
                <Baseline points="510,628 596,627 682,626 768,624 855,623 941,622 1027,621 1113,620 1200,619 1286,618 1372,617 1458,616 1545,614 1631,613 1717,611 1803,609 1890,607 1976,605 2062,603 2149,600"/>
                <TextEquiv>
                    <Unicode>hereditariarum singularumque successionumque sive devolucionum, que nobis jure paterno sive materno compeciissent, competerent, ac ad nos tam dicto jure, quam alium</Unicode>
                </TextEquiv>
            </TextLine>
            <TextLine id="r2l12" custom="readingOrder {index:10;}">
                <Coords points="501,669 582,667 663,666 744,665 825,664 907,663 988,662 1069,661 1150,659 1231,658 1313,657 1394,656 1475,655 1556,654 1637,652 1719,651 1800,649 1881,648 1962,646 2043,644 2125,642 2125,612 2043,614 1962,616 1881,618 1800,619 1719,621 1637,622 1556,624 1475,625 1394,626 1313,627 1231,628 1150,629 1069,631 988,632 907,633 825,634 744,635 663,636 582,637 501,639"/>
                <Baseline points="501,659 582,657 663,656 744,655 825,654 907,653 988,652 1069,651 1150,649 1231,648 1313,647 1394,646 1475,645 1556,644 1637,642 1719,641 1800,639 1881,638 1962,636 2043,634 2125,632"/>
                <TextEquiv>
                    <Unicode>de devolute fuissent, competere seu devolui possent, quemlibet in futurum necnon omnibus et singulis jocalibus, clenodiis, gemmis, lapidibus preciosis,</Unicode>
                </TextEquiv>
            </TextLine>
            <TextLine id="r2l13" custom="readingOrder {index:11;}">
                <Coords points="477,696 580,696 661,695 742,694 823,694 905,693 986,692 1067,691 1148,690 1229,689 1311,688 1392,687 1473,685 1554,684 1635,683 1717,681 1798,680 1879,677 1960,676 2041,673 2139,670 2139,640 2041,643 1960,646 1879,647 1798,650 1717,651 1635,653 1554,654 1473,655 1392,657 1311,658 1229,659 1148,660 1067,661 986,662 905,663 823,664 742,664 661,665 580,666 477,666"/>
                <Baseline points="499,687 580,686 661,685 742,684 823,684 905,683 986,682 1067,681 1148,680 1229,679 1311,678 1392,677 1473,675 1554,674 1635,673 1717,671 1798,670 1879,667 1960,666 2041,663 2123,661"/>
                <TextEquiv>
                    <Unicode>argentariis ac aliis bonis mobilibus commbustamque nominibus vocatis, acquisitis seu in futuram acquirendis, totaliter renuncciauimus et renuncciamus presentam</Unicode>
                </TextEquiv>
            </TextLine>
            <TextLine id="r2l14" custom="readingOrder {index:12;}">
                <Coords points="505,726 587,725 670,725 753,724 836,724 918,723 1001,722 1084,721 1167,719 1249,718 1332,717 1415,715 1498,714 1580,712 1663,710 1746,709 1829,707 1911,705 1994,703 2077,701 2160,700 2160,670 2077,671 1994,673 1911,675 1829,677 1746,679 1663,680 1580,682 1498,684 1415,685 1332,687 1249,688 1167,689 1084,691 1001,692 918,693 836,694 753,694 670,695 587,695 505,696"/>
                <Baseline points="505,716 587,715 670,715 753,714 836,714 918,713 1001,712 1084,711 1167,709 1249,708 1332,707 1415,705 1498,704 1580,702 1663,700 1746,699 1829,697 1911,695 1994,693 2077,691 2160,690"/>
                <TextEquiv>
                    <Unicode>per tenorem promittentes ac spondentes fide bona ac sub reginali honore nostris, quod neque nos neque heredes sine posteri nostri ac quisque alter nostri nomine promissorum</Unicode>
                </TextEquiv>
            </TextLine>
            <TextLine id="r2l15" custom="readingOrder {index:13;} person {offset:52; length:15;}">
                <Coords points="503,755 584,755 665,755 746,754 827,754 908,753 989,752 1071,751 1152,750 1233,749 1314,748 1395,747 1476,746 1557,744 1639,743 1720,741 1801,739 1882,737 1963,735 2044,733 2126,730 2126,700 2044,703 1963,705 1882,707 1801,709 1720,711 1639,713 1557,714 1476,716 1395,717 1314,718 1233,719 1152,720 1071,721 989,722 908,723 827,724 746,724 665,725 584,725 503,725"/>
                <Baseline points="503,745 584,745 665,745 746,744 827,744 908,743 989,742 1071,741 1152,740 1233,739 1314,738 1395,737 1476,736 1557,734 1639,733 1720,731 1801,729 1882,727 1963,725 2044,723 2126,720"/>
                <TextEquiv>
                    <Unicode>occasionem erga prefatum dominum et fratrem nostrum regem Ladislaum suosque, ut premittitur, heredes et posteros masculini sexus dumptaxat, nullo universum tempore</Unicode>
                </TextEquiv>
            </TextLine>
            <TextLine id="r2l16" custom="readingOrder {index:14;}">
                <Coords points="504,786 586,786 669,785 752,785 835,784 917,784 1000,783 1083,782 1166,781 1248,780 1331,779 1414,777 1497,776 1579,774 1662,773 1745,771 1828,768 1910,766 1993,763 2076,761 2159,757 2159,727 2076,731 1993,733 1910,736 1828,738 1745,741 1662,743 1579,744 1497,746 1414,747 1331,749 1248,750 1166,751 1083,752 1000,753 917,754 835,754 752,755 669,755 586,756 504,756"/>
                <Baseline points="504,776 586,776 669,775 752,775 835,774 917,774 1000,773 1083,772 1166,771 1248,770 1331,769 1414,767 1497,766 1579,764 1662,763 1745,761 1828,758 1910,756 1993,753 2076,751 2159,747"/>
                <TextEquiv>
                    <Unicode>aliquam actionem sive questionem judicialem sive extra judicialem habere seu movere volumus seu debemus, sed ipsi regnis, terris, dominiis, hereditatibus,</Unicode>
                </TextEquiv>
            </TextLine>
            <TextLine id="r2l17" custom="readingOrder {index:15;}">
                <Coords points="491,818 590,818 672,817 754,816 836,815 918,814 1000,813 1082,812 1164,812 1246,811 1328,810 1409,809 1491,808 1573,806 1655,805 1737,803 1819,801 1901,798 1983,796 2065,793 2147,789 2147,759 2065,763 1983,766 1901,768 1819,771 1737,773 1655,775 1573,776 1491,778 1409,779 1328,780 1246,781 1164,782 1082,782 1000,783 918,784 836,785 754,786 672,787 590,788 491,788"/>
                <Baseline points="509,809 590,808 672,807 754,806 836,805 918,804 1000,803 1082,802 1164,802 1246,801 1328,800 1409,799 1491,798 1573,796 1655,795 1737,793 1819,791 1901,788 1983,786 2065,783 2147,779"/>
                <TextEquiv>
                    <Unicode>devolucionibus aliisque rebus tam mobilibus, quam immobilibus libere uti et frui possint et valeant pro ipsorum libito et voluntate absque nostro et heredum nostrorum</Unicode>
                </TextEquiv>
            </TextLine>
            <TextLine id="r2l18" custom="readingOrder {index:16;} person {offset:60; length:13;}">
                <Coords points="501,849 594,847 676,846 758,846 840,845 922,844 1004,844 1086,843 1168,842 1250,841 1332,840 1414,839 1496,838 1578,837 1660,835 1742,834 1824,832 1906,830 1988,828 2070,825 2152,822 2152,792 2070,795 1988,798 1906,800 1824,802 1742,804 1660,805 1578,807 1496,808 1414,809 1332,810 1250,811 1168,812 1086,813 1004,814 922,814 840,815 758,816 676,816 594,817 501,819"/>
                <Baseline points="512,838 594,837 676,836 758,836 840,835 922,834 1004,834 1086,833 1168,832 1250,831 1332,830 1414,829 1496,828 1578,827 1660,825 1742,824 1824,822 1906,820 1988,818 2070,815 2152,812"/>
                <TextEquiv>
                    <Unicode>impedimento, casu autem quo dictus dominus et frater noster rex Ladislaus sive superius limitati heredes sui ab hac luce decederent aliis heredibus ex se procreatis</Unicode>
                </TextEquiv>
            </TextLine>
            <TextLine id="r2l19" custom="readingOrder {index:17;}">
                <Coords points="502,876 584,876 666,876 748,876 830,875 912,875 994,874 1076,874 1158,873 1240,872 1322,871 1404,870 1486,868 1568,867 1650,865 1732,864 1814,862 1896,860 1978,858 2060,856 2142,854 2142,824 2060,826 1978,828 1896,830 1814,832 1732,834 1650,835 1568,837 1486,838 1404,840 1322,841 1240,842 1158,843 1076,844 994,844 912,845 830,845 748,846 666,846 584,846 502,846"/>
                <Baseline points="502,866 584,866 666,866 748,866 830,865 912,865 994,864 1076,864 1158,863 1240,862 1322,861 1404,860 1486,858 1568,857 1650,855 1732,854 1814,852 1896,850 1978,848 2060,846 2142,844"/>
                <TextEquiv>
                    <Unicode>masculini sexus post se non relictis, quod Deus auertat, quod tunc nobis sive heredibus nostris presens nostra renunctiatio in nullo prudiarre sive nos ad aliquid</Unicode>
                </TextEquiv>
            </TextLine>
            <TextLine id="r2l20" custom="readingOrder {index:18;}">
                <Coords points="496,909 588,908 670,907 752,906 834,906 915,905 997,904 1079,904 1161,903 1242,902 1324,901 1406,900 1488,899 1569,898 1651,897 1733,895 1815,894 1896,892 1978,890 2060,887 2142,885 2142,855 2060,857 1978,860 1896,862 1815,864 1733,865 1651,867 1569,868 1488,869 1406,870 1324,871 1242,872 1161,873 1079,874 997,874 915,875 834,876 752,876 670,877 588,878 496,879"/>
                <Baseline points="507,899 588,898 670,897 752,896 834,896 915,895 997,894 1079,894 1161,893 1242,892 1324,891 1406,890 1488,889 1569,888 1651,887 1733,885 1815,884 1896,882 1978,880 2060,877 2142,875"/>
                <TextEquiv>
                    <Unicode>restringere debeat, sed eofacto omni careat roboris firmitate nosque tunc et nostri heredes et successores legittimi in omnem hereditatem nobis de jure </Unicode>
                </TextEquiv>
            </TextLine>
            <TextLine id="r2l21" custom="readingOrder {index:19;}">
                <Coords points="501,939 583,939 665,939 747,938 829,938 911,937 993,936 1076,935 1158,934 1240,933 1322,932 1404,930 1486,929 1568,928 1651,926 1733,925 1815,924 1897,922 1979,921 2061,920 2144,918 2144,888 2061,890 1979,891 1897,892 1815,894 1733,895 1651,896 1568,898 1486,899 1404,900 1322,902 1240,903 1158,904 1076,905 993,906 911,907 829,908 747,908 665,909 583,909 501,909"/>
                <Baseline points="501,929 583,929 665,929 747,928 829,928 911,927 993,926 1076,925 1158,924 1240,923 1322,922 1404,920 1486,919 1568,918 1651,916 1733,915 1815,914 1897,912 1979,911 2061,910 2144,908"/>
                <TextEquiv>
                    <Unicode>debitam libere ingredi ac sunidere possimus et valeamus renuncciacionem presenti nobis in aliqo nostro obstante. In cuius rei eiusdens testimonium sigillum nostrum</Unicode>
                </TextEquiv>
            </TextLine>
            <TextLine id="r2l22" custom="readingOrder {index:20;} place {offset:32; length:8;} date {offset:41; length:88;year:0; day:0; month:0;}">
                <Coords points="503,971 575,971 647,970 719,970 792,969 864,969 936,968 1009,967 1081,966 1153,965 1226,964 1298,963 1370,962 1442,961 1515,960 1587,959 1659,957 1732,956 1804,955 1876,954 1949,953 1949,923 1876,924 1804,925 1732,926 1659,927 1587,929 1515,930 1442,931 1370,932 1298,933 1226,934 1153,935 1081,936 1009,937 936,938 864,939 792,939 719,940 647,940 575,941 503,941"/>
                <Baseline points="503,961 575,961 647,960 719,960 792,959 864,959 936,958 1009,957 1081,956 1153,955 1226,954 1298,953 1370,952 1442,951 1515,950 1587,949 1659,947 1732,946 1804,945 1876,944 1949,943"/>
                <TextEquiv>
                    <Unicode>est presentibus appensum. Datum Cracovie feria quarta ipso die cinerum anno domini millesimo quadringentesimoquinquagesimoquarto.</Unicode>
                </TextEquiv>
            </TextLine>
            <TextEquiv>
                <Unicode>Elizabeth, Deigracia regina Polonie, magnadux Litphanie et heres Russie, nata serenissimi domini Alberti, Deigracia Romanorum, Hungarie, Bohemie et cetera
regis, ducis Austrie et marchionis Moravie et cetera, recognoscimus pro nobis heredibus et successoribus nostris tenore presencium significantes, quibus expedit universis,
quemadmodum illustrissimus princeps dominus Ladislaus, Deigracia Hungarie, Bohemie et cetera rex, duc Austrie marchioque Moravie et cetera, dominus et frater
noster carissimus, spontanea voluntate ac de principum spiritualium et secularium, prelatorum, baronum, procerum et plurimorum aliorum fidelium et subditorum
suorum consiliio nos serenissimo principi domino Kazimiro, regi Polonie, magnoduci Litphanie et heredi Russie et cetera, domino et conthorali nostro carissimo, in 
legittimam consortem tradiderit et desponsauerit, eidemque sponso nostro ac nobis tantam dotem pro maritagio daturus et persoluturus est, de qua nos dominusque
rex conthoralis noster contentamur ac infuturum contentabimur, ita nos erga dictum dominum et fratrem nostrum regem Ladislaum suosque heredes ex femore suo pro¬
creandos ac eorundem heredum posteros directe linee propagine ab eisdem descendentes masculini sexus dumptaxat de consensu et voluntate prefati domini et
conthoralis nostri omni juri regnorum, principatuum, terrarum et dominiorum predicti domini et fratris nostri regis Ladislai omniumque hereditatum sive porcionum
hereditariarum singularumque successionumque sive devolucionum, que nobis jure paterno sive materno compeciissent, competerent, ac ad nos tam dicto jure, quam alium
de devolute fuissent, competere seu devolui possent, quemlibet in futurum necnon omnibus et singulis jocalibus, clenodiis, gemmis, lapidibus preciosis,
argentariis ac aliis bonis mobilibus commbustamque nominibus vocatis, acquisitis seu in futuram acquirendis, totaliter renuncciauimus et renuncciamus presentam
per tenorem promittentes ac spondentes fide bona ac sub reginali honore nostris, quod neque nos neque heredes sine posteri nostri ac quisque alter nostri nomine promissorum
occasionem erga prefatum dominum et fratrem nostrum regem Ladislaum suosque, ut premittitur, heredes et posteros masculini sexus dumptaxat, nullo universum tempore
aliquam actionem sive questionem judicialem sive extra judicialem habere seu movere volumus seu debemus, sed ipsi regnis, terris, dominiis, hereditatibus,
devolucionibus aliisque rebus tam mobilibus, quam immobilibus libere uti et frui possint et valeant pro ipsorum libito et voluntate absque nostro et heredum nostrorum
impedimento, casu autem quo dictus dominus et frater noster rex Ladislaus sive superius limitati heredes sui ab hac luce decederent aliis heredibus ex se procreatis
masculini sexus post se non relictis, quod Deus auertat, quod tunc nobis sive heredibus nostris presens nostra renunctiatio in nullo prudiarre sive nos ad aliquid
restringere debeat, sed eofacto omni careat roboris firmitate nosque tunc et nostri heredes et successores legittimi in omnem hereditatem nobis de jure 
debitam libere ingredi ac sunidere possimus et valeamus renuncciacionem presenti nobis in aliqo nostro obstante. In cuius rei eiusdens testimonium sigillum nostrum
est presentibus appensum. Datum Cracovie feria quarta ipso die cinerum anno domini millesimo quadringentesimoquinquagesimoquarto.</Unicode>
            </TextEquiv>
        </TextRegion>
    </Page>
</PcGts>
