<?xml version="1.0" encoding="UTF-8" standalone="yes"?>
<PcGts xmlns="http://schema.primaresearch.org/PAGE/gts/pagecontent/2013-07-15" xmlns:xsi="http://www.w3.org/2001/XMLSchema-instance" xsi:schemaLocation="http://schema.primaresearch.org/PAGE/gts/pagecontent/2013-07-15 http://schema.primaresearch.org/PAGE/gts/pagecontent/2013-07-15/pagecontent.xsd">
    <Metadata>
        <Creator>TRP</Creator>
        <Created>2019-07-24T16:59:07.480+02:00</Created>
        <LastChange>2019-07-24T16:59:07.480+02:00</LastChange>
        <TranskribusMetadata docId="187535" pageId="7458529" pageNr="2" tsid="13102760" status="NEW" userId="36516" imgUrl="https://files.transkribus.eu/Get?id=CAWTPVXYPVHLJCPSUTSSJFVF&amp;fileType=view" xmlUrl="https://files.transkribus.eu/Get?id=USOPMNYTAQYXBBHGSZHCIPDK" imageId="4480949"/>
    </Metadata>
    <Page imageFilename="NA-ACK_13190204_00083_v.jpg" imageWidth="6584" imageHeight="4353"/>
</PcGts>
