<?xml version="1.0" encoding="UTF-8" standalone="yes"?>
<PcGts xmlns="http://schema.primaresearch.org/PAGE/gts/pagecontent/2013-07-15" xmlns:xsi="http://www.w3.org/2001/XMLSchema-instance" xsi:schemaLocation="http://schema.primaresearch.org/PAGE/gts/pagecontent/2013-07-15 http://schema.primaresearch.org/PAGE/gts/pagecontent/2013-07-15/pagecontent.xsd">
    <Metadata>
        <Creator>prov=University of Rostock/Institute of Mathematics/CITlab/Tobias Gruening/tobias.gruening@uni-rostock.de:name=/net_tf/LA73_249_0mod360.pb:de.uros.citlab.segmentation.CITlab_LA_ML:v=2.4.2
TRP</Creator>
        <Created>2019-08-29T15:55:24.652+02:00</Created>
        <LastChange>2019-11-14T16:47:21.093+01:00</LastChange>
        <TranskribusMetadata docId="202402" pageId="8468227" pageNr="1" tsid="19381905" status="IN_PROGRESS" userId="40502" imgUrl="https://files.transkribus.eu/Get?id=PNJWSRKVNNOPGDDQYEDJFGES&amp;fileType=view" xmlUrl="https://files.transkribus.eu/Get?id=WSWYWNTONKOXKHVBVTLKFUOA" imageId="5352475"/>
    </Metadata>
    <Page imageFilename="NA-ACK_13660618_00961_r.jpg" imageWidth="3000" imageHeight="2590">
        <ReadingOrder>
            <OrderedGroup id="ro_1575392284664" caption="Regions reading order">
                <RegionRefIndexed index="0" regionRef="r2"/>
            </OrderedGroup>
        </ReadingOrder>
        <TextRegion orientation="0.0" id="r2" custom="readingOrder {index:0;}">
            <Coords points="469,240 477,1578 2394,1578 2406,243"/>
            <TextLine id="r2l4" custom="readingOrder {index:0;} person {offset:4; length:127;} place {offset:50; length:6;}">
                <Coords points="525,372 617,373 710,374 803,375 896,375 989,376 1081,376 1174,376 1267,376 1360,376 1453,376 1545,375 1638,375 1731,374 1824,374 1917,373 2009,373 2102,372 2195,371 2288,371 2381,370 2381,340 2288,341 2195,341 2102,342 2009,343 1917,343 1824,344 1731,344 1638,345 1545,345 1453,346 1360,346 1267,346 1174,346 1081,346 989,346 896,345 803,345 710,344 617,343 525,342"/>
                <Baseline points="525,362 617,363 710,364 803,365 896,365 989,366 1081,366 1174,366 1267,366 1360,366 1453,366 1545,365 1638,365 1731,364 1824,364 1917,363 2009,363 2102,362 2195,361 2288,361 2381,360"/>
                <TextEquiv>
                    <Unicode>Wir Gerlach von Gots gnaden des heilgin stuls zue Mencze erczebischoff, des heilgin romschen richs in dutschen landen erczcanceller, bekennen und tun kunt offenlich mit diesem bryve allen den, die yn sehent odir horent Iesin, wann der allir¬</Unicode>
                </TextEquiv>
            </TextLine>
            <TextLine id="r2l5" custom="readingOrder {index:1;} person {offset:51; length:76; continued:true;} place {offset:121; length:6;} place {offset:173; length:6;} person {offset:215; length:15; continued:true;}">
                <Coords points="533,399 625,400 717,401 809,402 902,402 994,402 1086,402 1179,402 1271,402 1363,401 1456,400 1548,400 1640,399 1732,399 1825,398 1917,397 2009,397 2102,396 2194,396 2286,395 2379,395 2379,365 2286,365 2194,366 2102,366 2009,367 1917,367 1825,368 1732,369 1640,369 1548,370 1456,370 1363,371 1271,372 1179,372 1086,372 994,372 902,372 809,372 717,371 625,370 533,369"/>
                <Baseline points="533,389 625,390 717,391 809,392 902,392 994,392 1086,392 1179,392 1271,392 1363,391 1456,390 1548,390 1640,389 1732,389 1825,388 1917,387 2009,387 2102,386 2194,386 2286,385 2379,385"/>
                <TextEquiv>
                    <Unicode>durchIuchtigeste furste, unsir gnedigir herre, her Karll romschir keisir zuo allen cziiten merer des richs und kunig zuo Beheim in dem namen und rechten, aIs ein kuonig zuo Beheim, der allirdurchluchtige furste her Wenczela kuenig</Unicode>
                </TextEquiv>
            </TextLine>
            <TextLine id="r2l6" custom="readingOrder {index:2;} person {offset:0; length:10; continued:true;} place {offset:4; length:6;} person {offset:51; length:28;} place {offset:72; length:7;} person {offset:160; length:8;} person {offset:177; length:65;} place {offset:198; length:8;} place {offset:212; length:4;} place {offset:225; length:7;}">
                <Coords points="539,426 635,426 732,427 829,427 926,427 1022,427 1119,427 1216,426 1313,426 1410,425 1506,424 1603,423 1700,423 1797,422 1894,421 1990,420 2087,420 2184,420 2281,419 2378,420 2378,390 2281,389 2184,390 2087,390 1990,390 1894,391 1797,392 1700,393 1603,393 1506,394 1410,395 1313,396 1216,396 1119,397 1022,397 926,397 829,397 732,397 635,396 539,396"/>
                <Baseline points="539,416 635,416 732,417 829,417 926,417 1022,417 1119,417 1216,416 1313,416 1410,415 1506,414 1603,413 1700,413 1797,412 1894,411 1990,410 2087,410 2184,410 2281,409 2378,410"/>
                <TextEquiv>
                    <Unicode>zuo Beheim, sin sun, und der hochgeborn furste her Johans marggrave zuo Merhern, sin brudir, unsir lieben oheim, an enne teyle, und die hochgeboren fursten her Albrecht und her LupoIt hirczogen zuo Osterich, zuo Styr und zuo Kernten et cetera,</Unicode>
                </TextEquiv>
            </TextLine>
            <TextLine id="r2l7" custom="readingOrder {index:3;}">
                <Coords points="539,452 630,453 721,453 813,453 904,453 996,453 1087,453 1179,452 1270,452 1362,451 1453,450 1544,450 1636,449 1727,448 1819,448 1910,447 2002,446 2093,446 2185,445 2276,445 2368,444 2368,414 2276,415 2185,415 2093,416 2002,416 1910,417 1819,418 1727,418 1636,419 1544,420 1453,420 1362,421 1270,422 1179,422 1087,423 996,423 904,423 813,423 721,423 630,423 539,422"/>
                <Baseline points="539,442 630,443 721,443 813,443 904,443 996,443 1087,443 1179,442 1270,442 1362,441 1453,440 1544,440 1636,439 1727,438 1819,438 1910,437 2002,436 2093,436 2185,435 2276,435 2368,434"/>
                <TextEquiv>
                    <Unicode>unsir lieben oheimen, an dem andern, einre vormachunge, ordenunge, und eynunge, allir irer konigrich, furstetum, graschefte, herschefte, burge, vesten, stette, lute, und land, wo sie die yczont haben, odir, mit hilfe Gots, in kunftigen</Unicode>
                </TextEquiv>
            </TextLine>
            <TextLine id="r2l8" custom="readingOrder {index:4;}">
                <Coords points="545,480 637,479 729,479 821,479 914,479 1006,478 1098,478 1190,478 1283,478 1375,477 1467,477 1559,476 1652,476 1744,475 1836,475 1928,474 2021,473 2113,472 2205,470 2297,469 2390,467 2390,437 2297,439 2205,440 2113,442 2021,443 1928,444 1836,445 1744,445 1652,446 1559,446 1467,447 1375,447 1283,448 1190,448 1098,448 1006,448 914,449 821,449 729,449 637,449 545,450"/>
                <Baseline points="545,470 637,469 729,469 821,469 914,469 1006,468 1098,468 1190,468 1283,468 1375,467 1467,467 1559,466 1652,466 1744,465 1836,465 1928,464 2021,463 2113,462 2205,460 2297,459 2390,457"/>
                <TextEquiv>
                    <Unicode>cziiten noch gewinnen, wie man die benennen mag mit sundirlichen worten, willeclich, bedechteclich und fruntlich undireinandir gemachet, befestet und vorbryvet haben, und auch dieselbe vormachunge, ordenunge und eynunge, der</Unicode>
                </TextEquiv>
            </TextLine>
            <TextLine id="r2l9" custom="readingOrder {index:5;} person {offset:22; length:12;}">
                <Coords points="549,505 640,504 732,503 823,503 915,503 1007,502 1098,502 1190,502 1281,502 1373,501 1465,501 1556,501 1648,500 1739,500 1831,500 1923,499 2014,498 2106,498 2197,497 2289,496 2381,495 2381,465 2289,466 2197,467 2106,468 2014,468 1923,469 1831,470 1739,470 1648,470 1556,471 1465,471 1373,471 1281,472 1190,472 1098,472 1007,472 915,473 823,473 732,473 640,474 549,475"/>
                <Baseline points="549,495 640,494 732,493 823,493 915,493 1007,492 1098,492 1190,492 1281,492 1373,491 1465,491 1556,491 1648,490 1739,490 1831,490 1923,489 2014,488 2106,488 2197,487 2289,486 2381,485"/>
                <TextEquiv>
                    <Unicode>egenanten unsir herre keisir Karll, aIs ein romscher keisir, durch ir allir flizzige bete und durch des rechten willen bestedigit und confirmiret, und darubir sin offene bryve, mit sinem anhangenden keisirlichen ingesigel geben hat, von wor¬</Unicode>
                </TextEquiv>
            </TextLine>
            <TextLine id="r2l10" custom="readingOrder {index:6;} person {offset:47; length:91;} place {offset:132; length:6;}">
                <Coords points="549,533 640,531 731,530 822,528 913,527 1004,526 1095,525 1186,525 1277,525 1368,524 1460,524 1551,524 1642,524 1733,524 1824,524 1915,524 2006,523 2097,523 2188,522 2279,522 2371,521 2371,491 2279,492 2188,492 2097,493 2006,493 1915,494 1824,494 1733,494 1642,494 1551,494 1460,494 1368,494 1277,495 1186,495 1095,495 1004,496 913,497 822,498 731,500 640,501 549,503"/>
                <Baseline points="549,523 640,521 731,520 822,518 913,517 1004,516 1095,515 1186,515 1277,515 1368,514 1460,514 1551,514 1642,514 1733,514 1824,514 1915,514 2006,513 2097,513 2188,512 2279,512 2371,511"/>
                <TextEquiv>
                    <Unicode>te zu worte, aIs hernach geschriben steet: Wir KarI von Gots gnaden romschir keisir zuo allen cziiten merer des richs und konig zuo Beheim bekennen und tun kunt offenlich mit diesem bryve allen den, die yn sehent</Unicode>
                </TextEquiv>
            </TextLine>
            <TextLine id="r2l11" custom="readingOrder {index:7;} place {offset:47; length:6;} person {offset:73; length:68;} place {offset:92; length:6;} place {offset:114; length:12;} place {offset:135; length:6;} person {offset:179; length:28;} place {offset:200; length:7;}">
                <Coords points="539,561 631,558 723,556 815,554 907,553 999,551 1091,551 1183,550 1275,550 1367,549 1460,549 1552,549 1644,549 1736,549 1828,548 1920,548 2012,548 2104,547 2196,546 2288,544 2381,543 2381,513 2288,514 2196,516 2104,517 2012,518 1920,518 1828,518 1736,519 1644,519 1552,519 1460,519 1367,519 1275,520 1183,520 1091,521 999,521 907,523 815,524 723,526 631,528 539,531"/>
                <Baseline points="539,551 631,548 723,546 815,544 907,543 999,541 1091,541 1183,540 1275,540 1367,539 1460,539 1552,539 1644,539 1736,539 1828,538 1920,538 2012,538 2104,537 2196,536 2288,534 2381,533"/>
                <TextEquiv>
                    <Unicode>odir horent Iesin, wann wir, als ein kunig zuo Beheim, der durchluchtige Wenczela konig zuo Beheim, marggrave zuo Brandenburge und zuo Lusicz, unsir liebn sun, und der hochgeborn Johans marggrave zuo Merhern, unser Iieben bruder,</Unicode>
                </TextEquiv>
            </TextLine>
            <TextLine id="r2l12" custom="readingOrder {index:8;} place {offset:35; length:6;} person {offset:86; length:8;} person {offset:99; length:124; continued:true;} place {offset:121; length:9;} place {offset:136; length:4;} place {offset:146; length:7;} place {offset:162; length:5;} place {offset:184; length:16;} place {offset:206; length:9;}">
                <Coords points="543,585 634,583 725,581 817,580 908,579 1000,578 1091,577 1183,576 1274,575 1366,575 1457,574 1548,574 1640,574 1731,573 1823,573 1914,572 2006,572 2097,571 2189,570 2280,569 2372,568 2372,538 2280,539 2189,540 2097,541 2006,542 1914,542 1823,543 1731,543 1640,544 1548,544 1457,544 1366,545 1274,545 1183,546 1091,547 1000,548 908,549 817,550 725,551 634,553 543,555"/>
                <Baseline points="543,575 634,573 725,571 817,570 908,569 1000,568 1091,567 1183,566 1274,565 1366,565 1457,564 1548,564 1640,564 1731,563 1823,563 1914,562 2006,562 2097,561 2189,560 2280,559 2372,558"/>
                <TextEquiv>
                    <Unicode>der chronen und des konigrichs zuo Beheim furste, an eime teile, und die hochgebornen Albrecht und Leupold herczogen zuo Osterrich, zuo Styr, zuo Kernden und zuo Krayn, herren off der Wyndischen marke, zuo Portenouw, graven</Unicode>
                </TextEquiv>
            </TextLine>
            <TextLine id="r2l13" custom="readingOrder {index:9;} person {offset:0; length:104; continued:true;} place {offset:4; length:8;} place {offset:18; length:6;} place {offset:30; length:5;} place {offset:44; length:6;} place {offset:67; length:6;} place {offset:91; length:13;}">
                <Coords points="543,609 634,608 726,606 817,605 909,604 1000,604 1092,603 1183,603 1275,602 1366,602 1458,602 1549,601 1641,601 1732,601 1824,600 1915,600 2007,599 2098,598 2190,597 2281,596 2373,595 2373,565 2281,566 2190,567 2098,568 2007,569 1915,570 1824,570 1732,571 1641,571 1549,571 1458,572 1366,572 1275,572 1183,573 1092,573 1000,574 909,574 817,575 726,576 634,578 543,579"/>
                <Baseline points="543,599 634,598 726,596 817,595 909,594 1000,594 1092,593 1183,593 1275,592 1366,592 1458,592 1549,591 1641,591 1732,591 1824,590 1915,590 2007,589 2098,588 2190,587 2281,586 2373,585"/>
                <TextEquiv>
                    <Unicode>zuo Habspurg, zuo Tyroil, zuo Phirt und zuo Kyburg, marggraven zuo Bergew und langraven in Obern Elsezen, an dem andern teyle, mit wolbedachtem muote, mit rechtir wiszen und mit rate der unsern, solich gemechtnuzze, ordenunge</Unicode>
                </TextEquiv>
            </TextLine>
            <TextLine id="r2l14" custom="readingOrder {index:10;} person {offset:143; length:11;} person {offset:156; length:25;} place {offset:175; length:6;} person {offset:205; length:28;} place {offset:226; length:7;}">
                <Coords points="547,634 638,634 729,634 820,634 912,633 1003,633 1094,632 1185,632 1277,632 1368,631 1459,631 1550,630 1642,629 1733,629 1824,628 1915,628 2007,627 2098,627 2189,627 2280,626 2372,626 2372,596 2280,596 2189,597 2098,597 2007,597 1915,598 1824,598 1733,599 1642,599 1550,600 1459,601 1368,601 1277,602 1185,602 1094,602 1003,603 912,603 820,604 729,604 638,604 547,604"/>
                <Baseline points="547,624 638,624 729,624 820,624 912,623 1003,623 1094,622 1185,622 1277,622 1368,621 1459,621 1550,620 1642,619 1733,619 1824,618 1915,618 2007,617 2098,617 2189,617 2280,616 2372,616"/>
                <TextEquiv>
                    <Unicode>und voreynunge getan haben, recht und redeliche, als hernach geschriben steet, bynamen, ab daz geschee, da Got fur sii, daz wir, der egenanten keiser Karl, Wenczela konig zuo Beheim, unsir liebir sun, und Johans marggrave zuo Merhern,</Unicode>
                </TextEquiv>
            </TextLine>
            <TextLine id="r2l15" custom="readingOrder {index:11;}">
                <Coords points="551,662 641,662 732,661 823,661 914,661 1005,660 1095,660 1186,660 1277,659 1368,659 1459,658 1549,658 1640,657 1731,657 1822,656 1913,656 2003,655 2094,655 2185,654 2276,653 2367,653 2367,623 2276,623 2185,624 2094,625 2003,625 1913,626 1822,626 1731,627 1640,627 1549,628 1459,628 1368,629 1277,629 1186,630 1095,630 1005,630 914,631 823,631 732,631 641,632 551,632"/>
                <Baseline points="551,652 641,652 732,651 823,651 914,651 1005,650 1095,650 1186,650 1277,649 1368,649 1459,648 1549,648 1640,647 1731,647 1822,646 1913,646 2003,645 2094,645 2185,644 2276,643 2367,643"/>
                <TextEquiv>
                    <Unicode>unsir liebir brudir, und unsir allir eliche kynderen, sune und dochtiren, die wir nuo haben, odir hernach gewinnen, abegiengen und sturben, ane eliche libes erben, und auch ab dieselben unsir kynd libes erben gewonnen, und</Unicode>
                </TextEquiv>
            </TextLine>
            <TextLine id="r2l16" custom="readingOrder {index:12;}">
                <Coords points="547,688 638,689 729,689 820,689 911,688 1002,688 1093,688 1184,687 1275,687 1366,686 1457,685 1548,685 1639,684 1730,684 1821,683 1912,683 2003,683 2094,683 2185,683 2276,683 2368,683 2368,653 2276,653 2185,653 2094,653 2003,653 1912,653 1821,653 1730,654 1639,654 1548,655 1457,655 1366,656 1275,657 1184,657 1093,658 1002,658 911,658 820,659 729,659 638,659 547,658"/>
                <Baseline points="547,678 638,679 729,679 820,679 911,678 1002,678 1093,678 1184,677 1275,677 1366,676 1457,675 1548,675 1639,674 1730,674 1821,673 1912,673 2003,673 2094,673 2185,673 2276,673 2368,673"/>
                <TextEquiv>
                    <Unicode>die auch vorbasz ane eliche libes erben sturben, also daz unsir land kunigrich, furstentum und herschefte, rechtir libes erben, und erbes erben, die von unsern und iren liben elichen quernen, erbelos wurden, daz dann alle die vorgenanten</Unicode>
                </TextEquiv>
            </TextLine>
            <TextLine id="r2l17" custom="readingOrder {index:13;}">
                <Coords points="543,715 638,716 734,717 830,717 925,717 1021,717 1117,717 1213,717 1308,716 1404,716 1500,715 1596,714 1691,714 1787,713 1883,713 1979,712 2074,712 2170,712 2266,712 2362,712 2362,682 2266,682 2170,682 2074,682 1979,682 1883,683 1787,683 1691,684 1596,684 1500,685 1404,686 1308,686 1213,687 1117,687 1021,687 925,687 830,687 734,687 638,686 543,685"/>
                <Baseline points="543,705 638,706 734,707 830,707 925,707 1021,707 1117,707 1213,707 1308,706 1404,706 1500,705 1596,704 1691,704 1787,703 1883,703 1979,702 2074,702 2170,702 2266,702 2362,702"/>
                <TextEquiv>
                    <Unicode>unsir land kunigrich, furstentum und herschefte, die wir nuo haben odir hernach gewinnen, mit allen iren, gerichten, rechten, nuczen, wirden, eren fryheiten und allen guten, gewonheiten, die darzuo gehoren, wie die genant sin,</Unicode>
                </TextEquiv>
            </TextLine>
            <TextLine id="r2l18" custom="readingOrder {index:14;} place {offset:122; length:9;}">
                <Coords points="545,743 635,744 726,744 816,744 907,745 998,745 1088,745 1179,745 1270,744 1360,744 1451,744 1542,744 1632,743 1723,743 1814,743 1904,743 1995,742 2086,742 2176,742 2267,742 2358,742 2358,712 2267,712 2176,712 2086,712 1995,712 1904,713 1814,713 1723,713 1632,713 1542,714 1451,714 1360,714 1270,714 1179,715 1088,715 998,715 907,715 816,714 726,714 635,714 545,713"/>
                <Baseline points="545,733 635,734 726,734 816,734 907,735 998,735 1088,735 1179,735 1270,734 1360,734 1451,734 1542,734 1632,733 1723,733 1814,733 1904,733 1995,732 2086,732 2176,732 2267,732 2358,732"/>
                <TextEquiv>
                    <Unicode>on allcz hindirnuzze, erben, und erblich gevallen sullen, mit volkomenem ganczem rechte, off die vorgenanten herczogen zu Ostirrich, und off ir bedir libes erben sone und tochteren, ab sie die mit hilfe Gots gewinnen, und</Unicode>
                </TextEquiv>
            </TextLine>
            <TextLine id="r2l19" custom="readingOrder {index:15;} place {offset:110; length:9;} place {offset:125; length:4;} place {offset:138; length:8;}">
                <Coords points="551,772 642,772 734,773 825,773 917,773 1008,773 1100,774 1191,774 1283,774 1374,774 1466,773 1557,773 1649,773 1740,773 1832,773 1923,772 2015,772 2106,772 2198,772 2289,771 2381,771 2381,741 2289,741 2198,742 2106,742 2015,742 1923,742 1832,743 1740,743 1649,743 1557,743 1466,743 1374,744 1283,744 1191,744 1100,744 1008,743 917,743 825,743 734,743 642,742 551,742"/>
                <Baseline points="551,762 642,762 734,763 825,763 917,763 1008,763 1100,764 1191,764 1283,764 1374,764 1466,763 1557,763 1649,763 1740,763 1832,763 1923,762 2015,762 2106,762 2198,762 2289,761 2381,761"/>
                <TextEquiv>
                    <Unicode>off derselben eliche erbes, erben eweclich geschee iz abir, da Got fur sii, daz die vorgenanten hirczogen zuo Osterrich, zuo Styr und zuo Kernthen et cetera, unsir lieben oheimen, abegiengen und sturben, on eliche libes erben und auch ab</Unicode>
                </TextEquiv>
            </TextLine>
            <TextLine id="r2l20" custom="readingOrder {index:16;}">
                <Coords points="557,800 648,801 739,801 831,802 922,803 1013,803 1105,803 1196,803 1287,803 1379,803 1470,803 1561,803 1653,803 1744,802 1835,802 1927,801 2018,801 2109,800 2201,800 2292,800 2384,799 2384,769 2292,770 2201,770 2109,770 2018,771 1927,771 1835,772 1744,772 1653,773 1561,773 1470,773 1379,773 1287,773 1196,773 1105,773 1013,773 922,773 831,772 739,771 648,771 557,770"/>
                <Baseline points="557,790 648,791 739,791 831,792 922,793 1013,793 1105,793 1196,793 1287,793 1379,793 1470,793 1561,793 1653,793 1744,792 1835,792 1927,791 2018,791 2109,790 2201,790 2292,790 2384,789"/>
                <TextEquiv>
                    <Unicode>sie libes erben gewunnen, die furbazzer auch on eliche libes erben sturben, und ir lant furstetum, graschefte und herschefte, also rechtir elichir libes erben und erbes erben, erblos wurden, daz dann alle die vorgenanten und ander</Unicode>
                </TextEquiv>
            </TextLine>
            <TextLine id="r2l21" custom="readingOrder {index:17;}">
                <Coords points="542,827 633,829 724,831 815,832 906,833 997,833 1088,833 1179,833 1270,833 1361,832 1453,831 1544,831 1635,830 1726,830 1817,829 1908,829 1999,829 2090,829 2181,829 2272,830 2364,831 2364,801 2272,800 2181,799 2090,799 1999,799 1908,799 1817,799 1726,800 1635,800 1544,801 1453,801 1361,802 1270,803 1179,803 1088,803 997,803 906,803 815,802 724,801 633,799 542,797"/>
                <Baseline points="542,817 633,819 724,821 815,822 906,823 997,823 1088,823 1179,823 1270,823 1361,822 1453,821 1544,821 1635,820 1726,820 1817,819 1908,819 1999,819 2090,819 2181,819 2272,820 2364,821"/>
                <TextEquiv>
                    <Unicode>ire erbliche land herczogtum, furstetum, marggrafschefte, graschefte, vesten, stette, lute und gutir, die sie nuo haben, odir hernach gewunnen, mit allen iren, gerichten, rechten, nuczen, wirden, eren, friheiten und guten, gewonheiten,</Unicode>
                </TextEquiv>
            </TextLine>
            <TextLine id="r2l22" custom="readingOrder {index:18;} place {offset:155; length:6;} person {offset:163; length:27;} place {offset:184; length:6;}">
                <Coords points="552,855 643,857 734,859 825,860 916,861 1007,862 1098,862 1190,862 1281,861 1372,861 1463,860 1554,860 1645,859 1736,858 1828,858 1919,857 2010,857 2101,858 2192,858 2283,859 2375,861 2375,831 2283,829 2192,828 2101,828 2010,827 1919,827 1828,828 1736,828 1645,829 1554,830 1463,830 1372,831 1281,831 1190,832 1098,832 1007,832 916,831 825,830 734,829 643,827 552,825"/>
                <Baseline points="552,845 643,847 734,849 825,850 916,851 1007,852 1098,852 1190,852 1281,851 1372,851 1463,850 1554,850 1645,849 1736,848 1828,848 1919,847 2010,847 2101,848 2192,848 2283,849 2375,851"/>
                <TextEquiv>
                    <Unicode>die darzuo gehorent, wie die genant sin, ane allcz hindernuzze erben, und gefallen sollen, mit ganczem und volkomenem rechte, off uns, als einen konig zuo Beheim, Wenczelaen kunig zuo Beheim, unsern lieben sun, sine geswistirde,</Unicode>
                </TextEquiv>
            </TextLine>
            <TextLine id="r2l23" custom="readingOrder {index:19;} person {offset:0; length:31;} place {offset:24; length:7;}">
                <Coords points="544,882 635,884 727,886 818,888 910,889 1002,890 1093,890 1185,890 1277,890 1368,889 1460,889 1552,888 1643,887 1735,887 1827,886 1918,886 2010,886 2102,886 2193,887 2285,888 2377,890 2377,860 2285,858 2193,857 2102,856 2010,856 1918,856 1827,856 1735,857 1643,857 1552,858 1460,859 1368,859 1277,860 1185,860 1093,860 1002,860 910,859 818,858 727,856 635,854 544,852"/>
                <Baseline points="544,872 635,874 727,876 818,878 910,879 1002,880 1093,880 1185,880 1277,880 1368,879 1460,879 1552,878 1643,877 1735,877 1827,876 1918,876 2010,876 2102,876 2193,877 2285,878 2377,880"/>
                <TextEquiv>
                    <Unicode>Johansen marggraven zuo Merhern, unsern lieben brudir, sine kind, und off unsir, und ir allir eliche libes erben, sune und dochtir, und off unsir und derselben eliche erben und erbis erben eweclichen, die von unsern und iren liben elichen</Unicode>
                </TextEquiv>
            </TextLine>
            <TextLine id="r2l24" custom="readingOrder {index:20;} person {offset:130; length:25;} place {offset:149; length:6;}">
                <Coords points="552,911 644,913 736,915 828,916 920,917 1012,918 1104,918 1196,918 1288,918 1380,918 1473,917 1565,917 1657,916 1749,916 1841,916 1933,915 2025,915 2117,915 2209,915 2301,916 2394,917 2394,887 2301,886 2209,885 2117,885 2025,885 1933,885 1841,886 1749,886 1657,886 1565,887 1473,887 1380,888 1288,888 1196,888 1104,888 1012,888 920,887 828,886 736,885 644,883 552,881"/>
                <Baseline points="552,901 644,903 736,905 828,906 920,907 1012,908 1104,908 1196,908 1288,908 1380,908 1473,907 1565,907 1657,906 1749,906 1841,906 1933,905 2025,905 2117,905 2209,905 2301,906 2394,907"/>
                <TextEquiv>
                    <Unicode>kommen mogen, ane alle geverde, des ist vur uns, als fur einen romschen keisir, sinen herren willeclich kommen, der durchluchtige Wenczela kunig zuo Beheim, unsir lieben suon, vur sich sine, geswistirde, erben und nachkomen,</Unicode>
                </TextEquiv>
            </TextLine>
            <TextLine id="r2l25" custom="readingOrder {index:21;} place {offset:11; length:6;} person {offset:43; length:30;} place {offset:66; length:7;} place {offset:130; length:6;}">
                <Coords points="553,938 643,939 733,940 824,941 914,942 1005,942 1095,943 1185,943 1276,943 1366,943 1457,943 1547,943 1637,943 1728,943 1818,943 1909,942 1999,942 2089,942 2180,942 2270,942 2361,942 2361,912 2270,912 2180,912 2089,912 1999,912 1909,912 1818,913 1728,913 1637,913 1547,913 1457,913 1366,913 1276,913 1185,913 1095,913 1005,912 914,912 824,911 733,910 643,909 553,908"/>
                <Baseline points="553,928 643,929 733,930 824,931 914,932 1005,932 1095,933 1185,933 1276,933 1366,933 1457,933 1547,933 1637,933 1728,933 1818,933 1909,932 1999,932 2089,932 2180,932 2270,932 2361,932"/>
                <TextEquiv>
                    <Unicode>kunige zuo Beheim, mit sampt dem egenanten Johanse marggraven zuo Merhern, unserm lieben brudir, der cronen und des kunigrichs zu Beheim, furste an eyme teyle, und haben uns gebeten, daz wir dem egenanten hirczogen zuo</Unicode>
                </TextEquiv>
            </TextLine>
            <TextLine id="r2l26" custom="readingOrder {index:22;} place {offset:0; length:9;} place {offset:15; length:4;} place {offset:27; length:7;} place {offset:135; length:6;}">
                <Coords points="551,967 641,967 731,968 822,968 912,969 1003,969 1093,969 1183,969 1274,969 1364,968 1455,968 1545,968 1635,968 1726,968 1816,967 1907,967 1997,967 2087,967 2178,967 2268,968 2359,968 2359,938 2268,938 2178,937 2087,937 1997,937 1907,937 1816,937 1726,938 1635,938 1545,938 1455,938 1364,938 1274,939 1183,939 1093,939 1003,939 912,939 822,938 731,938 641,937 551,937"/>
                <Baseline points="551,957 641,957 731,958 822,958 912,959 1003,959 1093,959 1183,959 1274,959 1364,958 1455,958 1545,958 1635,958 1726,958 1816,957 1907,957 1997,957 2087,957 2178,957 2268,958 2359,958"/>
                <TextEquiv>
                    <Unicode>Ostirrich, zuo Styr und zu Kernten et cetera, unsern lieben oheimen, geruchten zu virlihene, allcz daz die crone und daz kunigrich zuo Beheim, von dem heilgin romschen riche, zu lehen hat, iz sii furstentum, herschefte, lant oder</Unicode>
                </TextEquiv>
            </TextLine>
            <TextLine id="r2l27" custom="readingOrder {index:23;} person {offset:53; length:8;} person {offset:66; length:67;} place {offset:88; length:9;} place {offset:103; length:4;} place {offset:116; length:7;}">
                <Coords points="549,997 639,996 729,995 819,994 910,994 1000,993 1090,993 1181,993 1271,992 1361,992 1452,992 1542,992 1632,992 1722,992 1813,992 1903,992 1993,992 2084,992 2174,992 2264,992 2355,993 2355,963 2264,962 2174,962 2084,962 1993,962 1903,962 1813,962 1722,962 1632,962 1542,962 1452,962 1361,962 1271,962 1181,963 1090,963 1000,963 910,964 819,964 729,965 639,966 549,967"/>
                <Baseline points="549,987 639,986 729,985 819,984 910,984 1000,983 1090,983 1181,983 1271,982 1361,982 1452,982 1542,982 1632,982 1722,982 1813,982 1903,982 1993,982 2084,982 2174,982 2264,982 2355,983"/>
                <TextEquiv>
                    <Unicode>lute. Und auch sint vur uns kommen, die hochgebornen Albrecht und Lupolt, herczogen zuo Osterrich, zuo Styr und zuo Kernten et cetera, unsir lieben oheimen, fur sich ir erben und nachkommen und iren furstentum, herczogentum,</Unicode>
                </TextEquiv>
            </TextLine>
            <TextLine id="r2l28" custom="readingOrder {index:24;} person {offset:104; length:30;} place {offset:128; length:6;} person {offset:149; length:31;} place {offset:173; length:7;}">
                <Coords points="553,1028 643,1026 733,1024 824,1023 914,1021 1005,1020 1095,1019 1185,1019 1276,1018 1366,1018 1457,1017 1547,1017 1637,1017 1728,1017 1818,1018 1909,1018 1999,1018 2089,1019 2180,1019 2270,1019 2361,1020 2361,990 2270,989 2180,989 2089,989 1999,988 1909,988 1818,988 1728,987 1637,987 1547,987 1457,987 1366,988 1276,988 1185,989 1095,989 1005,990 914,991 824,993 733,994 643,996 553,998"/>
                <Baseline points="553,1018 643,1016 733,1014 824,1013 914,1011 1005,1010 1095,1009 1185,1009 1276,1008 1366,1008 1457,1007 1547,1007 1637,1007 1728,1007 1818,1008 1909,1008 1999,1008 2089,1009 2180,1009 2270,1009 2361,1010"/>
                <TextEquiv>
                    <Unicode>graschefte, herschefte und land, an dem andern teyle, und haben uns auch gebeten, daz wir den egenanten kunigen, Wenczalaen zuo Beheim, unserm sune, Johansen marggraven zuo Merhern, unserm bruder, gerucheten zuo virlyhen, die</Unicode>
                </TextEquiv>
            </TextLine>
            <TextLine id="r2l29" custom="readingOrder {index:25;} place {offset:17; length:9;} place {offset:32; length:4;} place {offset:45; length:7;} place {offset:58; length:6;} place {offset:73; length:9;}">
                <Coords points="555,1056 645,1053 735,1051 826,1050 916,1048 1007,1047 1097,1046 1187,1046 1278,1045 1368,1045 1459,1044 1549,1044 1639,1044 1730,1044 1820,1044 1911,1045 2001,1045 2091,1045 2182,1046 2272,1046 2363,1046 2363,1016 2272,1016 2182,1016 2091,1015 2001,1015 1911,1015 1820,1014 1730,1014 1639,1014 1549,1014 1459,1014 1368,1015 1278,1015 1187,1016 1097,1016 1007,1017 916,1018 826,1020 735,1021 645,1023 555,1026"/>
                <Baseline points="555,1046 645,1043 735,1041 826,1040 916,1038 1007,1037 1097,1036 1187,1036 1278,1035 1368,1035 1459,1034 1549,1034 1639,1034 1730,1034 1820,1034 1911,1035 2001,1035 2091,1035 2182,1036 2272,1036 2363,1036"/>
                <TextEquiv>
                    <Unicode>hirczogentum zuo Ostirrich, zuo Styr und zuo Kernten, zuo Tiroil und zuo Habsburge, die graschefte, und allcz, daz sie von dem egenanten romschen riche, zu lehen haben, iz sii furstentum, graschefte, herschefte, lant odir lute, und</Unicode>
                </TextEquiv>
            </TextLine>
            <TextLine id="r2l30" custom="readingOrder {index:26;} person {offset:56; length:25;} place {offset:75; length:6;} person {offset:101; length:28;} place {offset:122; length:7;} person {offset:187; length:8;} person {offset:200; length:28; continued:true;} place {offset:222; length:6; continued:true;}">
                <Coords points="548,1082 639,1080 730,1078 822,1077 913,1076 1005,1074 1096,1073 1188,1073 1279,1072 1371,1071 1462,1071 1553,1070 1645,1070 1736,1070 1828,1070 1919,1070 2011,1070 2102,1071 2194,1071 2285,1072 2377,1073 2377,1043 2285,1042 2194,1041 2102,1041 2011,1040 1919,1040 1828,1040 1736,1040 1645,1040 1553,1040 1462,1041 1371,1041 1279,1042 1188,1043 1096,1043 1005,1044 913,1046 822,1047 730,1048 639,1050 548,1052"/>
                <Baseline points="548,1072 639,1070 730,1068 822,1067 913,1066 1005,1064 1096,1063 1188,1063 1279,1062 1371,1061 1462,1061 1553,1060 1645,1060 1736,1060 1828,1060 1919,1060 2011,1060 2102,1061 2194,1061 2285,1062 2377,1063"/>
                <TextEquiv>
                    <Unicode>davone ummb soliche redeliche bete, als die vorgenanten kunig Wenczela zuo Beheim, unsir liebir sun, Johans marggrave zuo Merhern, unsir lieben brudir, an eime teyle, und die hochgeborne Albrecht und Lupolt, herczogen zuo Ostir¬</Unicode>
                </TextEquiv>
            </TextLine>
            <TextLine id="r2l31" custom="readingOrder {index:27;} person {offset:0; length:38; continued:true;} place {offset:0; length:4; continued:true;} place {offset:9; length:4;} place {offset:21; length:7;}">
                <Coords points="551,1106 641,1105 731,1104 821,1103 911,1102 1001,1101 1091,1101 1181,1100 1271,1099 1361,1099 1452,1099 1542,1098 1632,1098 1722,1098 1812,1098 1902,1098 1992,1098 2082,1098 2172,1099 2262,1099 2353,1099 2353,1069 2262,1069 2172,1069 2082,1068 1992,1068 1902,1068 1812,1068 1722,1068 1632,1068 1542,1068 1452,1069 1361,1069 1271,1069 1181,1070 1091,1071 1001,1071 911,1072 821,1073 731,1074 641,1075 551,1076"/>
                <Baseline points="551,1096 641,1095 731,1094 821,1093 911,1092 1001,1091 1091,1091 1181,1090 1271,1089 1361,1089 1452,1089 1542,1088 1632,1088 1722,1088 1812,1088 1902,1088 1992,1088 2082,1088 2172,1089 2262,1089 2353,1089"/>
                <TextEquiv>
                    <Unicode>rich zuo Styr und zu Kernten et cetera, unsiren lieben oheime, und fursten, an dem andern teyle, uns, als gliche gemeyne voreinte, und ungesundirte wartere gemeyner anevelle, nach lute der egenanten vormachunge, ordenunge,</Unicode>
                </TextEquiv>
            </TextLine>
            <TextLine id="r2l32" custom="readingOrder {index:28;}">
                <Coords points="554,1133 645,1132 736,1130 827,1129 919,1129 1010,1128 1101,1127 1193,1127 1284,1127 1375,1127 1467,1127 1558,1127 1649,1128 1740,1128 1832,1129 1923,1129 2014,1130 2106,1130 2197,1131 2288,1131 2380,1132 2380,1102 2288,1101 2197,1101 2106,1100 2014,1100 1923,1099 1832,1099 1740,1098 1649,1098 1558,1097 1467,1097 1375,1097 1284,1097 1193,1097 1101,1097 1010,1098 919,1099 827,1099 736,1100 645,1102 554,1103"/>
                <Baseline points="554,1123 645,1122 736,1120 827,1119 919,1119 1010,1118 1101,1117 1193,1117 1284,1117 1375,1117 1467,1117 1558,1117 1649,1118 1740,1118 1832,1119 1923,1119 2014,1120 2106,1120 2197,1121 2288,1121 2380,1122"/>
                <TextEquiv>
                    <Unicode>und voreynunge der lande, demutlich gebeten, und an uns durch recht gevordirt haben, und auch ummb daz sulche vormachunge, ordenunge, und voreynunge der lande, zuschen den egenanten fursten, beiden siiten, ein ewige</Unicode>
                </TextEquiv>
            </TextLine>
            <TextLine id="r2l33" custom="readingOrder {index:29;}">
                <Coords points="551,1159 641,1157 732,1156 823,1156 914,1155 1005,1155 1096,1155 1187,1155 1278,1156 1369,1156 1460,1157 1550,1157 1641,1158 1732,1158 1823,1158 1914,1159 2005,1159 2096,1159 2187,1158 2278,1158 2369,1157 2369,1127 2278,1128 2187,1128 2096,1129 2005,1129 1914,1129 1823,1128 1732,1128 1641,1128 1550,1127 1460,1127 1369,1126 1278,1126 1187,1125 1096,1125 1005,1125 914,1125 823,1126 732,1126 641,1127 551,1129"/>
                <Baseline points="551,1149 641,1147 732,1146 823,1146 914,1145 1005,1145 1096,1145 1187,1145 1278,1146 1369,1146 1460,1147 1550,1147 1641,1148 1732,1148 1823,1148 1914,1149 2005,1149 2096,1149 2187,1148 2278,1148 2369,1147"/>
                <TextEquiv>
                    <Unicode>suone, und fruntschaft bringet, zuo eren, zu dienste und zu wirden dem heylgen romschen riche, zuo gemeynem nucze, und auch zu troste, zu fryde und zu gnaden der gemeinen cristenheit, so haben wir vur uns,</Unicode>
                </TextEquiv>
            </TextLine>
            <TextLine id="r2l34" custom="readingOrder {index:30;}">
                <Coords points="545,1185 635,1184 726,1184 816,1184 907,1184 998,1184 1088,1184 1179,1185 1269,1185 1360,1186 1451,1186 1541,1187 1632,1187 1722,1187 1813,1187 1904,1187 1994,1187 2085,1186 2175,1185 2266,1184 2357,1182 2357,1152 2266,1154 2175,1155 2085,1156 1994,1157 1904,1157 1813,1157 1722,1157 1632,1157 1541,1157 1451,1156 1360,1156 1269,1155 1179,1155 1088,1154 998,1154 907,1154 816,1154 726,1154 635,1154 545,1155"/>
                <Baseline points="545,1175 635,1174 726,1174 816,1174 907,1174 998,1174 1088,1174 1179,1175 1269,1175 1360,1176 1451,1176 1541,1177 1632,1177 1722,1177 1813,1177 1904,1177 1994,1177 2085,1176 2175,1175 2266,1174 2357,1172"/>
                <TextEquiv>
                    <Unicode>romsche keisir, und kunige, unsir nachkomen, mit worte, gunst, wiszen und willen der korfursten des heilgin richs, mit wolbedachtem mute, mit rechtir wiszen und mit vollenkomenheit, keisirliche mechte, dem</Unicode>
                </TextEquiv>
            </TextLine>
            <TextLine id="r2l35" custom="readingOrder {index:31;} person {offset:10; length:16;} place {offset:101; length:6;} person {offset:109; length:31;} place {offset:133; length:7;} place {offset:208; length:7;}">
                <Coords points="557,1212 646,1211 736,1210 825,1210 915,1210 1005,1210 1094,1210 1184,1211 1273,1211 1363,1212 1453,1212 1542,1213 1632,1213 1721,1213 1811,1214 1901,1214 1990,1213 2080,1213 2169,1212 2259,1210 2349,1209 2349,1179 2259,1180 2169,1182 2080,1183 1990,1183 1901,1184 1811,1184 1721,1183 1632,1183 1542,1183 1453,1182 1363,1182 1273,1181 1184,1181 1094,1180 1005,1180 915,1180 825,1180 736,1180 646,1181 557,1182"/>
                <Baseline points="557,1202 646,1201 736,1200 825,1200 915,1200 1005,1200 1094,1200 1184,1201 1273,1201 1363,1202 1453,1202 1542,1203 1632,1203 1721,1203 1811,1204 1901,1204 1990,1203 2080,1203 2169,1202 2259,1200 2349,1199"/>
                <TextEquiv>
                    <Unicode>egenanten kunig Wenczelaen, unserm lieben sune, sinen geswistirden, erben und nachkomen, kunigen zuo Beheim, Johansen marggraven zuo Merhern, unserm brudir, sinen, kynden, erben und nachkomen, marggraven zuo Merhern,</Unicode>
                </TextEquiv>
            </TextLine>
            <TextLine id="r2l36" custom="readingOrder {index:32;} person {offset:19; length:10;} person {offset:34; length:68;} place {offset:58; length:9;} place {offset:73; length:4;} place {offset:85; length:7;}">
                <Coords points="551,1239 641,1238 732,1238 822,1237 913,1237 1004,1238 1094,1238 1185,1238 1275,1239 1366,1239 1457,1240 1547,1240 1638,1241 1728,1241 1819,1241 1910,1242 2000,1241 2091,1241 2181,1240 2272,1240 2363,1238 2363,1208 2272,1210 2181,1210 2091,1211 2000,1211 1910,1212 1819,1211 1728,1211 1638,1211 1547,1210 1457,1210 1366,1209 1275,1209 1185,1208 1094,1208 1004,1208 913,1207 822,1207 732,1208 641,1208 551,1209"/>
                <Baseline points="551,1229 641,1228 732,1228 822,1227 913,1227 1004,1228 1094,1228 1185,1228 1275,1229 1366,1229 1457,1230 1547,1230 1638,1231 1728,1231 1819,1231 1910,1232 2000,1231 2091,1231 2181,1230 2272,1230 2363,1228"/>
                <TextEquiv>
                    <Unicode>an eyme teile, und Albrechten und Lupolten, herczogen zuo Ostirrich, zuo Styr und zu Kernten et cetera, unsern lieben oheimen, iren erben und nachkomen, an dem andern teil, miteinandir, semptlich und eweclich virliehen, und</Unicode>
                </TextEquiv>
            </TextLine>
            <TextLine id="r2l37" custom="readingOrder {index:33;}">
                <Coords points="545,1265 636,1266 727,1266 818,1266 910,1267 1001,1267 1092,1267 1183,1267 1275,1267 1366,1268 1457,1268 1548,1268 1640,1268 1731,1268 1822,1268 1913,1268 2005,1267 2096,1267 2187,1267 2278,1266 2370,1266 2370,1236 2278,1236 2187,1237 2096,1237 2005,1237 1913,1238 1822,1238 1731,1238 1640,1238 1548,1238 1457,1238 1366,1238 1275,1237 1183,1237 1092,1237 1001,1237 910,1237 818,1236 727,1236 636,1236 545,1235"/>
                <Baseline points="545,1255 636,1256 727,1256 818,1256 910,1257 1001,1257 1092,1257 1183,1257 1275,1257 1366,1258 1457,1258 1548,1258 1640,1258 1731,1258 1822,1258 1913,1258 2005,1257 2096,1257 2187,1257 2278,1256 2370,1256"/>
                <TextEquiv>
                    <Unicode>vorlyen alle der andern furstentum, hirczogentum, marggrafschefte, graschefte, herschefte, lant und lute, als glichen gemeinen, voreinten und ungesundirten wartern, gemeiner anevelle, nach lute, der egenanten vormach¬</Unicode>
                </TextEquiv>
            </TextLine>
            <TextLine id="r2l38" custom="readingOrder {index:34;}">
                <Coords points="553,1294 643,1293 734,1293 824,1293 915,1293 1005,1293 1096,1293 1186,1294 1277,1294 1367,1294 1458,1294 1549,1294 1639,1294 1730,1294 1820,1293 1911,1293 2001,1292 2092,1292 2182,1291 2273,1289 2364,1288 2364,1258 2273,1259 2182,1261 2092,1262 2001,1262 1911,1263 1820,1263 1730,1264 1639,1264 1549,1264 1458,1264 1367,1264 1277,1264 1186,1264 1096,1263 1005,1263 915,1263 824,1263 734,1263 643,1263 553,1264"/>
                <Baseline points="553,1284 643,1283 734,1283 824,1283 915,1283 1005,1283 1096,1283 1186,1284 1277,1284 1367,1284 1458,1284 1549,1284 1639,1284 1730,1284 1820,1283 1911,1283 2001,1282 2092,1282 2182,1281 2273,1279 2364,1278"/>
                <TextEquiv>
                    <Unicode>unge, ordenunge und vereynunge, der lande, in allir der maze, als die egenanten vormachunge, ordenunge und voreinunge, der lande, davor begriffen und beschriben ist, und bestetigen auch confirmirn, und befesten</Unicode>
                </TextEquiv>
            </TextLine>
            <TextLine id="r2l39" custom="readingOrder {index:35;}">
                <Coords points="552,1320 642,1320 733,1320 824,1320 915,1320 1006,1321 1097,1321 1188,1321 1279,1321 1370,1321 1461,1321 1551,1321 1642,1321 1733,1321 1824,1320 1915,1320 2006,1319 2097,1319 2188,1318 2279,1317 2370,1316 2370,1286 2279,1287 2188,1288 2097,1289 2006,1289 1915,1290 1824,1290 1733,1291 1642,1291 1551,1291 1461,1291 1370,1291 1279,1291 1188,1291 1097,1291 1006,1291 915,1290 824,1290 733,1290 642,1290 552,1290"/>
                <Baseline points="552,1310 642,1310 733,1310 824,1310 915,1310 1006,1311 1097,1311 1188,1311 1279,1311 1370,1311 1461,1311 1551,1311 1642,1311 1733,1311 1824,1310 1915,1310 2006,1309 2097,1309 2188,1308 2279,1307 2370,1306"/>
                <TextEquiv>
                    <Unicode>wir, fur uns, romsche keisir und kunige, unsir nachkomen, mit worte, gunst, wiszen und willen, der korfursten des heilgin richs, als ein romschir keisir, eweclich, die vorgeschriben, vormachunge, ordenunge und</Unicode>
                </TextEquiv>
            </TextLine>
            <TextLine id="r2l40" custom="readingOrder {index:36;}">
                <Coords points="551,1344 641,1345 732,1346 823,1346 914,1347 1004,1347 1095,1348 1186,1348 1277,1348 1367,1348 1458,1348 1549,1348 1640,1348 1730,1348 1821,1348 1912,1348 2003,1348 2093,1348 2184,1348 2275,1348 2366,1348 2366,1318 2275,1318 2184,1318 2093,1318 2003,1318 1912,1318 1821,1318 1730,1318 1640,1318 1549,1318 1458,1318 1367,1318 1277,1318 1186,1318 1095,1318 1004,1317 914,1317 823,1316 732,1316 641,1315 551,1314"/>
                <Baseline points="551,1334 641,1335 732,1336 823,1336 914,1337 1004,1337 1095,1338 1186,1338 1277,1338 1367,1338 1458,1338 1549,1338 1640,1338 1730,1338 1821,1338 1912,1338 2003,1338 2093,1338 2184,1338 2275,1338 2366,1338"/>
                <TextEquiv>
                    <Unicode>voreinunge, der lande, in allen iren eynunge, sinnen punten und artikeln, von worte zu worte, als davor geschriben steet. Mit urkunt dicz brieves, vorsigelt mit unserm keisirlichen ingesigel, der geben ist zuo</Unicode>
                </TextEquiv>
            </TextLine>
            <TextLine id="r2l41" custom="readingOrder {index:37;} place {offset:0; length:6;}">
                <Coords points="548,1369 639,1371 731,1372 822,1373 914,1374 1006,1374 1097,1375 1189,1375 1280,1375 1372,1376 1464,1376 1555,1376 1647,1376 1738,1376 1830,1376 1922,1376 2013,1375 2105,1375 2196,1375 2288,1375 2380,1375 2380,1345 2288,1345 2196,1345 2105,1345 2013,1345 1922,1346 1830,1346 1738,1346 1647,1346 1555,1346 1464,1346 1372,1346 1280,1345 1189,1345 1097,1345 1006,1344 914,1344 822,1343 731,1342 639,1341 548,1339"/>
                <Baseline points="548,1359 639,1361 731,1362 822,1363 914,1364 1006,1364 1097,1365 1189,1365 1280,1365 1372,1366 1464,1366 1555,1366 1647,1366 1738,1366 1830,1366 1922,1366 2013,1365 2105,1365 2196,1365 2288,1365 2380,1365"/>
                <TextEquiv>
                    <Unicode>Snoyme, nach Crists geburte druczenhundert jare, darnach in dem sehsundsehszigestem jare, an dem nehsten frytage nach dem heilgin offart dage, unsir riche in dem czwenczigistem, und des keisirtums</Unicode>
                </TextEquiv>
            </TextLine>
            <TextLine id="r2l42" custom="readingOrder {index:38;}">
                <Coords points="547,1396 637,1397 728,1399 818,1400 909,1400 999,1401 1090,1402 1180,1402 1271,1403 1361,1403 1452,1403 1543,1403 1633,1403 1724,1403 1814,1403 1905,1403 1995,1403 2086,1403 2176,1403 2267,1403 2358,1403 2358,1373 2267,1373 2176,1373 2086,1373 1995,1373 1905,1373 1814,1373 1724,1373 1633,1373 1543,1373 1452,1373 1361,1373 1271,1373 1180,1372 1090,1372 999,1371 909,1370 818,1370 728,1369 637,1367 547,1366"/>
                <Baseline points="547,1386 637,1387 728,1389 818,1390 909,1390 999,1391 1090,1392 1180,1392 1271,1393 1361,1393 1452,1393 1543,1393 1633,1393 1724,1393 1814,1393 1905,1393 1995,1393 2086,1393 2176,1393 2267,1393 2358,1393"/>
                <TextEquiv>
                    <Unicode>in dem czwolften jare. Davon wann wir wol, und vornunftlich vorsteen, daz die egenanten vormachunge, ordenunge und eynunge, mit wiszen, willen und worte etlichir korfursten und andern fursten, graven,</Unicode>
                </TextEquiv>
            </TextLine>
            <TextLine id="r2l44" custom="readingOrder {index:39;}">
                <Coords points="540,1422 1155,1428 1219,1428 1283,1428 1347,1428 1411,1428 1474,1428 1538,1428 1602,1428 1666,1429 1730,1429 1793,1430 1857,1430 1921,1430 1985,1431 2049,1431 2112,1431 2176,1431 2240,1431 2304,1431 2368,1431 2368,1401 2304,1401 2240,1401 2176,1401 2112,1401 2049,1401 1985,1401 1921,1400 1857,1400 1793,1400 1730,1399 1666,1399 1602,1398 1538,1398 1474,1398 1411,1398 1347,1398 1283,1398 1219,1398 1155,1398 541,1390"/>
                <Baseline points="541,1415 1155,1418 1219,1418 1283,1418 1347,1418 1411,1418 1474,1418 1538,1418 1602,1418 1666,1419 1730,1419 1793,1420 1857,1420 1921,1420 1985,1421 2049,1421 2112,1421 2176,1421 2240,1421 2304,1421 2368,1421"/>
                <TextEquiv>
                    <Unicode>und herren des heilgin richs, recht und redelich, gescheen ist, und wann wir wol virnemen, daz dieselbe vormachunge, ordenunge und eynunge dem heilgin romschen riche, der heilgin cristenheit, und gemeinem fryde,</Unicode>
                </TextEquiv>
            </TextLine>
            <TextLine id="r2l45" custom="readingOrder {index:40;}">
                <Coords points="543,1451 633,1451 724,1452 814,1453 905,1453 995,1454 1086,1455 1176,1455 1267,1456 1357,1456 1448,1457 1538,1457 1629,1458 1719,1458 1810,1458 1900,1459 1991,1459 2081,1459 2172,1459 2262,1459 2353,1459 2353,1429 2262,1429 2172,1429 2081,1429 1991,1429 1900,1429 1810,1428 1719,1428 1629,1428 1538,1427 1448,1427 1357,1426 1267,1426 1176,1425 1086,1425 995,1424 905,1423 814,1423 724,1422 633,1421 543,1421"/>
                <Baseline points="543,1441 633,1441 724,1442 814,1443 905,1443 995,1444 1086,1445 1176,1445 1267,1446 1357,1446 1448,1447 1538,1447 1629,1448 1719,1448 1810,1448 1900,1449 1991,1449 2081,1449 2172,1449 2262,1449 2353,1449"/>
                <TextEquiv>
                    <Unicode>bequemlich und nucze sin, Gote zu lobe, und zu eren, zuo troste und zu gnaden, allen cristen luten. So haben wir mit wolbedachtem muote, mit guten willen und mit rechtir wiszen, zuo den egenanten vormachungen, orde¬</Unicode>
                </TextEquiv>
            </TextLine>
            <TextLine id="r2l46" custom="readingOrder {index:41;} place {offset:134; length:6;}">
                <Coords points="543,1476 634,1478 725,1480 816,1481 907,1482 998,1483 1089,1484 1180,1484 1271,1485 1362,1485 1454,1485 1545,1485 1636,1486 1727,1486 1818,1486 1909,1486 2000,1487 2091,1487 2182,1488 2273,1489 2365,1491 2365,1461 2273,1459 2182,1458 2091,1457 2000,1457 1909,1456 1818,1456 1727,1456 1636,1456 1545,1455 1454,1455 1362,1455 1271,1455 1180,1454 1089,1454 998,1453 907,1452 816,1451 725,1450 634,1448 543,1446"/>
                <Baseline points="543,1466 634,1468 725,1470 816,1471 907,1472 998,1473 1089,1474 1180,1474 1271,1475 1362,1475 1454,1475 1545,1475 1636,1476 1727,1476 1818,1476 1909,1476 2000,1477 2091,1477 2182,1478 2273,1479 2365,1481"/>
                <TextEquiv>
                    <Unicode>nuge und eynunge, und waz darzu gehoret odir davone henget, unsir gunst, willen, und worte genczlich geben, als ein erczebischoff zuo Mencze, erczcanceller und ein kurfurste des heilgin richs, und meinen</Unicode>
                </TextEquiv>
            </TextLine>
            <TextLine id="r2l47" custom="readingOrder {index:42;}">
                <Coords points="548,1503 638,1506 729,1508 820,1509 911,1511 1002,1512 1093,1512 1183,1513 1274,1513 1365,1513 1456,1513 1547,1514 1638,1514 1729,1514 1819,1514 1910,1515 2001,1515 2092,1516 2183,1517 2274,1518 2365,1520 2365,1490 2274,1488 2183,1487 2092,1486 2001,1485 1910,1485 1819,1484 1729,1484 1638,1484 1547,1484 1456,1483 1365,1483 1274,1483 1183,1483 1093,1482 1002,1482 911,1481 820,1479 729,1478 638,1476 548,1473"/>
                <Baseline points="548,1493 638,1496 729,1498 820,1499 911,1501 1002,1502 1093,1502 1183,1503 1274,1503 1365,1503 1456,1503 1547,1504 1638,1504 1729,1504 1819,1504 1910,1505 2001,1505 2092,1506 2183,1507 2274,1508 2365,1510"/>
                <TextEquiv>
                    <Unicode>und wollen, daz die egenanten vormachunge, ordenunge und eynunge, nach lute, der vorgeschriben bryve, unsers herren, des keisirs, in allen iren meynungen, sinnen puncten und artikeln, von worte zu worte,</Unicode>
                </TextEquiv>
            </TextLine>
            <TextLine id="r2l48" custom="readingOrder {index:43;} place {offset:183; length:6;} date {offset:191; length:7; continued:true;year:0; day:0; month:0;}">
                <Coords points="548,1532 638,1534 728,1536 818,1537 908,1539 998,1540 1088,1541 1178,1541 1268,1541 1358,1542 1448,1542 1538,1542 1628,1543 1718,1543 1808,1543 1898,1544 1988,1545 2078,1546 2168,1547 2258,1549 2348,1551 2348,1521 2258,1519 2168,1517 2078,1516 1988,1515 1898,1514 1808,1513 1718,1513 1628,1513 1538,1512 1448,1512 1358,1512 1268,1511 1178,1511 1088,1511 998,1510 908,1509 818,1507 728,1506 638,1504 548,1502"/>
                <Baseline points="548,1522 638,1524 728,1526 818,1527 908,1529 998,1530 1088,1531 1178,1531 1268,1531 1358,1532 1448,1532 1538,1532 1628,1533 1718,1533 1808,1533 1898,1534 1988,1535 2078,1536 2168,1537 2258,1539 2348,1541"/>
                <TextEquiv>
                    <Unicode>als sie davor begriffen sint, in steten creften, unverrucket und ungehindert, eweclichen bliben. Mit urkunt dicz bryves, virsigelt mit unserm anhangendem ingesigel, der geben ist zuo Eltvil, off den</Unicode>
                </TextEquiv>
            </TextLine>
            <TextLine id="r2l49" custom="readingOrder {index:44;} date {offset:0; length:113; continued:true;year:0; day:0; month:0;}">
                <Coords points="540,1563 598,1564 656,1564 714,1565 773,1565 831,1566 889,1567 948,1567 1006,1568 1064,1569 1123,1569 1181,1570 1239,1571 1297,1572 1356,1572 1414,1573 1472,1574 1531,1575 1589,1576 1647,1577 1706,1578 1706,1548 1647,1547 1589,1546 1531,1545 1472,1544 1414,1543 1356,1542 1297,1542 1239,1541 1181,1540 1123,1539 1064,1539 1006,1538 948,1537 889,1537 831,1536 773,1535 714,1535 656,1534 598,1534 540,1533"/>
                <Baseline points="540,1553 598,1554 656,1554 714,1555 773,1555 831,1556 889,1557 948,1557 1006,1558 1064,1559 1123,1559 1181,1560 1239,1561 1297,1562 1356,1562 1414,1563 1472,1564 1531,1565 1589,1566 1647,1567 1706,1568"/>
                <TextEquiv>
                    <Unicode>dornstag vor sante Albans tage, nach Crists geburte druczenhundert jare, darnach in dem sehsundsehszigenstem jare.</Unicode>
                </TextEquiv>
            </TextLine>
            <TextEquiv>
                <Unicode>Wir Gerlach von Gots gnaden des heilgin stuls zue Mencze erczebischoff, des heilgin romschen richs in dutschen landen erczcanceller, bekennen und tun kunt offenlich mit diesem bryve allen den, die yn sehent odir horent Iesin, wann der allir¬
durchIuchtigeste furste, unsir gnedigir herre, her Karll romschir keisir zuo allen cziiten merer des richs und kunig zuo Beheim in dem namen und rechten, aIs ein kuonig zuo Beheim, der allirdurchluchtige furste her Wenczela kuenig
zuo Beheim, sin sun, und der hochgeborn furste her Johans marggrave zuo Merhern, sin brudir, unsir lieben oheim, an enne teyle, und die hochgeboren fursten her Albrecht und her LupoIt hirczogen zuo Osterich, zuo Styr und zuo Kernten et cetera,
unsir lieben oheimen, an dem andern, einre vormachunge, ordenunge, und eynunge, allir irer konigrich, furstetum, graschefte, herschefte, burge, vesten, stette, lute, und land, wo sie die yczont haben, odir, mit hilfe Gots, in kunftigen
cziiten noch gewinnen, wie man die benennen mag mit sundirlichen worten, willeclich, bedechteclich und fruntlich undireinandir gemachet, befestet und vorbryvet haben, und auch dieselbe vormachunge, ordenunge und eynunge, der
egenanten unsir herre keisir Karll, aIs ein romscher keisir, durch ir allir flizzige bete und durch des rechten willen bestedigit und confirmiret, und darubir sin offene bryve, mit sinem anhangenden keisirlichen ingesigel geben hat, von wor¬
te zu worte, aIs hernach geschriben steet: Wir KarI von Gots gnaden romschir keisir zuo allen cziiten merer des richs und konig zuo Beheim bekennen und tun kunt offenlich mit diesem bryve allen den, die yn sehent
odir horent Iesin, wann wir, als ein kunig zuo Beheim, der durchluchtige Wenczela konig zuo Beheim, marggrave zuo Brandenburge und zuo Lusicz, unsir liebn sun, und der hochgeborn Johans marggrave zuo Merhern, unser Iieben bruder,
der chronen und des konigrichs zuo Beheim furste, an eime teile, und die hochgebornen Albrecht und Leupold herczogen zuo Osterrich, zuo Styr, zuo Kernden und zuo Krayn, herren off der Wyndischen marke, zuo Portenouw, graven
zuo Habspurg, zuo Tyroil, zuo Phirt und zuo Kyburg, marggraven zuo Bergew und langraven in Obern Elsezen, an dem andern teyle, mit wolbedachtem muote, mit rechtir wiszen und mit rate der unsern, solich gemechtnuzze, ordenunge
und voreynunge getan haben, recht und redeliche, als hernach geschriben steet, bynamen, ab daz geschee, da Got fur sii, daz wir, der egenanten keiser Karl, Wenczela konig zuo Beheim, unsir liebir sun, und Johans marggrave zuo Merhern,
unsir liebir brudir, und unsir allir eliche kynderen, sune und dochtiren, die wir nuo haben, odir hernach gewinnen, abegiengen und sturben, ane eliche libes erben, und auch ab dieselben unsir kynd libes erben gewonnen, und
die auch vorbasz ane eliche libes erben sturben, also daz unsir land kunigrich, furstentum und herschefte, rechtir libes erben, und erbes erben, die von unsern und iren liben elichen quernen, erbelos wurden, daz dann alle die vorgenanten
unsir land kunigrich, furstentum und herschefte, die wir nuo haben odir hernach gewinnen, mit allen iren, gerichten, rechten, nuczen, wirden, eren fryheiten und allen guten, gewonheiten, die darzuo gehoren, wie die genant sin,
on allcz hindirnuzze, erben, und erblich gevallen sullen, mit volkomenem ganczem rechte, off die vorgenanten herczogen zu Ostirrich, und off ir bedir libes erben sone und tochteren, ab sie die mit hilfe Gots gewinnen, und
off derselben eliche erbes, erben eweclich geschee iz abir, da Got fur sii, daz die vorgenanten hirczogen zuo Osterrich, zuo Styr und zuo Kernthen et cetera, unsir lieben oheimen, abegiengen und sturben, on eliche libes erben und auch ab
sie libes erben gewunnen, die furbazzer auch on eliche libes erben sturben, und ir lant furstetum, graschefte und herschefte, also rechtir elichir libes erben und erbes erben, erblos wurden, daz dann alle die vorgenanten und ander
ire erbliche land herczogtum, furstetum, marggrafschefte, graschefte, vesten, stette, lute und gutir, die sie nuo haben, odir hernach gewunnen, mit allen iren, gerichten, rechten, nuczen, wirden, eren, friheiten und guten, gewonheiten,
die darzuo gehorent, wie die genant sin, ane allcz hindernuzze erben, und gefallen sollen, mit ganczem und volkomenem rechte, off uns, als einen konig zuo Beheim, Wenczelaen kunig zuo Beheim, unsern lieben sun, sine geswistirde,
Johansen marggraven zuo Merhern, unsern lieben brudir, sine kind, und off unsir, und ir allir eliche libes erben, sune und dochtir, und off unsir und derselben eliche erben und erbis erben eweclichen, die von unsern und iren liben elichen
kommen mogen, ane alle geverde, des ist vur uns, als fur einen romschen keisir, sinen herren willeclich kommen, der durchluchtige Wenczela kunig zuo Beheim, unsir lieben suon, vur sich sine, geswistirde, erben und nachkomen,
kunige zuo Beheim, mit sampt dem egenanten Johanse marggraven zuo Merhern, unserm lieben brudir, der cronen und des kunigrichs zu Beheim, furste an eyme teyle, und haben uns gebeten, daz wir dem egenanten hirczogen zuo
Ostirrich, zuo Styr und zu Kernten et cetera, unsern lieben oheimen, geruchten zu virlihene, allcz daz die crone und daz kunigrich zuo Beheim, von dem heilgin romschen riche, zu lehen hat, iz sii furstentum, herschefte, lant oder
lute. Und auch sint vur uns kommen, die hochgebornen Albrecht und Lupolt, herczogen zuo Osterrich, zuo Styr und zuo Kernten et cetera, unsir lieben oheimen, fur sich ir erben und nachkommen und iren furstentum, herczogentum,
graschefte, herschefte und land, an dem andern teyle, und haben uns auch gebeten, daz wir den egenanten kunigen, Wenczalaen zuo Beheim, unserm sune, Johansen marggraven zuo Merhern, unserm bruder, gerucheten zuo virlyhen, die
hirczogentum zuo Ostirrich, zuo Styr und zuo Kernten, zuo Tiroil und zuo Habsburge, die graschefte, und allcz, daz sie von dem egenanten romschen riche, zu lehen haben, iz sii furstentum, graschefte, herschefte, lant odir lute, und
davone ummb soliche redeliche bete, als die vorgenanten kunig Wenczela zuo Beheim, unsir liebir sun, Johans marggrave zuo Merhern, unsir lieben brudir, an eime teyle, und die hochgeborne Albrecht und Lupolt, herczogen zuo Ostir¬
rich zuo Styr und zu Kernten et cetera, unsiren lieben oheime, und fursten, an dem andern teyle, uns, als gliche gemeyne voreinte, und ungesundirte wartere gemeyner anevelle, nach lute der egenanten vormachunge, ordenunge,
und voreynunge der lande, demutlich gebeten, und an uns durch recht gevordirt haben, und auch ummb daz sulche vormachunge, ordenunge, und voreynunge der lande, zuschen den egenanten fursten, beiden siiten, ein ewige
suone, und fruntschaft bringet, zuo eren, zu dienste und zu wirden dem heylgen romschen riche, zuo gemeynem nucze, und auch zu troste, zu fryde und zu gnaden der gemeinen cristenheit, so haben wir vur uns,
romsche keisir, und kunige, unsir nachkomen, mit worte, gunst, wiszen und willen der korfursten des heilgin richs, mit wolbedachtem mute, mit rechtir wiszen und mit vollenkomenheit, keisirliche mechte, dem
egenanten kunig Wenczelaen, unserm lieben sune, sinen geswistirden, erben und nachkomen, kunigen zuo Beheim, Johansen marggraven zuo Merhern, unserm brudir, sinen, kynden, erben und nachkomen, marggraven zuo Merhern,
an eyme teile, und Albrechten und Lupolten, herczogen zuo Ostirrich, zuo Styr und zu Kernten et cetera, unsern lieben oheimen, iren erben und nachkomen, an dem andern teil, miteinandir, semptlich und eweclich virliehen, und
vorlyen alle der andern furstentum, hirczogentum, marggrafschefte, graschefte, herschefte, lant und lute, als glichen gemeinen, voreinten und ungesundirten wartern, gemeiner anevelle, nach lute, der egenanten vormach¬
unge, ordenunge und vereynunge, der lande, in allir der maze, als die egenanten vormachunge, ordenunge und voreinunge, der lande, davor begriffen und beschriben ist, und bestetigen auch confirmirn, und befesten
wir, fur uns, romsche keisir und kunige, unsir nachkomen, mit worte, gunst, wiszen und willen, der korfursten des heilgin richs, als ein romschir keisir, eweclich, die vorgeschriben, vormachunge, ordenunge und
voreinunge, der lande, in allen iren eynunge, sinnen punten und artikeln, von worte zu worte, als davor geschriben steet. Mit urkunt dicz brieves, vorsigelt mit unserm keisirlichen ingesigel, der geben ist zuo
Snoyme, nach Crists geburte druczenhundert jare, darnach in dem sehsundsehszigestem jare, an dem nehsten frytage nach dem heilgin offart dage, unsir riche in dem czwenczigistem, und des keisirtums
in dem czwolften jare. Davon wann wir wol, und vornunftlich vorsteen, daz die egenanten vormachunge, ordenunge und eynunge, mit wiszen, willen und worte etlichir korfursten und andern fursten, graven,
und herren des heilgin richs, recht und redelich, gescheen ist, und wann wir wol virnemen, daz dieselbe vormachunge, ordenunge und eynunge dem heilgin romschen riche, der heilgin cristenheit, und gemeinem fryde,
bequemlich und nucze sin, Gote zu lobe, und zu eren, zuo troste und zu gnaden, allen cristen luten. So haben wir mit wolbedachtem muote, mit guten willen und mit rechtir wiszen, zuo den egenanten vormachungen, orde¬
nuge und eynunge, und waz darzu gehoret odir davone henget, unsir gunst, willen, und worte genczlich geben, als ein erczebischoff zuo Mencze, erczcanceller und ein kurfurste des heilgin richs, und meinen
und wollen, daz die egenanten vormachunge, ordenunge und eynunge, nach lute, der vorgeschriben bryve, unsers herren, des keisirs, in allen iren meynungen, sinnen puncten und artikeln, von worte zu worte,
als sie davor begriffen sint, in steten creften, unverrucket und ungehindert, eweclichen bliben. Mit urkunt dicz bryves, virsigelt mit unserm anhangendem ingesigel, der geben ist zuo Eltvil, off den
dornstag vor sante Albans tage, nach Crists geburte druczenhundert jare, darnach in dem sehsundsehszigenstem jare.</Unicode>
            </TextEquiv>
        </TextRegion>
    </Page>
</PcGts>
