<?xml version="1.0" encoding="UTF-8" standalone="yes"?>
<PcGts xmlns="http://schema.primaresearch.org/PAGE/gts/pagecontent/2013-07-15" xmlns:xsi="http://www.w3.org/2001/XMLSchema-instance" xsi:schemaLocation="http://schema.primaresearch.org/PAGE/gts/pagecontent/2013-07-15 http://schema.primaresearch.org/PAGE/gts/pagecontent/2013-07-15/pagecontent.xsd">
    <Metadata>
        <Creator>TRP</Creator>
        <Created>2019-06-05T14:25:08.393+02:00</Created>
        <LastChange>2019-06-05T14:25:08.393+02:00</LastChange>
        <TranskribusMetadata docId="169926" pageId="6426592" pageNr="2" tsid="10831982" status="NEW" userId="36516" imgUrl="https://files.transkribus.eu/Get?id=YLNRDQCHLDVFNGGIMRXZNWRJ&amp;fileType=view" xmlUrl="https://files.transkribus.eu/Get?id=SFIMVATWKXPRKKGDUYNZEOPD" imageId="3818678"/>
    </Metadata>
    <Page imageFilename="NA-ACK_13970527_01331_v.jpg" imageWidth="5730" imageHeight="4426"/>
</PcGts>
