<?xml version="1.0" encoding="UTF-8" standalone="yes"?>
<PcGts xmlns="http://schema.primaresearch.org/PAGE/gts/pagecontent/2013-07-15" xmlns:xsi="http://www.w3.org/2001/XMLSchema-instance" xsi:schemaLocation="http://schema.primaresearch.org/PAGE/gts/pagecontent/2013-07-15 http://schema.primaresearch.org/PAGE/gts/pagecontent/2013-07-15/pagecontent.xsd">
    <Metadata>
        <Creator>TRP</Creator>
        <Created>2019-08-07T08:29:47.284+02:00</Created>
        <LastChange>2019-08-07T08:29:47.284+02:00</LastChange>
        <TranskribusMetadata docId="192540" pageId="7606227" pageNr="2" tsid="13418646" status="NEW" userId="40502" imgUrl="https://files.transkribus.eu/Get?id=MWNUPJBNRUQRLDKTATEABREM&amp;fileType=view" xmlUrl="https://files.transkribus.eu/Get?id=HYFEWZTJBRMFRUQEEZOXKSJF" imageId="4602007"/>
    </Metadata>
    <Page imageFilename="NA-ACK_13600201_00719_r.jpg" imageWidth="9108" imageHeight="6554"/>
</PcGts>
