<?xml version="1.0" encoding="UTF-8" standalone="yes"?>
<PcGts xmlns="http://schema.primaresearch.org/PAGE/gts/pagecontent/2013-07-15" xmlns:xsi="http://www.w3.org/2001/XMLSchema-instance" xsi:schemaLocation="http://schema.primaresearch.org/PAGE/gts/pagecontent/2013-07-15 http://schema.primaresearch.org/PAGE/gts/pagecontent/2013-07-15/pagecontent.xsd">
    <Metadata>
        <Creator>prov=University of Rostock/Institute of Mathematics/CITlab/Tobias Gruening/tobias.gruening@uni-rostock.de:name=/net_tf/LA73_249_0mod360.pb:de.uros.citlab.segmentation.CITlab_LA_ML:v=2.4.2
TRP</Creator>
        <Created>2019-08-29T15:39:20.652+02:00</Created>
        <LastChange>2019-11-22T08:59:11.004+01:00</LastChange>
        <TranskribusMetadata docId="202395" pageId="8467932" pageNr="1" tsid="19718342" status="IN_PROGRESS" userId="48350" imgUrl="https://files.transkribus.eu/Get?id=SKKWVAHCCFIYHQPHWKMQKJCH&amp;fileType=view" xmlUrl="https://files.transkribus.eu/Get?id=JVLZFEVROHBHJRPRVZYPCHXL" imageId="5352184"/>
    </Metadata>
    <Page imageFilename="NA-AZK-Litomysl_1228~12289999_2348_r.jpg" imageWidth="3000" imageHeight="2117">
        <ReadingOrder>
            <OrderedGroup id="ro_1575392295936" caption="Regions reading order">
                <RegionRefIndexed index="0" regionRef="r1"/>
            </OrderedGroup>
        </ReadingOrder>
        <TextRegion orientation="0.0" id="r1" custom="readingOrder {index:0;}">
            <Coords points="226,369 210,1214 2743,1230 2733,374"/>
            <TextLine id="r1l2" custom="readingOrder {index:0;} person {offset:54; length:35;}">
                <Coords points="236,506 393,502 515,505 636,508 758,511 879,514 1001,517 1122,520 1244,523 1365,526 1487,529 1609,531 1730,534 1852,536 1973,538 2095,540 2216,542 2338,543 2459,544 2581,544 2703,545 2697,422 2613,417 2487,411 2361,409 2226,429 2103,420 1992,414 1863,405 1745,414 1614,409 1502,414 1398,416 1251,400 1125,389 1013,392 893,386 768,405 650,394 532,389 411,386 237,379"/>
                <Baseline points="272,484 393,487 515,490 636,493 758,496 879,499 1001,502 1122,505 1244,508 1365,511 1487,514 1609,516 1730,519 1852,521 1973,523 2095,525 2216,527 2338,528 2459,529 2581,529 2703,530"/>
                <TextEquiv>
                    <Unicode>In nomine sancte ac individue et perpetue Trinitatis. UenzesIaus, Dei gratia rex Boemorum, omnibus, ad quos presens pagina devenerit, saIutem et fidei pietatem. Cum inter mundanas actiones ea so¬</Unicode>
                </TextEquiv>
            </TextLine>
            <TextLine id="r1l3" custom="readingOrder {index:1;}">
                <Coords points="256,561 378,564 500,566 622,569 744,573 867,576 989,580 1111,583 1233,586 1355,590 1478,593 1600,596 1722,599 1844,602 1966,604 2089,606 2211,608 2333,609 2455,610 2577,610 2700,610 2700,564 2577,564 2455,564 2333,563 2211,562 2089,560 1966,558 1844,556 1722,553 1600,550 1478,547 1355,544 1233,540 1111,537 989,534 867,530 744,527 622,523 500,520 378,518 256,515"/>
                <Baseline points="256,546 378,549 500,551 622,554 744,558 867,561 989,565 1111,568 1233,571 1355,575 1478,578 1600,581 1722,584 1844,587 1966,589 2089,591 2211,593 2333,594 2455,595 2577,595 2700,595"/>
                <TextEquiv>
                    <Unicode>la saIubris ac meritoria permaneat, que divine retributionis et obtinende perpetue beatitudinis gratia ceIebratur, alie omnes more liquentis aque cum tempore transeunt et labuntur, nichil secum temporalis delectatio¬</Unicode>
                </TextEquiv>
            </TextLine>
            <TextLine id="r1l4" custom="readingOrder {index:2;} place {offset:142; length:14;}">
                <Coords points="252,628 374,631 496,634 618,637 740,641 863,644 985,648 1107,651 1229,655 1351,658 1474,662 1596,665 1718,667 1840,670 1962,672 2085,674 2207,675 2329,676 2451,677 2573,676 2696,676 2696,628 2573,628 2451,629 2329,628 2207,627 2085,626 1962,624 1840,622 1718,619 1596,617 1474,614 1351,610 1229,607 1107,603 985,600 863,596 740,593 618,589 496,586 374,583 252,580"/>
                <Baseline points="252,612 374,615 496,618 618,621 740,625 863,628 985,632 1107,635 1229,639 1351,642 1474,646 1596,649 1718,651 1840,654 1962,656 2085,658 2207,659 2329,660 2451,661 2573,660 2696,660"/>
                <TextEquiv>
                    <Unicode>nis retinentes preter peccata, que talibus generantur. Hanc igitur considerationem animo revolventes animadvertimus, qualiter bona monasterii Luthomislensis possent ad statum pristinum reformari, que per discordiam nobiIium terre</Unicode>
                </TextEquiv>
            </TextLine>
            <TextLine id="r1l5" custom="readingOrder {index:3;}">
                <Coords points="250,701 373,704 496,706 619,709 742,712 865,714 988,717 1112,720 1235,723 1358,725 1481,728 1604,730 1727,732 1850,734 1974,736 2097,738 2220,739 2343,740 2466,741 2589,741 2713,741 2713,695 2589,695 2466,695 2343,694 2220,693 2097,692 1974,690 1850,688 1727,686 1604,684 1481,682 1358,679 1235,677 1112,674 988,671 865,668 742,666 619,663 496,660 373,658 250,655"/>
                <Baseline points="250,686 373,689 496,691 619,694 742,697 865,699 988,702 1112,705 1235,708 1358,710 1481,713 1604,715 1727,717 1850,719 1974,721 2097,723 2220,724 2343,725 2466,726 2589,726 2713,726"/>
                <TextEquiv>
                    <Unicode>in tantum consumpta fuerant et distracta, ut etiam fratres ibidem divinum ofitium peragentes victum et vestitum penitus non haberent. Nos itaque temporibus nostris bona claustralia dolentes taliter deperire, pro salute anime</Unicode>
                </TextEquiv>
            </TextLine>
            <TextLine id="r1l6" custom="readingOrder {index:4;} person {offset:37; length:34;}">
                <Coords points="252,770 374,772 497,775 619,777 742,779 865,782 987,784 1110,786 1232,789 1355,791 1478,794 1600,796 1723,798 1845,799 1968,801 2091,802 2213,803 2336,804 2458,805 2581,805 2704,804 2704,758 2581,759 2458,759 2336,758 2213,757 2091,756 1968,755 1845,753 1723,752 1600,750 1478,748 1355,745 1232,743 1110,740 987,738 865,736 742,733 619,731 497,729 374,726 252,724"/>
                <Baseline points="252,755 374,757 497,760 619,762 742,764 865,767 987,769 1110,771 1232,774 1355,776 1478,779 1600,781 1723,783 1845,784 1968,786 2091,787 2213,788 2336,789 2458,790 2581,790 2704,789"/>
                <TextEquiv>
                    <Unicode>dilecti fratris nostri, bone memorie marchyonis Morauie nomine Wadizlai, et pro remedio peccatorum nostrorum statuimus et in perpetuum inviolabiliter confirmamus, ut homines iam dicti monasterii hanc habeant liberta¬</Unicode>
                </TextEquiv>
            </TextLine>
            <TextLine id="r1l7" custom="readingOrder {index:5;}">
                <Coords points="251,844 373,845 495,847 617,850 739,852 861,854 983,857 1106,859 1228,861 1350,864 1472,866 1594,868 1716,870 1838,872 1961,873 2083,874 2205,874 2327,875 2449,874 2571,873 2694,872 2694,824 2571,825 2449,826 2327,827 2205,826 2083,826 1961,825 1838,824 1716,822 1594,820 1472,818 1350,816 1228,813 1106,811 983,809 861,806 739,804 617,802 495,799 373,797 251,796"/>
                <Baseline points="251,828 373,829 495,831 617,834 739,836 861,838 983,841 1106,843 1228,845 1350,848 1472,850 1594,852 1716,854 1838,856 1961,857 2083,858 2205,858 2327,859 2449,858 2571,857 2694,856"/>
                <TextEquiv>
                    <Unicode>tem, si in culpam inciderint, sive aliquis in villis ecclesie eiusdem casu miserabili ab alio suffocetur, quod vulgariter hlaua dicitur, seu aliquo pro Iatrocinio incusetur, quod boemice narok vocatur, sive etiam</Unicode>
                </TextEquiv>
            </TextLine>
            <TextLine id="r1l8" custom="readingOrder {index:6;}">
                <Coords points="247,919 370,920 493,922 617,923 740,925 864,927 987,929 1111,931 1234,933 1358,934 1481,936 1604,938 1728,939 1851,940 1975,941 2098,941 2222,942 2345,941 2469,941 2592,940 2716,938 2716,890 2592,892 2469,893 2345,893 2222,894 2098,893 1975,893 1851,892 1728,891 1604,890 1481,888 1358,886 1234,885 1111,883 987,881 864,879 740,877 617,875 493,874 370,872 247,871"/>
                <Baseline points="247,903 370,904 493,906 617,907 740,909 864,911 987,913 1111,915 1234,917 1358,918 1481,920 1604,922 1728,923 1851,924 1975,925 2098,925 2222,926 2345,925 2469,925 2592,924 2716,922"/>
                <TextEquiv>
                    <Unicode>aliquando hac servitute fuerint obligati, quod narez materna lingua nominatur, vel si quis hominum prefate ecclesie suspensus fuerit, quod wizelche boemice dicitur, ab omnibus hiis ipsos penitus decernimus</Unicode>
                </TextEquiv>
            </TextLine>
            <TextLine id="r1l9" custom="readingOrder {index:7;}">
                <Coords points="239,985 362,987 485,989 608,991 731,993 855,995 978,997 1101,1000 1224,1002 1347,1004 1471,1006 1594,1007 1717,1009 1840,1010 1963,1011 2087,1011 2210,1011 2333,1011 2456,1011 2579,1009 2703,1008 2703,960 2579,961 2456,963 2333,963 2210,963 2087,963 1963,963 1840,962 1717,961 1594,959 1471,958 1347,956 1224,954 1101,952 978,949 855,947 731,945 608,943 485,941 362,939 239,937"/>
                <Baseline points="239,969 362,971 485,973 608,975 731,977 855,979 978,981 1101,984 1224,986 1347,988 1471,990 1594,991 1717,993 1840,994 1963,995 2087,995 2210,995 2333,995 2456,995 2579,993 2703,992"/>
                <TextEquiv>
                    <Unicode>absolutos, arbitrio domini abbatis relinquentes, ut pro hiis et aliis culpis homines suos pena debita puniat, in usus monasterii, quicquid ex culpa provenerit, convertendo. Ut autem nostra relaxatio et constitutio robur ob¬</Unicode>
                </TextEquiv>
            </TextLine>
            <TextLine id="r1l10" custom="readingOrder {index:8;} person {offset:159; length:15;} person {offset:181; length:8;} person {offset:191; length:17;}">
                <Coords points="245,1059 308,1058 371,1058 434,1058 497,1058 560,1059 623,1060 686,1061 749,1063 812,1065 876,1066 939,1068 1002,1070 1065,1071 1128,1072 1191,1073 1254,1074 1317,1074 1380,1074 2710,1068 2706,1015 1380,1026 1317,1026 1254,1026 1191,1025 1128,1024 1065,1023 1002,1022 939,1020 876,1018 812,1017 749,1015 686,1013 623,1012 560,1011 497,1010 434,1010 371,1010 308,1010 245,1011"/>
                <Baseline points="245,1043 308,1042 371,1042 434,1042 497,1042 560,1043 623,1044 686,1045 749,1047 812,1049 876,1050 939,1052 1002,1054 1065,1055 1128,1056 1191,1057 1254,1058 1317,1058 1380,1058 2698,1068"/>
                <TextEquiv>
                    <Unicode>tineat veritatis, presentem paginam, testibus subscriptis, nostri sigilli caractere fecimus consignari. Acta sunt autem hec coram nostris fidelibus, videlicet Witkone antiquo filio Witkonis, Wata subcamerario</Unicode>
                </TextEquiv>
            </TextLine>
            <TextLine id="r1l12" custom="readingOrder {index:9;} person {offset:3; length:7;} person {offset:24; length:20;} person {offset:46; length:21;} person {offset:69; length:17;} person {offset:88; length:13;} person {offset:103; length:5;} person {offset:109; length:8;} person {offset:125; length:16;} person {offset:143; length:17;} place {offset:153; length:7;} person {offset:162; length:9;} person {offset:178; length:9;} person {offset:189; length:15; continued:true;}">
                <Coords points="237,1123 297,1123 358,1123 419,1123 480,1124 541,1126 602,1127 662,1128 723,1130 784,1132 845,1134 906,1135 967,1137 1028,1138 1088,1140 1149,1141 1210,1142 1271,1142 1332,1142 1393,1142 2720,1137 2716,1084 1393,1096 1332,1096 1271,1096 1210,1096 1149,1095 1088,1094 1028,1092 967,1091 906,1089 845,1088 784,1086 723,1084 662,1082 602,1081 541,1080 480,1078 419,1077 358,1077 297,1077 237,1077"/>
                <Baseline points="237,1108 297,1108 358,1108 419,1108 480,1109 541,1111 602,1112 662,1113 723,1115 784,1117 845,1119 906,1120 967,1122 1028,1123 1088,1125 1149,1126 1210,1127 1271,1127 1332,1127 1393,1127 2714,1128"/>
                <TextEquiv>
                    <Unicode>et Bouzlao fratre eius, Zbrazlao subpincerna, Zlaunicho subdapifero, Drislao marsalcho, Jurik noskone, Petro MiIhozti filio, Ztrezimiro calvo, Milata de Morauia, Daleborio filio Daleborii, Voyzlao canoni¬</Unicode>
                </TextEquiv>
            </TextLine>
            <TextLine id="r1l14" custom="readingOrder {index:10;} person {offset:0; length:11; continued:true;} place {offset:6; length:5;} person {offset:13; length:15;} person {offset:30; length:26;} place {offset:49; length:7;} date {offset:80; length:86;year:0; day:0; month:0;}">
                <Coords points="227,1187 288,1187 349,1187 410,1188 472,1189 533,1190 594,1191 655,1193 717,1195 778,1197 839,1199 900,1201 962,1203 1023,1204 1084,1205 1145,1206 1207,1207 1268,1207 1329,1207 1390,1206 2624,1207 2624,1141 1390,1160 1329,1161 1268,1161 1207,1161 1145,1160 1084,1159 1023,1158 962,1157 900,1155 839,1153 778,1151 717,1149 655,1147 594,1145 533,1144 472,1143 410,1142 349,1141 288,1141 227,1141"/>
                <Baseline points="227,1172 288,1172 349,1172 410,1173 472,1174 533,1175 594,1176 655,1178 717,1180 778,1182 839,1184 900,1186 962,1188 1023,1189 1084,1190 1145,1191 1207,1192 1268,1192 1329,1192 1390,1191 2615,1199"/>
                <TextEquiv>
                    <Unicode>co de Zaska, magistro Abdone, Petro capellano de Nehanic et aliis multis. Datum anno dominice incarnationis Mo CCo XXo VIIIo, concurrente VIo, regni nostri anno primo. Amen. </Unicode>
                </TextEquiv>
            </TextLine>
            <TextEquiv>
                <Unicode>In nomine sancte ac individue et perpetue Trinitatis. UenzesIaus, Dei gratia rex Boemorum, omnibus, ad quos presens pagina devenerit, saIutem et fidei pietatem. Cum inter mundanas actiones ea so¬&#xD;
la saIubris ac meritoria permaneat, que divine retributionis et obtinende perpetue beatitudinis gratia ceIebratur, alie omnes more liquentis aque cum tempore transeunt et labuntur, nichil secum temporalis delectatio¬&#xD;
nis retinentes preter peccata, que talibus generantur. Hanc igitur considerationem animo revolventes animadvertimus, qualiter bona monasterii Luthomislensis possent ad statum pristinum reformari, que per discordiam nobiIium terre&#xD;
in tantum consumpta fuerant et distracta, ut etiam fratres ibidem divinum ofitium peragentes victum et vestitum penitus non haberent. Nos itaque temporibus nostris bona claustralia dolentes taliter deperire, pro salute anime&#xD;
dilecti fratris nostri, bone memorie marchyonis Morauie nomine Wadizlai, et pro remedio peccatorum nostrorum statuimus et in perpetuum inviolabiliter confirmamus, ut homines iam dicti monasterii hanc habeant liberta¬&#xD;
tem, si in culpam inciderint, sive aliquis in villis ecclesie eiusdem casu miserabili ab alio suffocetur, quod vulgariter hlaua dicitur, seu aliquo pro Iatrocinio incusetur, quod boemice narok vocatur, sive etiam&#xD;
aliquando hac servitute fuerint obligati, quod narez materna lingua nominatur, vel si quis hominum prefate ecclesie suspensus fuerit, quod wizelche boemice dicitur, ab omnibus hiis ipsos penitus decernimus&#xD;
absolutos, arbitrio domini abbatis relinquentes, ut pro hiis et aliis culpis homines suos pena debita puniat, in usus monasterii, quicquid ex culpa provenerit, convertendo. Ut autem nostra relaxatio et constitutio robur ob¬&#xD;
tineat veritatis, presentem paginam, testibus subscriptis, nostri sigilli caractere fecimus consignari. Acta sunt autem hec coram nostris fidelibus, videlicet Witkone antiquo filio Witkonis, Wata subcamerario&#xD;
et Bouzlao fratre eius, Zbrazlao subpincerna, Zlaunicho subdapifero, Drislao marsalcho, Jurik noskone, Petro MiIhozti filio, Ztrezimiro calvo, Milata de Morauia, Daleborio filio Daleborii, Voyzlao canoni¬&#xD;
co de Zaska, magistro Abdone, Petro capellano de Nehanic et aliis multis. Datum anno dominice incarnationis Mo CCo XXo VIIIo, concurrente VIo, regni nostri anno primo. Amen. </Unicode>
            </TextEquiv>
        </TextRegion>
    </Page>
</PcGts>
