<?xml version="1.0" encoding="UTF-8" standalone="yes"?>
<PcGts xmlns="http://schema.primaresearch.org/PAGE/gts/pagecontent/2013-07-15" xmlns:xsi="http://www.w3.org/2001/XMLSchema-instance" xsi:schemaLocation="http://schema.primaresearch.org/PAGE/gts/pagecontent/2013-07-15 http://schema.primaresearch.org/PAGE/gts/pagecontent/2013-07-15/pagecontent.xsd">
    <Metadata>
        <Creator>TRP</Creator>
        <Created>2019-07-26T10:27:42.480+02:00</Created>
        <LastChange>2019-07-26T10:27:42.480+02:00</LastChange>
        <TranskribusMetadata docId="188167" pageId="7475638" pageNr="2" tsid="13139538" status="NEW" userId="40502" imgUrl="https://files.transkribus.eu/Get?id=PSMWMEWDTAYAFGGCAHFYBYRA&amp;fileType=view" xmlUrl="https://files.transkribus.eu/Get?id=WVHMDAUPYLKLUPKQDJFQGOUO" imageId="4493286"/>
    </Metadata>
    <Page imageFilename="NA-ACK_13531105_00435_v.jpg" imageWidth="6592" imageHeight="4635"/>
</PcGts>
