<?xml version="1.0" encoding="UTF-8" standalone="yes"?>
<PcGts xmlns="http://schema.primaresearch.org/PAGE/gts/pagecontent/2013-07-15" xmlns:xsi="http://www.w3.org/2001/XMLSchema-instance" xsi:schemaLocation="http://schema.primaresearch.org/PAGE/gts/pagecontent/2013-07-15 http://schema.primaresearch.org/PAGE/gts/pagecontent/2013-07-15/pagecontent.xsd">
    <Metadata>
        <Creator>prov=University of Rostock/Institute of Mathematics/CITlab/Tobias Gruening/tobias.gruening@uni-rostock.de:name=/net_tf/LA73_249_0mod360.pb:de.uros.citlab.segmentation.CITlab_LA_ML:v=2.4.1
TRP</Creator>
        <Created>2019-08-12T15:23:04.235+02:00</Created>
        <LastChange>2019-11-22T15:41:19.187+01:00</LastChange>
        <TranskribusMetadata docId="194821" pageId="7668003" pageNr="1" tsid="19743819" status="IN_PROGRESS" userId="40502" imgUrl="https://files.transkribus.eu/Get?id=OOGQBAMIGFZEADFYZSWDBMJX&amp;fileType=view" xmlUrl="https://files.transkribus.eu/Get?id=FPQAFNUBVNVIHBXNYBXEUXTP" imageId="4645384"/>
    </Metadata>
    <Page imageFilename="NA-ACK_13640210_00883_r.jpg" imageWidth="3000" imageHeight="2703">
        <ReadingOrder>
            <OrderedGroup id="ro_1575392302595" caption="Regions reading order">
                <RegionRefIndexed index="0" regionRef="r1"/>
                <RegionRefIndexed index="1" regionRef="region_1565616389854_737"/>
            </OrderedGroup>
        </ReadingOrder>
        <TextRegion orientation="0.0" id="r1" custom="readingOrder {index:0;}">
            <Coords points="112,249 127,1523 2536,1523 2533,249"/>
            <TextLine id="r1l4" custom="readingOrder {index:0;} person {offset:4; length:74;} person {offset:84; length:77;} place {offset:125; length:6;} place {offset:150; length:11;} person {offset:213; length:12;} person {offset:239; length:10; continued:true;}">
                <Coords points="130,410 408,412 516,411 624,409 732,407 840,406 948,404 1056,402 1164,400 1272,398 1380,396 1488,394 1596,393 1704,391 1812,390 1920,389 2028,388 2136,388 2244,388 2352,388 2460,388 2457,329 2366,323 2269,315 2154,319 2043,325 1931,321 1816,317 1715,317 1599,330 1520,322 1395,314 1302,312 1174,328 1062,342 973,329 844,349 738,359 635,358 533,357 408,258 127,253"/>
                <Baseline points="300,403 408,402 516,401 624,399 732,397 840,396 948,394 1056,392 1164,390 1272,388 1380,386 1488,384 1596,383 1704,381 1812,380 1920,379 2028,378 2136,378 2244,378 2352,378 2460,378"/>
                <TextEquiv>
                    <Unicode>Wir Karl von Gotes gnaden roemischer keyser zuo allen zeiten merer des reiches, wir Wenczla ouch von Gotes genaden kuenig ze Beheim und marichgraf ze Brandenburg, des ieczgenanten unsers lieben herren und vatters keyser Karln sun, und wir Johans von</Unicode>
                </TextEquiv>
            </TextLine>
            <TextLine id="r1l5" custom="readingOrder {index:1;} person {offset:0; length:44; continued:true;} place {offset:37; length:7;} person {offset:112; length:8;} person {offset:122; length:8;} person {offset:135; length:114; continued:true;} place {offset:185; length:11;} place {offset:201; length:5;} place {offset:214; length:7;} place {offset:233; length:6;}">
                <Coords points="308,441 415,439 522,437 630,435 737,433 845,431 952,429 1059,427 1167,424 1274,422 1382,421 1489,419 1596,417 1704,416 1811,415 1919,414 2026,414 2133,414 2241,414 2348,415 2456,416 2456,386 2348,385 2241,384 2133,384 2026,384 1919,384 1811,385 1704,386 1596,387 1489,389 1382,391 1274,392 1167,394 1059,397 952,399 845,401 737,403 630,405 522,407 415,409 308,411"/>
                <Baseline points="308,431 415,429 522,427 630,425 737,423 845,421 952,419 1059,417 1167,414 1274,412 1382,411 1489,409 1596,407 1704,406 1811,405 1919,404 2026,404 2133,404 2241,404 2348,405 2456,406"/>
                <TextEquiv>
                    <Unicode>denselben Gotes gnaden marichgraf ze Merhern, desselben unsers herren des keyser bruoder, an aim taile, und wir Ruodolff, Albrecht und Leupolt, gebrueder, von Gotes gnaden herczogen ze Oesterreich, ze Steyr und ze Kernden ,herren ze Chrayn, auff der</Unicode>
                </TextEquiv>
            </TextLine>
            <TextLine id="r1l6" custom="readingOrder {index:2;} person {offset:0; length:141; continued:true;} place {offset:0; length:18;} place {offset:26; length:9;} place {offset:47; length:8;} place {offset:60; length:5;} place {offset:70; length:6;} place {offset:84; length:6;} place {offset:108; length:7;} place {offset:134; length:7;} person {offset:151; length:86; continued:true;} place {offset:163; length:11;}">
                <Coords points="282,462 390,462 499,461 608,460 716,458 825,456 934,454 1042,452 1151,450 1260,448 1369,446 1477,444 1586,442 1695,440 1803,439 1912,438 2021,438 2129,438 2238,439 2347,441 2456,443 2456,413 2347,411 2238,409 2129,408 2021,408 1912,408 1803,409 1695,410 1586,412 1477,414 1369,416 1260,418 1151,420 1042,422 934,424 825,426 716,428 608,430 499,431 390,432 282,432"/>
                <Baseline points="282,452 390,452 499,451 608,450 716,448 825,446 934,444 1042,442 1151,440 1260,438 1369,436 1477,434 1586,432 1695,430 1803,429 1912,428 2021,428 2129,428 2238,429 2347,431 2456,433"/>
                <TextEquiv>
                    <Unicode>Wynndischen marich und ze Porttnawe, grafen ze Habspurg, ze Tyrol, ze Phyrtt und ze Kyburg, marichgrafen ze Burgowe und lantgrafen in Elsazze, und wir Margret von Oesterreich, der ieczgenanten herczogen swester, weylent marichgrefinne ze</Unicode>
                </TextEquiv>
            </TextLine>
            <TextLine id="r1l7" custom="readingOrder {index:3;} person {offset:0; length:55; continued:true;} place {offset:0; length:11;} place {offset:28; length:5;} place {offset:50; length:5;}">
                <Coords points="285,491 394,490 503,488 613,486 722,484 832,482 941,480 1050,478 1160,475 1269,473 1379,470 1488,468 1597,466 1707,465 1816,464 1926,463 2035,463 2144,463 2254,464 2363,465 2473,467 2473,437 2363,435 2254,434 2144,433 2035,433 1926,433 1816,434 1707,435 1597,436 1488,438 1379,440 1269,443 1160,445 1050,448 941,450 832,452 722,454 613,456 503,458 394,460 285,461"/>
                <Baseline points="285,481 394,480 503,478 613,476 722,474 832,472 941,470 1050,468 1160,465 1269,463 1379,460 1488,458 1597,456 1707,455 1816,454 1926,453 2035,453 2144,453 2254,454 2363,455 2473,457"/>
                <TextEquiv>
                    <Unicode>Brandenburg, herczoginne ze Bayrn und grefinne ze Tyrol, an dem andern taile, veriehen, bekennen und tuen kunt von baiden tailen offenlich mit disem brief allen den, die in sehen, hoeren oder lesen, nu und hinnach ewichlich, seyd dem</Unicode>
                </TextEquiv>
            </TextLine>
            <TextLine id="r1l8" custom="readingOrder {index:4;}">
                <Coords points="286,518 395,516 505,514 615,511 725,509 835,507 944,504 1054,502 1164,500 1274,498 1384,495 1493,494 1603,492 1713,491 1823,490 1933,489 2042,489 2152,489 2262,489 2372,490 2482,492 2482,462 2372,460 2262,459 2152,459 2042,459 1933,459 1823,460 1713,461 1603,462 1493,464 1384,465 1274,468 1164,470 1054,472 944,474 835,477 725,479 615,481 505,484 395,486 286,488"/>
                <Baseline points="286,508 395,506 505,504 615,501 725,499 835,497 944,494 1054,492 1164,490 1274,488 1384,485 1493,484 1603,482 1713,481 1823,480 1933,479 2042,479 2152,479 2262,479 2372,480 2482,482"/>
                <TextEquiv>
                    <Unicode>male daz nach ordenung und geschicht des almechtigen Gottes wir paidenthalben durcheinander von natur und der gebuerd wegen des geschlechts sippelich zuo einander gehoeren, in soelicher mazze, dwederr tail under uns gar abgieng, und verfuer ane</Unicode>
                </TextEquiv>
            </TextLine>
            <TextLine id="r1l9" custom="readingOrder {index:5;}">
                <Coords points="293,543 401,541 510,539 619,536 728,534 837,532 946,530 1054,527 1163,525 1272,523 1381,521 1490,520 1599,518 1708,517 1816,516 1925,515 2034,515 2143,515 2252,515 2361,516 2470,518 2470,488 2361,486 2252,485 2143,485 2034,485 1925,485 1816,486 1708,487 1599,488 1490,490 1381,491 1272,493 1163,495 1054,497 946,500 837,502 728,504 619,506 510,509 401,511 293,513"/>
                <Baseline points="293,533 401,531 510,529 619,526 728,524 837,522 946,520 1054,517 1163,515 1272,513 1381,511 1490,510 1599,508 1708,507 1816,506 1925,505 2034,505 2143,505 2252,505 2361,506 2470,508"/>
                <TextEquiv>
                    <Unicode>eleich leiberben, daz derselb tail dem andern aller seiner lande, fuerstentuomen und herschefte, die er also hinder im liezz, pilleich und von recht gunnen sol fuer alle ander leute, daz darumb wir in dem namen, als da vor auf baiden tailen nach</Unicode>
                </TextEquiv>
            </TextLine>
            <TextLine id="r1l10" custom="readingOrder {index:6;}">
                <Coords points="289,569 397,567 505,565 613,562 721,560 829,558 937,555 1046,553 1154,551 1262,549 1370,547 1478,545 1586,543 1694,542 1803,541 1911,541 2019,540 2127,540 2235,541 2343,542 2452,543 2452,513 2343,512 2235,511 2127,510 2019,510 1911,511 1803,511 1694,512 1586,513 1478,515 1370,517 1262,519 1154,521 1046,523 937,525 829,528 721,530 613,532 505,535 397,537 289,539"/>
                <Baseline points="289,559 397,557 505,555 613,552 721,550 829,548 937,545 1046,543 1154,541 1262,539 1370,537 1478,535 1586,533 1694,532 1803,531 1911,531 2019,530 2127,530 2235,531 2343,532 2452,533"/>
                <TextEquiv>
                    <Unicode>guoter vorbetrachtung, mit rechter wizzen, nach rate, willen und gunst aller unserr fuersten, lantherren, rittern und knechten, purgern und lantsezzen, in allen unsern landen und stetten, die notdurftig darzuo waren, mit aller der ordenunge,</Unicode>
                </TextEquiv>
            </TextLine>
            <TextLine id="r1l11" custom="readingOrder {index:7;}">
                <Coords points="287,595 395,593 503,591 611,588 719,586 827,583 935,581 1043,579 1151,576 1259,574 1367,572 1475,571 1583,569 1691,568 1799,567 1907,566 2015,566 2123,566 2231,567 2339,568 2448,569 2448,539 2339,538 2231,537 2123,536 2015,536 1907,536 1799,537 1691,538 1583,539 1475,541 1367,542 1259,544 1151,546 1043,549 935,551 827,553 719,556 611,558 503,561 395,563 287,565"/>
                <Baseline points="287,585 395,583 503,581 611,578 719,576 827,573 935,571 1043,569 1151,566 1259,564 1367,562 1475,561 1583,559 1691,558 1799,557 1907,556 2015,556 2123,556 2231,557 2339,558 2448,559"/>
                <TextEquiv>
                    <Unicode>beschaidenheit und chraft, worten, werken und geberden, die nach geystlichen und weltlichen rechten oder gewonheiten und nach dhaynerlay lantrechten oder freiheiten darzuo gehoerent, einander getan haben recht und redlich solich</Unicode>
                </TextEquiv>
            </TextLine>
            <TextLine id="r1l12" custom="readingOrder {index:8;} person {offset:134; length:19;} person {offset:155; length:25;} place {offset:174; length:6;} person {offset:185; length:29;} place {offset:207; length:7;}">
                <Coords points="297,623 404,619 512,616 620,613 728,611 836,608 944,606 1052,604 1160,602 1268,600 1376,598 1483,597 1591,596 1699,595 1807,594 1915,594 2023,594 2131,594 2239,594 2347,594 2455,595 2455,565 2347,564 2239,564 2131,564 2023,564 1915,564 1807,564 1699,565 1591,566 1483,567 1376,568 1268,570 1160,572 1052,574 944,576 836,578 728,581 620,583 512,586 404,589 297,593"/>
                <Baseline points="297,613 404,609 512,606 620,603 728,601 836,598 944,596 1052,594 1160,592 1268,590 1376,588 1483,587 1591,586 1699,585 1807,584 1915,584 2023,584 2131,584 2239,584 2347,584 2455,585"/>
                <TextEquiv>
                    <Unicode>gemechtnuzz ordenung und gabe als hie nach beschaiden ist. Das ist ze merken, ob das geschehe, da vor Got si, daz wir die vorgenanten keyser Karl von Rom, kuenig Wenczla von Beheim und marichgraf Johans von Merhern, und unser aller</Unicode>
                </TextEquiv>
            </TextLine>
            <TextLine id="r1l13" custom="readingOrder {index:9;}">
                <Coords points="291,650 400,646 510,643 619,640 729,637 838,634 948,632 1057,630 1167,628 1276,626 1386,624 1495,623 1605,622 1714,621 1824,620 1933,620 2043,619 2152,619 2262,619 2371,619 2481,620 2481,590 2371,589 2262,589 2152,589 2043,589 1933,590 1824,590 1714,591 1605,592 1495,593 1386,594 1276,596 1167,598 1057,600 948,602 838,604 729,607 619,610 510,613 400,616 291,620"/>
                <Baseline points="291,640 400,636 510,633 619,630 729,627 838,624 948,622 1057,620 1167,618 1276,616 1386,614 1495,613 1605,612 1714,611 1824,610 1933,610 2043,609 2152,609 2262,609 2371,609 2481,610"/>
                <TextEquiv>
                    <Unicode>eleiche kint, suene und toechter, die wir nu haben oder hernach gewinnen, abgiengen und verfueren ane elich leiberben, und ouch ob dieselben unsere kinde leiberben gewinnent, die ouch fuerbazzer an leiberben verfueren, und unsrew land also rechter</Unicode>
                </TextEquiv>
            </TextLine>
            <TextLine id="r1l14" custom="readingOrder {index:10;}">
                <Coords points="287,675 397,671 507,668 618,664 728,661 839,659 949,657 1059,655 1170,653 1280,651 1391,650 1501,649 1611,648 1722,647 1832,646 1943,646 2053,646 2163,645 2274,645 2384,644 2495,644 2495,614 2384,614 2274,615 2163,615 2053,616 1943,616 1832,616 1722,617 1611,618 1501,619 1391,620 1280,621 1170,623 1059,625 949,627 839,629 728,631 618,634 507,638 397,641 287,645"/>
                <Baseline points="287,665 397,661 507,658 618,654 728,651 839,649 949,647 1059,645 1170,643 1280,641 1391,640 1501,639 1611,638 1722,637 1832,636 1943,636 2053,636 2163,635 2274,635 2384,634 2495,634"/>
                <TextEquiv>
                    <Unicode>leiberben, die von uns, unsern kinden und kindes kinden komen moechten, erblos wurden, daz danne allev uensrew erblichew fuerstentuom, lande, und herschefte, vesten und stett, leute und gueter, die wir nu haben oder hernach gewinnen, erben, und gevallen</Unicode>
                </TextEquiv>
            </TextLine>
            <TextLine id="r1l15" custom="readingOrder {index:11;} place {offset:72; length:11;} person {offset:99; length:9;}">
                <Coords points="297,700 406,696 516,692 625,689 735,686 845,683 954,681 1064,679 1173,678 1283,677 1393,676 1502,675 1612,675 1721,674 1831,674 1941,673 2050,673 2160,673 2269,672 2379,671 2489,670 2489,640 2379,641 2269,642 2160,643 2050,643 1941,643 1831,644 1721,644 1612,645 1502,645 1393,646 1283,647 1173,648 1064,649 954,651 845,653 735,656 625,659 516,662 406,666 297,670"/>
                <Baseline points="297,690 406,686 516,682 625,679 735,676 845,673 954,671 1064,669 1173,668 1283,667 1393,666 1502,665 1612,665 1721,664 1831,664 1941,663 2050,663 2160,663 2269,662 2379,661 2489,660"/>
                <TextEquiv>
                    <Unicode>suellen mit vollem und ganczem rechte auf die vorgenanten herczogen von Oesterreich, die egenanten Margreten ir swester, und auf ir aller leiberben, suene und toechter, die in Got noch geben mag, und auf derselben kind und kindes kint nach dem rechten</Unicode>
                </TextEquiv>
            </TextLine>
            <TextLine id="r1l16" custom="readingOrder {index:12;} place {offset:154; length:11;} person {offset:189; length:8;}">
                <Coords points="291,729 400,723 510,719 619,715 729,711 839,709 948,706 1058,705 1167,704 1277,703 1387,702 1496,701 1606,701 1715,701 1825,701 1935,701 2044,700 2154,700 2263,699 2373,698 2483,697 2483,667 2373,668 2263,669 2154,670 2044,670 1935,671 1825,671 1715,671 1606,671 1496,671 1387,672 1277,673 1167,674 1058,675 948,676 839,679 729,681 619,685 510,689 400,693 291,699"/>
                <Baseline points="291,719 400,713 510,709 619,705 729,701 839,699 948,696 1058,695 1167,694 1277,693 1387,692 1496,691 1606,691 1715,691 1825,691 1935,691 2044,690 2154,690 2263,689 2373,688 2483,687"/>
                <TextEquiv>
                    <Unicode>stammen ewichlich, die von iren leiben komen mugen, an alle geverde. Und ze gleicher weise hinwider sprechen und wellen wir die vorgenanten herczogen von Oesterreich, und wir die egenanten Margrete, ir swester, ob das geschech, das Got durch sein gnade</Unicode>
                </TextEquiv>
            </TextLine>
            <TextLine id="r1l17" custom="readingOrder {index:13;} person {offset:50; length:24;} place {offset:68; length:6;} person {offset:123; length:18;} person {offset:175; length:7;} person {offset:192; length:27;} place {offset:213; length:6;}">
                <Coords points="284,757 393,751 503,746 613,742 723,738 832,735 942,733 1052,731 1162,730 1271,729 1381,729 1491,728 1601,728 1710,728 1820,728 1930,728 2040,728 2149,727 2259,727 2369,726 2479,724 2479,694 2369,696 2259,697 2149,697 2040,698 1930,698 1820,698 1710,698 1601,698 1491,698 1381,699 1271,699 1162,700 1052,701 942,703 832,705 723,708 613,712 503,716 393,721 284,727"/>
                <Baseline points="284,747 393,741 503,736 613,732 723,728 832,725 942,723 1052,721 1162,720 1271,719 1381,719 1491,718 1601,718 1710,718 1820,718 1930,718 2040,718 2149,717 2259,717 2369,716 2479,714"/>
                <TextEquiv>
                    <Unicode>wende, daz wir und der durchleuchtig fuerste, her Ludweig kuenig ze Ungern, unser lieber bruoder, und die hochgeborn frawe kuenigin Elizabeth, sein muoter, und die hochgeborn Elsbeth, weilent herczog Stephans von Ungern, seins bruoder tochter,</Unicode>
                </TextEquiv>
            </TextLine>
            <TextLine id="r1l18" custom="readingOrder {index:14;}">
                <Coords points="288,784 396,778 505,774 614,769 723,766 832,763 941,761 1049,759 1158,757 1267,756 1376,756 1485,755 1594,755 1703,755 1811,754 1920,754 2029,754 2138,754 2247,753 2356,752 2465,751 2465,721 2356,722 2247,723 2138,724 2029,724 1920,724 1811,724 1703,725 1594,725 1485,725 1376,726 1267,726 1158,727 1049,729 941,731 832,733 723,736 614,739 505,744 396,748 288,754"/>
                <Baseline points="288,774 396,768 505,764 614,759 723,756 832,753 941,751 1049,749 1158,747 1267,746 1376,746 1485,745 1594,745 1703,745 1811,744 1920,744 2029,744 2138,744 2247,743 2356,742 2465,741"/>
                <TextEquiv>
                    <Unicode>unser liebe swester, abgiengen und verfueren ane eleich leiberben, und ouch ob wir an demselben unserm taile leiberben gewinnen, die fuerbazzer ane leiberben verfueren, und unsrew land also rechter leiberben, die von uns, unsern kinden und kindes</Unicode>
                </TextEquiv>
            </TextLine>
            <TextLine id="r1l19" custom="readingOrder {index:15;} place {offset:180; length:11;} person {offset:197; length:7;}">
                <Coords points="287,813 396,807 505,801 615,796 724,792 834,789 943,787 1052,785 1162,784 1271,783 1381,782 1490,782 1599,782 1709,782 1818,782 1928,782 2037,781 2146,781 2256,780 2365,779 2475,778 2475,748 2365,749 2256,750 2146,751 2037,751 1928,752 1818,752 1709,752 1599,752 1490,752 1381,752 1271,753 1162,754 1052,755 943,757 834,759 724,762 615,766 505,771 396,777 287,783"/>
                <Baseline points="287,803 396,797 505,791 615,786 724,782 834,779 943,777 1052,775 1162,774 1271,773 1381,772 1490,772 1599,772 1709,772 1818,772 1928,772 2037,771 2146,771 2256,770 2365,769 2475,768"/>
                <TextEquiv>
                    <Unicode>kinden komen moechten, erblos wurden, daz danne allew unsrew erblichew fuerstentuom, land und herschefte, vesten und stett, leute und gueter, die wir die vorgenanten herczogen von Oesterreich, und Margret, unser swester, nu haben oder hernach</Unicode>
                </TextEquiv>
            </TextLine>
            <TextLine id="r1l20" custom="readingOrder {index:16;} person {offset:91; length:20;} person {offset:113; length:25;} place {offset:132; length:6;} person {offset:143; length:31;} place {offset:167; length:7;}">
                <Coords points="298,840 406,833 515,828 624,823 733,819 842,816 951,813 1059,812 1168,810 1277,809 1386,808 1495,808 1604,808 1713,808 1821,808 1930,807 2039,807 2148,806 2257,805 2366,804 2475,802 2475,772 2366,774 2257,775 2148,776 2039,777 1930,777 1821,778 1713,778 1604,778 1495,778 1386,778 1277,779 1168,780 1059,782 951,783 842,786 733,789 624,793 515,798 406,803 298,810"/>
                <Baseline points="298,830 406,823 515,818 624,813 733,809 842,806 951,803 1059,802 1168,800 1277,799 1386,798 1495,798 1604,798 1713,798 1821,798 1930,797 2039,797 2148,796 2257,795 2366,794 2475,792"/>
                <TextEquiv>
                    <Unicode>gewinnen, erben und gevallen suellen mit vollem und mit ganczem rechte auf die vorgenanten kayser Karln von Rom, kuenig Wenczla von Beheim und marichgraf Johansen von Merhern und auf ir aller leiberben, suene und toechter, und auf</Unicode>
                </TextEquiv>
            </TextLine>
            <TextLine id="r1l21" custom="readingOrder {index:17;}">
                <Coords points="288,868 397,861 506,855 616,850 725,846 834,843 944,840 1053,838 1162,837 1272,836 1381,836 1490,835 1600,835 1709,835 1818,835 1928,835 2037,834 2146,834 2256,833 2365,831 2475,829 2475,799 2365,801 2256,803 2146,804 2037,804 1928,805 1818,805 1709,805 1600,805 1490,805 1381,806 1272,806 1162,807 1053,808 944,810 834,813 725,816 616,820 506,825 397,831 288,838"/>
                <Baseline points="288,858 397,851 506,845 616,840 725,836 834,833 944,830 1053,828 1162,827 1272,826 1381,826 1490,825 1600,825 1709,825 1818,825 1928,825 2037,824 2146,824 2256,823 2365,821 2475,819"/>
                <TextEquiv>
                    <Unicode>derselben kind und kindes kint, nach dem rechten stammen ewichlich, die von iren leiben komen mugen, an alle geverde. Doch mit soelichem underschaide, daz auf beyden tailen ieglich unser land und leute, sunderlich, wem halt die ge¬</Unicode>
                </TextEquiv>
            </TextLine>
            <TextLine id="r1l22" custom="readingOrder {index:18;}">
                <Coords points="296,893 405,886 514,881 624,876 733,872 843,869 952,867 1062,865 1171,864 1281,863 1390,862 1499,862 1609,862 1718,862 1828,862 1937,862 2047,862 2156,861 2266,861 2375,860 2485,858 2485,828 2375,830 2266,831 2156,831 2047,832 1937,832 1828,832 1718,832 1609,832 1499,832 1390,832 1281,833 1171,834 1062,835 952,837 843,839 733,842 624,846 514,851 405,856 296,863"/>
                <Baseline points="296,883 405,876 514,871 624,866 733,862 843,859 952,857 1062,855 1171,854 1281,853 1390,852 1499,852 1609,852 1718,852 1828,852 1937,852 2047,852 2156,851 2266,851 2375,850 2485,848"/>
                <TextEquiv>
                    <Unicode>vallent, beleiben suellen ewichlich bey allen den rechten, freyhaiten, gnaden und guoten gewonheiten, die si von alter gehebt und herbracht habent, ane alle geverde. Wir haben ouch in dem namen, als da vor, auf paiden tailen wizzentlich fuer</Unicode>
                </TextEquiv>
            </TextLine>
            <TextLine id="r1l23" custom="readingOrder {index:19;}">
                <Coords points="292,920 401,913 510,906 620,902 729,898 838,895 948,892 1057,891 1166,890 1276,889 1385,889 1494,889 1604,890 1713,890 1822,890 1932,890 2041,890 2150,889 2260,888 2369,886 2479,884 2479,854 2369,856 2260,858 2150,859 2041,860 1932,860 1822,860 1713,860 1604,860 1494,859 1385,859 1276,859 1166,860 1057,861 948,862 838,865 729,868 620,872 510,876 401,883 292,890"/>
                <Baseline points="292,910 401,903 510,896 620,892 729,888 838,885 948,882 1057,881 1166,880 1276,879 1385,879 1494,879 1604,880 1713,880 1822,880 1932,880 2041,880 2150,879 2260,878 2369,876 2479,874"/>
                <TextEquiv>
                    <Unicode>unsselber und fuer alle unser erben und erbes erben, als vor beschaiden ist, ewichlich gesworen leiblich ayde zuo den heiligen mit angeruerten handen auf das heilig ewangeli, und ouch gelobt mit unsern trewen und mit den worten unserr</Unicode>
                </TextEquiv>
            </TextLine>
            <TextLine id="r1l24" custom="readingOrder {index:20;}">
                <Coords points="286,948 395,940 505,934 615,929 725,925 834,922 944,920 1054,918 1164,917 1273,916 1383,916 1493,917 1603,917 1712,918 1822,918 1932,919 2042,919 2151,919 2261,918 2371,917 2481,915 2481,885 2371,887 2261,888 2151,889 2042,889 1932,889 1822,888 1712,888 1603,887 1493,887 1383,886 1273,886 1164,887 1054,888 944,890 834,892 725,895 615,899 505,904 395,910 286,918"/>
                <Baseline points="286,938 395,930 505,924 615,919 725,915 834,912 944,910 1054,908 1164,907 1273,906 1383,906 1493,907 1603,907 1712,908 1822,908 1932,909 2042,909 2151,909 2261,908 2371,907 2481,905"/>
                <TextEquiv>
                    <Unicode>fuerstlichen wirdichait, daz wir auf dwederm taile wider dise vorgeschriben unser gemechtnuzz, ordenung und gabe, mit unsselber noch mit andern leuten weder mit gerichte, noch ane gerichte, noch mit dhainen andern sachen des rechten</Unicode>
                </TextEquiv>
            </TextLine>
            <TextLine id="r1l25" custom="readingOrder {index:21;}">
                <Coords points="292,977 402,969 512,962 622,956 732,951 842,948 952,946 1063,944 1173,943 1283,943 1393,943 1503,943 1613,944 1723,944 1834,945 1944,946 2054,946 2164,946 2274,946 2384,945 2495,943 2495,913 2384,915 2274,916 2164,916 2054,916 1944,916 1834,915 1723,914 1613,914 1503,913 1393,913 1283,913 1173,913 1063,914 952,916 842,918 732,921 622,926 512,932 402,939 292,947"/>
                <Baseline points="292,967 402,959 512,952 622,946 732,941 842,938 952,936 1063,934 1173,933 1283,933 1393,933 1503,933 1613,934 1723,934 1834,935 1944,936 2054,936 2164,936 2274,936 2384,935 2495,933"/>
                <TextEquiv>
                    <Unicode>oder der getat, haymlich noch offenlich, nymmer getuon suellen noch wellen, und ouch niemanne gehellen, der dawider tuon wolte, an alle geverde, und verczeihen uns ouch darumb paidenthalben in dem namen, als da vor soelicher auzzueg und fuende,</Unicode>
                </TextEquiv>
            </TextLine>
            <TextLine id="r1l26" custom="readingOrder {index:22;}">
                <Coords points="284,1003 393,996 503,989 612,983 722,979 832,976 941,973 1051,971 1160,970 1270,969 1380,969 1489,970 1599,970 1708,971 1818,971 1928,972 2037,973 2147,973 2256,973 2366,973 2476,972 2476,942 2366,943 2256,943 2147,943 2037,943 1928,942 1818,941 1708,941 1599,940 1489,940 1380,939 1270,939 1160,940 1051,941 941,943 832,946 722,949 612,953 503,959 393,966 284,973"/>
                <Baseline points="284,993 393,986 503,979 612,973 722,969 832,966 941,963 1051,961 1160,960 1270,959 1380,959 1489,960 1599,960 1708,961 1818,961 1928,962 2037,963 2147,963 2256,963 2366,963 2476,962"/>
                <TextEquiv>
                    <Unicode>damitte wir in dem namen, als da vor auf dwederm taile, hernach komen und sprechen mechten, daz wir diser gemechtnuzz und gabe betwungen weren, oder daz dwederr tail den andern unredlich und unpilleich darhinder bracht hiet, oder dazsi</Unicode>
                </TextEquiv>
            </TextLine>
            <TextLine id="r1l27" custom="readingOrder {index:23;}">
                <Coords points="288,1029 397,1022 507,1016 617,1010 727,1006 837,1003 947,1000 1057,998 1167,997 1277,997 1387,996 1496,997 1606,997 1716,998 1826,999 1936,999 2046,1000 2156,1001 2266,1002 2376,1002 2486,1002 2486,972 2376,972 2266,972 2156,971 2046,970 1936,969 1826,969 1716,968 1606,967 1496,967 1387,966 1277,967 1167,967 1057,968 947,970 837,973 727,976 617,980 507,986 397,992 288,999"/>
                <Baseline points="288,1019 397,1012 507,1006 617,1000 727,996 837,993 947,990 1057,988 1167,987 1277,987 1387,986 1496,987 1606,987 1716,988 1826,989 1936,989 2046,990 2156,991 2266,992 2376,992 2486,992"/>
                <TextEquiv>
                    <Unicode>nicht, recht und redlich, geschehen were, und widersagen ouch darumb helffe und rate aller geistlicher und weltlicher richter rechten und gerichten, sunderlich dem rechten, damitte man versereten und entwerten leuten ze helff kumt</Unicode>
                </TextEquiv>
            </TextLine>
            <TextLine id="r1l28" custom="readingOrder {index:24;}">
                <Coords points="280,1056 391,1050 503,1043 614,1039 726,1034 837,1031 949,1029 1060,1027 1172,1025 1283,1025 1395,1024 1507,1024 1618,1024 1730,1025 1841,1026 1953,1027 2064,1027 2176,1028 2287,1029 2399,1029 2511,1029 2511,999 2399,999 2287,999 2176,998 2064,997 1953,997 1841,996 1730,995 1618,994 1507,994 1395,994 1283,995 1172,995 1060,997 949,999 837,1001 726,1004 614,1009 503,1013 391,1020 280,1026"/>
                <Baseline points="280,1046 391,1040 503,1033 614,1029 726,1024 837,1021 949,1019 1060,1017 1172,1015 1283,1015 1395,1014 1507,1014 1618,1014 1730,1015 1841,1016 1953,1017 2064,1017 2176,1018 2287,1019 2399,1019 2511,1019"/>
                <TextEquiv>
                    <Unicode>und wider in ir gewer seczet, und dem rechten, das da sprichet, gemayn verczeihung vervahe nicht, ez ge danne ain gesunderte vor, und allen andern geystlichen und weltlichen geschriben und ungeschriben, gestiften und ungestiften, funden und unfunden</Unicode>
                </TextEquiv>
            </TextLine>
            <TextLine id="r1l29" custom="readingOrder {index:25;}">
                <Coords points="284,1085 394,1077 504,1071 614,1066 724,1062 834,1058 944,1056 1054,1054 1164,1053 1274,1052 1385,1052 1495,1052 1605,1052 1715,1053 1825,1054 1935,1054 2045,1055 2155,1056 2265,1056 2375,1056 2486,1055 2486,1025 2375,1026 2265,1026 2155,1026 2045,1025 1935,1024 1825,1024 1715,1023 1605,1022 1495,1022 1385,1022 1274,1022 1164,1023 1054,1024 944,1026 834,1028 724,1032 614,1036 504,1041 394,1047 284,1055"/>
                <Baseline points="284,1075 394,1067 504,1061 614,1056 724,1052 834,1048 944,1046 1054,1044 1164,1043 1274,1042 1385,1042 1495,1042 1605,1042 1715,1043 1825,1044 1935,1044 2045,1045 2155,1046 2265,1046 2375,1046 2486,1045"/>
                <TextEquiv>
                    <Unicode>rechten, freyheiten, lantrechten und gewonhaiten, und allen hantfesten und briefen, die wir nu haben oder hernach gewinnen moechten, damitte wir auf paiden tailen, oder yeman von unsern wegen wider dise vorgeschriben unser ordenung, gemecht¬</Unicode>
                </TextEquiv>
            </TextLine>
            <TextLine id="r1l30" custom="readingOrder {index:26;}">
                <Coords points="292,1114 401,1106 510,1100 619,1094 728,1089 837,1086 946,1083 1056,1081 1165,1080 1274,1079 1383,1079 1492,1079 1601,1080 1710,1081 1820,1082 1929,1082 2038,1084 2147,1084 2256,1085 2365,1085 2475,1085 2475,1055 2365,1055 2256,1055 2147,1054 2038,1054 1929,1052 1820,1052 1710,1051 1601,1050 1492,1049 1383,1049 1274,1049 1165,1050 1056,1051 946,1053 837,1056 728,1059 619,1064 510,1070 401,1076 292,1084"/>
                <Baseline points="292,1104 401,1096 510,1090 619,1084 728,1079 837,1076 946,1073 1056,1071 1165,1070 1274,1069 1383,1069 1492,1069 1601,1070 1710,1071 1820,1072 1929,1072 2038,1074 2147,1074 2256,1075 2365,1075 2475,1075"/>
                <TextEquiv>
                    <Unicode>nuzz und gabe alleklich, oder bey tailen yemander getuon moechten in dhainem wege an alle geverde. Und were, da vor Got si, daz wir auf dwederm taile unsselb vergezzen, und yemander dawider icht geteten, oder des wir nicht getrawen, ob unserr dwederr</Unicode>
                </TextEquiv>
            </TextLine>
            <TextLine id="r1l31" custom="readingOrder {index:27;}">
                <Coords points="280,1142 389,1134 498,1128 607,1122 717,1118 826,1115 935,1112 1045,1110 1154,1108 1263,1107 1373,1107 1482,1107 1591,1107 1700,1108 1810,1109 1919,1109 2028,1110 2138,1111 2247,1112 2356,1112 2466,1112 2466,1082 2356,1082 2247,1082 2138,1081 2028,1080 1919,1079 1810,1079 1700,1078 1591,1077 1482,1077 1373,1077 1263,1077 1154,1078 1045,1080 935,1082 826,1085 717,1088 607,1092 498,1098 389,1104 280,1112"/>
                <Baseline points="280,1132 389,1124 498,1118 607,1112 717,1108 826,1105 935,1102 1045,1100 1154,1098 1263,1097 1373,1097 1482,1097 1591,1097 1700,1098 1810,1099 1919,1099 2028,1100 2138,1101 2247,1102 2356,1102 2466,1102"/>
                <TextEquiv>
                    <Unicode>tail vermals dhaine briefe gegeben hiete, oder hienach dhaine ander briefe gebe, die wider dise vorgeschriben unser ordenung, gemechtnuzz und gabe in dhainem wege weren, die suellen ierig, veppig tod und ab sein und dhain chraft</Unicode>
                </TextEquiv>
            </TextLine>
            <TextLine id="r1l32" custom="readingOrder {index:28;}">
                <Coords points="284,1171 393,1163 502,1157 611,1152 720,1147 829,1143 938,1141 1047,1138 1156,1136 1265,1135 1375,1135 1484,1134 1593,1135 1702,1135 1811,1136 1920,1137 2029,1138 2138,1140 2247,1141 2356,1143 2466,1144 2466,1114 2356,1113 2247,1111 2138,1110 2029,1108 1920,1107 1811,1106 1702,1105 1593,1105 1484,1104 1375,1105 1265,1105 1156,1106 1047,1108 938,1111 829,1113 720,1117 611,1122 502,1127 393,1133 284,1141"/>
                <Baseline points="284,1161 393,1153 502,1147 611,1142 720,1137 829,1133 938,1131 1047,1128 1156,1126 1265,1125 1375,1125 1484,1124 1593,1125 1702,1125 1811,1126 1920,1127 2029,1128 2138,1130 2247,1131 2356,1133 2466,1134"/>
                <TextEquiv>
                    <Unicode>haben noch gewinnen, wan wir sei in solicher geschicht mit disem briefe wizzentlich abnemen, vernichten, toetten und widerrueffen genczlich, und sol alain diser brief und des geleichen vor und nach allen andern briefen, die dise sache beruerent,</Unicode>
                </TextEquiv>
            </TextLine>
            <TextLine id="r1l33" custom="readingOrder {index:29;} person {offset:103; length:19;}">
                <Coords points="280,1200 390,1193 501,1187 611,1182 722,1178 832,1175 943,1172 1053,1169 1164,1167 1274,1166 1385,1165 1495,1165 1606,1165 1716,1165 1827,1165 1937,1166 2048,1168 2158,1169 2269,1171 2379,1172 2490,1174 2490,1144 2379,1142 2269,1141 2158,1139 2048,1138 1937,1136 1827,1135 1716,1135 1606,1135 1495,1135 1385,1135 1274,1136 1164,1137 1053,1139 943,1142 832,1145 722,1148 611,1152 501,1157 390,1163 280,1170"/>
                <Baseline points="280,1190 390,1183 501,1177 611,1172 722,1168 832,1165 943,1162 1053,1159 1164,1157 1274,1156 1385,1155 1495,1155 1606,1155 1716,1155 1827,1155 1937,1156 2048,1158 2158,1159 2269,1161 2379,1162 2490,1164"/>
                <TextEquiv>
                    <Unicode>in seiner chraft genczlich und ewichlich beleiben ane alle geverde und arge liste. Wir der vorgenanten kaiser Karl von Rom, haben ouch als ein roemischer keyser, wizzentlich, mit kayserlicher mechte, volkomenheit dise vorgeschriben ordenung, gabe</Unicode>
                </TextEquiv>
            </TextLine>
            <TextLine id="r1l34" custom="readingOrder {index:30;}">
                <Coords points="288,1230 396,1224 505,1218 614,1212 723,1208 832,1205 940,1201 1049,1199 1158,1197 1267,1196 1376,1194 1484,1194 1593,1194 1702,1194 1811,1194 1920,1195 2028,1196 2137,1198 2246,1199 2355,1201 2464,1203 2464,1173 2355,1171 2246,1169 2137,1168 2028,1166 1920,1165 1811,1164 1702,1164 1593,1164 1484,1164 1376,1164 1267,1166 1158,1167 1049,1169 940,1171 832,1175 723,1178 614,1182 505,1188 396,1194 288,1200"/>
                <Baseline points="288,1220 396,1214 505,1208 614,1202 723,1198 832,1195 940,1191 1049,1189 1158,1187 1267,1186 1376,1184 1484,1184 1593,1184 1702,1184 1811,1184 1920,1185 2028,1186 2137,1188 2246,1189 2355,1191 2464,1193"/>
                <TextEquiv>
                    <Unicode>und gemechtnuzz durch frides und gemaines guotes willen nach rate der fuersten des heiligen reiches, geystlicher und weltlicher, die do ze male bey uns waren, payden tailen, verhenget, gegunnen, beweret, gevestent, bestettet, recht und</Unicode>
                </TextEquiv>
            </TextLine>
            <TextLine id="r1l35" custom="readingOrder {index:31;}">
                <Coords points="284,1259 393,1253 502,1248 611,1243 721,1239 830,1235 939,1232 1048,1229 1158,1227 1267,1225 1376,1223 1485,1222 1595,1222 1704,1222 1813,1222 1922,1223 2032,1224 2141,1226 2250,1228 2359,1232 2469,1235 2469,1205 2359,1202 2250,1198 2141,1196 2032,1194 1922,1193 1813,1192 1704,1192 1595,1192 1485,1192 1376,1193 1267,1195 1158,1197 1048,1199 939,1202 830,1205 721,1209 611,1213 502,1218 393,1223 284,1229"/>
                <Baseline points="284,1249 393,1243 502,1238 611,1233 721,1229 830,1225 939,1222 1048,1219 1158,1217 1267,1215 1376,1213 1485,1212 1595,1212 1704,1212 1813,1212 1922,1213 2032,1214 2141,1216 2250,1218 2359,1222 2469,1225"/>
                <TextEquiv>
                    <Unicode>redlich, verhengen, gunnen, beweren, vestenen und bestetten si ouch fuer uns, und unser nachkomen, an dem heiligen reiche, ewichlich mit disem briefe in aller der mazze, als vor beschaiden ist, ane alle geverde, und ob das were, daz dhaine</Unicode>
                </TextEquiv>
            </TextLine>
            <TextLine id="r1l36" custom="readingOrder {index:32;}">
                <Coords points="280,1289 390,1283 500,1278 610,1273 720,1268 830,1265 940,1261 1050,1258 1160,1256 1270,1254 1380,1253 1490,1252 1600,1252 1710,1252 1820,1252 1930,1253 2040,1254 2150,1256 2260,1258 2370,1260 2480,1263 2480,1233 2370,1230 2260,1228 2150,1226 2040,1224 1930,1223 1820,1222 1710,1222 1600,1222 1490,1222 1380,1223 1270,1224 1160,1226 1050,1228 940,1231 830,1235 720,1238 610,1243 500,1248 390,1253 280,1259"/>
                <Baseline points="280,1279 390,1273 500,1268 610,1263 720,1258 830,1255 940,1251 1050,1248 1160,1246 1270,1244 1380,1243 1490,1242 1600,1242 1710,1242 1820,1242 1930,1243 2040,1244 2150,1246 2260,1248 2370,1250 2480,1253"/>
                <TextEquiv>
                    <Unicode>kayserliche recht oder gesaczt, die nu funden und geschriben sint, oder hernach funden und geschriben werdent, wider dise vorgeschribenen unser gemechtnuzz ordenung und gabe, in dhainem wege alleklich oder bei tailen weren, die namen wir ab,</Unicode>
                </TextEquiv>
            </TextLine>
            <TextLine id="r1l37" custom="readingOrder {index:33;}">
                <Coords points="272,1319 381,1313 491,1308 600,1303 710,1299 820,1295 929,1291 1039,1288 1148,1286 1258,1284 1368,1282 1477,1281 1587,1280 1696,1280 1806,1281 1916,1282 2025,1283 2135,1285 2244,1287 2354,1290 2464,1294 2464,1264 2354,1260 2244,1257 2135,1255 2025,1253 1916,1252 1806,1251 1696,1250 1587,1250 1477,1251 1368,1252 1258,1254 1148,1256 1039,1258 929,1261 820,1265 710,1269 600,1273 491,1278 381,1283 272,1289"/>
                <Baseline points="272,1309 381,1303 491,1298 600,1293 710,1289 820,1285 929,1281 1039,1278 1148,1276 1258,1274 1368,1272 1477,1271 1587,1270 1696,1270 1806,1271 1916,1272 2025,1273 2135,1275 2244,1277 2354,1280 2464,1284"/>
                <TextEquiv>
                    <Unicode>und widerrueffen, toetten und vernichten, si in disen sachen mit unserm kayserlichen gewalte genczlich, und ewichlich, wan wir wellen, un mainen in dem namen, als da vor, daz dise gemechtnuezz, ordenung und gabe auf bayden tailen ewichlich</Unicode>
                </TextEquiv>
            </TextLine>
            <TextLine id="r1l38" custom="readingOrder {index:34;}">
                <Coords points="274,1348 383,1342 492,1337 601,1332 710,1327 820,1324 929,1320 1038,1317 1147,1315 1256,1313 1366,1311 1475,1310 1584,1309 1693,1309 1802,1310 1912,1311 2021,1312 2130,1314 2239,1317 2348,1320 2458,1323 2458,1293 2348,1290 2239,1287 2130,1284 2021,1282 1912,1281 1802,1280 1693,1279 1584,1279 1475,1280 1366,1281 1256,1283 1147,1285 1038,1287 929,1290 820,1294 710,1297 601,1302 492,1307 383,1312 274,1318"/>
                <Baseline points="274,1338 383,1332 492,1327 601,1322 710,1317 820,1314 929,1310 1038,1307 1147,1305 1256,1303 1366,1301 1475,1300 1584,1299 1693,1299 1802,1300 1912,1301 2021,1302 2130,1304 2239,1307 2348,1310 2458,1313"/>
                <TextEquiv>
                    <Unicode>in ganczer und vester stetikait unverbrochenlich beleibe, und gehaltten werde, in aller der mazze, als vor beschaiden ist, ane alle geverde. Darumb von paiden den vorgenanten tailen gebieten wir vestiklich bei unsern hulden, allen unsern geistlichen und</Unicode>
                </TextEquiv>
            </TextLine>
            <TextLine id="r1l39" custom="readingOrder {index:35;}">
                <Coords points="274,1375 384,1371 494,1366 604,1362 714,1358 825,1354 935,1351 1045,1347 1155,1345 1265,1342 1376,1340 1486,1339 1596,1338 1706,1337 1816,1338 1927,1338 2037,1340 2147,1342 2257,1345 2367,1349 2478,1354 2478,1324 2367,1319 2257,1315 2147,1312 2037,1310 1927,1308 1816,1308 1706,1307 1596,1308 1486,1309 1376,1310 1265,1312 1155,1315 1045,1317 935,1321 825,1324 714,1328 604,1332 494,1336 384,1341 274,1345"/>
                <Baseline points="274,1365 384,1361 494,1356 604,1352 714,1348 825,1344 935,1341 1045,1337 1155,1335 1265,1332 1376,1330 1486,1329 1596,1328 1706,1327 1816,1328 1927,1328 2037,1330 2147,1332 2257,1335 2367,1339 2478,1344"/>
                <TextEquiv>
                    <Unicode>weltlichen fuersten, prelaten, grafen, freyen, dienstherren, lantherren, rittern und knechten, purgern und lantsezzen, auf dem lande und in den stetten, und allen unsern undertanen gemainlich, in welichem wesen, und wie si genant sind, daz si die vor</Unicode>
                </TextEquiv>
            </TextLine>
            <TextLine id="r1l40" custom="readingOrder {index:36;}">
                <Coords points="272,1403 382,1399 493,1394 604,1390 715,1386 826,1382 937,1379 1048,1376 1159,1373 1270,1370 1381,1368 1491,1367 1602,1366 1713,1365 1824,1366 1935,1367 2046,1368 2157,1371 2268,1374 2379,1378 2490,1384 2490,1354 2379,1348 2268,1344 2157,1341 2046,1338 1935,1337 1824,1336 1713,1335 1602,1336 1491,1337 1381,1338 1270,1340 1159,1343 1048,1346 937,1349 826,1352 715,1356 604,1360 493,1364 382,1369 272,1373"/>
                <Baseline points="272,1393 382,1389 493,1384 604,1380 715,1376 826,1372 937,1369 1048,1366 1159,1363 1270,1360 1381,1358 1491,1357 1602,1356 1713,1355 1824,1356 1935,1357 2046,1358 2157,1361 2268,1364 2379,1368 2490,1374"/>
                <TextEquiv>
                    <Unicode>genanten unser ordenung, gemechtnuzz und gabe, auf solich geschicht, als vorgeschriben stet, loben und sweren zue den heiligen, stete ze haben und ze volfueren genczlich wenne es ze schulden komt, an alle widerede und geverde, und ouch darueber geben ir offene</Unicode>
                </TextEquiv>
            </TextLine>
            <TextLine id="r1l41" custom="readingOrder {index:37;} person {offset:155; length:19;} person {offset:176; length:25;} place {offset:195; length:6;} person {offset:206; length:28;} place {offset:227; length:7;}">
                <Coords points="271,1429 381,1425 492,1421 602,1417 713,1414 823,1410 934,1407 1044,1404 1155,1401 1265,1398 1376,1396 1487,1395 1597,1393 1708,1393 1818,1393 1929,1394 2039,1395 2150,1398 2260,1401 2371,1405 2482,1410 2482,1380 2371,1375 2260,1371 2150,1368 2039,1365 1929,1364 1818,1363 1708,1363 1597,1363 1487,1365 1376,1366 1265,1368 1155,1371 1044,1374 934,1377 823,1380 713,1384 602,1387 492,1391 381,1395 271,1399"/>
                <Baseline points="271,1419 381,1415 492,1411 602,1407 713,1404 823,1400 934,1397 1044,1394 1155,1391 1265,1388 1376,1386 1487,1385 1597,1383 1708,1383 1818,1383 1929,1384 2039,1385 2150,1388 2260,1391 2371,1395 2482,1400"/>
                <TextEquiv>
                    <Unicode>versigelte briefe. Und darueber zuo ainem warenm vestenen offenem und ewigem urkunde aller der vorgeschriben ordenung und sachen haben wir die vorgenanten kayser Karl von Rom, kuenig Wenczla von Beheim und marchgraf Johans von Merhern fuer</Unicode>
                </TextEquiv>
            </TextLine>
            <TextLine id="r1l42" custom="readingOrder {index:38;} person {offset:120; length:8;} person {offset:130; length:8;} person {offset:143; length:45;} place {offset:177; length:11;} person {offset:211; length:8;}">
                <Coords points="276,1454 385,1450 494,1447 603,1444 712,1440 821,1437 930,1434 1039,1431 1148,1428 1257,1426 1366,1424 1475,1422 1584,1421 1693,1421 1802,1421 1911,1421 2020,1423 2129,1425 2238,1428 2347,1432 2456,1437 2456,1407 2347,1402 2238,1398 2129,1395 2020,1393 1911,1391 1802,1391 1693,1391 1584,1391 1475,1392 1366,1394 1257,1396 1148,1398 1039,1401 930,1404 821,1407 712,1410 603,1414 494,1417 385,1420 276,1424"/>
                <Baseline points="276,1444 385,1440 494,1437 603,1434 712,1430 821,1427 930,1424 1039,1421 1148,1418 1257,1416 1366,1414 1475,1412 1584,1411 1693,1411 1802,1411 1911,1411 2020,1413 2129,1415 2238,1418 2347,1422 2456,1427"/>
                <TextEquiv>
                    <Unicode>uns, und fuer alle unser erben und erbes erben, ewichlich, als vor beschaiden ist, an ainem taile und wir die egenanten Ruodolff, Albrecht und Leuppolt, gebrueder, herczogen ze Oesterreich, und wir die egenante Margrete, ir swester, fuor uns und fuer alle unser erben</Unicode>
                </TextEquiv>
            </TextLine>
            <TextLine id="r1l43" custom="readingOrder {index:39;} place {offset:163; length:7;} date {offset:172; length:68; continued:true;year:0; day:0; month:0;}">
                <Coords points="266,1480 377,1478 488,1475 599,1472 710,1469 822,1466 933,1463 1044,1460 1155,1457 1266,1455 1378,1453 1489,1451 1600,1450 1711,1449 1822,1449 1934,1450 2045,1451 2156,1454 2267,1456 2378,1460 2490,1465 2490,1435 2378,1430 2267,1426 2156,1424 2045,1421 1934,1420 1822,1419 1711,1419 1600,1420 1489,1421 1378,1423 1266,1425 1155,1427 1044,1430 933,1433 822,1436 710,1439 599,1442 488,1445 377,1448 266,1450"/>
                <Baseline points="266,1470 377,1468 488,1465 599,1462 710,1459 822,1456 933,1453 1044,1450 1155,1447 1266,1445 1378,1443 1489,1441 1600,1440 1711,1439 1822,1439 1934,1440 2045,1441 2156,1444 2267,1446 2378,1450 2490,1455"/>
                <TextEquiv>
                    <Unicode>und erbes erben, ewichlich, als vorgeschriben stet, an dem andern taile unsrew insigelle gehenket an disen brief. Diz ist geschehen und ist diser brief gegeben ze Bruenne, nach Krists geburd drewzehen hundert jar und darnach in dem vier und</Unicode>
                </TextEquiv>
            </TextLine>
            <TextLine id="r1l44" custom="readingOrder {index:40;} date {offset:0; length:153; continued:true;year:0; day:0; month:0;}">
                <Coords points="267,1506 341,1506 415,1506 489,1505 564,1503 638,1502 712,1500 787,1498 861,1496 935,1493 1010,1491 1084,1489 1158,1487 1232,1485 1307,1483 1381,1481 1455,1480 1530,1479 1604,1479 1678,1479 1753,1480 1753,1450 1678,1449 1604,1449 1530,1449 1455,1450 1381,1451 1307,1453 1232,1455 1158,1457 1084,1459 1010,1461 935,1463 861,1466 787,1468 712,1470 638,1472 564,1473 489,1475 415,1476 341,1476 267,1476"/>
                <Baseline points="267,1496 341,1496 415,1496 489,1495 564,1493 638,1492 712,1490 787,1488 861,1486 935,1483 1010,1481 1084,1479 1158,1477 1232,1475 1307,1473 1381,1471 1455,1470 1530,1469 1604,1469 1678,1469 1753,1470"/>
                <TextEquiv>
                    <Unicode>sechzigistem jare, an der heiligen junchfrawen sand Scolastice tag, unser kayser Karls reiche in dem achczehenden und des keysertuoms in dem neunden jare.</Unicode>
                </TextEquiv>
            </TextLine>
            <TextEquiv>
                <Unicode>Wir Karl von Gotes gnaden roemischer keyser zuo allen zeiten merer des reiches, wir Wenczla ouch von Gotes genaden kuenig ze Beheim und marichgraf ze Brandenburg, des ieczgenanten unsers lieben herren und vatters keyser Karln sun, und wir Johans von
denselben Gotes gnaden marichgraf ze Merhern, desselben unsers herren des keyser bruoder, an aim taile, und wir Ruodolff, Albrecht und Leupolt, gebrueder, von Gotes gnaden herczogen ze Oesterreich, ze Steyr und ze Kernden ,herren ze Chrayn, auff der
Wynndischen marich und ze Porttnawe, grafen ze Habspurg, ze Tyrol, ze Phyrtt und ze Kyburg, marichgrafen ze Burgowe und lantgrafen in Elsazze, und wir Margret von Oesterreich, der ieczgenanten herczogen swester, weylent marichgrefinne ze
Brandenburg, herczoginne ze Bayrn und grefinne ze Tyrol, an dem andern taile, veriehen, bekennen und tuen kunt von baiden tailen offenlich mit disem brief allen den, die in sehen, hoeren oder lesen, nu und hinnach ewichlich, seyd dem
male daz nach ordenung und geschicht des almechtigen Gottes wir paidenthalben durcheinander von natur und der gebuerd wegen des geschlechts sippelich zuo einander gehoeren, in soelicher mazze, dwederr tail under uns gar abgieng, und verfuer ane
eleich leiberben, daz derselb tail dem andern aller seiner lande, fuerstentuomen und herschefte, die er also hinder im liezz, pilleich und von recht gunnen sol fuer alle ander leute, daz darumb wir in dem namen, als da vor auf baiden tailen nach
guoter vorbetrachtung, mit rechter wizzen, nach rate, willen und gunst aller unserr fuersten, lantherren, rittern und knechten, purgern und lantsezzen, in allen unsern landen und stetten, die notdurftig darzuo waren, mit aller der ordenunge,
beschaidenheit und chraft, worten, werken und geberden, die nach geystlichen und weltlichen rechten oder gewonheiten und nach dhaynerlay lantrechten oder freiheiten darzuo gehoerent, einander getan haben recht und redlich solich
gemechtnuzz ordenung und gabe als hie nach beschaiden ist. Das ist ze merken, ob das geschehe, da vor Got si, daz wir die vorgenanten keyser Karl von Rom, kuenig Wenczla von Beheim und marichgraf Johans von Merhern, und unser aller
eleiche kint, suene und toechter, die wir nu haben oder hernach gewinnen, abgiengen und verfueren ane elich leiberben, und ouch ob dieselben unsere kinde leiberben gewinnent, die ouch fuerbazzer an leiberben verfueren, und unsrew land also rechter
leiberben, die von uns, unsern kinden und kindes kinden komen moechten, erblos wurden, daz danne allev uensrew erblichew fuerstentuom, lande, und herschefte, vesten und stett, leute und gueter, die wir nu haben oder hernach gewinnen, erben, und gevallen
suellen mit vollem und ganczem rechte auf die vorgenanten herczogen von Oesterreich, die egenanten Margreten ir swester, und auf ir aller leiberben, suene und toechter, die in Got noch geben mag, und auf derselben kind und kindes kint nach dem rechten
stammen ewichlich, die von iren leiben komen mugen, an alle geverde. Und ze gleicher weise hinwider sprechen und wellen wir die vorgenanten herczogen von Oesterreich, und wir die egenanten Margrete, ir swester, ob das geschech, das Got durch sein gnade
wende, daz wir und der durchleuchtig fuerste, her Ludweig kuenig ze Ungern, unser lieber bruoder, und die hochgeborn frawe kuenigin Elizabeth, sein muoter, und die hochgeborn Elsbeth, weilent herczog Stephans von Ungern, seins bruoder tochter,
unser liebe swester, abgiengen und verfueren ane eleich leiberben, und ouch ob wir an demselben unserm taile leiberben gewinnen, die fuerbazzer ane leiberben verfueren, und unsrew land also rechter leiberben, die von uns, unsern kinden und kindes
kinden komen moechten, erblos wurden, daz danne allew unsrew erblichew fuerstentuom, land und herschefte, vesten und stett, leute und gueter, die wir die vorgenanten herczogen von Oesterreich, und Margret, unser swester, nu haben oder hernach
gewinnen, erben und gevallen suellen mit vollem und mit ganczem rechte auf die vorgenanten kayser Karln von Rom, kuenig Wenczla von Beheim und marichgraf Johansen von Merhern und auf ir aller leiberben, suene und toechter, und auf
derselben kind und kindes kint, nach dem rechten stammen ewichlich, die von iren leiben komen mugen, an alle geverde. Doch mit soelichem underschaide, daz auf beyden tailen ieglich unser land und leute, sunderlich, wem halt die ge¬
vallent, beleiben suellen ewichlich bey allen den rechten, freyhaiten, gnaden und guoten gewonheiten, die si von alter gehebt und herbracht habent, ane alle geverde. Wir haben ouch in dem namen, als da vor, auf paiden tailen wizzentlich fuer
unsselber und fuer alle unser erben und erbes erben, als vor beschaiden ist, ewichlich gesworen leiblich ayde zuo den heiligen mit angeruerten handen auf das heilig ewangeli, und ouch gelobt mit unsern trewen und mit den worten unserr
fuerstlichen wirdichait, daz wir auf dwederm taile wider dise vorgeschriben unser gemechtnuzz, ordenung und gabe, mit unsselber noch mit andern leuten weder mit gerichte, noch ane gerichte, noch mit dhainen andern sachen des rechten
oder der getat, haymlich noch offenlich, nymmer getuon suellen noch wellen, und ouch niemanne gehellen, der dawider tuon wolte, an alle geverde, und verczeihen uns ouch darumb paidenthalben in dem namen, als da vor soelicher auzzueg und fuende,
damitte wir in dem namen, als da vor auf dwederm taile, hernach komen und sprechen mechten, daz wir diser gemechtnuzz und gabe betwungen weren, oder daz dwederr tail den andern unredlich und unpilleich darhinder bracht hiet, oder dazsi
nicht, recht und redlich, geschehen were, und widersagen ouch darumb helffe und rate aller geistlicher und weltlicher richter rechten und gerichten, sunderlich dem rechten, damitte man versereten und entwerten leuten ze helff kumt
und wider in ir gewer seczet, und dem rechten, das da sprichet, gemayn verczeihung vervahe nicht, ez ge danne ain gesunderte vor, und allen andern geystlichen und weltlichen geschriben und ungeschriben, gestiften und ungestiften, funden und unfunden
rechten, freyheiten, lantrechten und gewonhaiten, und allen hantfesten und briefen, die wir nu haben oder hernach gewinnen moechten, damitte wir auf paiden tailen, oder yeman von unsern wegen wider dise vorgeschriben unser ordenung, gemecht¬
nuzz und gabe alleklich, oder bey tailen yemander getuon moechten in dhainem wege an alle geverde. Und were, da vor Got si, daz wir auf dwederm taile unsselb vergezzen, und yemander dawider icht geteten, oder des wir nicht getrawen, ob unserr dwederr
tail vermals dhaine briefe gegeben hiete, oder hienach dhaine ander briefe gebe, die wider dise vorgeschriben unser ordenung, gemechtnuzz und gabe in dhainem wege weren, die suellen ierig, veppig tod und ab sein und dhain chraft
haben noch gewinnen, wan wir sei in solicher geschicht mit disem briefe wizzentlich abnemen, vernichten, toetten und widerrueffen genczlich, und sol alain diser brief und des geleichen vor und nach allen andern briefen, die dise sache beruerent,
in seiner chraft genczlich und ewichlich beleiben ane alle geverde und arge liste. Wir der vorgenanten kaiser Karl von Rom, haben ouch als ein roemischer keyser, wizzentlich, mit kayserlicher mechte, volkomenheit dise vorgeschriben ordenung, gabe
und gemechtnuzz durch frides und gemaines guotes willen nach rate der fuersten des heiligen reiches, geystlicher und weltlicher, die do ze male bey uns waren, payden tailen, verhenget, gegunnen, beweret, gevestent, bestettet, recht und
redlich, verhengen, gunnen, beweren, vestenen und bestetten si ouch fuer uns, und unser nachkomen, an dem heiligen reiche, ewichlich mit disem briefe in aller der mazze, als vor beschaiden ist, ane alle geverde, und ob das were, daz dhaine
kayserliche recht oder gesaczt, die nu funden und geschriben sint, oder hernach funden und geschriben werdent, wider dise vorgeschribenen unser gemechtnuzz ordenung und gabe, in dhainem wege alleklich oder bei tailen weren, die namen wir ab,
und widerrueffen, toetten und vernichten, si in disen sachen mit unserm kayserlichen gewalte genczlich, und ewichlich, wan wir wellen, un mainen in dem namen, als da vor, daz dise gemechtnuezz, ordenung und gabe auf bayden tailen ewichlich
in ganczer und vester stetikait unverbrochenlich beleibe, und gehaltten werde, in aller der mazze, als vor beschaiden ist, ane alle geverde. Darumb von paiden den vorgenanten tailen gebieten wir vestiklich bei unsern hulden, allen unsern geistlichen und
weltlichen fuersten, prelaten, grafen, freyen, dienstherren, lantherren, rittern und knechten, purgern und lantsezzen, auf dem lande und in den stetten, und allen unsern undertanen gemainlich, in welichem wesen, und wie si genant sind, daz si die vor
genanten unser ordenung, gemechtnuzz und gabe, auf solich geschicht, als vorgeschriben stet, loben und sweren zue den heiligen, stete ze haben und ze volfueren genczlich wenne es ze schulden komt, an alle widerede und geverde, und ouch darueber geben ir offene
versigelte briefe. Und darueber zuo ainem warenm vestenen offenem und ewigem urkunde aller der vorgeschriben ordenung und sachen haben wir die vorgenanten kayser Karl von Rom, kuenig Wenczla von Beheim und marchgraf Johans von Merhern fuer
uns, und fuer alle unser erben und erbes erben, ewichlich, als vor beschaiden ist, an ainem taile und wir die egenanten Ruodolff, Albrecht und Leuppolt, gebrueder, herczogen ze Oesterreich, und wir die egenante Margrete, ir swester, fuor uns und fuer alle unser erben
und erbes erben, ewichlich, als vorgeschriben stet, an dem andern taile unsrew insigelle gehenket an disen brief. Diz ist geschehen und ist diser brief gegeben ze Bruenne, nach Krists geburd drewzehen hundert jar und darnach in dem vier und
sechzigistem jare, an der heiligen junchfrawen sand Scolastice tag, unser kayser Karls reiche in dem achczehenden und des keysertuoms in dem neunden jare.</Unicode>
            </TextEquiv>
        </TextRegion>
        <TextRegion id="region_1565616389854_737" custom="readingOrder {index:1;}">
            <Coords points="2505,1692 270,1692 270,1541 2505,1541"/>
            <TextLine id="line_1565616417920_740" custom="readingOrder {index:0;} place {offset:15; length:6;} person {offset:31; length:11;} person {offset:44; length:12;} person {offset:58; length:11;}">
                <Coords points="357,1560 794,1566 1088,1577 1365,1572 2459,1577 2459,1603 2463,1636 1651,1618 1366,1622 1088,1627 793,1616 356,1610"/>
                <Baseline points="356,1605 793,1611 1088,1622 1366,1617 1651,1613 2454,1629"/>
                <TextEquiv>
                    <Unicode>imperator rex, Boemie marchio, dux Ruodolf, dux Albrecht, dux Leupold, marchionissa Brandenburgensis.</Unicode>
                </TextEquiv>
            </TextLine>
            <TextEquiv>
                <Unicode>imperator rex, Boemie marchio, dux Ruodolf, dux Albrecht, dux Leupold, marchionissa Brandenburgensis.</Unicode>
            </TextEquiv>
        </TextRegion>
    </Page>
</PcGts>
