<?xml version="1.0" encoding="UTF-8" standalone="yes"?>
<PcGts xmlns="http://schema.primaresearch.org/PAGE/gts/pagecontent/2013-07-15" xmlns:xsi="http://www.w3.org/2001/XMLSchema-instance" xsi:schemaLocation="http://schema.primaresearch.org/PAGE/gts/pagecontent/2013-07-15 http://schema.primaresearch.org/PAGE/gts/pagecontent/2013-07-15/pagecontent.xsd">
    <Metadata>
        <Creator>TRP</Creator>
        <Created>2019-08-07T15:08:20.341+02:00</Created>
        <LastChange>2019-08-07T15:08:20.341+02:00</LastChange>
        <TranskribusMetadata docId="192736" pageId="7608189" pageNr="2" tsid="13432367" status="NEW" userId="40502" imgUrl="https://files.transkribus.eu/Get?id=QZRTLIGPMMRNAZAOCSKPMEBM&amp;fileType=view" xmlUrl="https://files.transkribus.eu/Get?id=PECYAJWYLYVLCSTILQLZTIQV" imageId="4603395"/>
    </Metadata>
    <Page imageFilename="s91.jpg" imageWidth="800" imageHeight="1159"/>
</PcGts>
