<?xml version="1.0" encoding="UTF-8" standalone="yes"?>
<PcGts xmlns="http://schema.primaresearch.org/PAGE/gts/pagecontent/2013-07-15" xmlns:xsi="http://www.w3.org/2001/XMLSchema-instance" xsi:schemaLocation="http://schema.primaresearch.org/PAGE/gts/pagecontent/2013-07-15 http://schema.primaresearch.org/PAGE/gts/pagecontent/2013-07-15/pagecontent.xsd">
    <Metadata>
        <Creator>prov=University of Rostock/Institute of Mathematics/CITlab/Tobias Gruening/tobias.gruening@uni-rostock.de:name=/net_tf/LA73_249_0mod360.pb:de.uros.citlab.segmentation.CITlab_LA_ML:v=2.4.2
TRP</Creator>
        <Created>2019-09-13T13:59:28.240+02:00</Created>
        <LastChange>2019-12-02T20:12:19.808+01:00</LastChange>
        <TranskribusMetadata docId="210052" pageId="8967784" pageNr="1" tsid="20180465" status="IN_PROGRESS" userId="36526" imgUrl="https://files.transkribus.eu/Get?id=VUJXFMEARPQXBFHESLDUISDD&amp;fileType=view" xmlUrl="https://files.transkribus.eu/Get?id=QSFOSOTOLQSUHAMCCBOSNSEH" imageId="5805008"/>
    </Metadata>
    <Page imageFilename="NA-CG-L_14260220nach~14260220_196_v.jpg" imageWidth="6123" imageHeight="4313">
        <ReadingOrder>
            <OrderedGroup id="ro_1575392399810" caption="Regions reading order">
                <RegionRefIndexed index="0" regionRef="r2"/>
            </OrderedGroup>
        </ReadingOrder>
        <TextRegion orientation="0.0" id="r2" custom="readingOrder {index:0;}">
            <Coords points="699,608 705,2550 4787,2550 4784,592"/>
            <TextLine id="r2l2" custom="readingOrder {index:0;} date {offset:0; length:138;year:0; day:0; month:0;}">
                <Coords points="720,840 918,835 1117,830 1316,825 1515,821 1714,817 1913,814 2111,812 2310,809 2509,808 2708,806 2907,805 3106,805 3305,804 3503,804 3702,804 3901,805 4100,806 4299,807 4498,808 4697,809 4697,755 4498,754 4299,753 4100,752 3901,751 3725,654 3515,647 3316,662 3146,684 2961,706 2692,690 2467,718 2310,755 2108,703 1913,760 1730,641 1493,748 1316,771 1179,651 966,623 720,786"/>
                <Baseline points="720,822 918,817 1117,812 1316,807 1515,803 1714,799 1913,796 2111,794 2310,791 2509,790 2708,788 2907,787 3106,787 3305,786 3503,786 3702,786 3901,787 4100,788 4299,789 4498,790 4697,791"/>
                <TextEquiv>
                    <Unicode>tinem muczednikem leta Bozieho Mho CCCChoXXVIho, kralowstwy nassich leta uherskehokralowstwie XXXIXho, rzimskeho XVIho a czeskeho ssesteho, protoz my przikazani a rozkazani giz gmenowaneho nasseho</Unicode>
                </TextEquiv>
            </TextLine>
            <TextLine id="r2l3" custom="readingOrder {index:1;} person {offset:102; length:40;} place {offset:131; length:11;}">
                <Coords points="705,885 904,879 1103,874 1302,869 1501,865 1700,861 1899,858 2098,855 2297,853 2496,851 2696,850 2895,848 3094,848 3293,847 3492,847 3691,847 3890,847 4089,848 4288,849 4487,850 4687,851 4687,815 4487,814 4288,813 4089,812 3890,811 3691,811 3492,811 3293,811 3094,812 2895,812 2696,814 2496,815 2297,817 2098,819 1899,822 1700,825 1501,829 1302,833 1103,838 904,843 705,849"/>
                <Baseline points="705,873 904,867 1103,862 1302,857 1501,853 1700,849 1899,846 2098,843 2297,841 2496,839 2696,838 2895,836 3094,836 3293,835 3492,835 3691,835 3890,835 4089,836 4288,837 4487,838 4687,839"/>
                <TextEquiv>
                    <Unicode>krale we wssech wieczech poslussni byti, zadagicze iakoz zdluhu dluzni sme spolu s naprzed gmenowanym Herzmanem, rzeczenym Groff z Kathaffalwy, czlowiekem krale nasseho, nasseho czlowieka tocziz poczti¬</Unicode>
                </TextEquiv>
            </TextLine>
            <TextLine id="r2l4" custom="readingOrder {index:2;} person {offset:17; length:28;}">
                <Coords points="711,934 910,929 1109,925 1308,920 1507,916 1706,913 1905,909 2104,907 2303,904 2502,902 2701,900 2900,899 3099,897 3298,897 3497,896 3696,896 3895,897 4094,897 4293,899 4492,900 4691,902 4691,866 4492,864 4293,863 4094,861 3895,861 3696,860 3497,860 3298,861 3099,861 2900,863 2701,864 2502,866 2303,868 2104,871 1905,873 1706,877 1507,880 1308,884 1109,889 910,893 711,898"/>
                <Baseline points="711,922 910,917 1109,913 1308,908 1507,904 1706,901 1905,897 2104,895 2303,892 2502,890 2701,888 2900,887 3099,885 3298,885 3497,884 3696,884 3895,885 4094,885 4293,887 4492,888 4691,890"/>
                <TextEquiv>
                    <Unicode>weho muze knieze Martina, ffararze y kanowika nasseho, k konani toho uwedenie y uwazowanie k nassemu swiedecztwy wiery hodneho umienili sme poslati aoni potom odtud wratiwssese nam ge¬</Unicode>
                </TextEquiv>
            </TextLine>
            <TextLine id="r2l5" custom="readingOrder {index:3;}">
                <Coords points="713,991 912,986 1112,981 1312,976 1512,971 1711,967 1911,963 2111,959 2311,956 2510,953 2710,951 2910,949 3110,947 3309,946 3509,945 3709,945 3909,945 4108,946 4308,947 4508,950 4708,952 4708,915 4508,913 4308,910 4108,909 3909,908 3709,908 3509,908 3309,909 3110,910 2910,912 2710,914 2510,916 2311,919 2111,922 1911,926 1711,930 1512,934 1312,939 1112,944 912,949 713,954"/>
                <Baseline points="713,979 912,974 1112,969 1312,964 1512,959 1711,955 1911,951 2111,947 2311,944 2510,941 2710,939 2910,937 3110,935 3309,934 3509,933 3709,933 3909,933 4108,934 4308,935 4508,938 4708,940"/>
                <TextEquiv>
                    <Unicode>dnostaynie prawili, ze ten gisty czlowiekkrale nasseho przednassim giz gmenowanymswiedomim wpatek yhned po swatem Walentinu do przedhradie hradu giz gmenowaneho swolaw susiedy ygine,</Unicode>
                </TextEquiv>
            </TextLine>
            <TextLine id="r2l6" custom="readingOrder {index:4;} person {offset:86; length:9;} person {offset:106; length:4;} person {offset:113; length:5;} person {offset:126; length:8;} person {offset:136; length:7;} person {offset:146; length:7;}">
                <Coords points="727,1044 923,1040 1120,1036 1317,1032 1514,1028 1711,1023 1907,1019 2104,1015 2301,1011 2498,1007 2695,1004 2891,1001 3088,998 3285,996 3482,995 3679,995 3875,995 4072,996 4269,998 4466,1000 4663,1004 4663,967 4466,963 4269,961 4072,959 3875,958 3679,958 3482,958 3285,959 3088,961 2891,964 2695,967 2498,970 2301,974 2104,978 1907,982 1711,986 1514,991 1317,995 1120,999 923,1003 727,1007"/>
                <Baseline points="727,1032 923,1028 1120,1024 1317,1020 1514,1016 1711,1011 1907,1007 2104,1003 2301,999 2498,995 2695,992 2891,989 3088,986 3285,984 3482,983 3679,983 3875,983 4072,984 4269,986 4466,988 4663,992"/>
                <TextEquiv>
                    <Unicode>ktoz k niemu przislussegy, przed nimi przistupiw uwedl naprzed gmenowane urozenu pani Waltpurgu, wdowu, a Jana y Petra syny a Margretu, Barboru a Urssilu, panny dczery gegie wpanowanie</Unicode>
                </TextEquiv>
            </TextLine>
            <TextLine id="r2l7" custom="readingOrder {index:5;}">
                <Coords points="743,1101 937,1096 1132,1090 1327,1085 1522,1080 1717,1075 1912,1071 2107,1066 2302,1062 2497,1058 2692,1055 2886,1052 3081,1049 3276,1047 3471,1046 3666,1045 3861,1045 4056,1045 4251,1046 4446,1048 4641,1051 4641,1014 4446,1011 4251,1009 4056,1008 3861,1008 3666,1008 3471,1009 3276,1010 3081,1012 2886,1015 2692,1018 2497,1021 2302,1025 2107,1029 1912,1034 1717,1038 1522,1043 1327,1048 1132,1053 937,1059 743,1064"/>
                <Baseline points="743,1089 937,1084 1132,1078 1327,1073 1522,1068 1717,1063 1912,1059 2107,1054 2302,1050 2497,1046 2692,1043 2886,1040 3081,1037 3276,1035 3471,1034 3666,1033 3861,1033 4056,1033 4251,1034 4446,1036 4641,1039"/>
                <TextEquiv>
                    <Unicode>a u wladanie toho gisteho zbozie giz gmenowaneho a ze take ustawil, aby tiem hradem y gmienim giz powiedienym spolu ysczlem yginymi wssemi uzitky aprzislussenstwimi przedpowiedienymi</Unicode>
                </TextEquiv>
            </TextLine>
            <TextLine id="r2l8" custom="readingOrder {index:6;}">
                <Coords points="739,1162 939,1154 1139,1146 1339,1139 1540,1133 1740,1127 1940,1121 2140,1116 2341,1112 2541,1108 2741,1104 2941,1101 3142,1099 3342,1097 3542,1096 3742,1095 3943,1094 4143,1094 4343,1095 4543,1096 4744,1097 4744,1060 4543,1059 4343,1058 4143,1057 3943,1057 3742,1058 3542,1059 3342,1060 3142,1062 2941,1064 2741,1067 2541,1071 2341,1075 2140,1079 1940,1084 1740,1090 1540,1096 1339,1102 1139,1109 939,1117 739,1125"/>
                <Baseline points="739,1150 939,1142 1139,1134 1339,1127 1540,1121 1740,1115 1940,1109 2140,1104 2341,1100 2541,1096 2741,1092 2941,1089 3142,1087 3342,1085 3542,1084 3742,1083 3943,1082 4143,1082 4343,1083 4543,1084 4744,1085"/>
                <TextEquiv>
                    <Unicode>przedloziw napis, aby wladli a drzeli slussnymi dni trwage ano nizadny odporcze sie neukazal. A na swiedomie toho tyto listy nasse hanifesstnie poprzalisme, aby byli ohrazeni nassimi mocznymi a zna¬</Unicode>
                </TextEquiv>
            </TextLine>
            <TextLine id="r2l9" custom="readingOrder {index:7;}">
                <Coords points="743,1214 939,1206 1135,1200 1332,1192 1528,1186 1725,1180 1921,1175 2117,1169 2314,1165 2510,1160 2707,1157 2903,1153 3099,1150 3296,1148 3492,1146 3689,1145 3885,1144 4081,1143 4278,1144 4474,1144 4671,1145 4671,1108 4474,1107 4278,1107 4081,1106 3885,1107 3689,1108 3492,1109 3296,1111 3099,1113 2903,1116 2707,1120 2510,1123 2314,1128 2117,1132 1921,1138 1725,1143 1528,1149 1332,1155 1135,1163 939,1169 743,1177"/>
                <Baseline points="743,1202 939,1194 1135,1188 1332,1180 1528,1174 1725,1168 1921,1163 2117,1157 2314,1153 2510,1148 2707,1145 2903,1141 3099,1138 3296,1136 3492,1134 3689,1133 3885,1132 4081,1131 4278,1132 4474,1132 4671,1133"/>
                <TextEquiv>
                    <Unicode>menitymi wisutymi peczetmi. Dan ssesty den od uwedenie a od uwazanie tohoto leta Bozieho, iakoz swrchupsano, a protoz my pokornym a naboznym prosbam giz gmenowanie panie dobrotu kralowsku</Unicode>
                </TextEquiv>
            </TextLine>
            <TextLine id="r2l10" custom="readingOrder {index:8;}">
                <Coords points="741,1267 939,1261 1137,1254 1336,1247 1534,1241 1733,1234 1931,1229 2130,1223 2328,1217 2527,1212 2725,1208 2923,1203 3122,1199 3320,1197 3519,1194 3717,1192 3916,1191 4114,1191 4313,1192 4511,1193 4710,1196 4710,1159 4511,1156 4313,1155 4114,1154 3916,1154 3717,1155 3519,1157 3320,1160 3122,1162 2923,1166 2725,1171 2527,1175 2328,1180 2130,1186 1931,1192 1733,1197 1534,1204 1336,1210 1137,1217 939,1224 741,1230"/>
                <Baseline points="741,1255 939,1249 1137,1242 1336,1235 1534,1229 1733,1222 1931,1217 2130,1211 2328,1205 2527,1200 2725,1196 2923,1191 3122,1187 3320,1185 3519,1182 3717,1180 3916,1179 4114,1179 4313,1180 4511,1181 4710,1184"/>
                <TextEquiv>
                    <Unicode>powolugicze a milostiwie dopusstiegicze ta gista dwa listy nezkazena, nezbodena ani poprawowana, ale bezewsseho zleho podezrzenie tomu listu wepsana slowa odslowa bez ugimanie a umenssenie</Unicode>
                </TextEquiv>
            </TextLine>
            <TextLine id="r2l11" custom="readingOrder {index:9;}">
                <Coords points="735,1319 931,1314 1128,1308 1325,1303 1522,1297 1718,1291 1915,1285 2112,1279 2309,1273 2505,1268 2702,1263 2899,1259 3096,1255 3292,1251 3489,1249 3686,1247 3883,1246 4079,1246 4276,1247 4473,1249 4670,1253 4670,1217 4473,1213 4276,1211 4079,1210 3883,1210 3686,1211 3489,1213 3292,1215 3096,1219 2899,1223 2702,1227 2505,1232 2309,1237 2112,1243 1915,1249 1718,1255 1522,1261 1325,1267 1128,1272 931,1278 735,1283"/>
                <Baseline points="735,1307 931,1302 1128,1296 1325,1291 1522,1285 1718,1279 1915,1273 2112,1267 2309,1261 2505,1256 2702,1251 2899,1247 3096,1243 3292,1239 3489,1237 3686,1235 3883,1234 4079,1234 4276,1235 4473,1237 4670,1241"/>
                <TextEquiv>
                    <Unicode>anebo przidanie, gelikoz ke wssem gich spolecznym rozumom przigimame, ugisstugeme a potwrzugeme pro gegie wierna zasluzenie a libost, kteru nassie yasnosti ukazala spolu s zastawenim y s uwe¬</Unicode>
                </TextEquiv>
            </TextLine>
            <TextLine id="r2l12" custom="readingOrder {index:10;}">
                <Coords points="743,1372 939,1368 1135,1363 1331,1359 1527,1353 1723,1348 1919,1342 2116,1337 2312,1331 2508,1325 2704,1320 2900,1315 3096,1310 3292,1306 3489,1303 3685,1300 3881,1298 4077,1297 4273,1298 4469,1299 4666,1301 4666,1267 4469,1265 4273,1264 4077,1263 3881,1264 3685,1266 3489,1269 3292,1272 3096,1276 2900,1281 2704,1286 2508,1291 2312,1297 2116,1303 1919,1308 1723,1314 1527,1319 1331,1325 1135,1329 939,1334 743,1338"/>
                <Baseline points="743,1361 939,1357 1135,1352 1331,1348 1527,1342 1723,1337 1919,1331 2116,1326 2312,1320 2508,1314 2704,1309 2900,1304 3096,1299 3292,1295 3489,1292 3685,1289 3881,1287 4077,1286 4273,1287 4469,1288 4666,1290"/>
                <TextEquiv>
                    <Unicode>denim rzadnym hradu toho y miesteczka y ginych zbozy, giz czasto gmenowanych y w listech napsanych, prawu a plnu moczy kralowsku a z gisteho nassie welebnosti wiedomie, take y s powolenim</Unicode>
                </TextEquiv>
            </TextLine>
            <TextLine id="r2l13" custom="readingOrder {index:11;} person {offset:44; length:32;} person {offset:180; length:9;}">
                <Coords points="749,1426 945,1423 1141,1418 1337,1413 1534,1408 1730,1403 1926,1397 2122,1391 2319,1385 2515,1379 2711,1373 2907,1368 3104,1363 3300,1358 3496,1354 3692,1351 3889,1348 4085,1347 4281,1346 4477,1346 4674,1347 4674,1313 4477,1312 4281,1312 4085,1313 3889,1314 3692,1317 3496,1320 3300,1324 3104,1329 2907,1334 2711,1339 2515,1345 2319,1351 2122,1357 1926,1363 1730,1369 1534,1374 1337,1379 1141,1384 945,1389 749,1392"/>
                <Baseline points="749,1415 945,1412 1141,1407 1337,1402 1534,1397 1730,1392 1926,1386 2122,1380 2319,1374 2515,1368 2711,1362 2907,1357 3104,1352 3300,1347 3496,1343 3692,1340 3889,1337 4085,1336 4281,1335 4477,1335 4674,1336"/>
                <TextEquiv>
                    <Unicode>a z dobre wole nayiasnieyssie kniezny panie Barbory, kralowe nassie manzelky naymileyssie, a nassich prelatow y panow raddu przezralu a z gednostayneho umienienie protu gistu pani Waltpurgu,</Unicode>
                </TextEquiv>
            </TextLine>
            <TextLine id="r2l14" custom="readingOrder {index:12;}">
                <Coords points="759,1488 960,1482 1161,1476 1363,1470 1564,1464 1766,1457 1967,1451 2168,1445 2370,1438 2571,1433 2773,1428 2974,1423 3175,1418 3377,1414 3578,1410 3780,1408 3981,1405 4182,1404 4384,1403 4585,1403 4787,1404 4787,1361 4585,1360 4384,1360 4182,1361 3981,1362 3780,1365 3578,1367 3377,1371 3175,1375 2974,1380 2773,1385 2571,1390 2370,1395 2168,1402 1967,1408 1766,1414 1564,1421 1363,1427 1161,1433 960,1439 759,1445"/>
                <Baseline points="759,1474 960,1468 1161,1462 1363,1456 1564,1450 1766,1443 1967,1437 2168,1431 2370,1424 2571,1419 2773,1414 2974,1409 3175,1404 3377,1400 3578,1396 3780,1394 3981,1391 4182,1390 4384,1389 4585,1389 4787,1390"/>
                <TextEquiv>
                    <Unicode>az do gegieho ziwota, a synom a dczeram gegim y gich diediczom y potomnim do czassu wyplaczenie, aby sie hodili obnowugicze, potwrzugeme moczy tohoto psanie bez pohorssenie czizich anebo ginych</Unicode>
                </TextEquiv>
            </TextLine>
            <TextLine id="r2l15" custom="readingOrder {index:13;}">
                <Coords points="745,1556 905,1547 1065,1539 1226,1532 1386,1525 1547,1520 1707,1515 1867,1511 2028,1506 2188,1503 2349,1499 2509,1495 2669,1492 2830,1488 2990,1484 3151,1480 3311,1475 3471,1470 3632,1464 3792,1457 3953,1449 3953,1395 3792,1403 3632,1410 3471,1416 3311,1421 3151,1426 2990,1430 2830,1434 2669,1438 2509,1441 2349,1445 2188,1449 2028,1452 1867,1457 1707,1461 1547,1466 1386,1471 1226,1478 1065,1485 905,1493 745,1502"/>
                <Baseline points="745,1538 905,1529 1065,1521 1226,1514 1386,1507 1547,1502 1707,1497 1867,1493 2028,1488 2188,1485 2349,1481 2509,1477 2669,1474 2830,1470 2990,1466 3151,1462 3311,1457 3471,1452 3632,1446 3792,1439 3953,1431"/>
                <TextEquiv>
                    <Unicode>praw na pamatku toho a na upewnienie wieczne poprzalisme, aby listowe tito hamfesstny dwiema peczetma znamenityma wysutyma byla ohrazena </Unicode>
                </TextEquiv>
            </TextLine>
            <TextEquiv>
                <Unicode>tinem muczednikem leta Bozieho Mho CCCChoXXVIho, kralowstwy nassich leta uherskehokralowstwie XXXIXho, rzimskeho XVIho a czeskeho ssesteho, protoz my przikazani a rozkazani giz gmenowaneho nasseho&#xD;
krale we wssech wieczech poslussni byti, zadagicze iakoz zdluhu dluzni sme spolu s naprzed gmenowanym Herzmanem, rzeczenym Groff z Kathaffalwy, czlowiekem krale nasseho, nasseho czlowieka tocziz poczti¬&#xD;
weho muze knieze Martina, ffararze y kanowika nasseho, k konani toho uwedenie y uwazowanie k nassemu swiedecztwy wiery hodneho umienili sme poslati aoni potom odtud wratiwssese nam ge¬&#xD;
dnostaynie prawili, ze ten gisty czlowiekkrale nasseho przednassim giz gmenowanymswiedomim wpatek yhned po swatem Walentinu do przedhradie hradu giz gmenowaneho swolaw susiedy ygine,&#xD;
ktoz k niemu przislussegy, przed nimi przistupiw uwedl naprzed gmenowane urozenu pani Waltpurgu, wdowu, a Jana y Petra syny a Margretu, Barboru a Urssilu, panny dczery gegie wpanowanie&#xD;
a u wladanie toho gisteho zbozie giz gmenowaneho a ze take ustawil, aby tiem hradem y gmienim giz powiedienym spolu ysczlem yginymi wssemi uzitky aprzislussenstwimi przedpowiedienymi&#xD;
przedloziw napis, aby wladli a drzeli slussnymi dni trwage ano nizadny odporcze sie neukazal. A na swiedomie toho tyto listy nasse hanifesstnie poprzalisme, aby byli ohrazeni nassimi mocznymi a zna¬&#xD;
menitymi wisutymi peczetmi. Dan ssesty den od uwedenie a od uwazanie tohoto leta Bozieho, iakoz swrchupsano, a protoz my pokornym a naboznym prosbam giz gmenowanie panie dobrotu kralowsku&#xD;
powolugicze a milostiwie dopusstiegicze ta gista dwa listy nezkazena, nezbodena ani poprawowana, ale bezewsseho zleho podezrzenie tomu listu wepsana slowa odslowa bez ugimanie a umenssenie&#xD;
anebo przidanie, gelikoz ke wssem gich spolecznym rozumom przigimame, ugisstugeme a potwrzugeme pro gegie wierna zasluzenie a libost, kteru nassie yasnosti ukazala spolu s zastawenim y s uwe¬&#xD;
denim rzadnym hradu toho y miesteczka y ginych zbozy, giz czasto gmenowanych y w listech napsanych, prawu a plnu moczy kralowsku a z gisteho nassie welebnosti wiedomie, take y s powolenim&#xD;
a z dobre wole nayiasnieyssie kniezny panie Barbory, kralowe nassie manzelky naymileyssie, a nassich prelatow y panow raddu przezralu a z gednostayneho umienienie protu gistu pani Waltpurgu,&#xD;
az do gegieho ziwota, a synom a dczeram gegim y gich diediczom y potomnim do czassu wyplaczenie, aby sie hodili obnowugicze, potwrzugeme moczy tohoto psanie bez pohorssenie czizich anebo ginych&#xD;
praw na pamatku toho a na upewnienie wieczne poprzalisme, aby listowe tito hamfesstny dwiema peczetma znamenityma wysutyma byla ohrazena </Unicode>
            </TextEquiv>
        </TextRegion>
    </Page>
</PcGts>
