<?xml version="1.0" encoding="UTF-8" standalone="yes"?>
<PcGts xmlns="http://schema.primaresearch.org/PAGE/gts/pagecontent/2013-07-15" xmlns:xsi="http://www.w3.org/2001/XMLSchema-instance" xsi:schemaLocation="http://schema.primaresearch.org/PAGE/gts/pagecontent/2013-07-15 http://schema.primaresearch.org/PAGE/gts/pagecontent/2013-07-15/pagecontent.xsd">
    <Metadata>
        <Creator>prov=University of Rostock/Institute of Mathematics/CITlab/Tobias Gruening/tobias.gruening@uni-rostock.de:name=/net_tf/LA73_249_0mod360.pb:de.uros.citlab.segmentation.CITlab_LA_ML:v=2.3.1
TRP</Creator>
        <Created>2019-08-02T10:09:46.915+02:00</Created>
        <LastChange>2019-12-03T17:40:12.845+01:00</LastChange>
        <TranskribusMetadata docId="190871" pageId="7552525" pageNr="1" tsid="20305321" status="IN_PROGRESS" userId="38723" imgUrl="https://files.transkribus.eu/Get?id=KKXCLQWUNSWTUGBJFRAJXYFQ&amp;fileType=view" xmlUrl="https://files.transkribus.eu/Get?id=SAFPGXKCPDAGTFIMKEVKDODP" imageId="4553403"/>
    </Metadata>
    <Page imageFilename="NA-ACK_13530704_00405_r.jpg" imageWidth="12175" imageHeight="7717">
        <ReadingOrder>
            <OrderedGroup id="ro_1575392239594" caption="Regions reading order">
                <RegionRefIndexed index="0" regionRef="r1"/>
            </OrderedGroup>
        </ReadingOrder>
        <TextRegion orientation="0.0" id="r1" custom="readingOrder {index:0;}">
            <Coords points="1963,415 1982,4632 9786,4467 9815,425"/>
            <TextLine id="r1l1" custom="readingOrder {index:0;} person {offset:199; length:30; continued:true;} place {offset:218; length:7;}">
                <Coords points="2142,816 2762,734 3114,728 3466,722 3818,716 4170,710 4521,705 4873,699 5225,694 5577,688 5929,682 6280,677 6632,671 6984,665 7336,659 7688,653 8039,647 8391,640 8743,632 9095,625 9561,611 9567,485 9101,499 8755,506 8403,514 8045,515 7694,521 7336,527 6984,533 6632,539 6280,545 5929,562 5577,568 5237,562 4885,567 4521,561 4170,566 3836,572 3484,578 3108,578 2756,584 2130,576"/>
                <Baseline points="2160,804 2322,786 2376,732 3466,698 3818,692 4170,686 4521,681 4873,675 5225,670 5577,664 5929,658 6280,653 6632,647 6984,641 7336,635 7688,629 8039,623 8391,616 8743,608 9095,601 9447,593"/>
                <TextEquiv>
                    <Unicode>Wir rotleute unde dy beurger gemeynlich czur Landishute der stait bekennen unde thun kunt offintlich mit dezim brife allen den, dy en sehen adir horen lezin, wan der hochgeborne furste und herre her Bolke herczoge von Slezien und</Unicode>
                </TextEquiv>
            </TextLine>
            <TextLine id="r1l2" custom="readingOrder {index:1;} person {offset:0; length:55; continued:true;} place {offset:10; length:11;} place {offset:28; length:8;} place {offset:50; length:5;}">
                <Coords points="2352,796 2660,801 3013,793 3366,787 3719,780 4072,774 4425,769 4777,764 5130,758 5483,753 5836,747 6189,742 6542,736 6895,730 7247,723 7600,716 7953,708 8306,700 8659,691 9012,681 9519,659 9519,610 9012,632 8659,642 8306,651 7953,659 7600,667 7247,674 6895,681 6542,687 6189,693 5836,698 5483,704 5130,709 4777,715 4425,720 4072,725 3719,731 3366,738 3013,744 2660,752 2359,747"/>
                <Baseline points="2357,797 2660,785 3013,777 3366,771 3719,764 4072,758 4425,753 4777,748 5130,742 5483,737 5836,731 6189,726 6542,720 6895,714 7247,707 7600,700 7953,692 8306,684 8659,675 9012,665 9522,670"/>
                <TextEquiv>
                    <Unicode>herre czu Furstenberg, czur Swidnicz unde czu dem Jawor, unser lieber genediger herre, mit wolbedachtem mute, mit gutym willen unde mit rate seiner getruwen manne angeschen hat di besundere fruntschaft unde liebe und</Unicode>
                </TextEquiv>
            </TextLine>
            <TextLine id="r1l3" custom="readingOrder {index:2;} person {offset:95; length:83;} place {offset:173; length:5;} person {offset:217; length:10;}">
                <Coords points="2156,880 5225,841 5447,820 5670,819 5892,816 6114,813 6337,809 6559,805 6781,799 7004,794 7226,788 7448,782 7671,777 7893,770 8115,765 8338,760 8560,756 8782,751 9005,748 9227,745 9450,743 9450,697 9227,699 9005,702 8782,705 8560,710 8338,714 8115,719 7893,724 7671,731 7448,736 7226,742 7004,748 6781,753 6559,759 6337,763 6114,767 5892,770 5670,773 5447,774 5225,774 2156,824"/>
                <Baseline points="2202,882 3279,840 4661,818 5670,804 5892,801 6114,798 6337,794 6559,790 6781,784 7004,779 7226,773 7448,767 7671,762 7893,755 8115,750 8338,745 8560,741 8782,736 9005,733 9227,730 9450,728"/>
                <TextEquiv>
                    <Unicode>und ouch di sundirliche truwe, do mete her di allirdurchluchtigste furstinne unde frawe frawen Anna, romische kunginne czu allen czeiten mererinn des richs und kunginne czu Behem, etwenn seliger gedechtniss herczogen Heinrichis, unsers heren,</Unicode>
                </TextEquiv>
            </TextLine>
            <TextLine id="r1l5" custom="readingOrder {index:3;}">
                <Coords points="2177,965 2629,944 3010,932 3391,923 3772,915 4153,907 4534,900 4915,893 5296,887 5677,881 6058,875 6439,869 6820,863 7201,857 7582,851 7963,843 8344,835 8725,827 9106,817 9487,807 9487,761 9106,771 8725,781 8344,789 7963,797 7582,805 7201,811 6820,817 6439,823 6058,829 5677,835 5296,841 4915,847 4534,854 4153,861 3772,869 3391,877 3010,886 2629,898 2184,887"/>
                <Baseline points="2248,941 2629,929 3010,917 3391,908 3772,900 4153,892 4534,885 4915,878 5296,872 5677,866 6058,860 6439,854 6820,848 7201,842 7582,836 7963,828 8344,820 8725,812 9106,802 9487,792"/>
                <TextEquiv>
                    <Unicode>sines brudir tochtir, unser genedge vrouwe begriffen hat und von angeborner gute stetetlichen meynit und hat ir der obgenanten unser vrowen und ires leibes erben beides geslechts, di sie mit dem allirdurchluchtigstem fursten unde heren</Unicode>
                </TextEquiv>
            </TextLine>
            <TextLine id="r1l6" custom="readingOrder {index:4;} person {offset:5; length:75;} place {offset:75; length:5;} place {offset:143; length:8;} place {offset:163; length:5;}">
                <Coords points="2170,1035 2591,1026 2954,1014 3318,1002 3681,992 4045,983 4408,975 4772,967 5135,960 5499,954 5862,947 6225,941 6589,935 6952,928 7316,922 7679,916 8043,909 8406,901 8770,893 9133,884 9497,874 9497,825 9133,835 8770,844 8406,852 8043,860 7679,867 7316,873 6952,879 6589,886 6225,892 5862,898 5499,905 5135,911 4772,918 4408,926 4045,934 3681,943 3318,953 2954,965 2591,977 2170,972"/>
                <Baseline points="2228,1023 2591,1010 2954,998 3318,986 3681,976 4045,967 4408,959 4772,951 5135,944 5499,938 5862,931 6225,925 6589,919 6952,912 7316,906 7679,900 8043,893 8406,885 8770,877 9133,882 9497,872"/>
                <TextEquiv>
                    <Unicode>hern Karl, romischem kunge, czu allen cziten merer des richs und kunge czu Behem, gewinnet, alle seine furstentum, herczogtum, herschefte czur Swidnicz und zu dem Jawor mit allen andern steten, vesten und czugehorungen verschriben und vermacht</Unicode>
                </TextEquiv>
            </TextLine>
            <TextLine id="r1l7" custom="readingOrder {index:5;} person {offset:101; length:99;} place {offset:137; length:7;} place {offset:156; length:11;} place {offset:174; length:8;} place {offset:195; length:5;}">
                <Coords points="2184,1133 2611,1098 2971,1088 3330,1078 3690,1069 4049,1060 4409,1051 4768,1043 5128,1035 5487,1028 5847,1021 6207,1013 6566,1007 6926,1000 7285,993 7645,986 8004,980 8364,973 8723,966 9083,959 9544,965 9544,887 9083,907 8723,914 8364,921 8004,928 7645,934 7285,941 6926,948 6566,955 6207,961 5847,969 5487,976 5128,983 4768,991 4409,999 4049,1008 3690,1017 3330,1026 2971,1036 2611,1046 2163,1042"/>
                <Baseline points="2187,1109 2611,1081 2971,1071 3330,1061 3690,1052 4049,1043 4409,1034 4768,1026 5128,1018 5487,1011 5847,1004 6207,996 6566,990 6926,983 7285,976 7645,969 8004,963 8364,956 8723,949 9083,942 9480,953"/>
                <TextEquiv>
                    <Unicode>in alle der mazze, als in seiner furstenlichen brifen, da nach begriffen ist in semlichem luthe. Wir Bolke von Gotis gnaden herczoge von Slezien, herre von Furstenberg, czur Swidnicz und czu dem Jawor, bekennen unde tun und kunt offinlich mit</Unicode>
                </TextEquiv>
            </TextLine>
            <TextLine id="r1l8" custom="readingOrder {index:6;} person {offset:176; length:58; continued:true;}">
                <Coords points="2212,1175 2624,1171 2987,1161 3349,1153 3712,1144 4074,1135 4437,1127 4799,1119 5162,1110 5524,1102 5887,1094 6250,1087 6612,1079 6975,1072 7337,1065 7700,1059 8062,1052 8425,1046 8787,1039 9150,1033 9513,1027 9513,975 9150,981 8787,987 8425,994 8062,1000 7700,1007 7337,1013 6975,1020 6612,1027 6250,1035 5887,1042 5524,1050 5162,1058 4799,1067 4437,1075 4074,1083 3712,1092 3349,1101 2987,1109 2624,1119 2205,1105"/>
                <Baseline points="2262,1163 2624,1154 2987,1144 3349,1136 3712,1127 4074,1118 4437,1110 4799,1102 5162,1093 5524,1085 5887,1077 6250,1070 6612,1062 6975,1055 7337,1048 7700,1042 8062,1035 8425,1029 8787,1022 9150,1016 9513,1010"/>
                <TextEquiv>
                    <Unicode>desin brife allen den, dez in sehen adir horen lesen, das wir haben angeschen di sunderliche gnade unde fruntliche gevust dez allirdurchdirluchtegsten fursten unde herren hern Karls, romischen kunegs, czu allen cziten merer des richis</Unicode>
                </TextEquiv>
            </TextLine>
            <TextLine id="r1l9" custom="readingOrder {index:7;} person {offset:0; length:21; continued:true;} place {offset:16; length:5;} person {offset:206; length:20; continued:true;}">
                <Coords points="2198,1252 2599,1247 2965,1241 3330,1233 3696,1225 4061,1217 4427,1209 4792,1201 5158,1191 5523,1183 5889,1174 6255,1166 6620,1157 6986,1150 7351,1142 7717,1135 8082,1129 8448,1123 8813,1118 9179,1114 9572,1112 9579,1035 9179,1057 8813,1061 8448,1066 8082,1072 7717,1078 7351,1085 6986,1093 6620,1100 6255,1109 5889,1117 5523,1126 5158,1134 4792,1144 4427,1152 4061,1160 3696,1168 3330,1176 2965,1184 2599,1190 2205,1196"/>
                <Baseline points="2234,1234 2599,1228 2965,1222 3330,1214 3696,1206 4061,1198 4427,1190 4792,1182 5158,1172 5523,1164 5889,1155 6255,1147 6620,1138 6986,1131 7351,1123 7717,1116 8082,1110 8448,1104 8813,1099 9186,1102 9552,1099"/>
                <TextEquiv>
                    <Unicode>unde kungis czu Behem, unsirs lieben genedigen herren, die her uns unde unsern geschlechte bewiset hat mit der koschaft, dy geschehen ist czwischen ym an eyme teile unde der durchluchtigen furstinne vrowen Annen, der romischen</Unicode>
                </TextEquiv>
            </TextLine>
            <TextLine id="r1l10" custom="readingOrder {index:8;} person {offset:0; length:30; continued:true;} place {offset:25; length:5;}">
                <Coords points="2198,1329 2607,1327 2968,1319 3329,1312 3690,1304 4051,1296 4412,1288 4773,1280 5134,1272 5495,1263 5856,1255 6217,1246 6578,1238 6939,1230 7300,1221 7661,1213 8022,1206 8383,1198 8744,1191 9105,1185 9467,1179 9467,1121 9105,1127 8744,1133 8383,1140 8022,1148 7661,1155 7300,1163 6939,1172 6578,1180 6217,1188 5856,1197 5495,1205 5134,1214 4773,1222 4412,1230 4051,1238 3690,1246 3329,1254 2968,1261 2607,1269 2205,1252"/>
                <Baseline points="2246,1314 2607,1308 2968,1300 3329,1293 3690,1285 4051,1277 4412,1269 4773,1261 5134,1253 5495,1244 5856,1236 6217,1227 6578,1219 6939,1211 7300,1202 7661,1194 8022,1187 8383,1179 8744,1172 9105,1166 9467,1160"/>
                <TextEquiv>
                    <Unicode>kuneginn und kuneginn zu Behem, unsir lieben frawen und mumen, etwen herczogen Heinrichs, selygen unsirs brudir tochtir, an dem andern, unde dar umb geben machen und verschrieben wir der obgenante unsir lieben frawen und mumen</Unicode>
                </TextEquiv>
            </TextLine>
            <TextLine id="r1l11" custom="readingOrder {index:9;} place {offset:22; length:5;} place {offset:164; length:8;} place {offset:185; length:5;} place {offset:207; length:8;} place {offset:217; length:7;}">
                <Coords points="2191,1414 2624,1403 2987,1397 3350,1390 3713,1382 4076,1374 4439,1366 4802,1357 5165,1349 5528,1340 5891,1331 6254,1322 6617,1313 6980,1304 7343,1296 7706,1287 8069,1279 8432,1271 8795,1264 9158,1258 9521,1251 9521,1194 9158,1201 8795,1207 8432,1214 8069,1222 7706,1230 7343,1239 6980,1247 6617,1256 6254,1265 5891,1274 5528,1283 5165,1292 4802,1300 4439,1309 4076,1317 3713,1325 3350,1333 2987,1340 2624,1346 2212,1350"/>
                <Baseline points="2261,1389 2624,1384 2987,1378 3350,1371 3713,1363 4076,1355 4439,1347 4802,1338 5165,1330 5528,1321 5891,1312 6254,1303 6617,1294 6980,1285 7343,1277 7706,1268 8069,1260 8432,1252 8795,1245 9158,1239 9521,1232"/>
                <TextEquiv>
                    <Unicode>als einer kunginn czu Behem unde eris leibis erbin, di sie mit dem obgenanten unsirm heren dem kunge haben wirdet unser herczogetum, furstintum und herschefte czur Swidnicz und czu dem Jawir mit den stetten Swidnicz, Stregom,</Unicode>
                </TextEquiv>
            </TextLine>
            <TextLine id="r1l12" custom="readingOrder {index:10;} place {offset:0; length:4;} place {offset:6; length:10;} place {offset:18; length:6;} place {offset:26; length:9;} place {offset:37; length:5;} place {offset:44; length:7;} place {offset:53; length:8;} place {offset:63; length:8;} place {offset:76; length:8;} place {offset:114; length:12;} place {offset:128; length:11;} place {offset:141; length:3;} place {offset:146; length:7;} place {offset:155; length:9;} place {offset:166; length:9;} place {offset:180; length:8;}">
                <Coords points="2213,1492 2659,1483 3016,1475 3373,1466 3730,1459 4087,1451 4444,1443 4801,1436 5158,1428 5515,1421 5872,1413 6228,1406 6585,1398 6942,1391 7299,1382 7656,1375 8013,1366 8370,1357 8727,1349 9084,1339 9441,1329 9441,1272 9084,1282 8727,1292 8370,1300 8013,1309 7656,1318 7299,1325 6942,1334 6585,1341 6228,1349 5872,1356 5515,1364 5158,1371 4801,1379 4444,1386 4087,1394 3730,1402 3373,1409 3016,1418 2659,1426 2213,1435"/>
                <Baseline points="2237,1492 2659,1464 3016,1456 3373,1447 3730,1440 4087,1432 4444,1424 4801,1417 5158,1409 5515,1402 5872,1394 6228,1387 6585,1379 6942,1372 7299,1363 7656,1356 8013,1347 8370,1338 8727,1330 9084,1320 9441,1310"/>
                <TextEquiv>
                    <Unicode>Hayn, Richinbach, Nympcz, Landishut, Jawir, Lemberg, Hirsberg, Bonczlau und Czobotyn mit den vestin unde merkthin Griffinsteyn, Griffinberg, Len, Schonov, Kliczdorf, Hornsberg und Kinsberg mit alle den mannen, manscheftin</Unicode>
                </TextEquiv>
            </TextLine>
            <TextLine id="r1l13" custom="readingOrder {index:11;}">
                <Coords points="2212,1575 2613,1574 2978,1564 3343,1555 3709,1545 4074,1536 4439,1528 4804,1520 5170,1512 5535,1504 5900,1496 6265,1490 6631,1481 6996,1474 7361,1466 7726,1458 8092,1449 8457,1440 8822,1431 9187,1421 9586,1421 9600,1336 9187,1363 8822,1373 8457,1382 8092,1391 7726,1400 7361,1408 6996,1416 6631,1423 6265,1432 5900,1438 5535,1446 5170,1454 4804,1462 4439,1470 4074,1478 3709,1487 3343,1497 2978,1506 2613,1516 2219,1505"/>
                <Baseline points="2248,1566 2613,1555 2978,1545 3343,1536 3709,1526 4074,1517 4439,1509 4804,1501 5170,1493 5535,1485 5900,1477 6265,1471 6631,1462 6996,1455 7361,1447 7726,1439 8092,1430 8457,1421 8822,1412 9187,1402 9553,1392"/>
                <TextEquiv>
                    <Unicode>leyn, lenscheftin, vorlentyn gute, gerichten, czollin, munczin, cinzin, geuldin, kreyzzen, witbildin, kirchlehyn, pfrundin unde Gots gabyn, weldin, puschin, bergin, slichtyn, wazzern, wassirleuftin, molen, wezin, weyden, geiey¬</Unicode>
                </TextEquiv>
            </TextLine>
            <TextLine id="r1l14" custom="readingOrder {index:12;}">
                <Coords points="2226,1638 2615,1654 2979,1643 3343,1633 3707,1624 4071,1615 4434,1606 4798,1599 5162,1591 5526,1583 5890,1576 6253,1570 6617,1563 6981,1555 7345,1548 7709,1541 8072,1533 8436,1524 8800,1516 9164,1506 9528,1496 9528,1442 9164,1452 8800,1462 8436,1470 8072,1479 7709,1487 7345,1494 6981,1501 6617,1509 6253,1516 5890,1522 5526,1529 5162,1537 4798,1545 4434,1552 4071,1561 3707,1570 3343,1579 2986,1568 2622,1579 2233,1568"/>
                <Baseline points="2252,1648 2615,1636 2979,1625 3343,1615 3707,1606 4071,1597 4434,1588 4798,1581 5162,1573 5526,1565 5890,1558 6253,1552 6617,1545 6981,1537 7345,1530 7709,1523 8072,1515 8436,1506 8800,1498 9164,1488 9528,1478"/>
                <TextEquiv>
                    <Unicode>de, vogilweyde, rechtyn, nuczyn, gewohnheyten und allyn czugehorungyn, wy man dy bennenyn mak mit sundirlichin wortin, nichttisnicht uzczunemyn, in alle der maze, als wirs yczunt habin, und hernoch mit rechte czu uns</Unicode>
                </TextEquiv>
            </TextLine>
            <TextLine id="r1l15" custom="readingOrder {index:13;}">
                <Coords points="2234,1744 2599,1731 2964,1719 3329,1707 3694,1697 4059,1687 4424,1679 4789,1671 5154,1664 5519,1657 5885,1650 6250,1644 6615,1637 6980,1631 7345,1625 7710,1618 8075,1611 8440,1603 8805,1595 9170,1586 9536,1576 9536,1524 9170,1534 8805,1543 8440,1551 8075,1559 7710,1566 7345,1573 6980,1579 6615,1585 6250,1592 5885,1598 5519,1605 5154,1612 4789,1619 4424,1627 4059,1635 3694,1645 3329,1655 2964,1667 2606,1637 2241,1650"/>
                <Baseline points="2234,1727 2599,1714 2964,1702 3329,1690 3694,1680 4059,1670 4424,1662 4789,1654 5154,1647 5519,1640 5885,1633 6250,1627 6615,1620 6980,1614 7345,1608 7710,1601 8075,1594 8440,1586 8805,1578 9170,1569 9536,1559"/>
                <TextEquiv>
                    <Unicode>brengin mogin in sulchir bescheydinheyt, sie daz sache, das wir von Gotis vorhengnis, alzo vor scheydin, daz wir eliche libes erbyn mannis geslechte hindir unz nicht lazen, daz denne dy obgenante unzir gnedege vrouwe</Unicode>
                </TextEquiv>
            </TextLine>
            <TextLine id="r1l16" custom="readingOrder {index:14;}">
                <Coords points="2198,1821 2618,1812 2981,1797 3343,1785 3706,1773 4069,1763 4431,1754 4794,1745 5156,1737 5519,1729 5882,1722 6244,1716 6607,1710 6969,1703 7332,1697 7695,1691 8057,1684 8420,1677 8782,1669 9145,1662 9508,1653 9508,1601 9145,1610 8782,1617 8420,1625 8057,1632 7695,1639 7332,1645 6969,1651 6607,1658 6244,1664 5882,1670 5519,1677 5156,1685 4794,1693 4431,1702 4069,1711 3706,1721 3343,1733 2981,1745 2618,1760 2205,1736"/>
                <Baseline points="2223,1811 2618,1795 2981,1780 3343,1768 3706,1756 4069,1746 4431,1737 4794,1728 5156,1720 5519,1712 5882,1705 6244,1699 6607,1693 6969,1686 7332,1680 7695,1674 8057,1667 8420,1660 8782,1652 9145,1645 9508,1636"/>
                <TextEquiv>
                    <Unicode>und lybe mume und eris libes erben, dy sy mit unsirm herren dem kunge habin wirdet, alzo do vor geschrebin steit, dy selbin unsir herczogtum, furstintum, herschefte, lantleute und alle andir czuhorunge, als do vor</Unicode>
                </TextEquiv>
            </TextLine>
            <TextLine id="r1l17" custom="readingOrder {index:15;} person {offset:181; length:8;}">
                <Coords points="2198,1884 2605,1893 2968,1878 3332,1865 3695,1853 4059,1841 4422,1831 4785,1822 5149,1813 5512,1805 5876,1798 6239,1791 6602,1784 6966,1778 7329,1771 7693,1765 8056,1760 8419,1754 8783,1747 9146,1740 9510,1733 9510,1679 9146,1686 8783,1693 8419,1700 8056,1706 7693,1711 7329,1717 6966,1724 6602,1730 6239,1737 5876,1744 5512,1751 5149,1759 4785,1768 4422,1777 4059,1787 3695,1799 3332,1811 2968,1824 2605,1839 2205,1799"/>
                <Baseline points="2242,1891 2605,1875 2968,1860 3332,1847 3695,1835 4059,1823 4422,1813 4785,1804 5149,1795 5512,1787 5876,1780 6239,1773 6602,1766 6966,1760 7329,1753 7693,1747 8056,1742 8419,1736 8783,1729 9146,1722 9510,1715"/>
                <TextEquiv>
                    <Unicode>begriffin ist, erben und besiczczin sal genczlichen ungehindirt und do mit thun und lazen noch vrey willekor, als mit erim rechtin, erbe unschedlich der hochgeborn furstynyn frawen Angnezin, unsir elichin wirtinnen</Unicode>
                </TextEquiv>
            </TextLine>
            <TextLine id="r1l19" custom="readingOrder {index:16;}">
                <Coords points="2212,1982 2589,1977 2929,1963 3269,1949 3609,1937 3949,1926 4289,1916 4629,1906 4969,1897 5309,1889 5649,1881 5988,1875 6328,1868 6668,1861 7008,1856 7348,1850 7688,1845 8028,1840 8368,1834 8708,1830 9555,1816 9555,1758 8708,1772 8368,1776 8028,1782 7688,1787 7348,1792 7008,1798 6668,1803 6328,1810 5988,1817 5649,1823 5309,1831 4969,1839 4629,1848 4289,1858 3949,1868 3609,1879 3269,1891 2929,1905 2589,1919 2212,1912"/>
                <Baseline points="2250,1973 2589,1958 2929,1944 3269,1930 3609,1918 3949,1907 4289,1897 4629,1887 4969,1878 5309,1870 5649,1862 5988,1856 6328,1849 6668,1842 7008,1837 7348,1831 7688,1826 8028,1821 8368,1815 8708,1811 9501,1803"/>
                <TextEquiv>
                    <Unicode>in erin lipgedinge, wenne si allis di obgenante furstintum, lant und herschefte, mit allim nuczcze habyn und besiczczin sal nur czu erin lebetagin. Wen abir, daz wir mit gnadin Gotis eliche libes erben mannis ge¬</Unicode>
                </TextEquiv>
            </TextLine>
            <TextLine id="r1l20" custom="readingOrder {index:17;}">
                <Coords points="2142,2090 2645,2056 3009,2040 3373,2025 3737,2012 4101,1999 4465,1989 4829,1979 5193,1970 5557,1962 5921,1954 6284,1947 6648,1941 7012,1935 7376,1929 7740,1923 8104,1918 8468,1912 8832,1905 9196,1899 9560,1892 9560,1834 9196,1841 8832,1847 8468,1854 8104,1860 7740,1865 7376,1871 7012,1877 6648,1883 6284,1889 5921,1896 5557,1904 5193,1912 4829,1921 4465,1931 4101,1941 3737,1954 3373,1967 3009,1982 2645,1998 2156,1978"/>
                <Baseline points="2216,2059 2645,2037 3009,2021 3373,2006 3737,1993 4101,1980 4465,1970 4829,1960 5193,1951 5557,1943 5921,1935 6284,1928 6648,1922 7012,1916 7376,1910 7740,1904 8104,1899 8468,1893 8832,1886 9196,1880 9560,1873"/>
                <TextEquiv>
                    <Unicode>slechte gewunnen, zo sullin di selbin unsir erben, der obgenanten frawen und mumyn adir erin libes erbyn, ab sy nicht were, czehyn thusunt schog grozir pfenningge pregischer muncze mit gereytim gelde, berichtin und</Unicode>
                </TextEquiv>
            </TextLine>
            <TextLine id="r1l21" custom="readingOrder {index:18;} place {offset:24; length:7;} place {offset:36; length:8;}">
                <Coords points="2219,2140 2607,2144 2971,2129 3335,2114 3699,2102 4063,2090 4426,2080 4790,2070 5154,2062 5518,2054 5882,2047 6245,2040 6609,2034 6973,2028 7337,2022 7701,2015 8064,2009 8428,2002 8792,1994 9156,1986 9520,1976 9520,1904 9156,1914 8792,1922 8428,1930 8064,1937 7701,1943 7337,1950 6973,1956 6609,1962 6245,1968 5882,1975 5518,1982 5154,1990 4790,1998 4426,2008 4063,2018 3699,2030 3335,2042 2971,2057 2607,2072 2205,2062"/>
                <Baseline points="2244,2138 2607,2120 2971,2105 3335,2090 3699,2078 4063,2066 4426,2056 4790,2046 5154,2038 5518,2030 5882,2023 6245,2016 6609,2010 6973,2004 7337,1998 7701,1991 8064,1985 8428,1978 8792,1970 9156,1962 9520,1952"/>
                <TextEquiv>
                    <Unicode>beczalen adir dy vestin Lemberg und Bonczlov mit witbilden, vestin, rechtyn, nuczyn und zugehorungyn czu rechtin pfande seczin, alzo lange uncz, daz si di obgenanten czeyn thusunt schok genczlichin berichtin</Unicode>
                </TextEquiv>
            </TextLine>
            <TextLine id="r1l22" custom="readingOrder {index:19;}">
                <Coords points="2233,2210 2620,2221 2984,2204 3349,2189 3713,2175 4078,2163 4442,2152 4806,2143 5171,2134 5535,2127 5900,2121 6264,2115 6628,2109 6993,2104 7357,2099 7722,2094 8086,2089 8450,2083 8815,2077 9179,2070 9544,2063 9544,2003 9179,2010 8815,2017 8450,2023 8086,2029 7722,2034 7357,2039 6993,2044 6628,2049 6264,2055 5900,2061 5535,2067 5171,2074 4806,2083 4442,2092 4078,2103 3713,2115 3349,2129 2984,2144 2620,2161 2212,2140"/>
                <Baseline points="2249,2206 2613,2187 2984,2184 3349,2169 3713,2155 4078,2143 4442,2132 4806,2123 5171,2114 5535,2107 5900,2101 6264,2095 6628,2089 6993,2084 7357,2079 7722,2074 8086,2069 8450,2063 8815,2057 9179,2050 9544,2043"/>
                <TextEquiv>
                    <Unicode>und be czalen und do mete sullin denne di selbin unsir erben bi den vorgenanten unser furstitum herscheftin unde landin unge hindirt bliben were auch ab wir eliche libes erben mamus geslechte nicht hetten</Unicode>
                </TextEquiv>
            </TextLine>
            <TextLine id="r1l23" custom="readingOrder {index:20;}">
                <Coords points="2212,2308 2628,2308 2990,2292 3353,2277 3715,2263 4078,2250 4440,2238 4802,2227 5165,2217 5527,2207 5890,2199 6252,2192 6614,2184 6977,2178 7339,2173 7702,2168 8064,2164 8426,2161 8789,2159 9151,2157 9514,2157 9514,2100 9151,2100 8789,2102 8426,2104 8064,2107 7702,2111 7339,2116 6977,2121 6614,2127 6252,2135 5890,2142 5527,2150 5165,2160 4802,2170 4440,2181 4078,2193 3715,2206 3353,2220 2990,2235 2628,2251 2212,2224"/>
                <Baseline points="2266,2305 2628,2289 2990,2273 3353,2258 3715,2244 4078,2231 4440,2219 4802,2208 5165,2198 5527,2188 5890,2180 6252,2173 6614,2165 6977,2159 7339,2154 7702,2149 8064,2145 8426,2142 8789,2140 9151,2138 9514,2138"/>
                <TextEquiv>
                    <Unicode>und doch tochtir lizen zo sullin di obgenanten unsir libe gnedege frawe adir eris leibis erben di si mit unsirm herren dem kunge gewinnet yczlichir unsir tochtir czeyn thusint schog grozir pfenningge</Unicode>
                </TextEquiv>
            </TextLine>
            <TextLine id="r1l24" custom="readingOrder {index:21;}">
                <Coords points="2226,2406 2615,2390 2978,2379 3341,2368 3704,2356 4068,2344 4431,2332 4794,2321 5157,2309 5520,2298 5884,2287 6247,2277 6610,2268 6973,2260 7336,2253 7700,2247 8063,2242 8426,2239 8789,2238 9152,2238 9516,2241 9516,2184 9152,2181 8789,2181 8426,2182 8063,2185 7700,2190 7336,2196 6973,2203 6610,2211 6247,2220 5884,2230 5520,2241 5157,2252 4794,2264 4431,2275 4068,2287 3704,2299 3341,2311 2978,2322 2615,2333 2205,2322"/>
                <Baseline points="2252,2381 2615,2371 2978,2360 3341,2349 3704,2337 4068,2325 4431,2313 4794,2302 5157,2290 5520,2279 5884,2268 6247,2258 6610,2249 6973,2241 7336,2234 7700,2228 8063,2223 8426,2220 8789,2219 9152,2219 9516,2222"/>
                <TextEquiv>
                    <Unicode>gebin und si bestatin noch rechtin gewonheit als geborn furstin kindir auch habe wir gelobit und gethedingt bie daz sache daz di obgenante uns eliche wirttinne unsirn tot gelebete daz si dan noch der</Unicode>
                </TextEquiv>
            </TextLine>
            <TextLine id="r1l26" custom="readingOrder {index:22;}">
                <Coords points="2233,2476 2592,2471 2927,2462 3262,2452 3597,2442 3932,2432 4267,2421 4602,2410 4937,2400 5272,2390 5607,2380 5941,2370 6276,2361 6611,2353 6946,2346 7281,2339 7616,2334 7951,2330 8286,2327 8621,2325 9572,2329 9579,2224 8621,2267 8286,2269 7951,2272 7616,2276 7281,2281 6946,2288 6611,2295 6276,2303 5941,2312 5607,2322 5272,2332 4937,2342 4602,2352 4267,2363 3932,2374 3597,2384 3262,2394 2927,2404 2592,2413 2219,2399"/>
                <Baseline points="2258,2461 2592,2452 2927,2443 3262,2433 3597,2423 3932,2413 4267,2402 4602,2391 4937,2381 5272,2371 5607,2361 5941,2351 6276,2342 6611,2334 6946,2327 7281,2320 7616,2315 7951,2311 8286,2308 8621,2306 9543,2321"/>
                <TextEquiv>
                    <Unicode>czit unsirs todis keynen burggrauen pfleger adir amptman uf vesten heusirn in stetin adir in landin so kein andirn adir vechsiln sol es sie dan daz sie einen bedirman der do glich gut unde gewiz si dem ers¬</Unicode>
                </TextEquiv>
            </TextLine>
            <TextLine id="r1l27" custom="readingOrder {index:23;}">
                <Coords points="2205,2560 2598,2549 2963,2542 3327,2534 3692,2526 4056,2516 4421,2506 4785,2495 5150,2484 5514,2474 5879,2464 6243,2453 6608,2443 6972,2433 7337,2425 7701,2418 8066,2411 8430,2406 8795,2402 9159,2399 9524,2399 9524,2342 9159,2342 8795,2345 8430,2349 8066,2354 7701,2361 7337,2368 6972,2376 6608,2386 6243,2396 5879,2407 5514,2417 5150,2427 4785,2438 4421,2449 4056,2459 3692,2469 3327,2477 2963,2485 2577,2462 2212,2462"/>
                <Baseline points="2234,2536 2598,2530 2963,2523 3327,2515 3692,2507 4056,2497 4421,2487 4785,2476 5150,2465 5514,2455 5879,2445 6243,2434 6608,2424 6972,2414 7337,2406 7701,2399 8066,2392 8430,2387 8795,2383 9159,2380 9524,2380"/>
                <TextEquiv>
                    <Unicode>tin an sin stait seczcte an dem der obgenanten unsir brawen adir erin erben moge billichin genugin und daz der selbe czu vor sich allis geleubids eyden unde treuwen vorbundin habe der obgennante unsir frawin der</Unicode>
                </TextEquiv>
            </TextLine>
            <TextLine id="r1l28" custom="readingOrder {index:24;}">
                <Coords points="2222,2636 2586,2632 2950,2626 3314,2620 3678,2613 4043,2604 4407,2596 4771,2587 5135,2577 5499,2568 5864,2557 6228,2548 6592,2538 6956,2529 7320,2520 7685,2512 8049,2504 8413,2497 8777,2491 9141,2486 9506,2483 9506,2419 9141,2422 8777,2427 8413,2433 8049,2440 7685,2448 7320,2456 6956,2465 6592,2474 6228,2484 5864,2493 5499,2504 5135,2513 4771,2523 4407,2532 4043,2540 3678,2549 3314,2556 2950,2562 2586,2568 2222,2572"/>
                <Baseline points="2222,2615 2586,2611 2950,2605 3314,2599 3678,2592 4043,2583 4407,2575 4771,2566 5135,2556 5499,2547 5864,2536 6228,2527 6592,2517 6956,2508 7320,2499 7685,2491 8049,2483 8413,2476 8777,2470 9141,2465 9506,2462"/>
                <TextEquiv>
                    <Unicode>kunginen odir erin erbin glich sinem vorvarin an dez stat her gesaczt wirt weir auch daz di obgennante unsir gnedege vrouwe und liebe mume wartinde des an nallis ewen si ingeweir queme alzo sturbe</Unicode>
                </TextEquiv>
            </TextLine>
            <TextLine id="r1l29" custom="readingOrder {index:25;}">
                <Coords points="2198,2722 2601,2723 2965,2718 3329,2712 3693,2705 4057,2696 4421,2687 4785,2677 5149,2667 5513,2656 5877,2646 6240,2635 6604,2625 6968,2616 7332,2606 7696,2598 8060,2592 8424,2586 8788,2582 9152,2580 9516,2579 9516,2516 9152,2517 8788,2519 8424,2523 8060,2529 7696,2535 7332,2543 6968,2553 6604,2562 6240,2572 5877,2583 5513,2593 5149,2604 4785,2614 4421,2624 4057,2633 3693,2642 3329,2649 2965,2655 2601,2660 2198,2638"/>
                <Baseline points="2238,2705 2601,2702 2965,2697 3329,2691 3693,2684 4057,2675 4421,2666 4785,2656 5149,2646 5513,2635 5877,2625 6240,2614 6604,2604 6968,2595 7332,2585 7696,2577 8060,2571 8424,2565 8788,2561 9152,2559 9516,2558"/>
                <TextEquiv>
                    <Unicode>daz si libes erbin mit dem obgennante unsirm herren nicht gewünne so sullin alle man rittir knechte burggewinne burger unde alle lantzesin allir der obgenanten eyden und geleubde ledik sin doch insulchir</Unicode>
                </TextEquiv>
            </TextLine>
            <TextLine id="r1l30" custom="readingOrder {index:26;}">
                <Coords points="2198,2799 2619,2809 2976,2804 3333,2798 3691,2791 4048,2783 4405,2775 4763,2766 5120,2757 5477,2748 5835,2738 6192,2728 6549,2718 6906,2709 7264,2699 7621,2690 7978,2681 8336,2673 8693,2664 9050,2657 9502,2652 9516,2568 9050,2594 8693,2601 8336,2610 7978,2618 7621,2627 7264,2636 6906,2646 6549,2655 6192,2665 5835,2675 5477,2685 5120,2694 4763,2703 4405,2712 4048,2720 3691,2728 3333,2735 2976,2741 2619,2746 2191,2708"/>
                <Baseline points="2216,2796 2619,2788 2976,2783 3333,2777 3691,2770 4048,2762 4405,2754 4763,2745 5120,2736 5477,2727 5835,2717 6192,2707 6549,2697 6906,2688 7264,2678 7621,2669 7978,2660 8336,2652 8693,2643 9050,2636 9494,2640"/>
                <TextEquiv>
                    <Unicode>bescheidenheit daz dem obgenantin unsirm herren dem kune und sinen erbin daz obgenante egelt und heimstewir der obgenanten czeyn thusunt schok genallin sal odir mit pfandin gesichurt wenden in allir</Unicode>
                </TextEquiv>
            </TextLine>
            <TextLine id="r1l31" custom="readingOrder {index:27;}">
                <Coords points="2198,2904 2606,2899 2963,2894 3320,2888 3677,2881 4033,2872 4390,2864 4747,2855 5104,2845 5460,2835 5817,2825 6174,2814 6531,2804 6887,2795 7244,2785 7601,2775 7958,2766 8314,2757 8671,2749 9028,2742 9502,2736 9516,2645 9028,2670 8671,2677 8314,2685 7958,2694 7601,2703 7244,2713 6887,2723 6531,2732 6174,2742 5817,2753 5460,2763 5104,2773 4747,2783 4390,2792 4033,2800 3677,2809 3320,2816 2963,2822 2606,2827 2191,2806"/>
                <Baseline points="2250,2880 2606,2875 2963,2870 3320,2864 3677,2857 4033,2848 4390,2840 4747,2831 5104,2821 5460,2811 5817,2801 6174,2790 6531,2780 6887,2771 7244,2761 7601,2751 7958,2742 8314,2733 8671,2725 9028,2718 9451,2725"/>
                <TextEquiv>
                    <Unicode>der maze als do vor begriffin ist daz sy do mete thun und lozin noch vrier willekeur und daz gebin weme si wellin weir abir daz di obgenante unsir vrouwe und mume den obgenanten unsirn herren den</Unicode>
                </TextEquiv>
            </TextLine>
            <TextLine id="r1l32" custom="readingOrder {index:28;}">
                <Coords points="2174,2990 2854,2983 3205,2976 3555,2967 3906,2960 4256,2951 4607,2942 4957,2934 5308,2924 5658,2915 6009,2905 6359,2895 6710,2886 7060,2876 7411,2866 7761,2856 8112,2846 8462,2836 8813,2827 9163,2818 9544,2813 9579,2729 9163,2751 8813,2760 8462,2769 8112,2779 7761,2789 7411,2799 7060,2809 6710,2819 6359,2828 6009,2838 5658,2848 5308,2857 4957,2867 4607,2875 4256,2884 3906,2893 3555,2900 3205,2909 2854,2916 2174,2923"/>
                <Baseline points="2194,2987 2854,2961 3205,2954 3555,2945 3906,2938 4256,2929 4607,2920 4957,2912 5308,2902 5658,2893 6009,2883 6359,2873 6710,2864 7060,2854 7411,2844 7761,2834 8112,2824 8462,2814 8813,2805 9163,2796 9514,2786"/>
                <TextEquiv>
                    <Unicode>kunig obir lebete und eynen andirn man neme an unsirn dank und willen so sullin beide si und der man und alle kint di sy mit ein gewinnit in den obgenanten unsir furstintume und herscheftin</Unicode>
                </TextEquiv>
            </TextLine>
            <TextLine id="r1l34" custom="readingOrder {index:29;}">
                <Coords points="2240,3067 2603,3066 2967,3064 3330,3060 3694,3054 4057,3047 4421,3039 4784,3030 5148,3021 5511,3011 5875,3000 6238,2989 6602,2978 6965,2966 7329,2955 7692,2944 8056,2933 8419,2924 8783,2914 9146,2906 9510,2899 9510,2832 9146,2839 8783,2847 8419,2857 8056,2866 7692,2877 7329,2888 6965,2899 6602,2911 6238,2922 5875,2933 5511,2944 5148,2954 4784,2963 4421,2972 4057,2980 3694,2987 3330,2993 2967,2997 2603,2999 2240,3000"/>
                <Baseline points="2240,3045 2603,3044 2967,3042 3330,3038 3694,3032 4057,3025 4421,3017 4784,3008 5148,2999 5511,2989 5875,2978 6238,2967 6602,2956 6965,2944 7329,2933 7692,2922 8056,2911 8419,2902 8783,2892 9146,2884 9510,2877"/>
                <TextEquiv>
                    <Unicode>nichttisucht habin ouch ist geret und gethedingt daz di obgenante insir vrouwe di kunegine und unsir libe mume noch ymant von iren wegin uns und unsir erbin mannis geslechte umb keynirleie er</Unicode>
                </TextEquiv>
            </TextLine>
            <TextLine id="r1l35" custom="readingOrder {index:30;}">
                <Coords points="2198,3157 2636,3152 2999,3149 3362,3145 3725,3140 4088,3134 4451,3127 4814,3119 5177,3112 5540,3103 5903,3093 6265,3083 6628,3072 6991,3061 7354,3050 7717,3039 8080,3027 8443,3015 8806,3003 9169,2992 9579,2988 9586,2883 9169,2920 8806,2931 8443,2943 8080,2955 7717,2967 7354,2978 6991,2989 6628,3000 6265,3011 5903,3021 5540,3031 5177,3040 4814,3047 4451,3055 4088,3062 3725,3068 3362,3073 2999,3077 2636,3080 2184,3045"/>
                <Baseline points="2223,3136 2636,3128 2999,3125 3362,3121 3725,3116 4088,3110 4451,3103 4814,3095 5177,3088 5540,3079 5903,3069 6265,3059 6628,3048 6991,3037 7354,3026 7717,3015 8080,3003 8443,2991 8806,2979 9169,2968 9532,2955"/>
                <TextEquiv>
                    <Unicode>beteil adir umb keine adir sache anredin odir ansprechin sullin andirs wen do vor veschrebin ist ouch meyne und wolle wir si daz sache daz uns chaftege not antretin werdin umb gevenisse</Unicode>
                </TextEquiv>
            </TextLine>
            <TextLine id="r1l36" custom="readingOrder {index:31;}">
                <Coords points="2212,3248 2613,3246 2972,3240 3332,3234 3691,3228 4050,3221 4410,3214 4769,3207 5128,3199 5488,3190 5847,3182 6206,3173 6566,3162 6925,3152 7284,3141 7644,3128 8003,3116 8362,3103 8722,3089 9081,3074 9551,3073 9551,2960 9081,3002 8722,3017 8362,3031 8003,3044 7644,3056 7284,3069 6925,3080 6566,3090 6206,3101 5847,3110 5488,3118 5128,3127 4769,3135 4410,3142 4050,3149 3691,3156 3332,3162 2972,3168 2613,3174 2205,3143"/>
                <Baseline points="2254,3228 2613,3222 2972,3216 3332,3210 3691,3204 4050,3197 4410,3190 4769,3183 5128,3175 5488,3166 5847,3158 6206,3149 6566,3138 6925,3128 7284,3117 7644,3104 8003,3092 8362,3079 8722,3065 9081,3050 9529,3051"/>
                <TextEquiv>
                    <Unicode>krik odir andir geschicht unsir odir unsir mame ere und lip czu lozin daz wir denn der selbin unsir firstitum lant und leute gewaldik sin czu thun und czu lazin doch in guten treuwen und an alle</Unicode>
                </TextEquiv>
            </TextLine>
            <TextLine id="r1l37" custom="readingOrder {index:32;}">
                <Coords points="2171,3335 2802,3329 3154,3322 3506,3316 3858,3309 4210,3304 4562,3297 4914,3290 5266,3283 5618,3276 5970,3268 6321,3260 6673,3252 7025,3243 7377,3233 7729,3222 8081,3211 8433,3199 8785,3185 9137,3172 9489,3157 9489,3085 9137,3100 8785,3113 8433,3127 8081,3139 7729,3150 7377,3161 7025,3171 6673,3180 6321,3188 5970,3196 5618,3204 5266,3211 4914,3218 4562,3225 4210,3232 3858,3237 3506,3244 3154,3250 2802,3257 2171,3263"/>
                <Baseline points="2216,3320 2802,3305 3154,3298 3506,3292 3858,3285 4210,3280 4562,3273 4914,3266 5266,3259 5618,3252 5970,3244 6321,3236 6673,3228 7025,3219 7377,3209 7729,3198 8081,3187 8433,3175 8785,3161 9137,3148 9489,3133"/>
                <TextEquiv>
                    <Unicode>geverde vor noch und sint dem mol daz uns der obgenante unsir gnedegir herre mit sulchin sienen gnadin gunstlich und fruntlich begriffin hat zo globe und wolle wir im mit guten treuwen</Unicode>
                </TextEquiv>
            </TextLine>
            <TextLine id="r1l38" custom="readingOrder {index:33;}">
                <Coords points="2205,3423 2622,3423 2980,3418 3338,3413 3696,3408 4055,3402 4413,3395 4771,3389 5129,3381 5487,3374 5846,3366 6204,3357 6562,3348 6920,3338 7278,3329 7637,3318 7995,3307 8353,3296 8711,3284 9069,3271 9428,3258 9428,3192 9069,3205 8711,3218 8353,3230 7995,3241 7637,3252 7278,3263 6920,3272 6562,3282 6204,3291 5846,3300 5487,3308 5129,3315 4771,3323 4413,3329 4055,3336 3696,3342 3338,3347 2980,3352 2622,3357 2198,3325"/>
                <Baseline points="2216,3419 2622,3401 2980,3396 3338,3391 3696,3386 4055,3380 4413,3373 4771,3367 5129,3359 5487,3352 5846,3344 6204,3335 6562,3326 6920,3316 7278,3307 7637,3296 7995,3285 8353,3274 8711,3262 9069,3249 9428,3236"/>
                <TextEquiv>
                    <Unicode>an geverde bistendik sin und beholsin wedir allirmeneglich nimant vzczunennin und in nymir undir wegin czu lazin mit leibe noch mit gute und alle seine vinde sullen unsir vinde sin</Unicode>
                </TextEquiv>
            </TextLine>
            <TextLine id="r1l39" custom="readingOrder {index:34;}">
                <Coords points="2184,3515 2612,3521 2972,3514 3332,3507 3692,3500 4051,3492 4411,3485 4771,3478 5131,3470 5490,3462 5850,3454 6210,3446 6570,3437 6929,3428 7289,3420 7649,3411 8009,3402 8368,3392 8728,3384 9088,3374 9548,3334 9548,3268 9088,3308 8728,3318 8368,3326 8009,3336 7649,3345 7289,3354 6929,3362 6570,3371 6210,3380 5850,3388 5490,3396 5131,3404 4771,3412 4411,3419 4051,3426 3692,3434 3332,3441 2972,3448 2612,3455 2191,3423"/>
                <Baseline points="2202,3526 2612,3499 2972,3492 3332,3485 3692,3478 4051,3470 4411,3463 4771,3456 5131,3448 5490,3440 5850,3432 6210,3424 6570,3415 6929,3406 7289,3398 7649,3389 8009,3380 8368,3370 8728,3362 9088,3352 9508,3348"/>
                <TextEquiv>
                    <Unicode>und meynen und wollin keyne sine wedirsachin odir vinde Cristen juden heydin in unsirn landin huzin hofen noch haldin odir vorthedingin di wedir daz recht sin und nicht recht thun wol¬</Unicode>
                </TextEquiv>
            </TextLine>
            <TextLine id="r1l40" custom="readingOrder {index:35;}">
                <Coords points="2170,3627 2584,3620 2948,3611 3312,3603 3676,3595 4039,3587 4403,3580 4767,3572 5131,3565 5494,3557 5858,3550 6222,3542 6586,3535 6949,3527 7313,3520 7677,3512 8041,3505 8404,3497 8768,3490 9132,3481 9496,3473 9496,3404 9132,3412 8768,3421 8404,3428 8041,3436 7677,3443 7313,3451 6949,3458 6586,3466 6222,3473 5858,3481 5494,3488 5131,3496 4767,3503 4403,3511 4039,3518 3676,3526 3312,3534 2948,3542 2584,3551 2177,3515"/>
                <Baseline points="2221,3605 2584,3597 2948,3588 3312,3580 3676,3572 4039,3564 4403,3557 4767,3549 5131,3542 5494,3534 5858,3527 6222,3519 6586,3512 6949,3504 7313,3497 7677,3489 8041,3482 8404,3474 8768,3467 9132,3458 9496,3450"/>
                <TextEquiv>
                    <Unicode>len di ginne wir im und sinen amptleuten daz si di selbin angrifen und rechtnvertugin sullen und mogen wo si der bekommin in allen unsirn herscheftin unde landin mit urkunde diz brifis ver</Unicode>
                </TextEquiv>
            </TextLine>
            <TextLine id="r1l41" custom="readingOrder {index:36;} place {offset:59; length:8;} date {offset:68; length:120; continued:true;year:0; day:0; month:0;}">
                <Coords points="2163,3753 2592,3715 2956,3708 3320,3701 3684,3695 4048,3687 4412,3679 4776,3672 5140,3664 5504,3656 5869,3648 6233,3640 6597,3631 6961,3622 7325,3613 7689,3604 8053,3595 8417,3585 8781,3576 9145,3566 9510,3556 9510,3489 9145,3499 8781,3509 8417,3518 8053,3528 7689,3537 7325,3546 6961,3555 6597,3564 6233,3573 5869,3581 5504,3589 5140,3597 4776,3605 4412,3612 4048,3620 3684,3628 3320,3634 2956,3641 2592,3648 2163,3634"/>
                <Baseline points="2228,3699 2592,3693 2956,3686 3320,3679 3684,3673 4048,3665 4412,3657 4776,3650 5140,3642 5504,3634 5869,3626 6233,3618 6597,3609 6961,3600 7325,3591 7689,3582 8053,3573 8417,3563 8781,3554 9145,3544 9510,3534"/>
                <TextEquiv>
                    <Unicode>zegilt mit unsirm grozin ingezegil der gegebin ist czu der Swidnicz noch Cristis geburt driczenhundirt jar in dem dryundvufczigistin jar an der nestin metewochin noch sente Petirs und Pau¬</Unicode>
                </TextEquiv>
            </TextLine>
            <TextLine id="r1l42" custom="readingOrder {index:37;} date {offset:0; length:33; continued:true;year:0; day:0; month:0;} person {offset:108; length:6;}">
                <Coords points="2184,3816 2578,3813 2939,3807 3300,3801 3661,3794 4022,3788 4383,3780 4744,3772 5105,3764 5466,3756 5827,3747 6188,3738 6549,3729 6910,3719 7271,3710 7632,3700 7993,3691 8354,3681 8715,3671 9076,3661 9481,3669 9481,3571 9076,3589 8715,3599 8354,3609 7993,3619 7632,3628 7271,3638 6910,3647 6549,3657 6188,3666 5827,3675 5466,3684 5105,3692 4744,3700 4383,3708 4022,3716 3661,3722 3300,3729 2939,3735 2578,3741 2170,3732"/>
                <Baseline points="2217,3794 2578,3789 2939,3783 3300,3777 3661,3770 4022,3764 4383,3756 4744,3748 5105,3740 5466,3732 5827,3723 6188,3714 6549,3705 6910,3695 7271,3686 7632,3676 7993,3667 8354,3657 8715,3647 9076,3637 9437,3627"/>
                <TextEquiv>
                    <Unicode>ils tage der heiligin czwelfboten do von durch sunderlich gebot des obgenanten furstin und herren herczogin Bolkin unsirs liben gnedegin herren der uns daz gebotin und geheizin hat mit lewin</Unicode>
                </TextEquiv>
            </TextLine>
            <TextLine id="r1l43" custom="readingOrder {index:38;}">
                <Coords points="2184,3915 2606,3911 2967,3903 3328,3895 3689,3887 4050,3879 4411,3871 4772,3864 5133,3856 5494,3847 5855,3839 6215,3830 6576,3822 6937,3813 7298,3804 7659,3795 8020,3786 8381,3776 8742,3766 9103,3756 9488,3739 9509,3655 9103,3684 8742,3694 8381,3704 8020,3714 7659,3723 7298,3732 6937,3741 6576,3750 6215,3758 5855,3767 5494,3775 5133,3784 4772,3792 4411,3799 4050,3807 3689,3815 3328,3823 2967,3831 2606,3839 2170,3809"/>
                <Baseline points="2209,3908 2606,3887 2967,3879 3328,3871 3689,3863 4050,3855 4411,3847 4772,3840 5133,3832 5494,3823 5855,3815 6215,3806 6576,3798 6937,3789 7298,3780 7659,3771 8020,3762 8381,3752 8742,3742 9103,3732 9464,3722"/>
                <TextEquiv>
                    <Unicode>dir stymme und in offinbar keigiwortekeit syner edlen getreuwe manne zo habe wir mit wolbedochtem mute mit worte gunft wissen und willen der ganczin gemeynschaft allir unsir metebeur¬</Unicode>
                </TextEquiv>
            </TextLine>
            <TextLine id="r1l44" custom="readingOrder {index:39;} place {offset:83; length:5;} person {offset:97; length:5;}">
                <Coords points="2134,4010 2833,4003 3183,3994 3533,3986 3882,3979 4232,3971 4582,3963 4931,3955 5281,3947 5631,3938 5981,3931 6330,3922 6680,3914 7030,3904 7379,3895 7729,3885 8079,3876 8428,3866 8778,3854 9128,3843 9509,3830 9530,3753 9128,3774 8778,3785 8428,3797 8079,3807 7729,3816 7379,3826 7030,3835 6680,3845 6330,3853 5981,3862 5631,3869 5281,3878 4931,3886 4582,3894 4232,3902 3882,3910 3533,3917 3183,3925 2833,3934 2134,3941"/>
                <Baseline points="2180,4000 2833,3980 3183,3971 3533,3963 3882,3956 4232,3948 4582,3940 4931,3932 5281,3924 5631,3915 5981,3908 6330,3899 6680,3891 7030,3881 7379,3872 7729,3862 8079,3853 8428,3843 8778,3831 9128,3820 9478,3809"/>
                <TextEquiv>
                    <Unicode>ger der obgenanten allirdurchtigsten furstin der Romischen kunegin und kunegin czu Behem vrouwen Annan unsir gnedegin vrouwen und erin leibis erbin di si mit dem obgenanten furstin und heren</Unicode>
                </TextEquiv>
            </TextLine>
            <TextLine id="r1l45" custom="readingOrder {index:40;} person {offset:6; length:4;}">
                <Coords points="2148,4098 2781,4117 3134,4105 3487,4095 3840,4084 4193,4075 4546,4065 4900,4055 5253,4047 5606,4038 5959,4029 6312,4020 6665,4010 7018,4001 7372,3992 7725,3981 8078,3971 8431,3960 8784,3948 9137,3936 9544,3929 9530,3830 9137,3867 8784,3879 8431,3891 8078,3902 7725,3912 7372,3923 7018,3932 6665,3941 6312,3951 5959,3960 5606,3969 5253,3978 4900,3986 4546,3996 4193,4006 3840,4015 3487,4026 3134,4036 2781,4048 2148,4029"/>
                <Baseline points="2194,4107 2781,4094 3134,4082 3487,4072 3840,4061 4193,4052 4546,4042 4900,4032 5253,4024 5606,4015 5959,4006 6312,3997 6665,3987 7018,3978 7372,3969 7725,3958 8078,3948 8431,3937 8784,3925 9137,3913 9491,3899"/>
                <TextEquiv>
                    <Unicode>kunig Karl erim elichin wirte gewinnit gehuldit und gelobt unde gesworen huldin gelobin und swern daz wir wen is czu sulchin schuldin kompt alzo do vor geschrebin stet in unsirs her¬</Unicode>
                </TextEquiv>
            </TextLine>
            <TextLine id="r1l46" custom="readingOrder {index:41;} person {offset:14; length:6;}">
                <Coords points="2160,4204 2743,4204 3096,4194 3450,4184 3803,4176 4156,4166 4510,4158 4863,4149 5216,4140 5570,4131 5923,4122 6276,4113 6630,4104 6983,4094 7336,4083 7690,4073 8043,4062 8396,4050 8750,4037 9103,4024 9523,4027 9537,3936 9103,3963 8750,3976 8396,3989 8043,4001 7690,4012 7336,4022 6983,4033 6630,4043 6276,4052 5923,4061 5570,4070 5216,4079 4863,4088 4510,4097 4156,4105 3803,4115 3450,4123 3096,4133 2743,4143 2160,4143"/>
                <Baseline points="2173,4192 2743,4184 3096,4174 3450,4164 3803,4156 4156,4146 4510,4138 4863,4129 5216,4120 5570,4111 5923,4102 6276,4093 6630,4084 6983,4074 7336,4063 7690,4053 8043,4042 8396,4030 8750,4017 9103,4004 9515,4000"/>
                <TextEquiv>
                    <Unicode>ren herczogin Bolkin brifen ir und den eris leibis erbin wenne si di mit heulfe Gotis gewinet getrewe gehorsam wartinde sin wellin und sullin als unsir naturlichir und angebornir herschafte</Unicode>
                </TextEquiv>
            </TextLine>
            <TextLine id="r1l47" custom="readingOrder {index:42;} person {offset:112; length:6;}">
                <Coords points="2170,4330 2734,4307 3088,4294 3442,4283 3796,4272 4150,4262 4504,4252 4859,4243 5213,4235 5567,4226 5921,4217 6275,4208 6629,4198 6983,4189 7338,4178 7692,4167 8046,4154 8400,4141 8754,4126 9108,4110 9495,4104 9509,4027 9108,4049 8754,4065 8400,4080 8046,4093 7692,4106 7338,4117 6983,4128 6629,4137 6275,4147 5921,4156 5567,4165 5213,4174 4859,4182 4504,4191 4150,4201 3796,4211 3442,4222 3088,4233 2741,4204 2177,4227"/>
                <Baseline points="2187,4305 2734,4287 3088,4274 3442,4263 3796,4252 4150,4242 4504,4232 4859,4223 5213,4215 5567,4206 5921,4197 6275,4188 6629,4178 6983,4169 7338,4158 7692,4147 8046,4134 8400,4121 8754,4106 9108,4090 9463,4072"/>
                <TextEquiv>
                    <Unicode>in allin den punkten meynnugin und artikiln und in alle der maze alz di obgenanten unsirs herren brife herczoge Bolkin sprechin auzgenomin uz den artikiln der czu dem lecztin in den selbin brife stet</Unicode>
                </TextEquiv>
            </TextLine>
            <TextLine id="r1l48" custom="readingOrder {index:43;} person {offset:42; length:4;} person {offset:76; length:5;}">
                <Coords points="2176,4414 3220,4394 3549,4381 3878,4371 4207,4359 4535,4349 4864,4339 5193,4330 5522,4321 5850,4311 6179,4302 6508,4292 6837,4282 7165,4272 7494,4261 7823,4250 8152,4238 8480,4226 8809,4212 9138,4198 9523,4202 9502,4104 9138,4132 8809,4146 8480,4160 8152,4172 7823,4184 7494,4195 7165,4206 6837,4216 6508,4226 6179,4236 5850,4245 5522,4255 5193,4264 4864,4273 4535,4283 4207,4293 3878,4305 3549,4315 3220,4328 2176,4348"/>
                <Baseline points="2201,4390 3220,4372 3549,4359 3878,4349 4207,4337 4535,4327 4864,4317 5193,4308 5522,4299 5850,4289 6179,4280 6508,4270 6837,4260 7165,4250 7494,4239 7823,4228 8152,4216 8480,4204 8809,4190 9138,4176 9467,4160"/>
                <TextEquiv>
                    <Unicode>umb di hulfe di beide der obgenante kunig Karl und ouch unsir herre herczog Bolke in andir tuhen und leistin sullin wenn uns di selbin geleubde nicht angen und czu den andirn unsirn sachin dar</Unicode>
                </TextEquiv>
            </TextLine>
            <TextLine id="r1l49" custom="readingOrder {index:44;} place {offset:123; length:9;} date {offset:133; length:53; continued:true;year:0; day:0; month:0;}">
                <Coords points="2138,4496 3167,4483 3494,4471 3821,4460 4148,4450 4475,4440 4802,4430 5130,4421 5457,4411 5784,4402 6111,4393 6438,4383 6765,4373 7092,4363 7420,4352 7747,4341 8074,4329 8401,4317 8728,4303 9055,4288 9425,4272 9403,4181 9055,4242 8728,4257 8401,4271 8074,4283 7747,4295 7420,4306 7092,4317 6765,4327 6438,4337 6111,4347 5784,4356 5457,4365 5130,4375 4802,4384 4475,4394 4148,4404 3821,4414 3494,4425 3167,4437 2138,4413"/>
                <Baseline points="2209,4482 3167,4468 3494,4456 3821,4445 4148,4435 4475,4425 4802,4415 5130,4406 5457,4396 5784,4387 6111,4378 6438,4368 6765,4358 7092,4348 7420,4337 7747,4326 8074,4314 8401,4302 8728,4288 9055,4273 9383,4257"/>
                <TextEquiv>
                    <Unicode>uf wir gelobit und gesword habin nicht gehoret mit urkunde dis brifis verzegilt mit unzirn ingeczegil der gegebin ist czur Swidenicz noch Cristis geburt driczenhundirt jar in dem dry und</Unicode>
                </TextEquiv>
            </TextLine>
            <TextLine id="r1l51" custom="readingOrder {index:45;} date {offset:0; length:95; continued:true;year:0; day:0; month:0;}">
                <Coords points="2187,4573 5135,4502 5185,4503 5235,4504 5284,4505 5334,4505 5384,4504 5433,4504 5483,4503 5533,4502 5583,4501 5632,4500 5682,4499 5732,4498 5781,4497 5831,4496 5881,4496 5930,4496 5980,4496 6030,4496 6080,4497 6080,4440 6030,4439 5980,4439 5930,4439 5881,4439 5831,4439 5781,4440 5732,4441 5682,4442 5632,4443 5583,4444 5533,4445 5483,4446 5433,4447 5384,4447 5334,4448 5284,4448 5235,4447 5185,4446 5135,4445 2187,4516"/>
                <Baseline points="2216,4574 2726,4581 3257,4574 3902,4553 4448,4518 4838,4496 5384,4485 5433,4485 5483,4484 5533,4483 5583,4482 5632,4481 5682,4480 5732,4479 5781,4478 5831,4477 5881,4477 5930,4477 5980,4477 6030,4477 6080,4478"/>
                <TextEquiv>
                    <Unicode>vunczegistin jar an dem neistin dunrstage noch Petirs und Pauils tage der heiligin czwelfboten </Unicode>
                </TextEquiv>
            </TextLine>
            <TextEquiv>
                <Unicode>Wir rotleute unde dy beurger gemeynlich czur Landishute der stait bekennen unde thun kunt offintlich mit dezim brife allen den, dy en sehen adir horen lezin, wan der hochgeborne furste und herre her Bolke herczoge von Slezien und&#xD;
herre czu Furstenberg, czur Swidnicz unde czu dem Jawor, unser lieber genediger herre, mit wolbedachtem mute, mit gutym willen unde mit rate seiner getruwen manne angeschen hat di besundere fruntschaft unde liebe und&#xD;
und ouch di sundirliche truwe, do mete her di allirdurchluchtigste furstinne unde frawe frawen Anna, romische kunginne czu allen czeiten mererinn des richs und kunginne czu Behem, etwenn seliger gedechtniss herczogen Heinrichis, unsers heren,&#xD;
sines brudir tochtir, unser genedge vrouwe begriffen hat und von angeborner gute stetetlichen meynit und hat ir der obgenanten unser vrowen und ires leibes erben beides geslechts, di sie mit dem allirdurchluchtigstem fursten unde heren&#xD;
hern Karl, romischem kunge, czu allen cziten merer des richs und kunge czu Behem, gewinnet, alle seine furstentum, herczogtum, herschefte czur Swidnicz und zu dem Jawor mit allen andern steten, vesten und czugehorungen verschriben und vermacht&#xD;
in alle der mazze, als in seiner furstenlichen brifen, da nach begriffen ist in semlichem luthe. Wir Bolke von Gotis gnaden herczoge von Slezien, herre von Furstenberg, czur Swidnicz und czu dem Jawor, bekennen unde tun und kunt offinlich mit&#xD;
desin brife allen den, dez in sehen adir horen lesen, das wir haben angeschen di sunderliche gnade unde fruntliche gevust dez allirdurchdirluchtegsten fursten unde herren hern Karls, romischen kunegs, czu allen cziten merer des richis&#xD;
unde kungis czu Behem, unsirs lieben genedigen herren, die her uns unde unsern geschlechte bewiset hat mit der koschaft, dy geschehen ist czwischen ym an eyme teile unde der durchluchtigen furstinne vrowen Annen, der romischen&#xD;
kuneginn und kuneginn zu Behem, unsir lieben frawen und mumen, etwen herczogen Heinrichs, selygen unsirs brudir tochtir, an dem andern, unde dar umb geben machen und verschrieben wir der obgenante unsir lieben frawen und mumen&#xD;
als einer kunginn czu Behem unde eris leibis erbin, di sie mit dem obgenanten unsirm heren dem kunge haben wirdet unser herczogetum, furstintum und herschefte czur Swidnicz und czu dem Jawir mit den stetten Swidnicz, Stregom,&#xD;
Hayn, Richinbach, Nympcz, Landishut, Jawir, Lemberg, Hirsberg, Bonczlau und Czobotyn mit den vestin unde merkthin Griffinsteyn, Griffinberg, Len, Schonov, Kliczdorf, Hornsberg und Kinsberg mit alle den mannen, manscheftin&#xD;
leyn, lenscheftin, vorlentyn gute, gerichten, czollin, munczin, cinzin, geuldin, kreyzzen, witbildin, kirchlehyn, pfrundin unde Gots gabyn, weldin, puschin, bergin, slichtyn, wazzern, wassirleuftin, molen, wezin, weyden, geiey¬&#xD;
de, vogilweyde, rechtyn, nuczyn, gewohnheyten und allyn czugehorungyn, wy man dy bennenyn mak mit sundirlichin wortin, nichttisnicht uzczunemyn, in alle der maze, als wirs yczunt habin, und hernoch mit rechte czu uns&#xD;
brengin mogin in sulchir bescheydinheyt, sie daz sache, das wir von Gotis vorhengnis, alzo vor scheydin, daz wir eliche libes erbyn mannis geslechte hindir unz nicht lazen, daz denne dy obgenante unzir gnedege vrouwe&#xD;
und lybe mume und eris libes erben, dy sy mit unsirm herren dem kunge habin wirdet, alzo do vor geschrebin steit, dy selbin unsir herczogtum, furstintum, herschefte, lantleute und alle andir czuhorunge, als do vor&#xD;
begriffin ist, erben und besiczczin sal genczlichen ungehindirt und do mit thun und lazen noch vrey willekor, als mit erim rechtin, erbe unschedlich der hochgeborn furstynyn frawen Angnezin, unsir elichin wirtinnen&#xD;
in erin lipgedinge, wenne si allis di obgenante furstintum, lant und herschefte, mit allim nuczcze habyn und besiczczin sal nur czu erin lebetagin. Wen abir, daz wir mit gnadin Gotis eliche libes erben mannis ge¬&#xD;
slechte gewunnen, zo sullin di selbin unsir erben, der obgenanten frawen und mumyn adir erin libes erbyn, ab sy nicht were, czehyn thusunt schog grozir pfenningge pregischer muncze mit gereytim gelde, berichtin und&#xD;
beczalen adir dy vestin Lemberg und Bonczlov mit witbilden, vestin, rechtyn, nuczyn und zugehorungyn czu rechtin pfande seczin, alzo lange uncz, daz si di obgenanten czeyn thusunt schok genczlichin berichtin&#xD;
und be czalen und do mete sullin denne di selbin unsir erben bi den vorgenanten unser furstitum herscheftin unde landin unge hindirt bliben were auch ab wir eliche libes erben mamus geslechte nicht hetten&#xD;
und doch tochtir lizen zo sullin di obgenanten unsir libe gnedege frawe adir eris leibis erben di si mit unsirm herren dem kunge gewinnet yczlichir unsir tochtir czeyn thusint schog grozir pfenningge&#xD;
gebin und si bestatin noch rechtin gewonheit als geborn furstin kindir auch habe wir gelobit und gethedingt bie daz sache daz di obgenante uns eliche wirttinne unsirn tot gelebete daz si dan noch der&#xD;
czit unsirs todis keynen burggrauen pfleger adir amptman uf vesten heusirn in stetin adir in landin so kein andirn adir vechsiln sol es sie dan daz sie einen bedirman der do glich gut unde gewiz si dem ers¬&#xD;
tin an sin stait seczcte an dem der obgenanten unsir brawen adir erin erben moge billichin genugin und daz der selbe czu vor sich allis geleubids eyden unde treuwen vorbundin habe der obgennante unsir frawin der&#xD;
kunginen odir erin erbin glich sinem vorvarin an dez stat her gesaczt wirt weir auch daz di obgennante unsir gnedege vrouwe und liebe mume wartinde des an nallis ewen si ingeweir queme alzo sturbe&#xD;
daz si libes erbin mit dem obgennante unsirm herren nicht gewünne so sullin alle man rittir knechte burggewinne burger unde alle lantzesin allir der obgenanten eyden und geleubde ledik sin doch insulchir&#xD;
bescheidenheit daz dem obgenantin unsirm herren dem kune und sinen erbin daz obgenante egelt und heimstewir der obgenanten czeyn thusunt schok genallin sal odir mit pfandin gesichurt wenden in allir&#xD;
der maze als do vor begriffin ist daz sy do mete thun und lozin noch vrier willekeur und daz gebin weme si wellin weir abir daz di obgenante unsir vrouwe und mume den obgenanten unsirn herren den&#xD;
kunig obir lebete und eynen andirn man neme an unsirn dank und willen so sullin beide si und der man und alle kint di sy mit ein gewinnit in den obgenanten unsir furstintume und herscheftin&#xD;
nichttisucht habin ouch ist geret und gethedingt daz di obgenante insir vrouwe di kunegine und unsir libe mume noch ymant von iren wegin uns und unsir erbin mannis geslechte umb keynirleie er&#xD;
beteil adir umb keine adir sache anredin odir ansprechin sullin andirs wen do vor veschrebin ist ouch meyne und wolle wir si daz sache daz uns chaftege not antretin werdin umb gevenisse&#xD;
krik odir andir geschicht unsir odir unsir mame ere und lip czu lozin daz wir denn der selbin unsir firstitum lant und leute gewaldik sin czu thun und czu lazin doch in guten treuwen und an alle&#xD;
geverde vor noch und sint dem mol daz uns der obgenante unsir gnedegir herre mit sulchin sienen gnadin gunstlich und fruntlich begriffin hat zo globe und wolle wir im mit guten treuwen&#xD;
an geverde bistendik sin und beholsin wedir allirmeneglich nimant vzczunennin und in nymir undir wegin czu lazin mit leibe noch mit gute und alle seine vinde sullen unsir vinde sin&#xD;
und meynen und wollin keyne sine wedirsachin odir vinde Cristen juden heydin in unsirn landin huzin hofen noch haldin odir vorthedingin di wedir daz recht sin und nicht recht thun wol¬&#xD;
len di ginne wir im und sinen amptleuten daz si di selbin angrifen und rechtnvertugin sullen und mogen wo si der bekommin in allen unsirn herscheftin unde landin mit urkunde diz brifis ver&#xD;
zegilt mit unsirm grozin ingezegil der gegebin ist czu der Swidnicz noch Cristis geburt driczenhundirt jar in dem dryundvufczigistin jar an der nestin metewochin noch sente Petirs und Pau¬&#xD;
ils tage der heiligin czwelfboten do von durch sunderlich gebot des obgenanten furstin und herren herczogin Bolkin unsirs liben gnedegin herren der uns daz gebotin und geheizin hat mit lewin&#xD;
dir stymme und in offinbar keigiwortekeit syner edlen getreuwe manne zo habe wir mit wolbedochtem mute mit worte gunft wissen und willen der ganczin gemeynschaft allir unsir metebeur¬&#xD;
ger der obgenanten allirdurchtigsten furstin der Romischen kunegin und kunegin czu Behem vrouwen Annan unsir gnedegin vrouwen und erin leibis erbin di si mit dem obgenanten furstin und heren&#xD;
kunig Karl erim elichin wirte gewinnit gehuldit und gelobt unde gesworen huldin gelobin und swern daz wir wen is czu sulchin schuldin kompt alzo do vor geschrebin stet in unsirs her¬&#xD;
ren herczogin Bolkin brifen ir und den eris leibis erbin wenne si di mit heulfe Gotis gewinet getrewe gehorsam wartinde sin wellin und sullin als unsir naturlichir und angebornir herschafte&#xD;
in allin den punkten meynnugin und artikiln und in alle der maze alz di obgenanten unsirs herren brife herczoge Bolkin sprechin auzgenomin uz den artikiln der czu dem lecztin in den selbin brife stet&#xD;
umb di hulfe di beide der obgenante kunig Karl und ouch unsir herre herczog Bolke in andir tuhen und leistin sullin wenn uns di selbin geleubde nicht angen und czu den andirn unsirn sachin dar&#xD;
uf wir gelobit und gesword habin nicht gehoret mit urkunde dis brifis verzegilt mit unzirn ingeczegil der gegebin ist czur Swidenicz noch Cristis geburt driczenhundirt jar in dem dry und&#xD;
vunczegistin jar an dem neistin dunrstage noch Petirs und Pauils tage der heiligin czwelfboten </Unicode>
            </TextEquiv>
        </TextRegion>
    </Page>
</PcGts>
