<?xml version="1.0" encoding="UTF-8" standalone="yes"?>
<PcGts xmlns="http://schema.primaresearch.org/PAGE/gts/pagecontent/2013-07-15" xmlns:xsi="http://www.w3.org/2001/XMLSchema-instance" xsi:schemaLocation="http://schema.primaresearch.org/PAGE/gts/pagecontent/2013-07-15 http://schema.primaresearch.org/PAGE/gts/pagecontent/2013-07-15/pagecontent.xsd">
    <Metadata>
        <Creator>TRP</Creator>
        <Created>2019-06-05T14:29:35.194+02:00</Created>
        <LastChange>2019-06-05T14:29:35.194+02:00</LastChange>
        <TranskribusMetadata docId="169937" pageId="6426618" pageNr="2" tsid="10832138" status="NEW" userId="36516" imgUrl="https://files.transkribus.eu/Get?id=KKSIUFWMWAZKOLCYDPBUJZWF&amp;fileType=view" xmlUrl="https://files.transkribus.eu/Get?id=GNYSPUDXOOLXQXMFMSZUYUWP" imageId="3818704"/>
    </Metadata>
    <Page imageFilename="NA-ACK_14111124_01433_v.jpg" imageWidth="6994" imageHeight="4980"/>
</PcGts>
