<?xml version="1.0" encoding="UTF-8" standalone="yes"?>
<PcGts xmlns="http://schema.primaresearch.org/PAGE/gts/pagecontent/2013-07-15" xmlns:xsi="http://www.w3.org/2001/XMLSchema-instance" xsi:schemaLocation="http://schema.primaresearch.org/PAGE/gts/pagecontent/2013-07-15 http://schema.primaresearch.org/PAGE/gts/pagecontent/2013-07-15/pagecontent.xsd">
    <Metadata>
        <Creator>TRP</Creator>
        <Created>2019-07-23T16:26:26.181+02:00</Created>
        <LastChange>2019-07-23T16:26:26.181+02:00</LastChange>
        <TranskribusMetadata docId="187003" pageId="7447807" pageNr="2" tsid="13077873" status="NEW" userId="36516" imgUrl="https://files.transkribus.eu/Get?id=ALVFAEAKNCCLHMNDOIJUUCAF&amp;fileType=view" xmlUrl="https://files.transkribus.eu/Get?id=SKAMXCZGPBDBYMXMRWREBPZX" imageId="4472931"/>
    </Metadata>
    <Page imageFilename="NA-ACK_13110616_00064_v.jpg" imageWidth="6867" imageHeight="5885"/>
</PcGts>
