<?xml version="1.0" encoding="UTF-8" standalone="yes"?>
<trpDocMetadata>
    <docId>202188</docId>
    <title>AZK 0207_H_I</title>
    <uploadTimestamp>1567063694099</uploadTimestamp>
    <scriptType>HANDWRITTEN</scriptType>
    <uploader>petr.mares@nacr.cz</uploader>
    <uploaderId>42230</uploaderId>
    <nrOfPages>1</nrOfPages>
    <pageId>8448902</pageId>
    <url>https://files.transkribus.eu/Get?id=MRADMSJZTVRCPDRKXYMSZFDR&amp;fileType=view</url>
    <thumbUrl>https://files.transkribus.eu/Get?id=MRADMSJZTVRCPDRKXYMSZFDR&amp;fileType=thumb</thumbUrl>
    <externalId>NA</externalId>
    <authority>NA</authority>
    <language>Latin</language>
    <status>0</status>
    <fimgStoreColl>TrpDoc_DEA_202188</fimgStoreColl>
    <origDocId>0</origDocId>
    <collectionList>
        <colList>
            <colId>44925</colId>
            <colName>NACR - Latin charters</colName>
            <description>created by katerina.zenklova@nacr.cz</description>
            <crowdsourcing>false</crowdsourcing>
            <elearning>false</elearning>
            <nrOfDocuments>0</nrOfDocuments>
        </colList>
    </collectionList>
</trpDocMetadata>
