<?xml version="1.0" encoding="UTF-8" standalone="yes"?>
<trpDocMetadata>
    <docId>212454</docId>
    <title>AČK_1708_H_I</title>
    <uploadTimestamp>1568731880019</uploadTimestamp>
    <scriptType>HANDWRITTEN</scriptType>
    <uploader>katerina.zenklova@nacr.cz</uploader>
    <uploaderId>38723</uploaderId>
    <nrOfPages>1</nrOfPages>
    <pageId>9115374</pageId>
    <url>https://files.transkribus.eu/Get?id=XHKKLPKCXHUBPRZZFWPAPBIZ&amp;fileType=view</url>
    <thumbUrl>https://files.transkribus.eu/Get?id=XHKKLPKCXHUBPRZZFWPAPBIZ&amp;fileType=thumb</thumbUrl>
    <externalId>NA</externalId>
    <authority>NA</authority>
    <language>Latin</language>
    <status>0</status>
    <fimgStoreColl>TrpDoc_DEA_212454</fimgStoreColl>
    <origDocId>0</origDocId>
    <collectionList>
        <colList>
            <colId>44925</colId>
            <colName>NACR - Latin charters</colName>
            <description>created by katerina.zenklova@nacr.cz</description>
            <crowdsourcing>false</crowdsourcing>
            <elearning>false</elearning>
            <nrOfDocuments>0</nrOfDocuments>
        </colList>
    </collectionList>
</trpDocMetadata>
