<?xml version="1.0" encoding="UTF-8" standalone="yes"?>
<PcGts xmlns="http://schema.primaresearch.org/PAGE/gts/pagecontent/2013-07-15" xmlns:xsi="http://www.w3.org/2001/XMLSchema-instance" xsi:schemaLocation="http://schema.primaresearch.org/PAGE/gts/pagecontent/2013-07-15 http://schema.primaresearch.org/PAGE/gts/pagecontent/2013-07-15/pagecontent.xsd">
    <Metadata>
        <Creator>TRP</Creator>
        <Created>2019-07-31T13:21:18.306+02:00</Created>
        <LastChange>2019-07-31T13:21:18.306+02:00</LastChange>
        <TranskribusMetadata docId="190176" pageId="7525662" pageNr="2" tsid="13244153" status="NEW" userId="40502" imgUrl="https://files.transkribus.eu/Get?id=GPQQKCQHEBNJPSCPNPJUQGOE&amp;fileType=view" xmlUrl="https://files.transkribus.eu/Get?id=WXWHJODCIEHCHHFMPEHVYMBS" imageId="4531606"/>
    </Metadata>
    <Page imageFilename="NA-ACK_13540108_00453_v.jpg" imageWidth="6937" imageHeight="5979"/>
</PcGts>
