<?xml version="1.0" encoding="UTF-8" standalone="yes"?>
<PcGts xmlns="http://schema.primaresearch.org/PAGE/gts/pagecontent/2013-07-15" xmlns:xsi="http://www.w3.org/2001/XMLSchema-instance" xsi:schemaLocation="http://schema.primaresearch.org/PAGE/gts/pagecontent/2013-07-15 http://schema.primaresearch.org/PAGE/gts/pagecontent/2013-07-15/pagecontent.xsd">
    <Metadata>
        <Creator>prov=University of Rostock/Institute of Mathematics/CITlab/Tobias Gruening/tobias.gruening@uni-rostock.de:name=/net_tf/LA73_249_0mod360.pb:de.uros.citlab.segmentation.CITlab_LA_ML:v=2.4.2
TRP</Creator>
        <Created>2019-10-03T13:47:57.164+02:00</Created>
        <LastChange>2019-11-25T11:31:21.892+01:00</LastChange>
        <TranskribusMetadata docId="222068" pageId="9462055" pageNr="1" tsid="19835072" status="IN_PROGRESS" userId="40502" imgUrl="https://files.transkribus.eu/Get?id=FBOYVPWHXLSNGQSCELTBSQWX&amp;fileType=view" xmlUrl="https://files.transkribus.eu/Get?id=WVJEZZRTNHCLWCHPPZKTKHSM" imageId="6158796"/>
    </Metadata>
    <Page imageFilename="NA-ACK_14260320_01509_r.jpg" imageWidth="10873" imageHeight="7460">
        <ReadingOrder>
            <OrderedGroup id="ro_1575392302494" caption="Regions reading order">
                <RegionRefIndexed index="0" regionRef="r1"/>
                <RegionRefIndexed index="1" regionRef="region_1573562010439_123"/>
            </OrderedGroup>
        </ReadingOrder>
        <TextRegion orientation="0.0" id="r1" custom="readingOrder {index:0;}">
            <Coords points="1516,851 1461,4622 8393,4622 8448,851"/>
            <TextLine id="r1l1" custom="readingOrder {index:0;} person {offset:4; length:93;} place {offset:62; length:8;} place {offset:72; length:6;} place {offset:80; length:8;} place {offset:90; length:7;} person {offset:116; length:82;} place {offset:143; length:7;} place {offset:152; length:6;} place {offset:160; length:9;} place {offset:191; length:7;}">
                <Coords points="1610,915 1949,925 2289,934 2628,944 2968,953 3308,962 3647,971 3987,979 4326,987 4666,994 5006,1002 5345,1008 5685,1015 6024,1020 6364,1025 6704,1029 7043,1032 7383,1035 7722,1037 8062,1038 8402,1038 8402,974 8062,974 7722,973 7383,971 7043,968 6704,965 6364,961 6024,956 5685,951 5345,944 5006,938 4666,930 4326,923 3987,915 3647,907 3308,898 2968,889 2628,880 2289,870 1949,861 1610,851"/>
                <Baseline points="1610,894 1949,904 2289,913 2628,923 2968,932 3308,941 3647,950 3987,958 4326,966 4666,973 5006,981 5345,987 5685,994 6024,999 6364,1004 6704,1008 7043,1011 7383,1014 7722,1016 8062,1017 8402,1017"/>
                <TextEquiv>
                    <Unicode>Nos Sigismundus, Dei gracia romanorum rex, semper augustus ac Hungarie, Boemie, Dalmacie, Croacie et cetera rex, et Albertus, eadem gracia dux Austrie, Stirie, Karinthie et cetera et marchio Moravie, notumfacimus tenore presentium universis, quod nos</Unicode>
                </TextEquiv>
            </TextLine>
            <TextLine id="r1l2" custom="readingOrder {index:1;} place {offset:127; length:6;}">
                <Coords points="1606,1020 1948,1027 2290,1034 2632,1041 2974,1049 3316,1057 3658,1065 4000,1074 4342,1081 4684,1089 5026,1096 5368,1104 5710,1111 6052,1117 6394,1122 6736,1127 7078,1131 7420,1133 7762,1135 8104,1136 8446,1135 8446,1071 8104,1072 7762,1071 7420,1069 7078,1067 6736,1063 6394,1058 6052,1053 5710,1047 5368,1040 5026,1032 4684,1025 4342,1017 4000,1010 3658,1001 3316,993 2974,985 2632,977 2290,970 1948,963 1606,956"/>
                <Baseline points="1606,999 1948,1006 2290,1013 2632,1020 2974,1028 3316,1036 3658,1044 4000,1053 4342,1060 4684,1068 5026,1075 5368,1083 5710,1090 6052,1096 6394,1101 6736,1106 7078,1110 7420,1112 7762,1114 8104,1115 8446,1114"/>
                <TextEquiv>
                    <Unicode>nuper vidimus et auscultari ac legi fecimus certas litteras obligaciones et proscriptiones illustris principis Casimiri, ducis Opolie, non abrasas seu cancellatas, sed integras, sanas et omni vicio ac suspicione carentes sigillisque veris et non</Unicode>
                </TextEquiv>
            </TextLine>
            <TextLine id="r1l3" custom="readingOrder {index:2;}">
                <Coords points="1622,1115 1951,1118 2280,1123 2609,1128 2938,1134 3267,1141 3596,1149 3925,1156 4254,1164 4583,1171 4912,1179 5241,1186 5570,1192 5899,1197 6228,1202 6557,1206 6886,1208 7215,1209 7544,1208 7873,1206 8203,1201 8203,1141 7873,1146 7544,1148 7215,1149 6886,1148 6557,1146 6228,1142 5899,1137 5570,1132 5241,1126 4912,1119 4583,1111 4254,1104 3925,1096 3596,1089 3267,1081 2938,1074 2609,1068 2280,1063 1951,1058 1622,1055"/>
                <Baseline points="1622,1095 1951,1098 2280,1103 2609,1108 2938,1114 3267,1121 3596,1129 3925,1136 4254,1144 4583,1151 4912,1159 5241,1166 5570,1172 5899,1177 6228,1182 6557,1186 6886,1188 7215,1189 7544,1188 7873,1186 8203,1181"/>
                <TextEquiv>
                    <Unicode>fictis firmius communitas, quas ad presentes nostras litteras atque scripta inseri et transscribi fecimus ut eis aquocumque homine adhibeatur fides infallibilis atque firma, quarum quidem litterarum tenor per omnia de verbo ad verbum sequitur et est talis:</Unicode>
                </TextEquiv>
            </TextLine>
            <TextLine id="r1l4" custom="readingOrder {index:3;} person {offset:40; length:55;} place {offset:68; length:6;} place {offset:88; length:7;} person {offset:97; length:57;} place {offset:123; length:10;} place {offset:148; length:6;}">
                <Coords points="1602,1204 1942,1203 2282,1205 2622,1210 2962,1216 3302,1223 3642,1231 3982,1240 4322,1250 4662,1259 5003,1268 5343,1277 5683,1285 6023,1291 6363,1296 6703,1298 7043,1299 7383,1297 7723,1292 8063,1284 8404,1272 8404,1212 8063,1224 7723,1232 7383,1237 7043,1239 6703,1238 6363,1236 6023,1231 5683,1225 5343,1217 5003,1208 4662,1199 4322,1190 3982,1180 3642,1171 3302,1163 2962,1156 2622,1150 2282,1145 1942,1143 1602,1144"/>
                <Baseline points="1602,1184 1942,1183 2282,1185 2622,1190 2962,1196 3302,1203 3642,1211 3982,1220 4322,1230 4662,1239 5003,1248 5343,1257 5683,1265 6023,1271 6363,1276 6703,1278 7043,1279 7383,1277 7723,1272 8063,1264 8404,1252"/>
                <TextEquiv>
                    <Unicode>Magnifico et Illustri domino suo domino Wenceslao, serenissimo regi Boemie et marchioni Moravie, Kazimirus, Dei gracia dux Opuliensis et dominus in Bythum, cum prompta devocione sue fidelitatis servicium indefessum: Cum nature ingeni¬</Unicode>
                </TextEquiv>
            </TextLine>
            <TextLine id="r1l5" custom="readingOrder {index:4;}">
                <Coords points="1604,1289 1944,1287 2285,1288 2626,1291 2967,1297 3308,1304 3648,1313 3989,1323 4330,1333 4671,1344 5012,1354 5352,1364 5693,1373 6034,1380 6375,1386 6716,1389 7056,1390 7397,1388 7738,1382 8079,1372 8420,1359 8420,1299 8079,1312 7738,1322 7397,1328 7056,1330 6716,1329 6375,1326 6034,1320 5693,1313 5352,1304 5012,1294 4671,1284 4330,1273 3989,1263 3648,1253 3308,1244 2967,1237 2626,1231 2285,1228 1944,1227 1604,1229"/>
                <Baseline points="1604,1269 1944,1267 2285,1268 2626,1271 2967,1277 3308,1284 3648,1293 3989,1303 4330,1313 4671,1324 5012,1334 5352,1344 5693,1353 6034,1360 6375,1366 6716,1369 7056,1370 7397,1368 7738,1362 8079,1352 8420,1339"/>
                <TextEquiv>
                    <Unicode>ose artificio creaturam suam summus opifex in propagandorum rerum omnium origine sic formaverit sicque disposuerit, ut quelibet res rotive conservacionis locum, ibi appetat ibinque auxiliaris opis animiculum querat, ubi in sue stabilitatis permanen¬</Unicode>
                </TextEquiv>
            </TextLine>
            <TextLine id="r1l6" custom="readingOrder {index:5;}">
                <Coords points="1596,1381 1938,1379 2281,1380 2623,1383 2966,1389 3309,1395 3651,1404 3994,1413 4336,1423 4679,1433 5022,1443 5364,1453 5707,1462 6049,1469 6392,1475 6735,1478 7077,1480 7420,1478 7762,1474 8105,1466 8448,1455 8448,1394 8105,1405 7762,1413 7420,1417 7077,1419 6735,1417 6392,1414 6049,1408 5707,1401 5364,1392 5022,1382 4679,1372 4336,1362 3994,1352 3651,1343 3309,1334 2966,1328 2623,1322 2281,1319 1938,1318 1596,1320"/>
                <Baseline points="1596,1361 1938,1359 2281,1360 2623,1363 2966,1369 3309,1375 3651,1384 3994,1393 4336,1403 4679,1413 5022,1423 5364,1433 5707,1442 6049,1449 6392,1455 6735,1458 7077,1460 7420,1458 7762,1454 8105,1446 8448,1435"/>
                <TextEquiv>
                    <Unicode>cia melius et facilius se tuetur et amicicie vigor sit, in creatis suas extendat propagines, ut diversis potestatibus mundialis machine dissidencia uniat et res rebus concordi subiciat, unione mortalium quidem condicio, cum naturalium rerum disposicionem</Unicode>
                </TextEquiv>
            </TextLine>
            <TextLine id="r1l7" custom="readingOrder {index:6;}">
                <Coords points="1610,1467 1946,1464 2283,1464 2620,1467 2957,1472 3294,1479 3631,1487 3968,1496 4305,1506 4642,1517 4979,1527 5315,1537 5652,1546 5989,1554 6326,1560 6663,1564 7000,1565 7337,1564 7674,1560 8011,1552 8348,1540 8348,1479 8011,1491 7674,1499 7337,1503 7000,1504 6663,1503 6326,1499 5989,1493 5652,1485 5315,1476 4979,1466 4642,1456 4305,1445 3968,1435 3631,1426 3294,1418 2957,1411 2620,1406 2283,1403 1946,1403 1610,1406"/>
                <Baseline points="1610,1447 1946,1444 2283,1444 2620,1447 2957,1452 3294,1459 3631,1467 3968,1476 4305,1486 4642,1497 4979,1507 5315,1517 5652,1526 5989,1534 6326,1540 6663,1544 7000,1545 7337,1544 7674,1540 8011,1532 8348,1520"/>
                <TextEquiv>
                    <Unicode>adeo progressam opifice non inmerito eciam invitetur, ut ibi homines locum querant refugii, ubi auxiliare presidium absque spe refuga salubrius invenitur et illorum se submittant libencius potestati, qui dileccionis et amicicie puritate a retro</Unicode>
                </TextEquiv>
            </TextLine>
            <TextLine id="r1l8" custom="readingOrder {index:7;} person {offset:176; length:21;} place {offset:191; length:6;}">
                <Coords points="1595,1553 1936,1549 2277,1548 2618,1550 2959,1555 3300,1562 3641,1571 3983,1580 4324,1591 4665,1602 5006,1613 5347,1623 5688,1633 6029,1640 6371,1647 6712,1651 7053,1652 7394,1650 7735,1644 8076,1634 8418,1620 8418,1559 8076,1573 7735,1583 7394,1589 7053,1591 6712,1590 6371,1586 6029,1579 5688,1572 5347,1562 5006,1552 4665,1541 4324,1530 3983,1519 3641,1510 3300,1501 2959,1494 2618,1489 2277,1487 1936,1488 1595,1492"/>
                <Baseline points="1595,1533 1936,1529 2277,1528 2618,1530 2959,1535 3300,1542 3641,1551 3983,1560 4324,1571 4665,1582 5006,1593 5347,1603 5688,1613 6029,1620 6371,1627 6712,1631 7053,1632 7394,1630 7735,1624 8076,1614 8418,1600"/>
                <TextEquiv>
                    <Unicode>actis temporibus per progenitores tamquam radicitus preconcepta eos favorabilius prosequntur, imitans equidem premissa et attendens subsequencia, quod ex favore quodnam domini Otakari, regis Boemie, memorie retolende pater meus recordationis</Unicode>
                </TextEquiv>
            </TextLine>
            <TextLine id="r1l9" custom="readingOrder {index:8;} person {offset:16; length:26;} place {offset:32; length:10;}">
                <Coords points="1605,1647 1943,1639 2281,1635 2619,1635 2957,1638 3295,1645 3633,1653 3971,1664 4309,1675 4647,1687 4985,1698 5323,1710 5661,1720 5999,1728 6337,1734 6675,1737 7013,1737 7351,1733 7689,1724 8027,1710 8366,1690 8366,1630 8027,1650 7689,1664 7351,1673 7013,1677 6675,1677 6337,1674 5999,1668 5661,1660 5323,1650 4985,1638 4647,1627 4309,1615 3971,1604 3633,1593 3295,1585 2957,1578 2619,1575 2281,1575 1943,1579 1605,1587"/>
                <Baseline points="1605,1627 1943,1619 2281,1615 2619,1615 2957,1618 3295,1625 3633,1633 3971,1644 4309,1655 4647,1667 4985,1678 5323,1690 5661,1700 5999,1708 6337,1714 6675,1717 7013,1717 7351,1713 7689,1704 8027,1690 8366,1670"/>
                <TextEquiv>
                    <Unicode>felicis quondam Wladislaus, dux Opuliensis, propter devotionem et obsequia, quibus se totum cum prompta benivolencia eidem dederat, multa promocionis et honoris beneficia suis temporibus sit fortitus, ego, qui in bonis et utilibus actibus</Unicode>
                </TextEquiv>
            </TextLine>
            <TextLine id="r1l10" custom="readingOrder {index:9;}">
                <Coords points="1607,1729 1945,1721 2284,1718 2622,1718 2961,1722 3300,1728 3638,1737 3977,1748 4316,1758 4654,1770 4993,1782 5332,1794 5670,1803 6009,1812 6348,1818 6686,1821 7025,1821 7364,1816 7702,1808 8041,1795 8380,1775 8380,1715 8041,1735 7702,1748 7364,1756 7025,1761 6686,1761 6348,1758 6009,1752 5670,1743 5332,1734 4993,1722 4654,1710 4316,1698 3977,1688 3638,1677 3300,1668 2961,1662 2622,1658 2284,1658 1945,1661 1607,1669"/>
                <Baseline points="1607,1709 1945,1701 2284,1698 2622,1698 2961,1702 3300,1708 3638,1717 3977,1728 4316,1738 4654,1750 4993,1762 5332,1774 5670,1783 6009,1792 6348,1798 6686,1801 7025,1801 7364,1796 7702,1788 8041,1775 8380,1755"/>
                <TextEquiv>
                    <Unicode>sequor, libenter vestigia patris mei considerato et euidenter congnito, quod bonitas, favor et potencia vestre dominacionis, qui clare indolis insignibus renicestentes et paterne prudencie nansciscentes vestigia non lentescitis subditorum vestrorum comoda pro¬</Unicode>
                </TextEquiv>
            </TextLine>
            <TextLine id="r1l11" custom="readingOrder {index:10;}">
                <Coords points="1611,1818 1951,1809 2292,1804 2633,1804 2974,1807 3315,1812 3656,1821 3996,1831 4337,1842 4678,1854 5019,1866 5360,1877 5701,1888 6042,1896 6382,1902 6723,1906 7064,1906 7405,1901 7746,1893 8087,1879 8428,1859 8428,1796 8087,1816 7746,1830 7405,1838 7064,1843 6723,1843 6382,1839 6042,1833 5701,1825 5360,1814 5019,1803 4678,1791 4337,1779 3996,1768 3656,1758 3315,1749 2974,1744 2633,1741 2292,1741 1951,1746 1611,1755"/>
                <Baseline points="1611,1797 1951,1788 2292,1783 2633,1783 2974,1786 3315,1791 3656,1800 3996,1810 4337,1821 4678,1833 5019,1845 5360,1856 5701,1867 6042,1875 6382,1881 6723,1885 7064,1885 7405,1880 7746,1872 8087,1858 8428,1838"/>
                <TextEquiv>
                    <Unicode>curare plurima michi filiis heredibus ducatui et hominibus meis in ipso ducatu meo existentibus honoris pacis et profectuum affere poterunt incrementa maxime, cum per vos et successores vestros melius, quam per alium a meis violentis et meorum fide¬</Unicode>
                </TextEquiv>
            </TextLine>
            <TextLine id="r1l12" custom="readingOrder {index:11;} person {offset:178; length:8;} person {offset:190; length:9;}">
                <Coords points="1591,1901 1931,1892 2272,1887 2612,1886 2953,1889 3293,1894 3634,1902 3974,1912 4315,1923 4655,1935 4996,1946 5337,1957 5677,1967 6018,1976 6358,1982 6699,1985 7039,1985 7380,1982 7720,1974 8061,1960 8402,1941 8402,1877 8061,1896 7720,1910 7380,1918 7039,1921 6699,1921 6358,1918 6018,1912 5677,1903 5337,1893 4996,1882 4655,1871 4315,1859 3974,1848 3634,1838 3293,1830 2953,1825 2612,1822 2272,1823 1931,1828 1591,1837"/>
                <Baseline points="1591,1880 1931,1871 2272,1866 2612,1865 2953,1868 3293,1873 3634,1881 3974,1891 4315,1902 4655,1914 4996,1925 5337,1936 5677,1946 6018,1955 6358,1961 6699,1964 7039,1964 7380,1961 7720,1953 8061,1939 8402,1920"/>
                <TextEquiv>
                    <Unicode>lium oppressoribus aquibus huiusque oppressi sumus et opprimimur, potero cum eisdem meis fidelibus defensari de consilio deliberato et bona voluntate ac concensu filiorum meorum Boleslai et Wladislai ac propinquorum, amicorum, baronum et aliorum</Unicode>
                </TextEquiv>
            </TextLine>
            <TextLine id="r1l13" custom="readingOrder {index:12;}">
                <Coords points="1605,1984 1946,1974 2287,1969 2629,1967 2970,1970 3312,1975 3653,1982 3995,1992 4336,2003 4678,2015 5019,2026 5360,2038 5702,2048 6043,2057 6385,2065 6726,2069 7068,2070 7409,2068 7751,2061 8092,2049 8434,2033 8434,1969 8092,1985 7751,1997 7409,2004 7068,2006 6726,2005 6385,2001 6043,1993 5702,1984 5360,1974 5019,1962 4678,1951 4336,1939 3995,1928 3653,1918 3312,1911 2970,1906 2629,1903 2287,1905 1946,1910 1605,1920"/>
                <Baseline points="1605,1963 1946,1953 2287,1948 2629,1946 2970,1949 3312,1954 3653,1961 3995,1971 4336,1982 4678,1994 5019,2005 5360,2017 5702,2027 6043,2036 6385,2044 6726,2048 7068,2049 7409,2047 7751,2040 8092,2028 8434,2012"/>
                <TextEquiv>
                    <Unicode>meorum et ipsius ducatus mei nobilium non coactus nec vi nec metu inductus, sed bona spontanea et libera voluntate mea volens in hoc meam filiorum, heredum et successorum meorum conditionem facere meliorem verre heredum ac successorum</Unicode>
                </TextEquiv>
            </TextLine>
            <TextLine id="r1l14" custom="readingOrder {index:13;} place {offset:21; length:6;}">
                <Coords points="1583,2068 1922,2057 2261,2051 2600,2050 2940,2052 3279,2056 3618,2064 3958,2073 4297,2084 4636,2095 4976,2107 5315,2119 5654,2130 5993,2139 6333,2147 6672,2151 7011,2153 7351,2152 7690,2146 8029,2136 8369,2120 8369,2062 8029,2078 7690,2088 7351,2094 7011,2095 6672,2093 6333,2089 5993,2081 5654,2072 5315,2061 4976,2049 4636,2037 4297,2026 3958,2015 3618,2006 3279,1998 2940,1994 2600,1992 2261,1993 1922,1999 1583,2010"/>
                <Baseline points="1583,2049 1922,2038 2261,2032 2600,2031 2940,2033 3279,2037 3618,2045 3958,2054 4297,2065 4636,2076 4976,2088 5315,2100 5654,2111 5993,2120 6333,2128 6672,2132 7011,2134 7351,2133 7690,2127 8029,2117 8369,2101"/>
                <TextEquiv>
                    <Unicode>virorum omnium regum Boemie potestati et dominio me, filios, heredes et successores meos et successorum meorum heredes ducatum, castra, civitates, opida et universas possessiones meas et omnium baronum, nobilium, aliorum terrigenorum meorum in ipso du¬</Unicode>
                </TextEquiv>
            </TextLine>
            <TextLine id="r1l15" custom="readingOrder {index:14;}">
                <Coords points="1607,2156 1943,2145 2280,2139 2617,2137 2954,2139 3291,2143 3628,2150 3965,2158 4302,2168 4639,2179 4976,2189 5312,2200 5649,2210 5986,2219 6323,2226 6660,2231 6997,2233 7334,2232 7671,2227 8008,2218 8345,2203 8345,2145 8008,2160 7671,2169 7334,2174 6997,2175 6660,2173 6323,2168 5986,2161 5649,2152 5312,2142 4976,2131 4639,2121 4302,2110 3965,2100 3628,2092 3291,2085 2954,2081 2617,2079 2280,2081 1943,2087 1607,2098"/>
                <Baseline points="1607,2137 1943,2126 2280,2120 2617,2118 2954,2120 3291,2124 3628,2131 3965,2139 4302,2149 4639,2160 4976,2170 5312,2181 5649,2191 5986,2200 6323,2207 6660,2212 6997,2214 7334,2213 7671,2208 8008,2199 8345,2184"/>
                <TextEquiv>
                    <Unicode>catu meo degencium sive manencium ac ipsos barones nobiles et terrigenas meos de unanimi eorum consensu nonnullis etiam ipsorum presentibus subiecti et in hiis scriptis subicio et manere volo perpetuo, sic subiectos eosdem nichilominus ba¬</Unicode>
                </TextEquiv>
            </TextLine>
            <TextLine id="r1l16" custom="readingOrder {index:15;}">
                <Coords points="1593,2238 1931,2230 2270,2225 2608,2224 2947,2226 3285,2230 3624,2236 3962,2244 4301,2253 4639,2262 4978,2272 5316,2282 5655,2292 5993,2300 6332,2306 6670,2312 7009,2314 7347,2315 7686,2311 8024,2305 8363,2295 8363,2237 8024,2247 7686,2253 7347,2257 7009,2256 6670,2254 6332,2248 5993,2242 5655,2234 5316,2224 4978,2214 4639,2204 4301,2195 3962,2186 3624,2178 3285,2172 2947,2168 2608,2166 2270,2167 1931,2172 1593,2180"/>
                <Baseline points="1593,2219 1931,2211 2270,2206 2608,2205 2947,2207 3285,2211 3624,2217 3962,2225 4301,2234 4639,2243 4978,2253 5316,2263 5655,2273 5993,2281 6332,2287 6670,2293 7009,2295 7347,2296 7686,2292 8024,2286 8363,2276"/>
                <TextEquiv>
                    <Unicode>rones, nobiles, terrigenas alios, cives et universos ducatus mei incolas seu habitatores a fidelitate et homagio, quibus michi et meis heredibus filiis ac universis successsoribus sunt astricti, exnunc sine difficultate qualibet tenore presencium ab</Unicode>
                </TextEquiv>
            </TextLine>
            <TextLine id="r1l17" custom="readingOrder {index:16;}">
                <Coords points="1597,2321 1935,2316 2273,2313 2611,2313 2949,2315 3288,2319 3626,2325 3964,2332 4302,2340 4640,2348 4979,2357 5317,2366 5655,2374 5993,2382 6331,2388 6670,2392 7008,2395 7346,2395 7684,2393 8022,2387 8361,2379 8361,2321 8022,2329 7684,2335 7346,2337 7008,2337 6670,2334 6331,2330 5993,2324 5655,2316 5317,2308 4979,2299 4640,2290 4302,2282 3964,2274 3626,2267 3288,2261 2949,2257 2611,2255 2273,2255 1935,2258 1597,2263"/>
                <Baseline points="1597,2302 1935,2297 2273,2294 2611,2294 2949,2296 3288,2300 3626,2306 3964,2313 4302,2321 4640,2329 4979,2338 5317,2347 5655,2355 5993,2363 6331,2369 6670,2373 7008,2376 7346,2376 7684,2374 8022,2368 8361,2360"/>
                <TextEquiv>
                    <Unicode>soluendo resignavi etiam et exnunc resigno publice per vexillum meum eundem meum ducatum et omnia jura euisdem ducatus cum iuribus et dominio, que michi, filiis, heredibus et successoribus meis universis in eodem ducatu competunt, meo fili¬</Unicode>
                </TextEquiv>
            </TextLine>
            <TextLine id="r1l18" custom="readingOrder {index:17;}">
                <Coords points="1597,2410 1938,2401 2279,2396 2620,2394 2961,2395 3302,2399 3643,2405 3985,2413 4326,2421 4667,2430 5008,2440 5349,2450 5690,2459 6031,2467 6373,2474 6714,2479 7055,2481 7396,2481 7737,2478 8078,2471 8420,2460 8420,2400 8078,2411 7737,2418 7396,2421 7055,2421 6714,2419 6373,2414 6031,2407 5690,2399 5349,2390 5008,2380 4667,2370 4326,2361 3985,2353 3643,2345 3302,2339 2961,2335 2620,2334 2279,2336 1938,2341 1597,2350"/>
                <Baseline points="1597,2390 1938,2381 2279,2376 2620,2374 2961,2375 3302,2379 3643,2385 3985,2393 4326,2401 4667,2410 5008,2420 5349,2430 5690,2439 6031,2447 6373,2454 6714,2459 7055,2461 7396,2461 7737,2458 8078,2451 8420,2440"/>
                <TextEquiv>
                    <Unicode>orum meorum, qui nati sunt et siqui nascentur imposterum, omnium heredum et successorum meorum nomine ad manus potestatem et dominium verum, qui recipitis a me resignacionem eandem pro vobis et heredibus veris ac heredum successoribus a vobis inperpetuum descen¬</Unicode>
                </TextEquiv>
            </TextLine>
            <TextLine id="r1l19" custom="readingOrder {index:18;}">
                <Coords points="1601,2500 1939,2489 2277,2482 2615,2478 2954,2478 3292,2480 3630,2484 3969,2490 4307,2499 4645,2507 4984,2516 5322,2526 5660,2536 5998,2545 6337,2553 6675,2560 7013,2565 7352,2568 7690,2568 8028,2565 8367,2559 8367,2499 8028,2505 7690,2508 7352,2508 7013,2505 6675,2500 6337,2493 5998,2485 5660,2476 5322,2466 4984,2456 4645,2447 4307,2439 3969,2430 3630,2424 3292,2420 2954,2418 2615,2418 2277,2422 1939,2429 1601,2440"/>
                <Baseline points="1601,2480 1939,2469 2277,2462 2615,2458 2954,2458 3292,2460 3630,2464 3969,2470 4307,2479 4645,2487 4984,2496 5322,2506 5660,2516 5998,2525 6337,2533 6675,2540 7013,2545 7352,2548 7690,2548 8028,2545 8367,2539"/>
                <TextEquiv>
                    <Unicode>dentibus universis in presencia subscriptorum testudinis ad hoc per me, filios, barones et nobiles ducatus mei predictos specialiter vocatorum et renuncians expresse meo, meorum filiorum, heredum et successorum meorum quorumlibet nomine omnium privilegiorum, pa¬</Unicode>
                </TextEquiv>
            </TextLine>
            <TextLine id="r1l20" custom="readingOrder {index:19;} place {offset:236; length:10;}">
                <Coords points="1579,2598 1917,2583 2256,2573 2595,2567 2934,2564 3273,2565 3611,2568 3950,2573 4289,2581 4628,2589 4967,2599 5305,2609 5644,2619 5983,2629 6322,2637 6661,2645 6999,2650 7338,2653 7677,2654 8016,2651 8355,2645 8355,2582 8016,2588 7677,2591 7338,2590 6999,2587 6661,2582 6322,2574 5983,2566 5644,2556 5305,2546 4967,2536 4628,2526 4289,2518 3950,2510 3611,2505 3273,2502 2934,2501 2595,2504 2256,2510 1917,2520 1579,2535"/>
                <Baseline points="1579,2577 1917,2562 2256,2552 2595,2546 2934,2543 3273,2544 3611,2547 3950,2552 4289,2560 4628,2568 4967,2578 5305,2588 5644,2598 5983,2608 6322,2616 6661,2624 6999,2629 7338,2632 7677,2633 8016,2630 8355,2624"/>
                <TextEquiv>
                    <Unicode>trociniis et libertatibus, que michi et eisdem filiis, heredibus et successoribus meis super ducatu ipso et iuribus eius competunt vel possunt competere infuturum, et specialiter illi libertati renuncians, quam mei predecessores, duces Opulienses, habu¬</Unicode>
                </TextEquiv>
            </TextLine>
            <TextLine id="r1l21" custom="readingOrder {index:20;}">
                <Coords points="1575,2684 1912,2670 2250,2659 2587,2653 2925,2650 3263,2650 3600,2653 3938,2658 4275,2665 4613,2673 4951,2682 5288,2692 5626,2702 5963,2710 6301,2719 6639,2726 6976,2732 7314,2736 7651,2737 7989,2735 8327,2730 8327,2667 7989,2672 7651,2674 7314,2673 6976,2669 6639,2663 6301,2656 5963,2647 5626,2639 5288,2629 4951,2619 4613,2610 4275,2602 3938,2595 3600,2590 3263,2587 2925,2587 2587,2590 2250,2596 1912,2607 1575,2621"/>
                <Baseline points="1575,2663 1912,2649 2250,2638 2587,2632 2925,2629 3263,2629 3600,2632 3938,2637 4275,2644 4613,2652 4951,2661 5288,2671 5626,2681 5963,2689 6301,2698 6639,2705 6976,2711 7314,2715 7651,2716 7989,2714 8327,2709"/>
                <TextEquiv>
                    <Unicode>erunt antea et quam ego huiusque habui et mei filii, heredes et successores infuturum habuissent ex consuetudine aliqua vel de iure in eo, quod nulli alti principi poterant subici vel debebant, a vobis dominio meo in feudum et iure feudi predictum</Unicode>
                </TextEquiv>
            </TextLine>
            <TextLine id="r1l22" custom="readingOrder {index:21;}">
                <Coords points="1567,2768 1903,2754 2240,2744 2576,2738 2913,2735 3249,2735 3586,2737 3922,2741 4259,2748 4595,2755 4932,2763 5268,2772 5605,2782 5941,2790 6278,2799 6614,2806 6951,2813 7287,2817 7624,2819 7960,2819 8297,2816 8297,2753 7960,2756 7624,2756 7287,2754 6951,2750 6614,2743 6278,2736 5941,2727 5605,2719 5268,2709 4932,2700 4595,2692 4259,2685 3922,2678 3586,2674 3249,2672 2913,2672 2576,2675 2240,2681 1903,2691 1567,2705"/>
                <Baseline points="1567,2747 1903,2733 2240,2723 2576,2717 2913,2714 3249,2714 3586,2716 3922,2720 4259,2727 4595,2734 4932,2742 5268,2751 5605,2761 5941,2769 6278,2778 6614,2785 6951,2792 7287,2796 7624,2798 7960,2798 8297,2795"/>
                <TextEquiv>
                    <Unicode>ducatum dignitatem titulum et honorem euisdem ducatus necnon barones, nobiles et omnes alios homines et habitatores euisdem ducatus ac omnia alia iura ducatus predicti recepi et exnunc recipio vobisque tamquam meo et</Unicode>
                </TextEquiv>
            </TextLine>
            <TextLine id="r1l23" custom="readingOrder {index:22;}">
                <Coords points="1593,2845 1928,2833 2264,2824 2600,2818 2936,2815 3272,2815 3608,2817 3944,2821 4280,2826 4616,2834 4952,2841 5287,2849 5623,2858 5959,2866 6295,2875 6631,2882 6967,2888 7303,2893 7639,2896 7975,2898 8311,2897 8311,2842 7975,2843 7639,2841 7303,2838 6967,2833 6631,2827 6295,2820 5959,2811 5623,2803 5287,2794 4952,2786 4616,2779 4280,2771 3944,2766 3608,2762 3272,2760 2936,2760 2600,2763 2264,2769 1928,2778 1593,2790"/>
                <Baseline points="1593,2827 1928,2815 2264,2806 2600,2800 2936,2797 3272,2797 3608,2799 3944,2803 4280,2808 4616,2816 4952,2823 5287,2831 5623,2840 5959,2848 6295,2857 6631,2864 6967,2870 7303,2875 7639,2878 7975,2880 8311,2879"/>
                <TextEquiv>
                    <Unicode>feudi domino homagium feci et facio et vobis fidelitatem, devotionem et obedientiam perpetuas promisi et nunc promitto corporali interposito iuramento in presencia testudinis eorundem ordinando et omnino fieri volendo ut filii, heredes et successores mei</Unicode>
                </TextEquiv>
            </TextLine>
            <TextLine id="r1l24" custom="readingOrder {index:23;}">
                <Coords points="1584,2932 1920,2917 2257,2906 2593,2899 2930,2896 3266,2895 3603,2897 3939,2902 4276,2908 4612,2916 4949,2924 5286,2933 5622,2942 5959,2951 6295,2960 6632,2967 6968,2972 7305,2977 7641,2978 7978,2977 8315,2973 8315,2918 7978,2922 7641,2923 7305,2922 6968,2917 6632,2912 6295,2905 5959,2896 5622,2887 5286,2878 4949,2869 4612,2861 4276,2853 3939,2847 3603,2842 3266,2840 2930,2841 2593,2844 2257,2851 1920,2862 1584,2877"/>
                <Baseline points="1584,2914 1920,2899 2257,2888 2593,2881 2930,2878 3266,2877 3603,2879 3939,2884 4276,2890 4612,2898 4949,2906 5286,2915 5622,2924 5959,2933 6295,2942 6632,2949 6968,2954 7305,2959 7641,2960 7978,2959 8315,2955"/>
                <TextEquiv>
                    <Unicode>universi in ipso feudo michi decetero succedentes de manibus vestris et successorum vestrorum idem feudum sive ducatum recipere et vobis vestrisque successoribus homagium, fidelitatem et obedienciam interposito eciam iuramento promittere ac similiter</Unicode>
                </TextEquiv>
            </TextLine>
            <TextLine id="r1l25" custom="readingOrder {index:24;} place {offset:158; length:6;}">
                <Coords points="1609,3022 1942,3006 2276,2995 2610,2988 2944,2985 3278,2984 3612,2986 3946,2991 4280,2997 4614,3005 4948,3014 5281,3022 5615,3032 5949,3040 6283,3048 6617,3055 6951,3060 7285,3063 7619,3063 7953,3061 8287,3054 8287,2991 7953,2998 7619,3000 7285,3000 6951,2997 6617,2992 6283,2985 5949,2977 5615,2969 5281,2959 4948,2951 4614,2942 4280,2934 3946,2928 3612,2923 3278,2921 2944,2922 2610,2925 2276,2932 1942,2943 1609,2959"/>
                <Baseline points="1609,3001 1942,2985 2276,2974 2610,2967 2944,2964 3278,2963 3612,2965 3946,2970 4280,2976 4614,2984 4948,2993 5281,3001 5615,3011 5949,3019 6283,3027 6617,3034 6951,3039 7285,3042 7619,3042 7953,3040 8287,3033"/>
                <TextEquiv>
                    <Unicode>facere inperpetuum teneantur, obligando nichilominus me, filios heredes et successores meos solempni stipulatione interposita vobis et successoribus vestris, Boemie regibus, quod quocienscumque vel quantumcumque vos iusseritis vel vestri iusserint successores</Unicode>
                </TextEquiv>
            </TextLine>
            <TextLine id="r1l26" custom="readingOrder {index:25;}">
                <Coords points="1601,3112 1936,3094 2272,3082 2607,3075 2943,3071 3278,3070 3614,3072 3949,3076 4285,3082 4620,3090 4956,3098 5291,3107 5627,3116 5962,3124 6298,3132 6633,3138 6969,3143 7304,3145 7640,3144 7975,3141 8311,3133 8311,3072 7975,3080 7640,3083 7304,3084 6969,3082 6633,3077 6298,3071 5962,3063 5627,3055 5291,3046 4956,3037 4620,3029 4285,3021 3949,3015 3614,3011 3278,3009 2943,3010 2607,3014 2272,3021 1936,3033 1601,3051"/>
                <Baseline points="1601,3092 1936,3074 2272,3062 2607,3055 2943,3051 3278,3050 3614,3052 3949,3056 4285,3062 4620,3070 4956,3078 5291,3087 5627,3096 5962,3104 6298,3112 6633,3118 6969,3123 7304,3125 7640,3124 7975,3121 8311,3113"/>
                <TextEquiv>
                    <Unicode>vos et eos iuvabo et iuvari volo per successores meos contra omnem hominem fideliter toto posse tamquam ut vasallus quilibet sive baro regni vestri necnon ad omnia alia et singula in perpetuum, que iura feudi exigunt et requirunt, et</Unicode>
                </TextEquiv>
            </TextLine>
            <TextLine id="r1l27" custom="readingOrder {index:26;}">
                <Coords points="1559,3193 1897,3176 2235,3163 2573,3155 2911,3150 3249,3149 3587,3151 3925,3156 4263,3161 4601,3169 4939,3178 5277,3187 5615,3197 5953,3206 6291,3214 6629,3221 6967,3227 7305,3230 7643,3230 7981,3227 8319,3221 8319,3161 7981,3167 7643,3170 7305,3170 6967,3167 6629,3161 6291,3154 5953,3146 5615,3137 5277,3127 4939,3118 4601,3109 4263,3101 3925,3096 3587,3091 3249,3089 2911,3090 2573,3095 2235,3103 1897,3116 1559,3133"/>
                <Baseline points="1559,3173 1897,3156 2235,3143 2573,3135 2911,3130 3249,3129 3587,3131 3925,3136 4263,3141 4601,3149 4939,3158 5277,3167 5615,3177 5953,3186 6291,3194 6629,3201 6967,3207 7305,3210 7643,3210 7981,3207 8319,3201"/>
                <TextEquiv>
                    <Unicode>eciam ad illa, que quisque fidelis vasallus suo vero domino facere potest in omnibus atque debet, promitto insuper et promisi pro me heredibus et successoribus meis predictis sub prescito iuramento predicta omnia et singula predictorum rata</Unicode>
                </TextEquiv>
            </TextLine>
            <TextLine id="r1l28" custom="readingOrder {index:27;}">
                <Coords points="1563,3274 1900,3258 2238,3246 2576,3238 2914,3234 3252,3233 3589,3235 3927,3238 4265,3244 4603,3252 4941,3260 5278,3269 5616,3278 5954,3288 6292,3297 6630,3305 6967,3311 7305,3317 7643,3320 7981,3320 8319,3318 8319,3258 7981,3260 7643,3260 7305,3257 6967,3251 6630,3245 6292,3237 5954,3228 5616,3218 5278,3209 4941,3200 4603,3192 4265,3184 3927,3178 3589,3175 3252,3173 2914,3174 2576,3178 2238,3186 1900,3198 1563,3214"/>
                <Baseline points="1563,3254 1900,3238 2238,3226 2576,3218 2914,3214 3252,3213 3589,3215 3927,3218 4265,3224 4603,3232 4941,3240 5278,3249 5616,3258 5954,3268 6292,3277 6630,3285 6967,3291 7305,3297 7643,3300 7981,3300 8319,3298"/>
                <TextEquiv>
                    <Unicode>et firma tenere et adimplere ac servare perpetuo nec unquam contra eadem vel eorum aliquod venire vel facere per me vel alios aut alium quoquomodo et renunciam expresse atque renuncio tenore presencium in omnibus premissis et quolibet premis¬</Unicode>
                </TextEquiv>
            </TextLine>
            <TextLine id="r1l29" custom="readingOrder {index:28;}">
                <Coords points="1597,3365 1934,3350 2271,3339 2608,3331 2945,3326 3283,3324 3620,3325 3957,3328 4294,3333 4631,3339 4969,3346 5306,3354 5643,3363 5980,3372 6317,3381 6655,3389 6992,3396 7329,3403 7666,3408 8003,3410 8341,3411 8341,3347 8003,3346 7666,3344 7329,3339 6992,3332 6655,3325 6317,3317 5980,3308 5643,3299 5306,3290 4969,3282 4631,3275 4294,3269 3957,3264 3620,3261 3283,3260 2945,3262 2608,3267 2271,3275 1934,3286 1597,3301"/>
                <Baseline points="1597,3344 1934,3329 2271,3318 2608,3310 2945,3305 3283,3303 3620,3304 3957,3307 4294,3312 4631,3318 4969,3325 5306,3333 5643,3342 5980,3351 6317,3360 6655,3368 6992,3375 7329,3382 7666,3387 8003,3389 8341,3390"/>
                <TextEquiv>
                    <Unicode>sorum pro me, filiis, heredibus et successoribus meis omnibus omni actioni, defensioni rei cuilibet et omni auxilio iuris canonici et civilis consuetudinibus constitucionibus et statutis contrariis privilegiis sive indulgenciis quibuslibet</Unicode>
                </TextEquiv>
            </TextLine>
            <TextLine id="r1l30" custom="readingOrder {index:29;} place {offset:131; length:7;} place {offset:168; length:7;}">
                <Coords points="1571,3462 1907,3444 2243,3431 2580,3421 2916,3414 3253,3412 3589,3411 3925,3413 4262,3418 4598,3424 4935,3432 5271,3439 5607,3448 5944,3457 6280,3467 6617,3475 6953,3483 7289,3489 7626,3494 7962,3497 8299,3497 8299,3433 7962,3433 7626,3430 7289,3425 6953,3419 6617,3411 6280,3403 5944,3393 5607,3384 5271,3375 4935,3368 4598,3360 4262,3354 3925,3349 3589,3347 3253,3348 2916,3350 2580,3357 2243,3367 1907,3380 1571,3398"/>
                <Baseline points="1571,3441 1907,3423 2243,3410 2580,3400 2916,3393 3253,3391 3589,3390 3925,3392 4262,3397 4598,3403 4935,3411 5271,3418 5607,3427 5944,3436 6280,3446 6617,3454 6953,3462 7289,3468 7626,3473 7962,3476 8299,3476"/>
                <TextEquiv>
                    <Unicode>et illis specialiter privilegiis seu indulgenciis, quibus a sede apostolica vel a romano imperio seu a quibuscumque aliis vel alio Polonie principibus est provisum, ne Almanie vel aliis principibus se subiciant et eis homagium faciant et aliis</Unicode>
                </TextEquiv>
            </TextLine>
            <TextLine id="r1l31" custom="readingOrder {index:30;}">
                <Coords points="1577,3550 1915,3533 2253,3520 2591,3511 2929,3504 3267,3501 3605,3500 3943,3501 4281,3505 4619,3510 4958,3517 5296,3524 5634,3531 5972,3540 6310,3548 6648,3555 6986,3562 7324,3568 7662,3572 8000,3575 8339,3576 8339,3516 8000,3515 7662,3512 7324,3508 6986,3502 6648,3495 6310,3488 5972,3480 5634,3471 5296,3464 4958,3457 4619,3450 4281,3445 3943,3441 3605,3440 3267,3441 2929,3444 2591,3451 2253,3460 1915,3473 1577,3490"/>
                <Baseline points="1577,3530 1915,3513 2253,3500 2591,3491 2929,3484 3267,3481 3605,3480 3943,3481 4281,3485 4619,3490 4958,3497 5296,3504 5634,3511 5972,3520 6310,3528 6648,3535 6986,3542 7324,3548 7662,3552 8000,3555 8339,3556"/>
                <TextEquiv>
                    <Unicode>quibuscumque tam generalibus, quam specialibus privilegiis seu indulgenciis, quas ego vel heredes mei possemus contra predicta vel aliquod predictorum de iure obicere vel defacto, et que michi et successoribus meis ut contra premissa omnia</Unicode>
                </TextEquiv>
            </TextLine>
            <TextLine id="r1l32" custom="readingOrder {index:31;}">
                <Coords points="1577,3642 1914,3623 2252,3608 2589,3598 2927,3590 3265,3586 3602,3584 3940,3585 4277,3587 4615,3592 4953,3597 5290,3604 5628,3611 5965,3620 6303,3628 6641,3635 6978,3642 7316,3648 7653,3653 7991,3656 8329,3657 8329,3597 7991,3596 7653,3593 7316,3588 6978,3582 6641,3575 6303,3568 5965,3560 5628,3551 5290,3544 4953,3537 4615,3532 4277,3527 3940,3525 3602,3524 3265,3526 2927,3530 2589,3538 2252,3548 1914,3563 1577,3582"/>
                <Baseline points="1577,3622 1914,3603 2252,3588 2589,3578 2927,3570 3265,3566 3602,3564 3940,3565 4277,3567 4615,3572 4953,3577 5290,3584 5628,3591 5965,3600 6303,3608 6641,3615 6978,3622 7316,3628 7653,3633 7991,3636 8329,3637"/>
                <TextEquiv>
                    <Unicode>vel eorum aliquod ego filii heredes et successores mei venire possemus et ea non teneremus vel non seruaremus, possent competere et aliqualiter suffragari. Incuius rei testimonium et robur perpetuo valiturum presens privilegium voluntarie</Unicode>
                </TextEquiv>
            </TextLine>
            <TextLine id="r1l33" custom="readingOrder {index:32;} person {offset:93; length:16;} place {offset:100; length:9;} person {offset:113; length:33;} place {offset:123; length:11;} person {offset:181; length:46;} place {offset:197; length:6;} place {offset:217; length:10;} person {offset:232; length:25;} place {offset:247; length:10;}">
                <Coords points="1551,3716 1891,3698 2232,3685 2573,3674 2914,3667 3255,3664 3595,3662 3936,3663 4277,3666 4618,3671 4959,3677 5299,3684 5640,3691 5981,3699 6322,3707 6663,3714 7003,3721 7344,3727 7685,3732 8026,3735 8367,3736 8367,3682 8026,3681 7685,3678 7344,3673 7003,3667 6663,3660 6322,3653 5981,3645 5640,3637 5299,3630 4959,3623 4618,3617 4277,3612 3936,3609 3595,3608 3255,3610 2914,3613 2573,3620 2232,3631 1891,3644 1551,3662"/>
                <Baseline points="1551,3698 1891,3680 2232,3667 2573,3656 2914,3649 3255,3646 3595,3644 3936,3645 4277,3648 4618,3653 4959,3659 5299,3666 5640,3673 5981,3681 6322,3689 6663,3696 7003,3703 7344,3709 7685,3714 8026,3717 8367,3718"/>
                <TextEquiv>
                    <Unicode>ac libenter racionis trado et offero sigillorum mei proprii et venerabilium patrum dominorum Thobie Pragensis et Theodrici Olomucensis episcoporum ac illustrium principum dominorum Polkonis, ducis Slesie et domini de Lewenberch, ac Nicolai, ducis Opaviensis, necnon ho¬</Unicode>
                </TextEquiv>
            </TextLine>
            <TextLine id="r1l34" custom="readingOrder {index:33;} person {offset:22; length:22;} place {offset:31; length:13;} place {offset:64; length:7;} place {offset:79; length:4;} person {offset:103; length:21;} place {offset:112; length:12;} person {offset:147; length:67;} place {offset:158; length:5;}">
                <Coords points="1557,3800 1897,3783 2237,3770 2577,3761 2917,3754 3257,3750 3597,3749 3937,3750 4277,3752 4617,3756 4957,3762 5297,3768 5637,3774 5977,3782 6317,3788 6657,3794 6997,3800 7337,3804 7677,3807 8017,3808 8358,3808 8358,3754 8017,3754 7677,3753 7337,3750 6997,3746 6657,3740 6317,3734 5977,3728 5637,3720 5297,3714 4957,3708 4617,3702 4277,3698 3937,3696 3597,3695 3257,3696 2917,3700 2577,3707 2237,3716 1897,3729 1557,3746"/>
                <Baseline points="1557,3782 1897,3765 2237,3752 2577,3743 2917,3736 3257,3732 3597,3731 3937,3732 4277,3734 4617,3738 4957,3744 5297,3750 5637,3756 5977,3764 6317,3770 6657,3776 6997,3782 7337,3786 7677,3789 8017,3790 8358,3790"/>
                <TextEquiv>
                    <Unicode>norabilium personarum Cristani Brewnoviensis, sancti Benedicti, Jordani montis Syon, premonstratensis, Reynheri Cladrubensis, sancti benedicti, et Henrici de Oszek, cisterciensis ordinum, abbatum pragensis dyocesis, et virorum venerabilium magistrorum</Unicode>
                </TextEquiv>
            </TextLine>
            <TextLine id="r1l35" custom="readingOrder {index:34;} person {offset:0; length:16;} place {offset:7; length:9;} person {offset:18; length:17;} place {offset:27; length:8;} person {offset:37; length:18;} place {offset:44; length:11;} person {offset:60; length:46;} place {offset:66; length:14;} person {offset:117; length:18;} place {offset:126; length:9;} person {offset:144; length:20;} place {offset:153; length:11;} person {offset:175; length:49;} place {offset:187; length:14;}">
                <Coords points="1563,3885 1903,3867 2244,3853 2584,3843 2925,3836 3265,3832 3606,3830 3946,3830 4287,3833 4627,3836 4968,3841 5308,3847 5649,3853 5989,3859 6330,3866 6670,3871 7011,3876 7351,3879 7692,3881 8032,3881 8373,3879 8373,3834 8032,3836 7692,3836 7351,3834 7011,3831 6670,3826 6330,3821 5989,3814 5649,3808 5308,3802 4968,3796 4627,3791 4287,3788 3946,3785 3606,3785 3265,3787 2925,3791 2584,3798 2244,3808 1903,3822 1563,3840"/>
                <Baseline points="1563,3870 1903,3852 2244,3838 2584,3828 2925,3821 3265,3817 3606,3815 3946,3815 4287,3818 4627,3821 4968,3826 5308,3832 5649,3838 5989,3844 6330,3851 6670,3856 7011,3861 7351,3864 7692,3866 8032,3866 8373,3864"/>
                <TextEquiv>
                    <Unicode>Ulrici Pragensis, Johannis Sacensis, Ulrici Melnicensis, et Pardi Boleslaviensis, ecclesiarum prepositorum, magistri Gregorii Pragensis, domini Budislai Olomucensis et domini Bartholomei Wissegradensis, ecclesiarum decanorum, ad mearum peticionum instanciam appensione in</Unicode>
                </TextEquiv>
            </TextLine>
            <TextLine id="r1l36" custom="readingOrder {index:35;} place {offset:45; length:5;} person {offset:176; length:27;} person {offset:205; length:25; continued:true;} place {offset:227; length:3; continued:true;}">
                <Coords points="1523,3930 2902,3931 3188,3925 3474,3920 3760,3919 4046,3919 4332,3922 4618,3925 4904,3930 5190,3935 5477,3941 5763,3947 6049,3953 6335,3958 6621,3962 6907,3965 7193,3966 7479,3965 7765,3962 8051,3957 8338,3948 8338,3890 8051,3899 7765,3904 7479,3907 7193,3908 6907,3907 6621,3904 6335,3900 6049,3895 5763,3889 5477,3883 5190,3877 4904,3872 4618,3867 4332,3864 4046,3861 3760,3861 3474,3862 3188,3867 2902,3873 1523,3872"/>
                <Baseline points="2616,3921 2902,3912 3188,3906 3474,3901 3760,3900 4046,3900 4332,3903 4618,3906 4904,3911 5190,3916 5477,3922 5763,3928 6049,3934 6335,3939 6621,3943 6907,3946 7193,3947 7479,3946 7765,3943 8051,3938 8338,3929"/>
                <TextEquiv>
                    <Unicode>testimonium euidens roboratum. Acta sunt hec Prage in castro et palatio regio inpresentia personarum superius expressarum et in presencia baronum et nobilium meorum, videlicet Zobeslai, iudicis terre mee, Leschonis, purchravii Bi¬</Unicode>
                </TextEquiv>
            </TextLine>
            <TextLine id="r1l38" custom="readingOrder {index:36;} place {offset:0; length:10; continued:true;} person {offset:0; length:10; continued:true;} person {offset:12; length:23;} person {offset:37; length:24;} person {offset:63; length:19;} person {offset:84; length:9;} person {offset:97; length:9;} person {offset:117; length:8;} person {offset:127; length:5;} person {offset:134; length:9;} person {offset:145; length:8;} person {offset:157; length:16;}">
                <Coords points="1550,4066 1889,4046 2228,4031 2567,4019 2906,4012 3245,4007 3584,4005 3923,4006 4262,4008 4601,4012 4941,4016 5280,4022 5619,4027 5958,4032 6297,4037 6636,4040 6975,4042 7314,4042 7653,4040 7992,4035 8332,4026 8332,3968 7992,3977 7653,3982 7314,3984 6975,3984 6636,3982 6297,3979 5958,3974 5619,3969 5280,3964 4941,3958 4601,3954 4262,3950 3923,3948 3584,3947 3245,3949 2906,3954 2567,3961 2228,3973 1889,3988 1550,4008"/>
                <Baseline points="1550,4047 1889,4027 2228,4012 2567,4000 2906,3993 3245,3988 3584,3986 3923,3987 4262,3989 4601,3993 4941,3997 5280,4003 5619,4008 5958,4013 6297,4018 6636,4021 6975,4023 7314,4023 7653,4021 7992,4016 8332,4007"/>
                <TextEquiv>
                    <Unicode>thumiensis, Brymislai, dapiferi mei ,Michaelis marschalci mei, Andree dicti Belile, Wernhardi et Theodrici, militum, Leonardi, Pauli, Leschonis, Stephani et Stephani Budiwoy, domicellorum nobilium in eorum et terre mee predicte, et in precencia</Unicode>
                </TextEquiv>
            </TextLine>
            <TextLine id="r1l39" custom="readingOrder {index:37;} person {offset:17; length:48;} place {offset:27; length:8;} place {offset:59; length:6;} person {offset:67; length:50;} place {offset:111; length:6;} person {offset:119; length:43;} place {offset:142; length:9;} person {offset:164; length:52; continued:true;}">
                <Coords points="1544,4147 1883,4128 2222,4113 2561,4102 2900,4095 3239,4090 3578,4089 3918,4089 4257,4091 4596,4095 4935,4099 5274,4105 5613,4110 5952,4114 6292,4118 6631,4122 6970,4123 7309,4122 7648,4120 7987,4113 8327,4104 8327,4046 7987,4055 7648,4062 7309,4064 6970,4065 6631,4064 6292,4060 5952,4056 5613,4052 5274,4047 4935,4041 4596,4037 4257,4033 3918,4031 3578,4031 3239,4032 2900,4037 2561,4044 2222,4055 1883,4070 1544,4089"/>
                <Baseline points="1544,4128 1883,4109 2222,4094 2561,4083 2900,4076 3239,4071 3578,4070 3918,4070 4257,4072 4596,4076 4935,4080 5274,4086 5613,4091 5952,4095 6292,4099 6631,4103 6970,4104 7309,4103 7648,4101 7987,4094 8327,4085"/>
                <TextEquiv>
                    <Unicode>nobilium virorum Hogeri de Lompnicz, summi camerarii regni Boemie, Alberti de Seberch, marscalci eiusdem regni Boemie, Zdeslai de Sternberch, Pragensis purchravii, Benesii de Wartenberch, camerarii euisdem domini mei</Unicode>
                </TextEquiv>
            </TextLine>
            <TextLine id="r1l40" custom="readingOrder {index:38;} person {offset:0; length:12; continued:true;} place {offset:6; length:6;} person {offset:14; length:58;} place {offset:35; length:10;} place {offset:61; length:11;} person {offset:74; length:68;} place {offset:86; length:8;} place {offset:136; length:6;} person {offset:144; length:16;} person {offset:164; length:48;} place {offset:176; length:12;} person {offset:214; length:9; continued:true;}">
                <Coords points="1556,4235 1897,4217 2238,4202 2579,4192 2921,4185 3262,4180 3603,4177 3944,4177 4286,4179 4627,4182 4968,4185 5309,4191 5651,4195 5992,4200 6333,4204 6674,4207 7016,4209 7357,4210 7698,4208 8039,4204 8381,4197 8381,4133 8039,4140 7698,4144 7357,4146 7016,4145 6674,4143 6333,4140 5992,4136 5651,4131 5309,4127 4968,4121 4627,4118 4286,4115 3944,4113 3603,4113 3262,4116 2921,4121 2579,4128 2238,4138 1897,4153 1556,4171"/>
                <Baseline points="1556,4214 1897,4196 2238,4181 2579,4171 2921,4164 3262,4159 3603,4156 3944,4156 4286,4158 4627,4161 4968,4164 5309,4170 5651,4174 5992,4179 6333,4183 6674,4186 7016,4188 7357,4189 7698,4187 8039,4183 8381,4176"/>
                <TextEquiv>
                    <Unicode>regis Boemie, Wenczeslai Bawari de Strakonicz, purchravii in Klingenberg, Protiwem de Borobzko, camerarii serenissime domine mee regine Boemie, Alberti dapiferi et Johannis de Michelsperch, pincerne eiusdem regni, Purchardi</Unicode>
                </TextEquiv>
            </TextLine>
            <TextLine id="r1l41" custom="readingOrder {index:39;} person {offset:0; length:14; continued:true;} place {offset:3; length:11;} person {offset:15; length:45;} place {offset:40; length:9;} person {offset:62; length:42;} place {offset:73; length:10;} place {offset:99; length:5;} person {offset:106; length:23;} place {offset:118; length:11;} person {offset:131; length:16;} place {offset:143; length:4;} person {offset:149; length:19;} place {offset:159; length:9;} person {offset:170; length:18;} place {offset:181; length:7;} person {offset:190; length:17; continued:true;} place {offset:203; length:5; continued:true;}">
                <Coords points="1530,4324 1871,4306 2213,4291 2554,4280 2896,4271 3238,4266 3579,4262 3921,4261 4263,4261 4604,4263 4946,4266 5288,4270 5629,4273 5971,4277 6313,4281 6654,4285 6996,4287 7338,4288 7679,4287 8021,4285 8363,4280 8363,4220 8021,4225 7679,4227 7338,4228 6996,4227 6654,4225 6313,4221 5971,4217 5629,4213 5288,4210 4946,4206 4604,4203 4263,4201 3921,4201 3579,4202 3238,4206 2896,4211 2554,4220 2213,4231 1871,4246 1530,4264"/>
                <Baseline points="1530,4304 1871,4286 2213,4271 2554,4260 2896,4251 3238,4246 3579,4242 3921,4241 4263,4241 4604,4243 4946,4246 5288,4250 5629,4253 5971,4257 6313,4261 6654,4265 6996,4267 7338,4268 7679,4267 8021,4265 8363,4260"/>
                <TextEquiv>
                    <Unicode>de Winterberch Theodrici Spaczmanni, in Wrenberch purchravii, Potonis de Potenstein, purchravii in Trest, Hinkonis de Luchtenberg, Hinconis de Duba, Mutine de Costomlat, Zbizlai de Trzebun, Friderici de Scho¬</Unicode>
                </TextEquiv>
            </TextLine>
            <TextLine id="r1l42" custom="readingOrder {index:40;} person {offset:0; length:8; continued:true;} place {offset:0; length:8; continued:true;} person {offset:10; length:20;} place {offset:21; length:9;} person {offset:32; length:15;} place {offset:44; length:3;} person {offset:49; length:20;} place {offset:62; length:7;} person {offset:71; length:18;} place {offset:81; length:8;}">
                <Coords points="1516,4406 1859,4388 2202,4374 2545,4362 2888,4354 3231,4348 3574,4345 3917,4344 4260,4345 4603,4346 4947,4349 5290,4353 5633,4356 5976,4360 6319,4364 6662,4367 7005,4369 7348,4370 7691,4369 8034,4366 8378,4361 8378,4301 8034,4306 7691,4309 7348,4310 7005,4309 6662,4307 6319,4304 5976,4300 5633,4296 5290,4293 4947,4289 4603,4286 4260,4285 3917,4284 3574,4285 3231,4288 2888,4294 2545,4302 2202,4314 1859,4328 1516,4346"/>
                <Baseline points="1516,4386 1859,4368 2202,4354 2545,4342 2888,4334 3231,4328 3574,4325 3917,4324 4260,4325 4603,4326 4947,4329 5290,4333 5633,4336 5976,4340 6319,4344 6662,4347 7005,4349 7348,4350 7691,4349 8034,4346 8378,4341"/>
                <TextEquiv>
                    <Unicode>nenburch, Ottonis de Ilenburch, Bohuslai de Bor, Dluhomili de Wezzele, Ulrici de Nouadomo et in presencia multorum aliorum tam religiosorum, quam secularium clericorum et nobilium, popularium et civium, qui propter hoc specialiter de omnibus</Unicode>
                </TextEquiv>
            </TextLine>
            <TextLine id="r1l43" custom="readingOrder {index:41;} place {offset:6; length:6;}">
                <Coords points="1530,4484 1774,4474 2018,4465 2262,4457 2507,4450 2751,4444 2995,4440 3240,4436 3484,4433 3728,4431 3973,4429 4217,4429 4461,4429 4705,4430 4950,4431 5194,4433 5438,4435 5683,4438 5927,4441 6171,4445 8463,4408 8463,4347 6171,4384 5927,4380 5683,4377 5438,4374 5194,4372 4950,4370 4705,4369 4461,4368 4217,4368 3973,4368 3728,4370 3484,4372 3240,4375 2995,4379 2751,4383 2507,4389 2262,4396 2018,4404 1774,4413 1530,4423"/>
                <Baseline points="1530,4464 1774,4454 2018,4445 2262,4437 2507,4430 2751,4424 2995,4420 3240,4416 3484,4413 3728,4411 3973,4409 4217,4409 4461,4409 4705,4410 4950,4411 5194,4413 5438,4415 5683,4418 5927,4421 6171,4425 6416,4428"/>
                <TextEquiv>
                    <Unicode>regni Boemie finibus pro testimonio fuerant convocati anno Domini millesimo ducentesimo octoagesimonono quarto idus januarii, indiccionum secunda. Incuius rei testimonium atque robur presentes nostras litteras</Unicode>
                </TextEquiv>
            </TextLine>
            <TextLine id="r1l45" custom="readingOrder {index:42;} place {offset:79; length:6;} date {offset:86; length:136; continued:true;year:0; day:0; month:0;} place {offset:189; length:8;}">
                <Coords points="1520,4574 1864,4557 2209,4544 2554,4535 2899,4528 3244,4523 3589,4520 3934,4519 4279,4520 4624,4521 4969,4524 5313,4527 5658,4530 6003,4533 6348,4535 6693,4537 7038,4538 7383,4537 7728,4535 8073,4531 8418,4524 8418,4466 8073,4473 7728,4477 7383,4479 7038,4480 6693,4479 6348,4477 6003,4475 5658,4472 5313,4469 4969,4466 4624,4463 4279,4462 3934,4461 3589,4462 3244,4465 2899,4470 2554,4477 2209,4486 1864,4499 1520,4516"/>
                <Baseline points="1520,4555 1864,4538 2209,4525 2554,4516 2899,4509 3244,4504 3589,4501 3934,4500 4279,4501 4624,4502 4969,4505 5313,4508 5658,4511 6003,4514 6348,4516 6693,4518 7038,4519 7383,4518 7728,4516 8073,4512 8418,4505"/>
                <TextEquiv>
                    <Unicode>ac inserciones sigillorum nostrorum appensione fecimus firmius roborari. Datum Wienne anno Domini millesimoquadringentesimovicesimosexto die vicesima mensis marcii, regnorum nostrorum anno Hungarie et cetera tricesimonono,</Unicode>
                </TextEquiv>
            </TextLine>
            <TextLine id="r1l46" custom="readingOrder {index:43;} date {offset:0; length:37; continued:true;year:0; day:0; month:0;} place {offset:25; length:6;}">
                <Coords points="1523,4653 1586,4650 1649,4647 1712,4645 1776,4643 1839,4643 1902,4641 1965,4641 2029,4640 2092,4639 2155,4638 2218,4637 2282,4636 2345,4635 2408,4634 2471,4632 2535,4629 2598,4627 2661,4624 2724,4620 2788,4615 2788,4557 2724,4562 2661,4566 2598,4569 2535,4571 2471,4574 2408,4576 2345,4577 2282,4578 2218,4579 2155,4580 2092,4581 2029,4582 1965,4583 1902,4583 1839,4585 1776,4585 1712,4587 1649,4589 1586,4592 1523,4595"/>
                <Baseline points="1523,4634 1586,4631 1649,4628 1712,4626 1776,4624 1839,4624 1902,4622 1965,4622 2029,4621 2092,4620 2155,4619 2218,4618 2282,4617 2345,4616 2408,4615 2471,4613 2535,4610 2598,4608 2661,4605 2724,4601 2788,4596"/>
                <TextEquiv>
                    <Unicode>romanorum sextodecimo et Boemie sexto.</Unicode>
                </TextEquiv>
            </TextLine>
            <TextEquiv>
                <Unicode>Nos Sigismundus, Dei gracia romanorum rex, semper augustus ac Hungarie, Boemie, Dalmacie, Croacie et cetera rex, et Albertus, eadem gracia dux Austrie, Stirie, Karinthie et cetera et marchio Moravie, notumfacimus tenore presentium universis, quod nos
nuper vidimus et auscultari ac legi fecimus certas litteras obligaciones et proscriptiones illustris principis Casimiri, ducis Opolie, non abrasas seu cancellatas, sed integras, sanas et omni vicio ac suspicione carentes sigillisque veris et non
fictis firmius communitas, quas ad presentes nostras litteras atque scripta inseri et transscribi fecimus ut eis aquocumque homine adhibeatur fides infallibilis atque firma, quarum quidem litterarum tenor per omnia de verbo ad verbum sequitur et est talis:
Magnifico et Illustri domino suo domino Wenceslao, serenissimo regi Boemie et marchioni Moravie, Kazimirus, Dei gracia dux Opuliensis et dominus in Bythum, cum prompta devocione sue fidelitatis servicium indefessum: Cum nature ingeni¬
ose artificio creaturam suam summus opifex in propagandorum rerum omnium origine sic formaverit sicque disposuerit, ut quelibet res rotive conservacionis locum, ibi appetat ibinque auxiliaris opis animiculum querat, ubi in sue stabilitatis permanen¬
cia melius et facilius se tuetur et amicicie vigor sit, in creatis suas extendat propagines, ut diversis potestatibus mundialis machine dissidencia uniat et res rebus concordi subiciat, unione mortalium quidem condicio, cum naturalium rerum disposicionem
adeo progressam opifice non inmerito eciam invitetur, ut ibi homines locum querant refugii, ubi auxiliare presidium absque spe refuga salubrius invenitur et illorum se submittant libencius potestati, qui dileccionis et amicicie puritate a retro
actis temporibus per progenitores tamquam radicitus preconcepta eos favorabilius prosequntur, imitans equidem premissa et attendens subsequencia, quod ex favore quodnam domini Otakari, regis Boemie, memorie retolende pater meus recordationis
felicis quondam Wladislaus, dux Opuliensis, propter devotionem et obsequia, quibus se totum cum prompta benivolencia eidem dederat, multa promocionis et honoris beneficia suis temporibus sit fortitus, ego, qui in bonis et utilibus actibus
sequor, libenter vestigia patris mei considerato et euidenter congnito, quod bonitas, favor et potencia vestre dominacionis, qui clare indolis insignibus renicestentes et paterne prudencie nansciscentes vestigia non lentescitis subditorum vestrorum comoda pro¬
curare plurima michi filiis heredibus ducatui et hominibus meis in ipso ducatu meo existentibus honoris pacis et profectuum affere poterunt incrementa maxime, cum per vos et successores vestros melius, quam per alium a meis violentis et meorum fide¬
lium oppressoribus aquibus huiusque oppressi sumus et opprimimur, potero cum eisdem meis fidelibus defensari de consilio deliberato et bona voluntate ac concensu filiorum meorum Boleslai et Wladislai ac propinquorum, amicorum, baronum et aliorum
meorum et ipsius ducatus mei nobilium non coactus nec vi nec metu inductus, sed bona spontanea et libera voluntate mea volens in hoc meam filiorum, heredum et successorum meorum conditionem facere meliorem verre heredum ac successorum
virorum omnium regum Boemie potestati et dominio me, filios, heredes et successores meos et successorum meorum heredes ducatum, castra, civitates, opida et universas possessiones meas et omnium baronum, nobilium, aliorum terrigenorum meorum in ipso du¬
catu meo degencium sive manencium ac ipsos barones nobiles et terrigenas meos de unanimi eorum consensu nonnullis etiam ipsorum presentibus subiecti et in hiis scriptis subicio et manere volo perpetuo, sic subiectos eosdem nichilominus ba¬
rones, nobiles, terrigenas alios, cives et universos ducatus mei incolas seu habitatores a fidelitate et homagio, quibus michi et meis heredibus filiis ac universis successsoribus sunt astricti, exnunc sine difficultate qualibet tenore presencium ab
soluendo resignavi etiam et exnunc resigno publice per vexillum meum eundem meum ducatum et omnia jura euisdem ducatus cum iuribus et dominio, que michi, filiis, heredibus et successoribus meis universis in eodem ducatu competunt, meo fili¬
orum meorum, qui nati sunt et siqui nascentur imposterum, omnium heredum et successorum meorum nomine ad manus potestatem et dominium verum, qui recipitis a me resignacionem eandem pro vobis et heredibus veris ac heredum successoribus a vobis inperpetuum descen¬
dentibus universis in presencia subscriptorum testudinis ad hoc per me, filios, barones et nobiles ducatus mei predictos specialiter vocatorum et renuncians expresse meo, meorum filiorum, heredum et successorum meorum quorumlibet nomine omnium privilegiorum, pa¬
trociniis et libertatibus, que michi et eisdem filiis, heredibus et successoribus meis super ducatu ipso et iuribus eius competunt vel possunt competere infuturum, et specialiter illi libertati renuncians, quam mei predecessores, duces Opulienses, habu¬
erunt antea et quam ego huiusque habui et mei filii, heredes et successores infuturum habuissent ex consuetudine aliqua vel de iure in eo, quod nulli alti principi poterant subici vel debebant, a vobis dominio meo in feudum et iure feudi predictum
ducatum dignitatem titulum et honorem euisdem ducatus necnon barones, nobiles et omnes alios homines et habitatores euisdem ducatus ac omnia alia iura ducatus predicti recepi et exnunc recipio vobisque tamquam meo et
feudi domino homagium feci et facio et vobis fidelitatem, devotionem et obedientiam perpetuas promisi et nunc promitto corporali interposito iuramento in presencia testudinis eorundem ordinando et omnino fieri volendo ut filii, heredes et successores mei
universi in ipso feudo michi decetero succedentes de manibus vestris et successorum vestrorum idem feudum sive ducatum recipere et vobis vestrisque successoribus homagium, fidelitatem et obedienciam interposito eciam iuramento promittere ac similiter
facere inperpetuum teneantur, obligando nichilominus me, filios heredes et successores meos solempni stipulatione interposita vobis et successoribus vestris, Boemie regibus, quod quocienscumque vel quantumcumque vos iusseritis vel vestri iusserint successores
vos et eos iuvabo et iuvari volo per successores meos contra omnem hominem fideliter toto posse tamquam ut vasallus quilibet sive baro regni vestri necnon ad omnia alia et singula in perpetuum, que iura feudi exigunt et requirunt, et
eciam ad illa, que quisque fidelis vasallus suo vero domino facere potest in omnibus atque debet, promitto insuper et promisi pro me heredibus et successoribus meis predictis sub prescito iuramento predicta omnia et singula predictorum rata
et firma tenere et adimplere ac servare perpetuo nec unquam contra eadem vel eorum aliquod venire vel facere per me vel alios aut alium quoquomodo et renunciam expresse atque renuncio tenore presencium in omnibus premissis et quolibet premis¬
sorum pro me, filiis, heredibus et successoribus meis omnibus omni actioni, defensioni rei cuilibet et omni auxilio iuris canonici et civilis consuetudinibus constitucionibus et statutis contrariis privilegiis sive indulgenciis quibuslibet
et illis specialiter privilegiis seu indulgenciis, quibus a sede apostolica vel a romano imperio seu a quibuscumque aliis vel alio Polonie principibus est provisum, ne Almanie vel aliis principibus se subiciant et eis homagium faciant et aliis
quibuscumque tam generalibus, quam specialibus privilegiis seu indulgenciis, quas ego vel heredes mei possemus contra predicta vel aliquod predictorum de iure obicere vel defacto, et que michi et successoribus meis ut contra premissa omnia
vel eorum aliquod ego filii heredes et successores mei venire possemus et ea non teneremus vel non seruaremus, possent competere et aliqualiter suffragari. Incuius rei testimonium et robur perpetuo valiturum presens privilegium voluntarie
ac libenter racionis trado et offero sigillorum mei proprii et venerabilium patrum dominorum Thobie Pragensis et Theodrici Olomucensis episcoporum ac illustrium principum dominorum Polkonis, ducis Slesie et domini de Lewenberch, ac Nicolai, ducis Opaviensis, necnon ho¬
norabilium personarum Cristani Brewnoviensis, sancti Benedicti, Jordani montis Syon, premonstratensis, Reynheri Cladrubensis, sancti benedicti, et Henrici de Oszek, cisterciensis ordinum, abbatum pragensis dyocesis, et virorum venerabilium magistrorum
Ulrici Pragensis, Johannis Sacensis, Ulrici Melnicensis, et Pardi Boleslaviensis, ecclesiarum prepositorum, magistri Gregorii Pragensis, domini Budislai Olomucensis et domini Bartholomei Wissegradensis, ecclesiarum decanorum, ad mearum peticionum instanciam appensione in
testimonium euidens roboratum. Acta sunt hec Prage in castro et palatio regio inpresentia personarum superius expressarum et in presencia baronum et nobilium meorum, videlicet Zobeslai, iudicis terre mee, Leschonis, purchravii Bi¬
thumiensis, Brymislai, dapiferi mei ,Michaelis marschalci mei, Andree dicti Belile, Wernhardi et Theodrici, militum, Leonardi, Pauli, Leschonis, Stephani et Stephani Budiwoy, domicellorum nobilium in eorum et terre mee predicte, et in precencia
nobilium virorum Hogeri de Lompnicz, summi camerarii regni Boemie, Alberti de Seberch, marscalci eiusdem regni Boemie, Zdeslai de Sternberch, Pragensis purchravii, Benesii de Wartenberch, camerarii euisdem domini mei
regis Boemie, Wenczeslai Bawari de Strakonicz, purchravii in Klingenberg, Protiwem de Borobzko, camerarii serenissime domine mee regine Boemie, Alberti dapiferi et Johannis de Michelsperch, pincerne eiusdem regni, Purchardi
de Winterberch Theodrici Spaczmanni, in Wrenberch purchravii, Potonis de Potenstein, purchravii in Trest, Hinkonis de Luchtenberg, Hinconis de Duba, Mutine de Costomlat, Zbizlai de Trzebun, Friderici de Scho¬
nenburch, Ottonis de Ilenburch, Bohuslai de Bor, Dluhomili de Wezzele, Ulrici de Nouadomo et in presencia multorum aliorum tam religiosorum, quam secularium clericorum et nobilium, popularium et civium, qui propter hoc specialiter de omnibus
regni Boemie finibus pro testimonio fuerant convocati anno Domini millesimo ducentesimo octoagesimonono quarto idus januarii, indiccionum secunda. Incuius rei testimonium atque robur presentes nostras litteras
ac inserciones sigillorum nostrorum appensione fecimus firmius roborari. Datum Wienne anno Domini millesimoquadringentesimovicesimosexto die vicesima mensis marcii, regnorum nostrorum anno Hungarie et cetera tricesimonono,
romanorum sextodecimo et Boemie sexto.</Unicode>
            </TextEquiv>
        </TextRegion>
        <TextRegion id="region_1573562010439_123" custom="readingOrder {index:1;}">
            <Coords points="7218,4616 8603,4616 8603,5036 7218,5036"/>
            <TextLine id="line_1573562025495_126" custom="readingOrder {index:0;}">
                <Coords points="7392,4610 7827,4623 8230,4642 8287,4643 8288,4831 8189,4831 7795,4831 7520,4837"/>
                <Baseline points="7520,4832 7795,4826 8189,4826 8288,4826"/>
                <TextEquiv>
                    <Unicode>Ad mandatum domini regis</Unicode>
                </TextEquiv>
            </TextLine>
            <TextLine id="line_1573562028620_131" custom="readingOrder {index:1;} person {offset:0; length:34;} place {offset:20; length:14;}">
                <Coords points="7543,4830 7814,4832 8046,4832 8252,4832 8248,4910 8045,4910 7808,4910 7559,4910"/>
                <Baseline points="7559,4905 7808,4905 8045,4905 8248,4905"/>
                <TextEquiv>
                    <Unicode>Michael, prepositus Boleslaviensis. </Unicode>
                </TextEquiv>
            </TextLine>
            <TextEquiv>
                <Unicode>Ad mandatum domini regis
Michael, prepositus Boleslaviensis. </Unicode>
            </TextEquiv>
        </TextRegion>
    </Page>
</PcGts>
