<?xml version="1.0" encoding="UTF-8" standalone="yes"?>
<trpDocMetadata>
    <docId>169938</docId>
    <title>ACK_1439_H</title>
    <uploadTimestamp>1559737840981</uploadTimestamp>
    <scriptType>HANDWRITTEN</scriptType>
    <uploader>firely@prolight.cz</uploader>
    <uploaderId>36516</uploaderId>
    <nrOfPages>2</nrOfPages>
    <pageId>6426621</pageId>
    <url>https://files.transkribus.eu/Get?id=VQZORUHRTAJUTWIGUVEPQJET&amp;fileType=view</url>
    <thumbUrl>https://files.transkribus.eu/Get?id=VQZORUHRTAJUTWIGUVEPQJET&amp;fileType=thumb</thumbUrl>
    <externalId>NA</externalId>
    <authority>NA</authority>
    <language>Czech</language>
    <status>0</status>
    <fimgStoreColl>TrpDoc_DEA_169938</fimgStoreColl>
    <origDocId>0</origDocId>
    <collectionList>
        <colList>
            <colId>44924</colId>
            <colName>NACR - Czech charters</colName>
            <description>created by katerina.zenklova@nacr.cz</description>
            <crowdsourcing>false</crowdsourcing>
            <elearning>false</elearning>
            <nrOfDocuments>0</nrOfDocuments>
        </colList>
        <colList>
            <colId>42647</colId>
            <colName>ACK_czech</colName>
            <description>created by firely@prolight.cz</description>
            <crowdsourcing>false</crowdsourcing>
            <elearning>false</elearning>
            <nrOfDocuments>0</nrOfDocuments>
        </colList>
    </collectionList>
</trpDocMetadata>
