<?xml version="1.0" encoding="UTF-8" standalone="yes"?>
<PcGts xmlns="http://schema.primaresearch.org/PAGE/gts/pagecontent/2013-07-15" xmlns:xsi="http://www.w3.org/2001/XMLSchema-instance" xsi:schemaLocation="http://schema.primaresearch.org/PAGE/gts/pagecontent/2013-07-15 http://schema.primaresearch.org/PAGE/gts/pagecontent/2013-07-15/pagecontent.xsd">
    <Metadata>
        <Creator>TRP</Creator>
        <Created>2019-07-24T16:56:58.508+02:00</Created>
        <LastChange>2019-07-24T16:56:58.508+02:00</LastChange>
        <TranskribusMetadata docId="187531" pageId="7458521" pageNr="2" tsid="13102729" status="NEW" userId="36516" imgUrl="https://files.transkribus.eu/Get?id=ESSKRUCESDMWORMPOGHOXRMQ&amp;fileType=view" xmlUrl="https://files.transkribus.eu/Get?id=KBIGXXYQOGYCCANJOYHGYQRK" imageId="4480941"/>
    </Metadata>
    <Page imageFilename="NA-ACK_13190109_00080_v.jpg" imageWidth="6577" imageHeight="4622"/>
</PcGts>
